Ortschaftsname;PLZ;Zusatzziffer;Gemeindename;BFS-Nr;Kantonskürzel;E;N;Sprache
Aeugst am Albis;8914;0;Aeugst am Albis;1;ZH;2679435.817;1235653.185;de
Aeugstertal;8914;2;Aeugst am Albis;1;ZH;2679815.475;1237410.215;de
Zwillikon;8909;0;Affoltern am Albis;2;ZH;2675104.519;1237890.488;de
Affoltern am Albis;8910;0;Affoltern am Albis;2;ZH;2676439.358;1236966.371;de
Bonstetten;8906;0;Bonstetten;3;ZH;2677798.571;1241024.843;de
Hausen am Albis;8915;0;Hausen am Albis;4;ZH;2682996.334;1232961.650;de
Ebertswil;8925;0;Hausen am Albis;4;ZH;2684168.704;1231176.639;de
Hedingen;8908;0;Hedingen;5;ZH;2676518.511;1239054.300;de
Kappel am Albis;8926;0;Kappel am Albis;6;ZH;2682261.569;1231284.424;de
Hauptikon;8926;2;Kappel am Albis;6;ZH;2680023.421;1231589.698;de
Uerzlikon;8926;3;Kappel am Albis;6;ZH;2680340.966;1230665.100;de
Knonau;8934;0;Knonau;7;ZH;2677402.530;1230821.895;de
Maschwanden;8933;0;Maschwanden;8;ZH;2674785.638;1232061.104;de
Mettmenstetten;8932;0;Mettmenstetten;9;ZH;2677613.728;1232937.775;de
Obfelden;8912;0;Obfelden;10;ZH;2674501.570;1235213.694;de
Ottenbach;8913;0;Ottenbach;11;ZH;2673060.190;1237324.410;de
Rifferswil;8911;0;Rifferswil;12;ZH;2680092.764;1233046.147;de
Stallikon;8143;0;Stallikon;13;ZH;2679551.152;1242199.329;de
Uetliberg;8143;2;Stallikon;13;ZH;2679542.219;1244824.958;de
Wettswil;8907;0;Wettswil am Albis;14;ZH;2678321.275;1243534.577;de
Adlikon b. Andelfingen;8452;0;Adlikon;21;ZH;2694310.927;1271012.841;de
Benken ZH;8463;0;Benken (ZH);22;ZH;2691310.510;1278717.046;de
Berg am Irchel;8415;0;Berg am Irchel;23;ZH;2687249.230;1269506.088;de
Gräslikon;8415;1;Berg am Irchel;23;ZH;2687807.944;1268052.982;de
Buch am Irchel;8414;0;Buch am Irchel;24;ZH;2689123.459;1267147.904;de
Dachsen;8447;0;Dachsen;25;ZH;2688270.151;1280253.563;de
Dorf;8458;0;Dorf;26;ZH;2690995.859;1269698.759;de
Feuerthalen;8245;0;Feuerthalen;27;ZH;2690270.719;1282950.165;de
Langwiesen;8246;0;Feuerthalen;27;ZH;2691950.484;1282201.614;de
Flaach;8416;0;Flaach;28;ZH;2687597.751;1269830.651;de
Flurlingen;8247;0;Flurlingen;29;ZH;2689293.005;1282181.554;de
Andelfingen;8450;0;Andelfingen;30;ZH;2693252.733;1272313.463;de
Henggart;8444;0;Henggart;31;ZH;2693670.005;1268741.724;de
Humlikon;8457;0;Humlikon;32;ZH;2692613.574;1270162.340;de
Kleinandelfingen;8451;0;Kleinandelfingen;33;ZH;2693580.745;1272835.330;de
Alten;8453;0;Kleinandelfingen;33;ZH;2690909.103;1272782.126;de
Oerlingen;8461;0;Kleinandelfingen;33;ZH;2693030.947;1275546.237;de
Nohl;8212;4;Laufen-Uhwiesen;34;ZH;2687813.238;1280577.244;de
Uhwiesen;8248;0;Laufen-Uhwiesen;34;ZH;2689803.244;1280733.346;de
Marthalen;8460;0;Marthalen;35;ZH;2690936.245;1275649.406;de
Ellikon am Rhein;8464;0;Marthalen;35;ZH;2687135.142;1273399.080;de
Ossingen;8475;0;Ossingen;37;ZH;2696777.455;1274089.226;de
Rheinau;8462;0;Rheinau;38;ZH;2687521.248;1277681.538;de
Thalheim an der Thur;8478;0;Thalheim an der Thur;39;ZH;2698983.998;1270637.581;de
Rudolfingen;8465;0;Trüllikon;40;ZH;2692789.382;1277363.711;de
Wildensbuch;8465;1;Trüllikon;40;ZH;2692956.133;1278630.729;de
Trüllikon;8466;0;Trüllikon;40;ZH;2694209.751;1277042.348;de
Truttikon;8467;0;Truttikon;41;ZH;2696797.740;1276290.175;de
Volken;8459;0;Volken;43;ZH;2689565.958;1269805.068;de
Bachenbülach;8184;0;Bachenbülach;51;ZH;2683462.274;1262012.895;de
Bassersdorf;8303;0;Bassersdorf;52;ZH;2689695.006;1255514.479;de
Bülach;8180;0;Bülach;53;ZH;2683021.830;1263508.066;de
Dietlikon;8305;0;Dietlikon;54;ZH;2688817.012;1253412.981;de
Eglisau;8193;0;Eglisau;55;ZH;2681815.679;1269952.914;de
Embrach;8424;0;Embrach;56;ZH;2687141.459;1261805.694;de
Freienstein;8427;2;Freienstein-Teufen;57;ZH;2686761.504;1265290.239;de
Teufen ZH;8428;0;Freienstein-Teufen;57;ZH;2684966.796;1267185.269;de
Glattfelden;8192;0;Glattfelden;58;ZH;2679801.957;1268104.981;de
Zweidlen;8192;1;Glattfelden;58;ZH;2677369.414;1268307.661;de
Hochfelden;8182;0;Hochfelden;59;ZH;2681099.691;1264180.526;de
Höri;8181;0;Höri;60;ZH;2680594.480;1262401.736;de
Hüntwangen;8194;0;Hüntwangen;61;ZH;2679293.494;1272172.461;de
Kloten;8302;0;Kloten;62;ZH;2686403.336;1256379.770;de
Lufingen;8426;0;Lufingen;63;ZH;2687042.413;1260600.128;de
Nürensdorf;8309;0;Nürensdorf;64;ZH;2691300.232;1255946.840;de
Oberembrach;8425;0;Oberembrach;65;ZH;2688837.841;1260294.041;de
Glattbrugg;8152;0;Opfikon;66;ZH;2685213.008;1254283.782;de
Opfikon;8152;1;Opfikon;66;ZH;2685912.276;1254113.352;de
Glattpark (Opfikon);8152;2;Opfikon;66;ZH;2684738.576;1253099.549;de
Rafz;8197;0;Rafz;67;ZH;2682428.159;1274321.568;de
Rorbas;8427;3;Rorbas;68;ZH;2685808.531;1264872.140;de
Wallisellen;8304;0;Wallisellen;69;ZH;2687028.296;1251957.299;de
Wasterkingen;8195;0;Wasterkingen;70;ZH;2677774.329;1271560.353;de
Wil ZH;8196;0;Wil (ZH);71;ZH;2680078.234;1272987.440;de
Winkel;8185;0;Winkel;72;ZH;2684086.006;1260790.906;de
Bachs;8164;0;Bachs;81;ZH;2675343.754;1264293.432;de
Boppelsen;8113;0;Boppelsen;82;ZH;2672671.317;1258197.089;de
Buchs ZH;8107;0;Buchs (ZH);83;ZH;2675366.427;1256927.317;de
Dällikon;8108;0;Dällikon;84;ZH;2675488.101;1254829.540;de
Dänikon ZH;8114;0;Dänikon;85;ZH;2672916.946;1255465.749;de
Dielsdorf;8157;0;Dielsdorf;86;ZH;2676493.291;1259763.939;de
Hüttikon;8115;0;Hüttikon;87;ZH;2671541.363;1255465.116;de
Neerach;8173;0;Neerach;88;ZH;2678030.417;1263041.392;de
Niederglatt ZH;8172;0;Niederglatt;89;ZH;2680253.621;1260177.562;de
Niederhasli;8155;0;Niederhasli;90;ZH;2678776.325;1259586.315;de
Nassenwil;8155;1;Niederhasli;90;ZH;2677870.326;1257732.645;de
Oberhasli;8156;0;Niederhasli;90;ZH;2679892.325;1257721.445;de
Niederweningen;8166;0;Niederweningen;91;ZH;2670093.118;1261902.881;de
Oberglatt ZH;8154;0;Oberglatt;92;ZH;2681567.179;1258991.046;de
Oberweningen;8165;2;Oberweningen;93;ZH;2672985.153;1261896.885;de
Otelfingen;8112;0;Otelfingen;94;ZH;2671517.020;1257223.610;de
Regensberg;8158;0;Regensberg;95;ZH;2675383.706;1259633.809;de
Regensdorf;8105;0;Regensdorf;96;ZH;2677477.967;1253827.099;de
Watt;8105;2;Regensdorf;96;ZH;2678645.200;1255191.086;de
Adlikon b. Regensdorf;8106;2;Regensdorf;96;ZH;2677521.264;1255768.428;de
Rümlang;8153;0;Rümlang;97;ZH;2682508.372;1256231.000;de
Schleinikon;8165;3;Schleinikon;98;ZH;2671798.328;1261250.764;de
Schöfflisdorf;8165;0;Schöfflisdorf;99;ZH;2673707.449;1261493.386;de
Stadel b. Niederglatt;8174;0;Stadel;100;ZH;2677374.509;1264551.456;de
Windlach;8175;0;Stadel;100;ZH;2678023.589;1266117.482;de
Steinmaur;8162;0;Steinmaur;101;ZH;2676631.158;1261425.771;de
Sünikon;8162;1;Steinmaur;101;ZH;2675153.950;1260470.886;de
Weiach;8187;0;Weiach;102;ZH;2675209.779;1267912.501;de
Bäretswil;8344;0;Bäretswil;111;ZH;2707099.768;1243930.628;de
Adetswil;8345;0;Bäretswil;111;ZH;2705932.480;1244241.618;de
Bubikon;8608;0;Bubikon;112;ZH;2704320.332;1236261.196;de
Wolfhausen;8633;0;Bubikon;112;ZH;2703047.613;1234854.447;de
Tann;8632;0;Dürnten;113;ZH;2706928.524;1235700.164;de
Dürnten;8635;0;Dürnten;113;ZH;2706266.422;1237310.721;de
Steg im Tösstal;8496;0;Fischenthal;114;ZH;2712851.536;1245858.520;de
Fischenthal;8497;0;Fischenthal;114;ZH;2711914.209;1243345.454;de
Gibswil;8498;0;Fischenthal;114;ZH;2711646.026;1241391.824;de
Bertschikon (Gossau ZH);8614;0;Gossau (ZH);115;ZH;2699688.150;1241957.491;de
Grüt (Gossau ZH);8624;0;Gossau (ZH);115;ZH;2701575.844;1240888.158;de
Gossau ZH;8625;0;Gossau (ZH);115;ZH;2700134.874;1239751.313;de
Ottikon (Gossau ZH);8626;0;Gossau (ZH);115;ZH;2701404.154;1239266.307;de
Grüningen;8627;0;Grüningen;116;ZH;2700106.311;1237944.346;de
Hinwil;8340;0;Hinwil;117;ZH;2706524.739;1239877.859;de
Wernetshausen;8342;0;Hinwil;117;ZH;2707983.769;1239658.474;de
Rüti ZH;8630;0;Rüti (ZH);118;ZH;2706756.409;1235203.673;de
Aathal-Seegräben;8607;0;Seegräben;119;ZH;2700585.855;1244029.105;de
Wald ZH;8636;0;Wald (ZH);120;ZH;2711773.281;1237290.649;de
Laupen ZH;8637;0;Wald (ZH);120;ZH;2712733.827;1235981.384;de
Wetzikon ZH;8620;0;Wetzikon (ZH);121;ZH;2703395.907;1242180.548;de
Wetzikon ZH;8623;0;Wetzikon (ZH);121;ZH;2704513.556;1243287.879;de
Adliswil;8134;0;Adliswil;131;ZH;2681938.412;1240783.763;de
Kilchberg ZH;8802;0;Kilchberg (ZH);135;ZH;2683478.103;1241647.678;de
Langnau am Albis;8135;0;Langnau am Albis;136;ZH;2682904.133;1238062.263;de
Oberrieden;8942;0;Oberrieden;137;ZH;2686107.988;1236859.196;de
Richterswil;8805;0;Richterswil;138;ZH;2695631.504;1229360.099;de
Samstagern;8833;0;Richterswil;138;ZH;2693942.346;1227812.508;de
Rüschlikon;8803;0;Rüschlikon;139;ZH;2684407.121;1240427.354;de
Gattikon;8136;0;Thalwil;141;ZH;2684120.138;1237676.409;de
Thalwil;8800;0;Thalwil;141;ZH;2685516.671;1238319.346;de
Erlenbach ZH;8703;0;Erlenbach (ZH);151;ZH;2687193.486;1239686.237;de
Herrliberg;8704;0;Herrliberg;152;ZH;2689134.385;1237813.729;de
Hombrechtikon;8634;0;Hombrechtikon;153;ZH;2700313.487;1234409.234;de
Feldbach;8714;0;Hombrechtikon;153;ZH;2701724.364;1232869.143;de
Forch;8127;0;Küsnacht (ZH);154;ZH;2691437.226;1242318.845;de
Küsnacht ZH;8700;0;Küsnacht (ZH);154;ZH;2686560.666;1241297.629;de
Männedorf;8708;0;Männedorf;155;ZH;2695008.936;1234513.555;de
Meilen;8706;0;Meilen;156;ZH;2690904.598;1235938.481;de
Oetwil am See;8618;0;Oetwil am See;157;ZH;2697205.392;1236271.416;de
Stäfa;8712;0;Stäfa;158;ZH;2697854.545;1232808.785;de
Uerikon;8713;0;Stäfa;158;ZH;2699808.724;1232354.178;de
Uetikon am See;8707;0;Uetikon am See;159;ZH;2693716.881;1235285.401;de
Zumikon;8126;0;Zumikon;160;ZH;2689540.547;1242957.626;de
Zollikerberg;8125;0;Zollikon;161;ZH;2687924.801;1244779.637;de
Zollikon;8702;0;Zollikon;161;ZH;2685818.700;1243666.667;de
Fehraltorf;8320;0;Fehraltorf;172;ZH;2699186.202;1249307.536;de
Hittnau;8335;0;Hittnau;173;ZH;2704660.151;1246488.176;de
Kemptthal;8310;0;Lindau;176;ZH;2695550.928;1256551.695;de
Grafstal;8310;1;Lindau;176;ZH;2695003.518;1255548.600;de
Winterberg ZH;8312;0;Lindau;176;ZH;2694518.703;1256951.132;de
Lindau;8315;0;Lindau;176;ZH;2692927.828;1255292.440;de
Tagelswangen;8317;0;Lindau;176;ZH;2693038.100;1254021.243;de
Pfäffikon ZH;8330;0;Pfäffikon;177;ZH;2701404.064;1246909.638;de
Auslikon;8331;0;Pfäffikon;177;ZH;2703391.181;1244751.001;de
Madetswil;8322;0;Russikon;178;ZH;2702098.694;1251919.066;de
Gündisau;8322;2;Russikon;178;ZH;2703330.180;1250589.610;de
Russikon;8332;0;Russikon;178;ZH;2700793.245;1250344.395;de
Rumlikon;8332;2;Russikon;178;ZH;2699706.939;1251781.432;de
Weisslingen;8484;0;Weisslingen;180;ZH;2700069.196;1254471.688;de
Neschwil;8484;2;Weisslingen;180;ZH;2701818.202;1254142.707;de
Theilingen;8484;3;Weisslingen;180;ZH;2700292.402;1253105.006;de
Wila;8492;0;Wila;181;ZH;2706184.933;1253019.283;de
Wildberg;8489;0;Wildberg;182;ZH;2703969.685;1253880.519;de
Schalchen;8489;1;Wildberg;182;ZH;2704729.424;1251604.178;de
Ehrikon;8489;2;Wildberg;182;ZH;2703408.690;1252918.173;de
Gockhausen;8044;1;Dübendorf;191;ZH;2687882.735;1248707.398;de
Dübendorf;8600;0;Dübendorf;191;ZH;2689039.178;1250030.586;de
Egg b. Zürich;8132;0;Egg;192;ZH;2694747.198;1239619.394;de
Hinteregg;8132;2;Egg;192;ZH;2694193.116;1240198.493;de
Esslingen;8133;0;Egg;192;ZH;2696145.539;1238274.311;de
Fällanden;8117;0;Fällanden;193;ZH;2690613.796;1247324.466;de
Pfaffhausen;8118;0;Fällanden;193;ZH;2689480.594;1246774.410;de
Benglen;8121;0;Fällanden;193;ZH;2690551.561;1246283.214;de
Greifensee;8606;2;Greifensee;194;ZH;2693540.314;1246753.467;de
Binz;8122;0;Maur;195;ZH;2689784.273;1245779.106;de
Ebmatingen;8123;0;Maur;195;ZH;2690768.094;1245208.235;de
Maur;8124;0;Maur;195;ZH;2693275.488;1243727.577;de
Mönchaltorf;8617;0;Mönchaltorf;196;ZH;2697038.463;1240712.991;de
Schwerzenbach;8603;0;Schwerzenbach;197;ZH;2691638.045;1248370.511;de
Nänikon;8606;0;Uster;198;ZH;2694770.157;1247350.908;de
Uster;8610;0;Uster;198;ZH;2696590.153;1244675.010;de
Sulzbach;8614;2;Uster;198;ZH;2698874.106;1242834.329;de
Wermatswil;8615;0;Uster;198;ZH;2698753.656;1246517.841;de
Freudwil;8615;2;Uster;198;ZH;2697836.381;1247907.242;de
Riedikon;8616;0;Uster;198;ZH;2696208.249;1243186.975;de
Volketswil;8604;0;Volketswil;199;ZH;2694588.412;1249446.613;de
Gutenswil;8605;0;Volketswil;199;ZH;2696600.770;1249044.373;de
Brüttisellen;8306;0;Wangen-Brüttisellen;200;ZH;2689874.096;1253172.491;de
Wangen b. Dübendorf;8602;0;Wangen-Brüttisellen;200;ZH;2691158.887;1251662.122;de
Altikon;8479;0;Altikon;211;ZH;2701260.546;1270261.118;de
Brütten;8311;0;Brütten;213;ZH;2693140.996;1258879.365;de
Rutschwil (Dägerlen);8471;0;Dägerlen;214;ZH;2697211.299;1268112.733;de
Dägerlen;8471;2;Dägerlen;214;ZH;2696592.996;1268587.821;de
Oberwil (Dägerlen);8471;3;Dägerlen;214;ZH;2696158.484;1269881.112;de
Berg (Dägerlen);8471;4;Dägerlen;214;ZH;2697420.121;1268915.268;de
Bänk (Dägerlen);8471;5;Dägerlen;214;ZH;2697902.475;1267217.121;de
Dättlikon;8421;0;Dättlikon;215;ZH;2689282.866;1264468.009;de
Dinhard;8474;0;Dinhard;216;ZH;2700078.494;1268012.879;de
Ellikon an der Thur;8548;0;Ellikon an der Thur;218;ZH;2704363.970;1268844.661;de
Elsau;8352;0;Elsau;219;ZH;2702749.189;1262604.095;de
Hagenbuch ZH;8523;0;Hagenbuch;220;ZH;2709145.345;1264371.623;de
Hettlingen;8442;0;Hettlingen;221;ZH;2695562.299;1267179.381;de
Aesch (Neftenbach);8412;0;Neftenbach;223;ZH;2693410.533;1266354.683;de
Riet (Neftenbach);8412;1;Neftenbach;223;ZH;2693980.766;1265828.311;de
Hünikon (Neftenbach);8412;2;Neftenbach;223;ZH;2692552.152;1267549.709;de
Neftenbach;8413;0;Neftenbach;223;ZH;2692563.901;1264927.290;de
Pfungen;8422;0;Pfungen;224;ZH;2690982.649;1263492.630;de
Rickenbach ZH;8545;0;Rickenbach (ZH);225;ZH;2702012.571;1267628.168;de
Rickenbach Sulz;8545;1;Rickenbach (ZH);225;ZH;2701580.334;1266425.231;de
Schlatt ZH;8418;0;Schlatt (ZH);226;ZH;2704590.249;1258388.534;de
Seuzach;8472;0;Seuzach;227;ZH;2697861.469;1265866.211;de
Turbenthal;8488;0;Turbenthal;228;ZH;2706270.900;1254771.926;de
Schmidrüti;8495;0;Turbenthal;228;ZH;2710539.133;1252587.176;de
Ricketwil (Winterthur);8352;2;Winterthur;230;ZH;2702669.299;1260354.112;de
Winterthur;8400;0;Winterthur;230;ZH;2697279.147;1260895.570;de
Winterthur;8404;0;Winterthur;230;ZH;2699485.401;1262695.204;de
Reutlingen (Winterthur);8404;2;Winterthur;230;ZH;2698853.048;1264961.741;de
Stadel (Winterthur);8404;3;Winterthur;230;ZH;2699603.838;1265707.461;de
Winterthur;8405;0;Winterthur;230;ZH;2700976.918;1259392.693;de
Winterthur;8406;0;Winterthur;230;ZH;2695114.823;1259926.569;de
Winterthur;8408;0;Winterthur;230;ZH;2693769.064;1262631.146;de
Winterthur;8409;0;Winterthur;230;ZH;2701155.646;1262984.881;de
Sennhof (Winterthur);8482;0;Winterthur;230;ZH;2699466.553;1258434.841;de
Kollbrunn;8483;0;Zell (ZH);231;ZH;2700891.403;1257139.086;de
Rikon im Tösstal;8486;0;Zell (ZH);231;ZH;2702434.691;1255767.565;de
Zell ZH;8487;0;Zell (ZH);231;ZH;2704382.301;1256224.196;de
Rämismühle;8487;1;Zell (ZH);231;ZH;2704123.280;1255446.589;de
Aesch ZH;8904;0;Aesch (ZH);241;ZH;2675547.080;1243424.887;de
Birmensdorf ZH;8903;0;Birmensdorf (ZH);242;ZH;2675748.694;1245018.364;de
Dietikon;8953;0;Dietikon;243;ZH;2672846.655;1250902.783;de
Fahrweid;8951;0;Geroldswil;244;ZH;2673726.972;1251525.700;de
Geroldswil;8954;0;Geroldswil;244;ZH;2673324.214;1252856.858;de
Oberengstringen;8102;0;Oberengstringen;245;ZH;2677266.834;1251343.498;de
Oetwil an der Limmat;8955;0;Oetwil an der Limmat;246;ZH;2672155.942;1253478.624;de
Schlieren;8952;0;Schlieren;247;ZH;2676033.021;1250018.899;de
Uitikon Waldegg;8142;0;Uitikon;248;ZH;2676688.345;1247163.795;de
Unterengstringen;8103;0;Unterengstringen;249;ZH;2676285.378;1251881.399;de
Urdorf;8902;0;Urdorf;250;ZH;2674389.191;1248448.074;de
Weiningen ZH;8104;0;Weiningen (ZH);251;ZH;2675258.923;1252680.624;de
Zürich;8001;0;Zürich;261;ZH;2683284.990;1247385.911;de
Zürich;8002;0;Zürich;261;ZH;2682633.662;1246102.034;de
Zürich;8003;0;Zürich;261;ZH;2681380.488;1247418.389;de
Zürich;8004;0;Zürich;261;ZH;2681918.025;1248028.860;de
Zürich;8005;0;Zürich;261;ZH;2681701.755;1249000.387;de
Zürich;8006;0;Zürich;261;ZH;2683401.384;1248912.802;de
Zürich;8008;0;Zürich;261;ZH;2684827.365;1245360.892;de
Zürich;8032;0;Zürich;261;ZH;2685037.286;1246814.830;de
Zürich;8037;0;Zürich;261;ZH;2681953.835;1250308.007;de
Zürich;8038;0;Zürich;261;ZH;2682996.749;1243993.364;de
Zürich;8041;0;Zürich;261;ZH;2681400.130;1243358.047;de
Zürich;8044;0;Zürich;261;ZH;2685649.038;1248349.892;de
Zürich;8045;0;Zürich;261;ZH;2680624.191;1245077.092;de
Zürich;8046;0;Zürich;261;ZH;2680711.467;1252924.289;de
Zürich;8047;0;Zürich;261;ZH;2679179.333;1247534.652;de
Zürich;8048;0;Zürich;261;ZH;2678922.355;1248960.545;de
Zürich;8049;0;Zürich;261;ZH;2680142.327;1251417.780;de
Zürich;8050;0;Zürich;261;ZH;2683936.018;1251830.560;de
Zürich;8051;0;Zürich;261;ZH;2686070.185;1250494.944;de
Zürich;8052;0;Zürich;261;ZH;2683149.824;1253212.307;de
Zürich;8053;0;Zürich;261;ZH;2687537.085;1246250.877;de
Zürich;8055;0;Zürich;261;ZH;2679440.756;1246459.197;de
Zürich;8057;0;Zürich;261;ZH;2683697.597;1250491.502;de
Zürich;8064;0;Zürich;261;ZH;2679008.597;1250286.081;de
Waltalingen;8468;0;Stammheim;292;ZH;2700750.497;1275506.400;de
Guntalingen;8468;2;Stammheim;292;ZH;2699996.651;1276849.031;de
Unterstammheim;8476;0;Stammheim;292;ZH;2701723.355;1277563.847;de
Oberstammheim;8477;0;Stammheim;292;ZH;2702399.030;1276817.052;de
Wilen b. Neunforn;8525;2;Stammheim;292;ZH;2702160.722;1273317.018;de
Au ZH;8804;0;Wädenswil;293;ZH;2691173.272;1233596.416;de
Wädenswil;8820;0;Wädenswil;293;ZH;2693383.355;1231571.703;de
Schönenberg ZH;8824;0;Wädenswil;293;ZH;2691422.017;1227586.468;de
Hütten;8825;0;Wädenswil;293;ZH;2693268.492;1225696.726;de
Elgg;8353;0;Elgg;294;ZH;2707682.213;1260915.773;de
Hofstetten ZH;8354;0;Elgg;294;ZH;2706672.264;1258998.379;de
Dickbuch;8354;1;Elgg;294;ZH;2704962.920;1261558.059;de
Sihlbrugg Station;8135;2;Horgen;295;ZH;2686207.259;1232655.455;de
Sihlwald;8135;3;Horgen;295;ZH;2684670.626;1235867.874;de
Horgen;8810;0;Horgen;295;ZH;2687701.655;1234937.778;de
Horgenberg;8815;0;Horgen;295;ZH;2686699.554;1233626.595;de
Hirzel;8816;0;Horgen;295;ZH;2688474.593;1230223.901;de
Effretikon;8307;0;Illnau-Effretikon;296;ZH;2694372.705;1253790.746;de
Ottikon b. Kemptthal;8307;2;Illnau-Effretikon;296;ZH;2696427.485;1254549.849;de
Illnau;8308;0;Illnau-Effretikon;296;ZH;2696907.795;1251697.458;de
Agasul;8308;2;Illnau-Effretikon;296;ZH;2698440.234;1253527.370;de
Kyburg;8314;0;Illnau-Effretikon;296;ZH;2698482.654;1257152.513;de
Saland;8493;0;Bauma;297;ZH;2706818.761;1249883.729;de
Bauma;8494;0;Bauma;297;ZH;2708661.156;1247267.620;de
Sternenberg;8499;0;Bauma;297;ZH;2711225.658;1249540.796;de
Wiesendangen;8542;0;Wiesendangen;298;ZH;2701740.839;1264266.544;de
Bertschikon;8543;0;Wiesendangen;298;ZH;2703612.118;1264915.743;de
Gundetswil;8543;1;Wiesendangen;298;ZH;2704176.040;1266375.953;de
Kefikon ZH;8543;2;Wiesendangen;298;ZH;2704811.598;1267392.849;de
Attikon;8544;0;Wiesendangen;298;ZH;2702348.754;1265902.114;de
Menzengrüt;8546;3;Wiesendangen;298;ZH;2704120.239;1267465.053;de
Aarberg;3270;0;Aarberg;301;BE;2587587.515;1210292.323;de
Bargen BE;3282;0;Bargen (BE);302;BE;2586219.013;1209918.738;de
Grossaffoltern;3257;0;Grossaffoltern;303;BE;2593938.246;1212749.280;de
Ammerzwil BE;3257;1;Grossaffoltern;303;BE;2592620.724;1213398.025;de
Suberg;3262;0;Grossaffoltern;303;BE;2592420.301;1212034.689;de
Golaten;3207;2;Kallnach;304;BE;2585060.751;1203868.298;de
Kallnach;3283;0;Kallnach;304;BE;2584135.733;1207439.213;de
Niederried b. Kallnach;3283;2;Kallnach;304;BE;2585837.156;1206627.138;de
Kappelen;3273;0;Kappelen;305;BE;2587005.169;1212144.611;de
Lyss;3250;0;Lyss;306;BE;2590040.344;1213293.261;de
Busswil BE;3292;0;Lyss;306;BE;2591179.029;1216628.476;de
Ortschwaben;3042;0;Meikirch;307;BE;2597205.397;1204392.496;de
Meikirch;3045;0;Meikirch;307;BE;2594221.724;1206480.165;de
Wahlendorf;3046;0;Meikirch;307;BE;2592335.189;1206301.190;de
Detligen;3036;0;Radelfingen;309;BE;2587387.041;1205645.066;de
Radelfingen b. Aarberg;3271;0;Radelfingen;309;BE;2587107.975;1207882.745;de
Lätti;3053;5;Rapperswil (BE);310;BE;2599362.524;1209827.249;de
Ruppoldsried;3251;2;Rapperswil (BE);310;BE;2599000.473;1215231.875;de
Rapperswil BE;3255;0;Rapperswil (BE);310;BE;2597820.652;1212457.820;de
Dieterswil;3256;0;Rapperswil (BE);310;BE;2598966.543;1211576.060;de
Bangerten b. Dieterswil;3256;2;Rapperswil (BE);310;BE;2600685.473;1211745.126;de
Seewil;3256;3;Rapperswil (BE);310;BE;2597739.572;1210781.796;de
Schüpfen;3054;0;Schüpfen;311;BE;2595300.440;1209688.319;de
Frieswil;3035;0;Seedorf (BE);312;BE;2588350.241;1204886.263;de
Wiler b. Seedorf;3266;0;Seedorf (BE);312;BE;2590982.904;1210841.195;de
Seedorf BE;3267;0;Seedorf (BE);312;BE;2590306.550;1209250.508;de
Lobsigen;3268;0;Seedorf (BE);312;BE;2588973.898;1208428.305;de
Aarwangen;4912;0;Aarwangen;321;BE;2625060.849;1232269.867;de
Auswil;4944;0;Auswil;322;BE;2629894.476;1220483.858;de
Bannwil;4913;0;Bannwil;323;BE;2622058.675;1231872.716;de
Bleienbach;3368;0;Bleienbach;324;BE;2624183.783;1226005.979;de
Busswil b. Melchnau;4917;2;Busswil bei Melchnau;325;BE;2629509.126;1226199.214;de
Gondiswil;4955;0;Gondiswil;326;BE;2632865.581;1221786.581;de
Langenthal;4900;0;Langenthal;329;BE;2626807.145;1229021.870;de
Untersteckholz;4916;0;Langenthal;329;BE;2630920.071;1228305.290;de
Obersteckholz;4924;0;Langenthal;329;BE;2628772.836;1227688.231;de
Lotzwil;4932;0;Lotzwil;331;BE;2626502.346;1226590.659;de
Gutenburg;4932;2;Madiswil;332;BE;2627051.671;1225686.330;de
Madiswil;4934;0;Madiswil;332;BE;2627353.045;1224108.080;de
Leimiswil;4935;0;Madiswil;332;BE;2624455.205;1222044.511;de
Kleindietwil;4936;0;Madiswil;332;BE;2626735.148;1221756.335;de
Melchnau;4917;0;Melchnau;333;BE;2631702.624;1225894.236;de
Oeschenbach;4943;0;Oeschenbach;335;BE;2623421.446;1216791.490;de
Reisiswil;4919;0;Reisiswil;336;BE;2630909.821;1223875.989;de
Roggwil BE;4914;0;Roggwil (BE);337;BE;2629003.364;1232180.636;de
Rohrbach;4938;0;Rohrbach;338;BE;2628344.133;1220278.799;de
Rohrbachgraben;4938;2;Rohrbachgraben;339;BE;2627460.219;1218935.876;de
Rütschelen;4933;0;Rütschelen;340;BE;2625204.051;1224749.170;de
Schwarzhäusern;4911;0;Schwarzhäusern;341;BE;2625085.673;1233853.175;de
Bützberg;4922;0;Thunstetten;342;BE;2623326.426;1229476.400;de
Thunstetten;4922;2;Thunstetten;342;BE;2623890.207;1228147.895;de
Ursenbach;4937;0;Ursenbach;344;BE;2625359.885;1220576.453;de
Wynau;4923;0;Wynau;345;BE;2628372.778;1234163.088;de
Bern;3004;0;Bern;351;BE;2601017.917;1203268.995;de
Bern;3005;0;Bern;351;BE;2600860.329;1198700.153;de
Bern;3006;0;Bern;351;BE;2602485.440;1199414.545;de
Bern;3007;0;Bern;351;BE;2599687.529;1198678.249;de
Bern;3008;0;Bern;351;BE;2598116.743;1199335.273;de
Bern;3010;0;Bern;351;BE;2598897.212;1199540.644;de
Bern;3011;0;Bern;351;BE;2600709.952;1199572.713;de
Bern;3012;0;Bern;351;BE;2599040.437;1201167.523;de
Bern;3013;0;Bern;351;BE;2600576.095;1200569.895;de
Bern;3014;0;Bern;351;BE;2601505.272;1201236.046;de
Bern;3015;0;Bern;351;BE;2603515.886;1198792.077;de
Bern;3018;0;Bern;351;BE;2596229.026;1198089.777;de
Bern;3019;0;Bern;351;BE;2593094.244;1197769.533;de
Bern;3020;0;Bern;351;BE;2591033.117;1198450.140;de
Bern;3027;0;Bern;351;BE;2596071.459;1200498.244;de
Bolligen;3065;0;Bolligen;352;BE;2604386.145;1202664.003;de
Bremgarten b. Bern;3047;0;Bremgarten bei Bern;353;BE;2599673.898;1203050.170;de
Herrenschwanden;3037;0;Kirchlindach;354;BE;2598452.891;1203017.977;de
Kirchlindach;3038;0;Kirchlindach;354;BE;2598149.290;1205400.246;de
Wabern;3084;0;Köniz;355;BE;2600830.273;1197499.236;de
Spiegel b. Bern;3095;0;Köniz;355;BE;2599565.985;1197163.414;de
Liebefeld;3097;0;Köniz;355;BE;2598259.736;1197626.046;de
Köniz;3098;0;Köniz;355;BE;2598079.606;1196668.325;de
Köniz;3098;0;Köniz;355;BE;2599744.087;1197696.166;de
Schliern b. Köniz;3098;1;Köniz;355;BE;2598285.264;1195348.856;de
Gasel;3144;0;Köniz;355;BE;2597111.691;1194418.749;de
Niederscherli;3145;0;Köniz;355;BE;2595951.156;1192729.494;de
Mittelhäusern;3147;0;Köniz;355;BE;2594615.624;1191708.005;de
Niederwangen b. Bern;3172;0;Köniz;355;BE;2595297.076;1197198.841;de
Oberwangen b. Bern;3173;0;Köniz;355;BE;2594098.253;1196086.833;de
Thörishaus;3174;0;Köniz;355;BE;2593382.383;1193663.380;de
Gümligen;3073;0;Muri bei Bern;356;BE;2605378.809;1198220.094;de
Muri b. Bern;3074;0;Muri bei Bern;356;BE;2603796.399;1197476.069;de
Oberbalm;3096;0;Oberbalm;357;BE;2597407.276;1191316.491;de
Stettlen;3066;0;Stettlen;358;BE;2606390.859;1200898.904;de
Boll;3067;0;Vechigen;359;BE;2608295.609;1200277.434;de
Utzigen;3068;0;Vechigen;359;BE;2609592.585;1201089.875;de
Hinterkappelen;3032;0;Wohlen bei Bern;360;BE;2595344.483;1201870.411;de
Wohlen b. Bern;3033;0;Wohlen bei Bern;360;BE;2593686.824;1202174.959;de
Murzelen;3034;0;Wohlen bei Bern;360;BE;2590581.254;1203421.355;de
Uettligen;3043;0;Wohlen bei Bern;360;BE;2595972.368;1204025.855;de
Innerberg;3044;2;Wohlen bei Bern;360;BE;2590177.703;1204925.940;de
Säriswil;3049;0;Wohlen bei Bern;360;BE;2592053.720;1204530.994;de
Zollikofen;3052;0;Zollikofen;361;BE;2601733.408;1204649.486;de
Worblaufen;3048;0;Ittigen;362;BE;2601448.195;1203081.253;de
Ittigen;3063;0;Ittigen;362;BE;2603137.992;1202689.008;de
Ostermundigen;3072;0;Ostermundigen;363;BE;2603683.972;1200617.649;de
Biel/Bienne;2502;0;Biel/Bienne;371;BE;2585367.237;1221241.193;de
Biel/Bienne;2503;0;Biel/Bienne;371;BE;2586337.721;1220093.982;de
Biel/Bienne;2504;0;Biel/Bienne;371;BE;2588171.446;1222829.676;de
Biel/Bienne;2505;0;Biel/Bienne;371;BE;2583260.601;1220325.755;de
Magglingen/Macolin;2532;0;Evilard;372;BE;2583165.965;1221255.268;fr
Evilard;2533;0;Evilard;372;BE;2584906.731;1222112.975;fr
Arch;3296;0;Arch;381;BE;2599157.924;1223655.071;de
Büetigen;3263;0;Büetigen;382;BE;2592603.805;1217290.588;de
Büren an der Aare;3294;0;Büren an der Aare;383;BE;2595101.980;1220992.690;de
Diessbach b. Büren;3264;0;Diessbach bei Büren;385;BE;2594183.672;1217481.516;de
Dotzigen;3293;0;Dotzigen;386;BE;2592775.245;1218887.909;de
Lengnau BE;2543;0;Lengnau (BE);387;BE;2594735.828;1225715.994;de
Leuzigen;3297;0;Leuzigen;388;BE;2601193.223;1224687.663;de
Meienried;3294;2;Meienried;389;BE;2592622.045;1220860.375;de
Meinisberg;2554;0;Meinisberg;390;BE;2593203.394;1223423.456;de
Oberwil b. Büren;3298;0;Oberwil bei Büren;391;BE;2597775.814;1219558.988;de
Pieterlen;2542;0;Pieterlen;392;BE;2591634.110;1224802.470;de
Rüti b. Büren;3295;0;Rüti bei Büren;393;BE;2597596.646;1222611.598;de
Wengi b. Büren;3251;0;Wengi;394;BE;2597074.171;1214583.308;de
Aefligen;3426;0;Aefligen;401;BE;2608587.820;1216084.955;de
Alchenstorf;3473;0;Alchenstorf;402;BE;2615228.349;1219502.001;de
Bäriswil BE;3323;0;Bäriswil;403;BE;2607230.419;1207386.920;de
Burgdorf;3400;0;Burgdorf;404;BE;2614133.972;1211738.839;de
Ersigen;3423;0;Ersigen;405;BE;2611694.278;1216074.601;de
Niederösch;3424;0;Ersigen;405;BE;2613182.743;1218392.929;de
Oberösch;3424;2;Ersigen;405;BE;2612859.048;1217631.053;de
Hasle b. Burgdorf;3415;1;Hasle bei Burgdorf;406;BE;2615805.919;1207286.139;de
Schafhausen im Emmental;3415;2;Hasle bei Burgdorf;406;BE;2616556.331;1204954.781;de
Biembach im Emmental;3419;0;Hasle bei Burgdorf;406;BE;2613504.683;1204695.073;de
Heimiswil;3412;0;Heimiswil;407;BE;2616810.701;1212665.919;de
Kaltacker;3413;0;Heimiswil;407;BE;2617997.411;1214000.174;de
Hellsau;3429;3;Hellsau;408;BE;2616165.080;1221671.838;de
Hindelbank;3324;0;Hindelbank;409;BE;2607706.370;1210086.633;de
Mötschwil;3324;2;Hindelbank;409;BE;2609784.868;1210874.675;de
Höchstetten;3429;2;Höchstetten;410;BE;2614617.219;1221582.230;de
Kernenried;3309;0;Kernenried;411;BE;2608449.643;1213204.688;de
Kirchberg BE;3422;0;Kirchberg (BE);412;BE;2611143.113;1214762.556;de
Koppigen;3425;0;Koppigen;413;BE;2611904.796;1220260.666;de
Hettiswil b. Hindelbank;3325;0;Krauchthal;414;BE;2608783.554;1208668.933;de
Krauchthal;3326;0;Krauchthal;414;BE;2609876.975;1206445.119;de
Lyssach;3421;0;Lyssach;415;BE;2610805.616;1212484.735;de
Oberburg;3414;0;Oberburg;418;BE;2613820.496;1209843.141;de
Lyssach;3421;0;Oberburg;418;BE;2611752.750;1210857.813;de
Rüdtligen;3422;1;Rüdtligen-Alchenflüh;420;BE;2609960.835;1215153.553;de
Alchenflüh;3422;2;Rüdtligen-Alchenflüh;420;BE;2610797.859;1214680.566;de
Rumendingen;3472;2;Rumendingen;421;BE;2615240.590;1217228.938;de
Rüti b. Lyssach;3421;2;Rüti bei Lyssach;422;BE;2610506.020;1211744.993;de
Willadingen;3425;2;Willadingen;423;BE;2613082.841;1221758.780;de
Wynigen;3472;0;Wynigen;424;BE;2617310.454;1217260.305;de
Rüedisbach;3474;0;Wynigen;424;BE;2620043.835;1218776.972;de
Corgémont;2606;0;Corgémont;431;BE;2577433.273;1227076.366;fr
Mont-Crosin;2610;4;Cormoret;432;BE;2569437.189;1225984.055;fr
Cormoret;2612;0;Cormoret;432;BE;2570847.525;1224731.815;fr
Cortébert;2607;0;Cortébert;433;BE;2574842.278;1226791.609;fr
Montagne-de-Courtelary;2608;2;Cortébert;433;BE;2575512.150;1224434.266;fr
Courtelary;2608;0;Courtelary;434;BE;2571999.243;1225538.116;fr
La Ferrière;2333;0;La Ferrière;435;BE;2558711.926;1221262.191;fr
Mont-Tramelan;2723;0;Mont-Tramelan;437;BE;2570812.790;1228614.788;fr
Orvin;2534;0;Orvin;438;BE;2583146.638;1223154.978;fr
Les Prés-d'Orvin;2534;2;Orvin;438;BE;2579907.331;1222544.195;fr
Renan BE;2616;0;Renan (BE);441;BE;2561337.404;1219699.796;fr
Romont BE;2538;0;Romont (BE);442;BE;2592553.979;1226439.761;fr
St-Imier;2610;0;Saint-Imier;443;BE;2566485.196;1222497.528;fr
Mont-Soleil;2610;2;Saint-Imier;443;BE;2565735.094;1223291.163;fr
Les Pontins;2610;3;Saint-Imier;443;BE;2566472.584;1220155.673;fr
Sonceboz-Sombeval;2605;0;Sonceboz-Sombeval;444;BE;2579535.356;1227161.830;fr
Sonvilier;2615;0;Sonvilier;445;BE;2564020.678;1221109.691;fr
Montagne-de-Sonvilier;2615;2;Sonvilier;445;BE;2562680.074;1218999.906;fr
Tramelan;2720;0;Tramelan;446;BE;2574138.296;1230301.380;fr
Les Reussilles;2722;0;Tramelan;446;BE;2573028.984;1230436.253;fr
Villeret;2613;0;Villeret;448;BE;2568043.844;1222917.150;fr
Frinvillier;2535;0;Sauge;449;BE;2586260.715;1224301.730;fr
Plagne;2536;0;Sauge;449;BE;2588538.065;1226393.311;fr
Vauffelin;2537;0;Sauge;449;BE;2589746.913;1226238.817;fr
Péry;2603;0;Péry-La Heutte;450;BE;2585671.060;1227128.900;fr
La Heutte;2604;0;Péry-La Heutte;450;BE;2583786.268;1226548.609;fr
Brüttelen;3237;0;Brüttelen;491;BE;2577859.869;1207961.051;de
Erlach;3235;0;Erlach;492;BE;2573913.991;1210163.445;de
Finsterhennen;2577;2;Finsterhennen;493;BE;2580214.766;1208363.828;de
Gals;3238;0;Gals;494;BE;2570430.264;1208608.219;de
Gampelen;3236;0;Gampelen;495;BE;2571152.338;1207130.564;de
Ins;3232;0;Ins;496;BE;2574395.030;1206504.725;de
Lüscherz;2576;0;Lüscherz;497;BE;2578184.749;1210664.783;de
Müntschemier;3225;0;Müntschemier;498;BE;2577445.286;1204744.115;de
Siselen BE;2577;0;Siselen;499;BE;2580970.499;1208947.415;de
Treiten;3226;0;Treiten;500;BE;2578883.716;1206484.651;de
Tschugg;3233;0;Tschugg;501;BE;2572436.013;1208483.463;de
Vinelz;3234;0;Vinelz;502;BE;2575115.999;1209246.806;de
Bätterkinden;3315;0;Bätterkinden;533;BE;2607717.220;1219783.754;de
Kräiligen;3315;1;Bätterkinden;533;BE;2607177.240;1222043.004;de
Deisswil b. Münchenbuchsee;3053;2;Deisswil bei Münchenbuchsee;535;BE;2601141.635;1209589.616;de
Diemerswil;3053;3;Diemerswil;536;BE;2599185.703;1207559.648;de
Etzelkofen;3306;0;Fraubrunnen;538;BE;2603190.414;1214829.809;de
Grafenried;3308;0;Fraubrunnen;538;BE;2605778.335;1213949.895;de
Zauggenried;3309;2;Fraubrunnen;538;BE;2607770.390;1213579.764;de
Fraubrunnen;3312;0;Fraubrunnen;538;BE;2605942.960;1214791.575;de
Büren zum Hof;3313;0;Fraubrunnen;538;BE;2605702.038;1216088.980;de
Schalunen;3314;0;Fraubrunnen;538;BE;2606512.974;1217712.506;de
Limpach;3317;0;Fraubrunnen;538;BE;2604496.804;1217411.821;de
Mülchi;3317;1;Fraubrunnen;538;BE;2602657.769;1216754.728;de
Jegenstorf;3303;0;Jegenstorf;540;BE;2605195.090;1211024.666;de
Münchringen;3303;2;Jegenstorf;540;BE;2606349.869;1210577.281;de
Ballmoos;3303;4;Jegenstorf;540;BE;2602829.458;1209939.986;de
Scheunen;3305;2;Jegenstorf;540;BE;2601219.235;1213232.608;de
Iffwil;3305;0;Iffwil;541;BE;2603008.531;1212555.613;de
Mattstetten;3322;1;Mattstetten;543;BE;2605710.973;1208768.676;de
Moosseedorf;3302;0;Moosseedorf;544;BE;2603313.336;1207386.741;de
Münchenbuchsee;3053;0;Münchenbuchsee;546;BE;2600561.391;1207851.089;de
Urtenen-Schönbühl;3322;0;Urtenen-Schönbühl;551;BE;2604657.523;1208282.198;de
Utzenstorf;3427;0;Utzenstorf;552;BE;2609002.835;1219542.731;de
Wiggiswil;3053;4;Wiggiswil;553;BE;2602450.141;1208919.923;de
Wiler b. Utzenstorf;3428;0;Wiler bei Utzenstorf;554;BE;2608889.679;1222384.410;de
Zielebach;4564;1;Zielebach;556;BE;2610186.390;1223188.320;de
Zuzwil BE;3303;3;Zuzwil (BE);557;BE;2602503.156;1211145.931;de
Adelboden;3715;0;Adelboden;561;BE;2609226.994;1149073.204;de
Aeschi b. Spiez;3703;0;Aeschi bei Spiez;562;BE;2619577.749;1167662.941;de
Aeschiried;3703;41;Aeschi bei Spiez;562;BE;2621966.654;1166040.686;de
Emdthal;3711;0;Aeschi bei Spiez;562;BE;2618757.574;1167106.760;de
Frutigen;3714;0;Frutigen;563;BE;2615640.846;1159665.869;de
Ried (Frutigen);3724;0;Frutigen;563;BE;2613281.446;1157011.598;de
Achseten;3725;0;Frutigen;563;BE;2612259.355;1152869.839;de
Kandergrund;3716;0;Kandergrund;564;BE;2617208.146;1154952.003;de
Blausee-Mitholz;3717;0;Kandergrund;564;BE;2618164.438;1153095.756;de
Kandersteg;3718;0;Kandersteg;565;BE;2618124.825;1149288.537;de
Krattigen;3704;0;Krattigen;566;BE;2621592.995;1167496.189;de
Mülenen;3711;2;Reichenbach im Kandertal;567;BE;2619477.719;1165233.176;de
Reichenbach im Kandertal;3713;0;Reichenbach im Kandertal;567;BE;2619560.911;1163909.808;de
Wengi b. Frutigen;3714;3;Reichenbach im Kandertal;567;BE;2617176.349;1162060.155;de
Scharnachtal;3722;0;Reichenbach im Kandertal;567;BE;2619877.010;1162656.890;de
Kiental;3723;0;Reichenbach im Kandertal;567;BE;2621898.744;1159832.623;de
Sundlauenen;3800;5;Beatenberg;571;BE;2627304.866;1170758.276;de
Beatenberg;3803;0;Beatenberg;571;BE;2626934.925;1171703.716;de
Bönigen b. Interlaken;3806;0;Bönigen;572;BE;2635333.488;1170415.779;de
Brienz BE;3855;0;Brienz (BE);573;BE;2644686.731;1178504.428;de
Axalp;3855;1;Brienz (BE);573;BE;2645845.260;1174645.509;de
Brienzwiler;3856;0;Brienzwiler;574;BE;2650453.565;1177875.581;de
Därligen;3707;0;Därligen;575;BE;2628265.289;1167886.618;de
Burglauenen;3816;1;Grindelwald;576;BE;2641305.455;1165328.763;de
Grindelwald;3818;0;Grindelwald;576;BE;2646504.588;1163902.518;de
Gsteigwiler;3814;0;Gsteigwiler;577;BE;2633223.524;1167159.575;de
Wilderswil;3812;0;Gündlischwand;578;BE;2636181.550;1166906.217;de
Zweilütschinen;3815;0;Gündlischwand;578;BE;2635322.849;1164735.581;de
Gündlischwand;3815;2;Gündlischwand;578;BE;2636231.046;1164887.374;de
Habkern;3804;0;Habkern;579;BE;2632422.914;1174967.869;de
Hofstetten b. Brienz;3858;0;Hofstetten bei Brienz;580;BE;2648343.364;1178282.925;de
Interlaken;3800;0;Interlaken;581;BE;2632453.930;1170717.809;de
Iseltwald;3807;0;Iseltwald;582;BE;2640230.520;1173294.638;de
Lauterbrunnen;3822;0;Lauterbrunnen;584;BE;2636016.305;1160272.303;de
Isenfluh;3822;2;Lauterbrunnen;584;BE;2635002.985;1163323.255;de
Wengen;3823;0;Lauterbrunnen;584;BE;2636828.563;1161886.623;de
Kleine Scheidegg;3823;1;Lauterbrunnen;584;BE;2639998.610;1159446.636;de
Eigergletscher;3823;2;Lauterbrunnen;584;BE;2641027.138;1158323.455;de
Stechelberg;3824;0;Lauterbrunnen;584;BE;2635507.074;1155302.408;de
Mürren;3825;0;Lauterbrunnen;584;BE;2634957.389;1156687.418;de
Gimmelwald;3826;0;Lauterbrunnen;584;BE;2634871.624;1155190.343;de
Leissigen;3706;0;Leissigen;585;BE;2625583.474;1167136.181;de
Lütschental;3816;0;Lütschental;586;BE;2639063.126;1165220.465;de
Matten b. Interlaken;3800;3;Matten bei Interlaken;587;BE;2632983.403;1169651.126;de
Niederried b. Interlaken;3853;0;Niederried bei Interlaken;588;BE;2637522.615;1174062.801;de
Oberried am Brienzersee;3854;0;Oberried am Brienzersee;589;BE;2639595.049;1176438.646;de
Goldswil b. Interlaken;3805;0;Ringgenberg (BE);590;BE;2633779.184;1171802.523;de
Ringgenberg BE;3852;0;Ringgenberg (BE);590;BE;2635017.385;1172284.956;de
Saxeten;3813;0;Saxeten;591;BE;2630042.280;1165106.439;de
Schwanden b. Brienz;3855;41;Schwanden bei Brienz;592;BE;2647343.989;1178641.200;de
Unterseen;3800;2;Unterseen;593;BE;2631433.755;1170793.364;de
Wilderswil;3812;0;Wilderswil;594;BE;2632972.295;1168407.558;de
Arni BE;3508;0;Arni (BE);602;BE;2617472.720;1198361.394;de
Biglen;3507;0;Biglen;603;BE;2614487.285;1197670.974;de
Bowil;3533;0;Bowil;605;BE;2619537.398;1193578.705;de
Brenzikofen;3671;0;Brenzikofen;606;BE;2613366.716;1185013.123;de
Freimettigen;3510;8;Freimettigen;607;BE;2614390.971;1190775.123;de
Schlosswil;3082;0;Grosshöchstetten;608;BE;2613185.863;1195301.953;de
Grosshöchstetten;3506;0;Grosshöchstetten;608;BE;2615467.821;1195127.473;de
Häutligen;3510;9;Häutligen;609;BE;2612816.765;1189620.968;de
Herbligen;3671;2;Herbligen;610;BE;2612936.858;1186254.166;de
Kiesen;3629;0;Kiesen;611;BE;2610439.240;1185376.028;de
Gysenstein;3503;0;Konolfingen;612;BE;2611900.596;1193173.631;de
Konolfingen;3510;0;Konolfingen;612;BE;2613784.925;1191909.928;de
Obergoldbach;3434;0;Landiswil;613;BE;2617824.631;1201084.695;de
Landiswil;3434;1;Landiswil;613;BE;2618372.795;1200838.931;de
Linden;3673;0;Linden;614;BE;2618194.236;1188483.091;de
Mirchel;3532;2;Mirchel;615;BE;2615895.583;1193854.698;de
Trimstein;3083;0;Münsingen;616;BE;2610774.073;1194966.443;de
Münsingen;3110;0;Münsingen;616;BE;2608899.165;1191709.869;de
Tägertschi;3111;0;Münsingen;616;BE;2611278.151;1191441.308;de
Niederhünigen;3504;0;Niederhünigen;617;BE;2615083.501;1191877.374;de
Oberdiessbach;3672;0;Oberdiessbach;619;BE;2614122.506;1187462.243;de
Aeschlen b. Oberdiessbach;3672;2;Oberdiessbach;619;BE;2615855.046;1187398.644;de
Bleiken b. Oberdiessbach;3674;0;Oberdiessbach;619;BE;2615281.890;1185029.650;de
Oberthal;3531;0;Oberthal;620;BE;2617993.980;1196197.573;de
Oppligen;3629;2;Oppligen;622;BE;2611920.293;1185445.673;de
Rubigen;3113;0;Rubigen;623;BE;2608428.848;1194095.161;de
Walkringen;3512;0;Walkringen;626;BE;2613413.631;1199676.638;de
Bigenthal;3513;0;Walkringen;626;BE;2614065.146;1201637.001;de
Rüfenacht BE;3075;0;Worb;627;BE;2607606.879;1197628.505;de
Vielbringen b. Worb;3075;2;Worb;627;BE;2608413.763;1196030.595;de
Worb;3076;0;Worb;627;BE;2609571.589;1197679.601;de
Enggistein;3077;0;Worb;627;BE;2612052.239;1197911.802;de
Richigen;3078;0;Worb;627;BE;2611294.430;1196438.376;de
Zäziwil;3532;0;Zäziwil;628;BE;2616949.694;1194616.874;de
Oberhünigen;3504;2;Oberhünigen;629;BE;2616764.261;1192092.143;de
Allmendingen b. Bern;3112;0;Allmendingen;630;BE;2606513.241;1195967.658;de
Wichtrach;3114;0;Wichtrach;632;BE;2610739.789;1188274.859;de
Clavaleyres;1595;2;Murten;2275;BE;2573530.226;1194319.800;de
Rizenbach;3206;0;Ferenbalm;662;BE;2583893.635;1199177.424;de
Ferenbalm;3206;1;Ferenbalm;662;BE;2582704.408;1199720.630;de
Biberen;3206;3;Ferenbalm;662;BE;2582746.864;1198799.771;de
Gammen;3206;4;Ferenbalm;662;BE;2583886.039;1196522.433;de
Frauenkappelen;3202;0;Frauenkappelen;663;BE;2592313.388;1200513.296;de
Gurbrü;3208;0;Gurbrü;665;BE;2583212.425;1201471.050;de
Kriechenwil;3179;0;Kriechenwil;666;BE;2583860.729;1195541.619;de
Laupen BE;3177;0;Laupen;667;BE;2584925.764;1194666.709;de
Mühleberg;3203;0;Mühleberg;668;BE;2586549.921;1200317.812;de
Rosshäusern;3204;0;Mühleberg;668;BE;2587604.785;1198062.380;de
Gümmenen;3205;0;Mühleberg;668;BE;2585590.348;1199217.118;de
Münchenwiler;1797;0;Münchenwiler;669;BE;2576209.298;1195673.575;de
Neuenegg;3176;0;Neuenegg;670;BE;2589321.003;1194009.875;de
Wileroltigen;3207;0;Wileroltigen;671;BE;2584797.270;1202212.148;de
Belprahon;2744;0;Belprahon;681;BE;2597523.149;1237274.128;fr
Champoz;2735;3;Champoz;683;BE;2589397.555;1233858.540;fr
Corcelles BE;2747;0;Corcelles (BE);687;BE;2601240.018;1237173.912;fr
Court;2738;0;Court;690;BE;2591942.234;1232121.576;fr
Crémines;2746;0;Crémines;691;BE;2600034.751;1237035.908;fr
Eschert;2743;0;Eschert;692;BE;2596989.946;1236078.033;fr
Grandval;2745;0;Grandval;694;BE;2598986.045;1236950.350;fr
Loveresse;2732;4;Loveresse;696;BE;2584669.123;1232378.868;fr
Moutier;2740;0;Moutier;700;BE;2594971.015;1236623.838;fr
Perrefitte;2742;0;Perrefitte;701;BE;2592680.986;1235987.103;fr
Reconvilier;2732;0;Reconvilier;703;BE;2583997.454;1231613.845;fr
Roches BE;2762;0;Roches (BE);704;BE;2595757.631;1239021.401;fr
Le Fuet;2712;0;Saicourt;706;BE;2580764.154;1232621.400;fr
Bellelay;2713;0;Saicourt;706;BE;2579541.860;1234820.099;fr
Saicourt;2732;2;Saicourt;706;BE;2582506.874;1232477.678;fr
Saules BE;2732;3;Saules (BE);707;BE;2583364.001;1232691.138;fr
Schelten;2827;2;Schelten;708;BE;2608514.796;1242354.134;de
Seehof;2747;2;Seehof;709;BE;2606529.328;1239313.888;de
Sorvilier;2736;0;Sorvilier;711;BE;2589932.283;1232063.873;fr
Tavannes;2710;0;Tavannes;713;BE;2581728.494;1230091.613;fr
La Tanne;2720;2;Tavannes;713;BE;2578552.166;1229999.786;fr
Rebévelier;2717;2;Rebévelier;715;BE;2581390.049;1237837.181;fr
Châtelat;2715;1;Petit-Val;716;BE;2581520.884;1235713.485;fr
Monible;2715;2;Petit-Val;716;BE;2581963.834;1236187.334;fr
Sornetan;2716;0;Petit-Val;716;BE;2582999.646;1235931.098;fr
Fornet-Dessous;2717;0;Petit-Val;716;BE;2579911.103;1236631.258;fr
Souboz;2748;0;Petit-Val;716;BE;2585214.418;1235933.373;fr
Les Ecorcheresses;2748;2;Petit-Val;716;BE;2587970.374;1236223.534;fr
Pontenet;2733;0;Valbirse;717;BE;2586053.151;1232016.999;fr
Bévilard;2735;2;Valbirse;717;BE;2588171.536;1231907.022;fr
Malleray;2735;4;Valbirse;717;BE;2587602.413;1231942.163;fr
La Neuveville;2520;0;La Neuveville;723;BE;2574052.211;1212660.565;fr
Nods;2518;0;Nods;724;BE;2572803.910;1217986.270;fr
Prêles;2515;0;Plateau de Diesse;726;BE;2576561.018;1216526.640;fr
Lamboing;2516;0;Plateau de Diesse;726;BE;2577060.495;1218529.611;fr
Diesse;2517;0;Plateau de Diesse;726;BE;2575621.383;1217968.795;fr
Aegerten;2558;0;Aegerten;731;BE;2588846.564;1218917.334;de
Bellmund;2564;0;Bellmund;732;BE;2585332.164;1217350.921;de
Brügg BE;2555;0;Brügg;733;BE;2587820.399;1219185.150;de
Bühl b. Aarberg;3274;2;Bühl;734;BE;2585410.329;1213215.180;de
Epsach;3272;2;Epsach;735;BE;2583524.801;1213295.186;de
Hagneck;2575;2;Hagneck;736;BE;2580955.721;1211931.678;de
Hermrigen;3274;0;Hermrigen;737;BE;2585216.640;1214511.365;de
Jens;2565;0;Jens;738;BE;2586710.548;1216161.381;de
Ipsach;2563;0;Ipsach;739;BE;2584563.384;1218494.553;de
Ligerz;2514;0;Ligerz;740;BE;2576973.740;1215027.199;de
Merzligen;3274;3;Merzligen;741;BE;2586006.833;1215198.256;de
Mörigen;2572;2;Mörigen;742;BE;2582786.930;1214837.560;de
Nidau;2560;0;Nidau;743;BE;2584970.368;1219358.464;de
Orpund;2552;0;Orpund;744;BE;2590457.064;1220703.469;de
Port;2562;0;Port;745;BE;2586096.066;1218486.656;de
Safnern;2553;0;Safnern;746;BE;2591592.664;1222158.983;de
Scheuren;2556;0;Scheuren;747;BE;2591068.076;1220421.231;de
Schwadernau;2556;2;Schwadernau;748;BE;2590071.829;1219654.501;de
Studen BE;2557;0;Studen (BE);749;BE;2589724.361;1218015.113;de
Sutz;2572;0;Sutz-Lattrigen;750;BE;2583169.094;1217023.470;de
Täuffelen;2575;0;Täuffelen;751;BE;2581772.620;1212702.109;de
Gerolfingen;2575;1;Täuffelen;751;BE;2581972.064;1213804.638;de
Walperswil;3272;0;Walperswil;754;BE;2584155.966;1212037.530;de
Worben;3252;0;Worben;755;BE;2588889.525;1216580.682;de
Tüscherz-Alfermée;2512;0;Twann-Tüscherz;756;BE;2581569.263;1218318.607;de
Twann;2513;0;Twann-Tüscherz;756;BE;2578837.356;1216074.325;de
Därstetten;3763;0;Därstetten;761;BE;2604368.390;1167507.951;de
Weissenburg;3764;0;Därstetten;761;BE;2602829.146;1167474.643;de
Oey;3753;0;Diemtigen;762;BE;2610774.658;1167641.235;de
Diemtigen;3754;0;Diemtigen;762;BE;2609758.915;1166468.673;de
Horboden;3755;0;Diemtigen;762;BE;2609614.628;1164357.044;de
Zwischenflüh;3756;0;Diemtigen;762;BE;2605895.970;1161801.331;de
Schwenden im Diemtigtal;3757;0;Diemtigen;762;BE;2603714.665;1158205.789;de
Latterbach;3758;0;Erlenbach im Simmental;763;BE;2610670.938;1168103.313;de
Erlenbach im Simmental;3762;0;Erlenbach im Simmental;763;BE;2608682.996;1167754.444;de
Oberwil im Simmental;3765;0;Oberwil im Simmental;766;BE;2599536.086;1167347.101;de
Reutigen;3647;0;Reutigen;767;BE;2613834.126;1171345.300;de
Gwatt (Thun);3645;0;Spiez;768;BE;2614408.016;1174152.140;de
Einigen;3646;0;Spiez;768;BE;2615858.149;1173156.856;de
Spiez;3700;0;Spiez;768;BE;2618246.565;1171084.139;de
Hondrich;3702;0;Spiez;768;BE;2618501.110;1169045.115;de
Faulensee;3705;0;Spiez;768;BE;2620199.666;1169469.018;de
Wimmis;3752;0;Wimmis;769;BE;2615048.000;1169101.703;de
Höfen b. Thun;3631;0;Stocken-Höfen;770;BE;2609564.281;1174672.351;de
Niederstocken;3632;2;Stocken-Höfen;770;BE;2610281.270;1173268.915;de
Oberstocken;3632;3;Stocken-Höfen;770;BE;2608851.483;1173849.064;de
Guttannen;3864;0;Guttannen;782;BE;2665146.801;1167438.250;de
Hasliberg Hohfluh;6083;0;Hasliberg;783;BE;2656184.144;1178086.201;de
Hasliberg Wasserwendi;6084;0;Hasliberg;783;BE;2657969.277;1177553.461;de
Hasliberg Goldern;6085;0;Hasliberg;783;BE;2658079.151;1176773.276;de
Hasliberg Reuti;6086;0;Hasliberg;783;BE;2658895.131;1176017.587;de
Innertkirchen;3862;0;Innertkirchen;784;BE;2660576.539;1173101.058;de
Gadmen;3863;0;Innertkirchen;784;BE;2669877.672;1176755.474;de
Unterbach BE;3857;0;Meiringen;785;BE;2651473.441;1176664.043;de
Meiringen;3860;0;Meiringen;785;BE;2657371.303;1175635.156;de
Brünig;3860;4;Meiringen;785;BE;2653445.900;1178725.421;de
Rosenlaui;3860;2;Schattenhalb;786;BE;2654724.758;1170066.498;de
Schattenhalb;3860;3;Schattenhalb;786;BE;2657483.441;1173141.215;de
Boltigen;3766;0;Boltigen;791;BE;2596602.030;1164351.094;de
Lenk im Simmental;3775;0;Lenk;792;BE;2600173.221;1145014.426;de
St. Stephan;3772;0;St. Stephan;793;BE;2597058.480;1150468.618;de
Matten (St. Stephan);3773;0;St. Stephan;793;BE;2598689.776;1149159.919;de
Zweisimmen;3770;0;Zweisimmen;794;BE;2594876.404;1155638.964;de
Blankenburg;3771;0;Zweisimmen;794;BE;2596229.105;1154470.661;de
Oeschseite;3776;0;Zweisimmen;794;BE;2593315.829;1153299.991;de
Feutersoey;3784;0;Gsteig;841;BE;2587095.779;1140740.718;de
Gsteig b. Gstaad;3785;0;Gsteig;841;BE;2586812.068;1137046.561;de
Lauenen b. Gstaad;3782;0;Lauenen;842;BE;2590962.036;1141499.266;de
Abländschen;1657;0;Saanen;843;BE;2588821.154;1158428.386;de
Saanenmöser;3777;0;Saanen;843;BE;2590260.940;1151804.740;de
Schönried;3778;0;Saanen;843;BE;2588668.199;1150327.760;de
Gstaad;3780;0;Saanen;843;BE;2588299.065;1147082.558;de
Turbach;3781;0;Saanen;843;BE;2592091.369;1147520.944;de
Grund b. Gstaad;3783;0;Saanen;843;BE;2587374.272;1143813.856;de
Saanen;3792;0;Saanen;843;BE;2586167.375;1148796.025;de
Sangernboden;1738;0;Guggisberg;852;BE;2593480.675;1173545.391;de
Riffenmatt;3156;0;Guggisberg;852;BE;2593452.820;1179383.888;de
Guggisberg;3158;0;Guggisberg;852;BE;2591643.084;1179499.309;de
Riedstätt;3159;0;Guggisberg;852;BE;2590926.533;1181410.723;de
Rüschegg Gambach;3153;0;Rüschegg;853;BE;2595066.643;1180562.581;de
Rüschegg Heubach;3154;0;Rüschegg;853;BE;2597603.639;1181207.436;de
Lanzenhäusern;3148;0;Schwarzenburg;855;BE;2593026.410;1187864.849;de
Schwarzenburg;3150;0;Schwarzenburg;855;BE;2592614.419;1185096.674;de
Mamishaus;3152;0;Schwarzenburg;855;BE;2595417.519;1184292.025;de
Milken;3157;0;Schwarzenburg;855;BE;2593896.745;1182381.534;de
Albligen;3183;0;Schwarzenburg;855;BE;2590885.660;1188964.583;de
Belp;3123;0;Belp;861;BE;2604715.109;1193312.354;de
Belpberg;3124;0;Belp;861;BE;2606302.688;1190690.509;de
Burgistein;3664;0;Burgistein;863;BE;2605080.075;1182792.259;de
Gerzensee;3115;0;Gerzensee;866;BE;2608298.329;1187468.414;de
Gurzelen;3663;0;Gurzelen;867;BE;2607229.535;1180954.204;de
Jaberg;3629;3;Jaberg;868;BE;2609906.002;1185219.454;de
Kaufdorf;3126;0;Kaufdorf;869;BE;2604581.435;1187433.971;de
Kehrsatz;3122;0;Kehrsatz;870;BE;2602659.721;1195726.254;de
Kirchdorf BE;3116;0;Kirchdorf (BE);872;BE;2608544.039;1185488.060;de
Mühledorf BE;3116;2;Kirchdorf (BE);872;BE;2606966.986;1186318.741;de
Noflen BE;3116;3;Kirchdorf (BE);872;BE;2607989.426;1183831.994;de
Gelterfingen;3126;2;Kirchdorf (BE);872;BE;2605873.713;1188152.900;de
Niedermuhlern;3087;0;Niedermuhlern;877;BE;2602035.695;1190027.983;de
Rüti b. Riggisberg;3099;0;Riggisberg;879;BE;2600678.579;1181292.384;de
Rümligen;3128;2;Riggisberg;879;BE;2604353.365;1186654.263;de
Riggisberg;3132;0;Riggisberg;879;BE;2602903.644;1184496.811;de
Rüeggisberg;3088;0;Rüeggisberg;880;BE;2600005.028;1185567.132;de
Oberbütschel;3088;2;Rüeggisberg;880;BE;2601870.438;1187391.751;de
Hinterfultigen;3089;0;Rüeggisberg;880;BE;2597140.963;1187553.086;de
Helgisried-Rohrbach;3155;0;Rüeggisberg;880;BE;2598861.331;1184532.389;de
Seftigen;3662;0;Seftigen;883;BE;2607791.360;1181745.230;de
Toffen;3125;0;Toffen;884;BE;2604132.051;1189710.990;de
Uttigen;3628;0;Uttigen;885;BE;2610361.896;1182449.128;de
Wattenwil;3665;0;Wattenwil;886;BE;2605059.355;1179930.306;de
Zimmerwald;3086;0;Wald (BE);888;BE;2602404.409;1191708.081;de
Englisberg;3086;2;Wald (BE);888;BE;2602268.034;1194087.833;de
Mühlethurnen;3127;0;Thurnen;889;BE;2605264.440;1184768.925;de
Lohnstorf;3127;2;Thurnen;889;BE;2605510.129;1183958.925;de
Kirchenthurnen;3128;0;Thurnen;889;BE;2605164.376;1185985.770;de
Aeschau;3536;0;Eggiwil;901;BE;2624975.213;1195360.563;de
Eggiwil;3537;0;Eggiwil;901;BE;2627226.522;1191539.782;de
Langnau im Emmental;3550;0;Langnau im Emmental;902;BE;2626380.205;1199032.908;de
Oberfrittenbach;3551;0;Langnau im Emmental;902;BE;2627498.199;1203019.746;de
Bärau;3552;0;Langnau im Emmental;902;BE;2628360.830;1198055.929;de
Gohl;3553;0;Langnau im Emmental;902;BE;2628141.386;1200608.553;de
Lauperswil;3438;0;Lauperswil;903;BE;2622774.974;1201761.489;de
Emmenmatt;3543;0;Lauperswil;903;BE;2623522.991;1199706.913;de
Röthenbach im Emmental;3538;0;Röthenbach im Emmental;904;BE;2623093.567;1189287.869;de
Schwanden im Emmental;3433;0;Rüderswil;905;BE;2619463.435;1203868.481;de
Zollbrück;3436;0;Rüderswil;905;BE;2623031.711;1202793.191;de
Rüderswil;3437;0;Rüderswil;905;BE;2621375.573;1203560.270;de
Schangnau;6197;0;Schangnau;906;BE;2632438.015;1186430.459;de
Signau;3534;0;Signau;907;BE;2621774.992;1196647.499;de
Schüpbach;3535;0;Signau;907;BE;2622554.621;1197544.688;de
Trub;3556;0;Trub;908;BE;2633408.163;1199210.145;de
Fankhaus (Trub);3557;0;Trub;908;BE;2635768.392;1201905.355;de
Trubschachen;3555;0;Trubschachen;909;BE;2631004.774;1196948.041;de
Amsoldingen;3633;0;Amsoldingen;921;BE;2610743.931;1175114.856;de
Blumenstein;3638;0;Blumenstein;922;BE;2606247.498;1176665.107;de
Heimenschwand;3615;0;Buchholterberg;923;BE;2619735.746;1186400.498;de
Eriz;3619;0;Eriz;924;BE;2625874.569;1181955.112;de
Fahrni b. Thun;3617;0;Fahrni;925;BE;2616772.975;1183012.173;de
Heiligenschwendi;3625;0;Heiligenschwendi;927;BE;2618386.718;1177826.093;de
Heimberg;3627;0;Heimberg;928;BE;2612439.544;1182062.515;de
Hünibach;3626;0;Hilterfingen;929;BE;2616247.481;1177138.615;de
Hilterfingen;3652;0;Hilterfingen;929;BE;2617092.825;1176634.283;de
Homberg b. Thun;3622;0;Homberg;931;BE;2618724.655;1180664.941;de
Horrenbach;3623;2;Horrenbach-Buchen;932;BE;2623966.405;1180792.581;de
Buchen BE;3623;3;Horrenbach-Buchen;932;BE;2620660.836;1181295.311;de
Oberhofen am Thunersee;3653;0;Oberhofen am Thunersee;934;BE;2617570.875;1175581.076;de
Pohlern;3638;1;Pohlern;936;BE;2607386.113;1174887.856;de
Gunten;3654;0;Sigriswil;938;BE;2620102.599;1173547.316;de
Sigriswil;3655;0;Sigriswil;938;BE;2620843.594;1174006.190;de
Tschingel ob Gunten;3656;0;Sigriswil;938;BE;2620640.823;1174778.094;de
Aeschlen ob Gunten;3656;1;Sigriswil;938;BE;2619898.028;1174323.033;de
Ringoldswil;3656;2;Sigriswil;938;BE;2619559.975;1175832.808;de
Schwanden (Sigriswil);3657;0;Sigriswil;938;BE;2621222.485;1176087.259;de
Merligen;3658;0;Sigriswil;938;BE;2622865.954;1172011.975;de
Steffisburg;3612;0;Steffisburg;939;BE;2615243.563;1181298.310;de
Steffisburg;3613;0;Steffisburg;939;BE;2613435.059;1179999.652;de
Schwendibach;3624;2;Steffisburg;939;BE;2617054.886;1179885.394;de
Teuffenthal b. Thun;3623;0;Teuffenthal (BE);940;BE;2620812.806;1179550.649;de
Thierachern;3634;0;Thierachern;941;BE;2610309.938;1178111.009;de
Thun;3600;0;Thun;942;BE;2614134.704;1178264.223;de
Thun;3603;0;Thun;942;BE;2612338.342;1178997.084;de
Thun;3604;0;Thun;942;BE;2613913.990;1176606.756;de
Thun;3608;0;Thun;942;BE;2612244.039;1176539.592;de
Goldiwil (Thun);3624;0;Thun;942;BE;2617309.001;1178982.121;de
Uebeschi;3635;0;Uebeschi;943;BE;2608886.916;1176336.861;de
Uetendorf;3661;0;Uetendorf;944;BE;2610330.545;1180406.657;de
Unterlangenegg;3614;0;Unterlangenegg;945;BE;2619402.605;1183029.278;de
Schwarzenegg;3616;0;Unterlangenegg;945;BE;2621082.620;1182884.188;de
Süderen;3618;0;Wachseldorn;946;BE;2624249.276;1185258.906;de
Zwieselberg;3645;2;Zwieselberg;947;BE;2613662.442;1173045.740;de
Längenbühl;3636;0;Forst-Längenbühl;948;BE;2606899.656;1178317.529;de
Forst b. Längenbühl;3636;2;Forst-Längenbühl;948;BE;2606396.853;1179138.100;de
Affoltern im Emmental;3416;0;Affoltern im Emmental;951;BE;2622494.807;1212651.922;de
Weier im Emmental;3462;0;Affoltern im Emmental;951;BE;2623910.303;1212441.834;de
Häusernmoos im Emmental;3463;0;Affoltern im Emmental;951;BE;2623575.261;1214315.414;de
Dürrenroth;3465;0;Dürrenroth;952;BE;2626782.944;1215558.490;de
Eriswil;4952;0;Eriswil;953;BE;2631296.830;1214204.565;de
Huttwil;4950;0;Huttwil;954;BE;2631217.473;1218162.335;de
Schwarzenbach (Huttwil);4953;0;Huttwil;954;BE;2629891.145;1217338.280;de
Lützelflüh-Goldbach;3432;0;Lützelflüh;955;BE;2618532.912;1206035.162;de
Ramsei;3435;0;Lützelflüh;955;BE;2620520.318;1205300.981;de
Ranflüh;3439;0;Lützelflüh;955;BE;2622769.723;1204209.520;de
Grünenmatt;3452;0;Lützelflüh;955;BE;2621700.211;1206460.488;de
Rüegsauschachen;3415;3;Rüegsau;956;BE;2616883.138;1207486.550;de
Rüegsau;3417;0;Rüegsau;956;BE;2617934.367;1208219.285;de
Rüegsbach;3418;0;Rüegsau;956;BE;2619239.206;1209241.024;de
Sumiswald;3454;0;Sumiswald;957;BE;2623288.654;1208570.806;de
Grünen;3455;0;Sumiswald;957;BE;2622995.646;1208254.529;de
Wasen im Emmental;3457;0;Sumiswald;957;BE;2627244.439;1210288.971;de
Heimisbach;3453;0;Trachselwald;958;BE;2624511.610;1206822.946;de
Trachselwald;3456;0;Trachselwald;958;BE;2622744.520;1207325.403;de
Schmidigen-Mühleweg;3464;0;Walterswil (BE);959;BE;2623157.199;1216015.098;de
Walterswil BE;4942;0;Walterswil (BE);959;BE;2625638.405;1218037.743;de
Wyssachen;4954;0;Wyssachen;960;BE;2629300.398;1214311.064;de
Attiswil;4536;0;Attiswil;971;BE;2613278.400;1232860.436;de
Berken;3376;2;Berken;972;BE;2620245.695;1230572.848;de
Bettenhausen;3366;0;Bettenhausen;973;BE;2621201.091;1224744.164;de
Bollodingen;3366;2;Bettenhausen;973;BE;2620243.534;1223947.260;de
Farnern;4539;2;Farnern;975;BE;2613558.713;1235129.380;de
Graben;3376;0;Graben;976;BE;2621147.819;1229408.335;de
Wanzwil;3372;0;Heimenhausen;977;BE;2619199.076;1227582.010;de
Röthenbach Herzogenbuchsee;3373;0;Heimenhausen;977;BE;2618547.803;1228439.049;de
Heimenhausen;3373;2;Heimenhausen;977;BE;2619643.339;1229217.401;de
Herzogenbuchsee;3360;0;Herzogenbuchsee;979;BE;2620895.300;1227101.814;de
Oberönz;3363;0;Herzogenbuchsee;979;BE;2619381.582;1225418.015;de
Inkwil;3375;0;Inkwil;980;BE;2617809.816;1227856.121;de
Niederbipp;4704;0;Niederbipp;981;BE;2619917.994;1235309.720;de
Wolfisberg;4704;2;Niederbipp;981;BE;2616745.129;1236018.363;de
Niederönz;3362;0;Niederönz;982;BE;2619164.190;1225964.471;de
Oberbipp;4538;0;Oberbipp;983;BE;2616509.345;1234376.703;de
Ochlenberg;3367;2;Ochlenberg;985;BE;2622556.640;1222151.298;de
Oschwand;3476;0;Ochlenberg;985;BE;2620815.749;1221099.840;de
Rumisberg;4539;0;Rumisberg;987;BE;2615224.278;1234986.219;de
Grasswil;3365;0;Seeberg;988;BE;2617307.655;1221666.813;de
Seeberg;3365;2;Seeberg;988;BE;2617132.697;1222687.911;de
Riedtwil;3475;0;Seeberg;988;BE;2619609.293;1221302.213;de
Hermiswil;3475;1;Seeberg;988;BE;2619864.175;1222806.339;de
Thörigen;3367;0;Thörigen;989;BE;2622066.504;1224929.475;de
Walliswil b. Niederbipp;3380;2;Walliswil bei Niederbipp;990;BE;2619168.929;1231858.131;de
Walliswil b. Wangen;3377;0;Walliswil bei Wangen;991;BE;2618499.221;1230909.693;de
Wangen an der Aare;3380;0;Wangen an der Aare;992;BE;2616461.891;1231688.847;de
Wangenried;3374;0;Wangenried;993;BE;2616439.258;1229599.845;de
Wiedlisbach;4537;0;Wiedlisbach;995;BE;2615795.479;1233544.199;de
Doppleschwand;6112;0;Doppleschwand;1001;LU;2646896.115;1207725.929;de
Entlebuch;6162;0;Entlebuch;1002;LU;2647625.233;1204763.121;de
Rengg;6162;2;Entlebuch;1002;LU;2649636.424;1206029.416;de
Finsterwald b. Entlebuch;6162;3;Entlebuch;1002;LU;2650507.708;1202703.406;de
Ebnet;6163;0;Entlebuch;1002;LU;2648543.636;1208057.196;de
Flühli LU;6173;0;Flühli;1004;LU;2643959.247;1192804.203;de
Sörenberg;6174;0;Flühli;1004;LU;2645300.283;1185974.198;de
Hasle LU;6166;0;Hasle (LU);1005;LU;2646620.773;1203413.660;de
Fontannen b. Wolhusen;6110;2;Romoos;1007;LU;2641607.797;1208468.628;de
Romoos;6113;0;Romoos;1007;LU;2644512.963;1206826.918;de
Bramboden;6167;0;Romoos;1007;LU;2641610.846;1203252.030;de
Schüpfheim;6170;0;Schüpfheim;1008;LU;2644237.940;1200395.034;de
Schachen LU;6105;0;Werthenstein;1009;LU;2653518.680;1209934.712;de
Werthenstein;6106;0;Werthenstein;1009;LU;2650512.259;1211698.689;de
Escholzmatt;6182;0;Escholzmatt-Marbach;1010;LU;2637792.376;1195994.083;de
Wiggen;6192;0;Escholzmatt-Marbach;1010;LU;2635904.314;1193924.985;de
Marbach LU;6196;0;Escholzmatt-Marbach;1010;LU;2635241.813;1189189.666;de
Aesch LU;6287;0;Aesch (LU);1021;LU;2660592.614;1234064.081;de
Ballwil;6275;0;Ballwil;1023;LU;2666896.919;1222744.214;de
Emmenbrücke;6020;0;Emmen;1024;LU;2663418.879;1214369.064;de
Emmen;6032;0;Emmen;1024;LU;2665603.685;1214583.294;de
Ermensee;6294;0;Ermensee;1025;LU;2660898.390;1231086.434;de
Eschenbach LU;6274;0;Eschenbach (LU);1026;LU;2666888.886;1220574.523;de
Gelfingen;6284;0;Hitzkirch;1030;LU;2663093.395;1229631.814;de
Sulz LU;6284;2;Hitzkirch;1030;LU;2664404.303;1230257.833;de
Hitzkirch;6285;0;Hitzkirch;1030;LU;2662539.258;1230806.333;de
Retschwil;6285;2;Hitzkirch;1030;LU;2661751.045;1227204.880;de
Altwis;6286;0;Hitzkirch;1030;LU;2661269.875;1232264.520;de
Müswangen;6289;0;Hitzkirch;1030;LU;2664400.808;1232280.759;de
Hämikon;6289;2;Hitzkirch;1030;LU;2665213.336;1232832.388;de
Hämikon;6289;2;Hitzkirch;1030;LU;2663093.219;1232157.561;de
Mosen;6295;0;Hitzkirch;1030;LU;2659747.656;1232734.906;de
Hochdorf;6280;0;Hochdorf;1031;LU;2664779.386;1224344.364;de
Urswil;6280;2;Hochdorf;1031;LU;2664801.513;1222416.793;de
Baldegg;6283;0;Hochdorf;1031;LU;2663805.322;1226417.494;de
Hohenrain;6276;0;Hohenrain;1032;LU;2666683.340;1225765.690;de
Kleinwangen;6277;0;Hohenrain;1032;LU;2664867.887;1227462.062;de
Lieli LU;6277;2;Hohenrain;1032;LU;2665162.864;1229109.530;de
Inwil;6034;0;Inwil;1033;LU;2669177.606;1219424.311;de
Rain;6026;0;Rain;1037;LU;2662560.396;1220188.749;de
Römerswil LU;6027;0;Römerswil;1039;LU;2661204.201;1224620.164;de
Herlisberg;6028;0;Römerswil;1039;LU;2659973.578;1227801.564;de
Rothenburg;6023;0;Rothenburg;1040;LU;2663351.341;1216216.595;de
Schongau;6288;0;Schongau;1041;LU;2662720.826;1235685.891;de
Adligenswil;6043;0;Adligenswil;1051;LU;2670369.466;1213699.311;de
Buchrain;6033;0;Buchrain;1052;LU;2668889.076;1216371.466;de
Perlen;6035;0;Buchrain;1052;LU;2669913.708;1218147.813;de
Dierikon;6036;0;Dierikon;1053;LU;2670849.280;1216681.651;de
Ebikon;6030;0;Ebikon;1054;LU;2668466.041;1214923.948;de
Gisikon;6038;0;Gisikon;1055;LU;2672889.031;1220016.869;de
Greppen;6404;0;Greppen;1056;LU;2675324.493;1212084.399;de
Honau;6038;2;Honau;1057;LU;2673406.510;1220660.774;de
St. Niklausen LU;6005;2;Horw;1058;LU;2668558.599;1207980.146;de
Kastanienbaum;6047;0;Horw;1058;LU;2668066.143;1207319.935;de
Horw;6048;0;Horw;1058;LU;2666453.368;1207941.375;de
Kriens;6010;0;Kriens;1059;LU;2663882.314;1209448.936;de
Obernau;6012;0;Kriens;1059;LU;2661930.927;1209333.656;de
Luzern;6003;0;Luzern;1061;LU;2665223.516;1211360.330;de
Luzern;6004;0;Luzern;1061;LU;2665295.073;1212484.826;de
Luzern;6005;0;Luzern;1061;LU;2666622.700;1210180.011;de
Luzern;6006;0;Luzern;1061;LU;2668011.292;1211635.550;de
Luzern;6014;0;Luzern;1061;LU;2661014.610;1212152.019;de
Luzern;6015;0;Luzern;1061;LU;2663751.689;1212860.801;de
Malters;6102;0;Malters;1062;LU;2656608.995;1209702.372;de
Meggen;6045;0;Meggen;1063;LU;2670930.450;1211027.585;de
Meierskappel;6344;0;Meierskappel;1064;LU;2676184.490;1219853.551;de
Root;6037;0;Root;1065;LU;2672323.481;1218575.850;de
Root D4;6039;0;Root;1065;LU;2670960.491;1217469.690;de
Eigenthal;6013;0;Schwarzenberg;1066;LU;2659361.499;1206517.163;de
Schwarzenberg LU;6103;0;Schwarzenberg;1066;LU;2655926.994;1207488.009;de
Udligenswil;6044;0;Udligenswil;1067;LU;2672938.326;1216014.050;de
Vitznau;6354;0;Vitznau;1068;LU;2679473.203;1207120.421;de
Weggis;6353;0;Weggis;1069;LU;2675680.693;1209552.745;de
Rigi Kaltbad;6356;0;Weggis;1069;LU;2678450.755;1210840.000;de
Neudorf;6025;0;Beromünster;1081;LU;2658464.410;1225359.382;de
Beromünster;6215;0;Beromünster;1081;LU;2657163.744;1228728.032;de
Schwarzenbach LU;6215;2;Beromünster;1081;LU;2658604.229;1231727.854;de
Gunzwil;6222;0;Beromünster;1081;LU;2656137.344;1229186.547;de
Büron;6233;0;Büron;1082;LU;2649414.614;1229516.594;de
Buttisholz;6018;0;Buttisholz;1083;LU;2649781.615;1218415.328;de
Eich;6205;0;Eich;1084;LU;2655432.679;1222705.191;de
Geuensee;6232;0;Geuensee;1085;LU;2651099.239;1227932.229;de
Grosswangen;6022;0;Grosswangen;1086;LU;2646386.434;1220437.530;de
Hildisrieden;6024;0;Hildisrieden;1088;LU;2660275.698;1222430.209;de
St. Erhard;6212;0;Knutwil;1089;LU;2648175.475;1225942.275;de
Knutwil;6213;0;Knutwil;1089;LU;2648050.541;1228046.273;de
Kaltbach;6212;2;Mauensee;1091;LU;2647007.801;1226056.245;de
Mauensee;6216;0;Mauensee;1091;LU;2647644.246;1224276.803;de
Hellbühl;6016;0;Neuenkirch;1093;LU;2657591.685;1213513.515;de
Sempach Station;6203;0;Neuenkirch;1093;LU;2657252.998;1218456.489;de
Neuenkirch;6206;0;Neuenkirch;1093;LU;2658070.340;1216832.428;de
Nottwil;6207;0;Nottwil;1094;LU;2652742.229;1220609.866;de
Oberkirch LU;6208;0;Oberkirch;1095;LU;2651314.095;1223282.243;de
Pfeffikon LU;5735;0;Rickenbach (LU);1097;LU;2655942.582;1233470.102;de
Rickenbach LU;6221;0;Rickenbach (LU);1097;LU;2654105.837;1230125.202;de
Ruswil;6017;0;Ruswil;1098;LU;2652245.448;1215129.329;de
Sigigen;6019;0;Ruswil;1098;LU;2652910.313;1212714.742;de
Schenkon;6214;0;Schenkon;1099;LU;2652831.411;1224933.629;de
Schlierbach;6231;0;Schlierbach;1100;LU;2650844.520;1230781.270;de
Sempach;6204;0;Sempach;1102;LU;2657689.968;1220504.958;de
Sursee;6210;0;Sursee;1103;LU;2650852.389;1224923.925;de
Triengen;6234;0;Triengen;1104;LU;2648365.527;1231657.907;de
Kulmerau;6234;1;Triengen;1104;LU;2649112.053;1233987.298;de
Winikon;6235;0;Triengen;1104;LU;2646239.724;1231996.934;de
Wilihof;6236;0;Triengen;1104;LU;2647361.668;1230453.344;de
Wolhusen;6110;0;Wolhusen;1107;LU;2648329.854;1212275.148;de
Steinhuserberg;6114;0;Wolhusen;1107;LU;2646188.204;1210392.249;de
Alberswil;6248;0;Alberswil;1121;LU;2642366.043;1222223.178;de
Altbüron;6147;0;Altbüron;1122;LU;2633639.478;1225534.830;de
Ebersecken;6245;0;Altishofen;1123;LU;2637462.613;1225858.720;de
Altishofen;6246;0;Altishofen;1123;LU;2639531.553;1227980.583;de
Buchs LU;6211;1;Dagmersellen;1125;LU;2645348.823;1227945.823;de
Dagmersellen;6252;0;Dagmersellen;1125;LU;2641792.914;1229396.370;de
Uffikon;6253;0;Dagmersellen;1125;LU;2643911.279;1229097.395;de
Egolzwil;6243;0;Egolzwil;1127;LU;2643030.132;1226212.265;de
Kottwil;6217;0;Ettiswil;1128;LU;2645985.871;1223711.565;de
Ettiswil;6218;0;Ettiswil;1128;LU;2643677.063;1222111.334;de
Fischbach LU;6145;0;Fischbach;1129;LU;2635583.638;1222897.793;de
Grossdietwil;6146;0;Grossdietwil;1131;LU;2634112.716;1224606.375;de
Hergiswil b. Willisau;6133;0;Hergiswil bei Willisau;1132;LU;2639527.755;1215118.338;de
Hofstatt;6154;0;Luthern;1135;LU;2636178.081;1214969.039;de
Luthern;6156;0;Luthern;1135;LU;2636297.597;1212119.767;de
Luthern Bad;6156;2;Luthern;1135;LU;2637134.761;1208682.760;de
Menznau;6122;0;Menznau;1136;LU;2645615.058;1214954.518;de
Geiss;6123;0;Menznau;1136;LU;2646876.211;1215653.348;de
Menzberg;6125;0;Menznau;1136;LU;2642532.894;1210168.699;de
Nebikon;6244;0;Nebikon;1137;LU;2640623.014;1226836.245;de
St. Urban;4915;0;Pfaffnau;1139;LU;2630373.583;1231353.959;de
Pfaffnau;6264;0;Pfaffnau;1139;LU;2634812.056;1230947.687;de
Reiden;6260;0;Reiden;1140;LU;2640394.949;1232650.925;de
Reidermoos;6260;2;Reiden;1140;LU;2641742.095;1233880.669;de
Mehlsecken;6260;4;Reiden;1140;LU;2639405.664;1232859.345;de
Langnau b. Reiden;6262;0;Reiden;1140;LU;2639725.546;1231264.471;de
Richenthal;6263;0;Reiden;1140;LU;2638462.390;1229951.896;de
Roggliswil;6265;0;Roggliswil;1142;LU;2633911.838;1229113.288;de
Ohmstal;6143;0;Schötz;1143;LU;2638864.401;1223692.565;de
Schötz;6247;0;Schötz;1143;LU;2641725.315;1224419.011;de
Ufhusen;6153;0;Ufhusen;1145;LU;2635011.750;1218610.939;de
Wauwil;6242;0;Wauwil;1146;LU;2644258.955;1226313.459;de
Wikon;4806;0;Wikon;1147;LU;2640003.469;1234836.009;de
Hintermoos;6260;3;Wikon;1147;LU;2642363.480;1235620.625;de
Zell LU;6144;0;Zell (LU);1150;LU;2636716.197;1221116.497;de
Hüswil;6152;0;Zell (LU);1150;LU;2635199.779;1219758.965;de
Daiwil;6126;0;Willisau;1151;LU;2643590.170;1216391.917;de
Willisau;6130;0;Willisau;1151;LU;2641817.196;1218918.008;de
Rohrmatt;6132;0;Willisau;1151;LU;2641494.567;1214730.608;de
Gettnau;6142;0;Willisau;1151;LU;2640307.166;1221379.449;de
Altdorf UR;6460;0;Altdorf (UR);1201;UR;2691739.192;1193170.408;de
Andermatt;6490;0;Andermatt;1202;UR;2688730.939;1165164.699;de
Attinghausen;6468;0;Attinghausen;1203;UR;2690376.899;1191109.033;de
Bürglen UR;6463;0;Bürglen (UR);1205;UR;2693292.228;1192292.041;de
Erstfeld;6472;0;Erstfeld;1206;UR;2692465.698;1186175.701;de
Flüelen;6454;0;Flüelen;1207;UR;2690664.434;1195605.774;de
Göschenen;6487;0;Göschenen;1208;UR;2687638.340;1169347.340;de
Intschi;6476;0;Gurtnellen;1209;UR;2692519.369;1179522.292;de
Gurtnellen;6482;0;Gurtnellen;1209;UR;2690933.014;1177000.993;de
Hospental;6493;0;Hospental;1210;UR;2686865.029;1163725.219;de
Isenthal;6461;0;Isenthal;1211;UR;2685500.605;1196245.389;de
Realp;6491;0;Realp;1212;UR;2681469.072;1161383.098;de
Schattdorf;6467;0;Schattdorf;1213;UR;2693040.410;1191049.209;de
Haldi b. Schattdorf;6469;0;Schattdorf;1213;UR;2694274.558;1190820.200;de
Seedorf UR;6462;0;Seedorf (UR);1214;UR;2689325.689;1193212.626;de
Bauen;6466;0;Seedorf (UR);1214;UR;2686731.986;1198856.905;de
Seelisberg;6377;0;Seelisberg;1215;UR;2687278.333;1203147.164;de
Rütli;6441;2;Seelisberg;1215;UR;2687834.460;1202600.473;de
Silenen;6473;0;Silenen;1216;UR;2694223.391;1183040.122;de
Amsteg;6474;0;Silenen;1216;UR;2694104.770;1180681.613;de
Bristen;6475;0;Silenen;1216;UR;2695659.288;1180563.753;de
Sisikon;6452;0;Sisikon;1217;UR;2690207.293;1200346.285;de
Spiringen;6464;0;Spiringen;1218;UR;2698327.294;1191906.214;de
Urnerboden;8751;0;Spiringen;1218;UR;2711553.376;1194134.351;de
Unterschächen;6465;0;Unterschächen;1219;UR;2701395.573;1190867.724;de
Wassen UR;6484;0;Wassen;1220;UR;2688481.119;1173446.761;de
Meien;6485;0;Wassen;1220;UR;2684911.101;1175545.901;de
Bennau;8836;0;Einsiedeln;1301;SZ;2697933.589;1222763.248;de
Einsiedeln;8840;0;Einsiedeln;1301;SZ;2699480.819;1220540.061;de
Trachslau;8840;2;Einsiedeln;1301;SZ;2697685.523;1217110.935;de
Gross;8841;0;Einsiedeln;1301;SZ;2701525.554;1219185.020;de
Euthal;8844;0;Einsiedeln;1301;SZ;2704596.868;1217000.050;de
Willerzell;8846;0;Einsiedeln;1301;SZ;2702838.434;1220761.341;de
Egg SZ;8847;0;Einsiedeln;1301;SZ;2701756.486;1224241.286;de
Rigi Scheidegg;6410;5;Gersau;1311;SZ;2682274.585;1209038.264;de
Gersau;6442;0;Gersau;1311;SZ;2682787.601;1205215.016;de
Schindellegi;8834;0;Feusisberg;1321;SZ;2696582.380;1225607.769;de
Feusisberg;8835;0;Feusisberg;1321;SZ;2699214.475;1227135.158;de
Hurden;8640;3;Freienbach;1322;SZ;2703565.443;1230162.921;de
Bäch SZ;8806;0;Freienbach;1322;SZ;2698042.465;1228915.889;de
Freienbach;8807;0;Freienbach;1322;SZ;2700150.305;1229108.359;de
Pfäffikon SZ;8808;0;Freienbach;1322;SZ;2701481.465;1228580.698;de
Wollerau;8832;0;Freienbach;1322;SZ;2699555.139;1228088.474;de
Wilen b. Wollerau;8832;2;Freienbach;1322;SZ;2698202.039;1228150.311;de
Wollerau;8832;0;Wollerau;1323;SZ;2697009.570;1228015.340;de
Merlischachen;6402;0;Küssnacht (SZ);1331;SZ;2673637.543;1213271.944;de
Küssnacht am Rigi;6403;0;Küssnacht (SZ);1331;SZ;2676050.708;1214860.694;de
Immensee;6405;0;Küssnacht (SZ);1331;SZ;2677651.783;1216582.589;de
Altendorf;8852;0;Altendorf;1341;SZ;2705506.254;1227714.096;de
Galgenen;8854;2;Galgenen;1342;SZ;2708806.546;1226701.414;de
Innerthal;8858;0;Innerthal;1343;SZ;2712379.565;1218305.729;de
Lachen SZ;8853;0;Lachen;1344;SZ;2707535.969;1228362.064;de
Reichenburg;8864;0;Reichenburg;1345;SZ;2716409.866;1225636.918;de
Siebnen;8854;0;Schübelbach;1346;SZ;2710558.986;1226049.222;de
Schübelbach;8862;0;Schübelbach;1346;SZ;2712917.207;1225769.607;de
Buttikon SZ;8863;0;Schübelbach;1346;SZ;2714823.286;1225863.753;de
Tuggen;8856;0;Tuggen;1347;SZ;2713786.922;1229147.384;de
Vorderthal;8857;0;Vorderthal;1348;SZ;2710851.116;1220114.573;de
Wangen SZ;8855;0;Wangen (SZ);1349;SZ;2710407.423;1227889.981;de
Alpthal;8849;0;Alpthal;1361;SZ;2697032.789;1214090.334;de
Goldau;6410;0;Arth;1362;SZ;2684063.045;1211212.229;de
Rigi Klösterli;6410;2;Arth;1362;SZ;2679571.481;1210805.625;de
Rigi Staffel;6410;3;Arth;1362;SZ;2678763.469;1211927.066;de
Rigi Kulm;6410;4;Arth;1362;SZ;2679338.199;1212100.084;de
Oberarth;6414;0;Arth;1362;SZ;2683191.818;1212253.708;de
Arth;6415;0;Arth;1362;SZ;2682383.651;1213076.665;de
Illgau;6434;0;Illgau;1363;SZ;2697727.484;1204861.153;de
Brunnen;6440;0;Ingenbohl;1364;SZ;2688736.101;1205475.167;de
Lauerz;6424;0;Lauerz;1365;SZ;2686753.736;1210004.266;de
Stoos SZ;6433;0;Morschach;1366;SZ;2693269.904;1203993.341;de
Morschach;6443;0;Morschach;1366;SZ;2689906.850;1204072.773;de
Muotathal;6436;0;Muotathal;1367;SZ;2700531.223;1203787.160;de
Bisisthal;6436;2;Muotathal;1367;SZ;2706036.901;1200145.261;de
Ried (Muotathal);6436;3;Muotathal;1367;SZ;2697013.523;1204711.156;de
Oberiberg;8843;0;Oberiberg;1368;SZ;2702428.065;1210953.455;de
Riemenstalden;6452;2;Riemenstalden;1369;SZ;2693464.950;1200275.855;de
Rothenthurm;6418;0;Rothenthurm;1370;SZ;2693856.534;1217858.148;de
Sattel;6417;0;Sattel;1371;SZ;2691055.117;1215443.710;de
Seewen SZ;6423;0;Schwyz;1372;SZ;2690625.688;1209434.803;de
Schwyz;6430;0;Schwyz;1372;SZ;2692371.713;1208527.203;de
Rickenbach b. Schwyz;6432;0;Schwyz;1372;SZ;2693305.080;1207990.886;de
Ibach;6438;0;Schwyz;1372;SZ;2691718.127;1207571.588;de
Steinen;6422;0;Steinen;1373;SZ;2689245.435;1211672.839;de
Steinerberg;6416;0;Steinerberg;1374;SZ;2687124.622;1211864.360;de
Unteriberg;8842;0;Unteriberg;1375;SZ;2703673.999;1212606.154;de
Studen SZ;8845;0;Unteriberg;1375;SZ;2705955.731;1214538.808;de
Pilatus Kulm;6010;2;Alpnach;1401;OW;2662090.586;1203455.374;de
Alpnachstad;6053;0;Alpnach;1401;OW;2663772.248;1200633.747;de
Alpnach Dorf;6055;0;Alpnach;1401;OW;2663438.271;1199223.442;de
Grafenort;6388;0;Engelberg;1402;OW;2671188.955;1191465.494;de
Engelberg;6390;0;Engelberg;1402;OW;2673650.284;1185458.643;de
Giswil;6074;0;Giswil;1403;OW;2656655.948;1187569.990;de
Kerns;6064;0;Kerns;1404;OW;2664125.636;1194883.070;de
St. Niklausen OW;6066;0;Kerns;1404;OW;2664390.830;1191837.753;de
Melchtal;6067;0;Kerns;1404;OW;2665162.068;1187325.695;de
Melchsee-Frutt;6068;0;Kerns;1404;OW;2663426.604;1180600.578;de
Lungern;6078;0;Lungern;1405;OW;2655009.667;1181515.273;de
Bürglen OW;6078;2;Lungern;1405;OW;2655519.508;1184802.358;de
Sachseln;6072;0;Sachseln;1406;OW;2660571.243;1190686.461;de
Flüeli-Ranft;6073;0;Sachseln;1406;OW;2662910.175;1191534.236;de
Kägiswil;6056;0;Sarnen;1407;OW;2662454.718;1196816.163;de
Sarnen;6060;0;Sarnen;1407;OW;2661797.304;1193924.906;de
Ramersberg;6060;2;Sarnen;1407;OW;2660412.401;1194635.098;de
Wilen (Sarnen);6062;0;Sarnen;1407;OW;2659862.970;1192597.033;de
Stalden (Sarnen);6063;0;Sarnen;1407;OW;2658684.844;1193206.214;de
Beckenried;6375;0;Beckenried;1501;NW;2678395.768;1202071.099;de
Buochs;6374;0;Buochs;1502;NW;2674684.499;1202724.808;de
Dallenwil;6383;0;Dallenwil;1503;NW;2672496.788;1198402.745;de
Wiesenberg;6383;3;Dallenwil;1503;NW;2670486.335;1197520.328;de
Wirzweli;6383;4;Dallenwil;1503;NW;2670579.933;1196220.896;de
Emmetten;6376;0;Emmetten;1504;NW;2682548.454;1201069.923;de
Bürgenstock;6363;2;Ennetbürgen;1505;NW;2671773.847;1205561.038;de
Ennetbürgen;6373;0;Ennetbürgen;1505;NW;2674238.845;1204217.651;de
Ennetmoos;6372;0;Ennetmoos;1506;NW;2668465.636;1201016.030;de
Hergiswil NW;6052;0;Hergiswil (NW);1507;NW;2665843.964;1204372.226;de
Oberdorf NW;6370;41;Oberdorf (NW);1508;NW;2672159.101;1201267.611;de
Büren NW;6382;0;Oberdorf (NW);1508;NW;2673043.804;1199246.488;de
Niederrickenbach;6383;2;Oberdorf (NW);1508;NW;2676031.419;1197179.703;de
Stans;6370;0;Stans;1509;NW;2670613.506;1201233.284;de
Stansstad;6362;0;Stansstad;1510;NW;2668551.033;1203229.206;de
Obbürgen;6363;0;Stansstad;1510;NW;2670135.375;1203801.904;de
Fürigen;6363;1;Stansstad;1510;NW;2669479.141;1203829.301;de
Kehrsiten;6365;0;Stansstad;1510;NW;2670823.339;1205975.648;de
Wolfenschiessen;6386;0;Wolfenschiessen;1511;NW;2672973.440;1195745.425;de
Oberrickenbach;6387;0;Wolfenschiessen;1511;NW;2675096.883;1193472.979;de
Näfels;8752;0;Glarus Nord;1630;GL;2722853.563;1217946.406;de
Mollis;8753;0;Glarus Nord;1630;GL;2724287.740;1217151.332;de
Filzbach;8757;0;Glarus Nord;1630;GL;2728432.829;1220213.527;de
Obstalden;8758;0;Glarus Nord;1630;GL;2729950.012;1219922.270;de
Bilten;8865;0;Glarus Nord;1630;GL;2720297.411;1223345.215;de
Niederurnen;8867;0;Glarus Nord;1630;GL;2722482.393;1220673.431;de
Oberurnen;8868;0;Glarus Nord;1630;GL;2722953.850;1219449.694;de
Mühlehorn;8874;0;Glarus Nord;1630;GL;2731586.600;1219937.377;de
Mitlödi;8756;0;Glarus Süd;1631;GL;2724728.984;1207904.674;de
Schwanden GL;8762;0;Glarus Süd;1631;GL;2724441.815;1206203.918;de
Schwändi b. Schwanden;8762;2;Glarus Süd;1631;GL;2723805.206;1207356.574;de
Sool;8762;3;Glarus Süd;1631;GL;2725263.765;1206833.653;de
Engi;8765;0;Glarus Süd;1631;GL;2730044.934;1204992.798;de
Matt;8766;0;Glarus Süd;1631;GL;2731776.345;1202805.013;de
Elm;8767;0;Glarus Süd;1631;GL;2732035.467;1197846.863;de
Nidfurn;8772;0;Glarus Süd;1631;GL;2722679.144;1205243.950;de
Haslen GL;8773;0;Glarus Süd;1631;GL;2723355.701;1204565.638;de
Leuggelbach;8774;0;Glarus Süd;1631;GL;2721919.140;1204095.560;de
Luchsingen;8775;1;Glarus Süd;1631;GL;2721537.319;1202970.783;de
Hätzingen;8775;2;Glarus Süd;1631;GL;2721909.050;1202399.728;de
Diesbach GL;8777;0;Glarus Süd;1631;GL;2721544.786;1201330.371;de
Betschwanden;8777;2;Glarus Süd;1631;GL;2720952.384;1200451.641;de
Rüti GL;8782;0;Glarus Süd;1631;GL;2719869.548;1199370.411;de
Linthal;8783;0;Glarus Süd;1631;GL;2719090.576;1198240.922;de
Braunwald;8784;0;Glarus Süd;1631;GL;2718733.248;1200023.143;de
Glarus;8750;0;Glarus;1632;GL;2723644.552;1211218.522;de
Riedern;8750;2;Glarus;1632;GL;2722224.376;1212146.013;de
Klöntal;8750;3;Glarus;1632;GL;2714304.730;1209374.301;de
Netstal;8754;0;Glarus;1632;GL;2722466.809;1213770.503;de
Ennenda;8755;0;Glarus;1632;GL;2724674.193;1210502.102;de
Allenwinden;6319;0;Baar;1701;ZG;2684339.178;1224328.553;de
Baar;6340;0;Baar;1701;ZG;2682158.777;1227489.661;de
Cham;6330;0;Cham;1702;ZG;2677391.723;1225873.722;de
Hagendorn;6332;0;Cham;1702;ZG;2675258.868;1228475.306;de
Hünenberg;6331;0;Hünenberg;1703;ZG;2675002.863;1225334.784;de
Hünenberg See;6333;0;Hünenberg;1703;ZG;2676700.688;1224749.176;de
Menzingen;6313;0;Menzingen;1704;ZG;2687298.314;1225954.221;de
Menzingen;6313;0;Menzingen;1704;ZG;2690826.114;1225099.575;de
Edlibach;6313;2;Menzingen;1704;ZG;2685869.750;1226040.625;de
Finstersee;6313;3;Menzingen;1704;ZG;2690308.107;1224702.449;de
Sihlbrugg;6340;4;Neuheim;1705;ZG;2686225.262;1230250.632;de
Neuheim;6345;0;Neuheim;1705;ZG;2686150.751;1228912.516;de
Oberägeri;6315;0;Oberägeri;1706;ZG;2689194.807;1221067.512;de
Alosen;6315;2;Oberägeri;1706;ZG;2690732.197;1221776.885;de
Morgarten;6315;3;Oberägeri;1706;ZG;2691229.076;1217729.224;de
Rotkreuz;6343;0;Risch;1707;ZG;2675168.802;1221442.253;de
Buonas;6343;2;Risch;1707;ZG;2677235.014;1221618.809;de
Risch;6343;3;Risch;1707;ZG;2678005.456;1220841.445;de
Holzhäusern ZG;6343;4;Risch;1707;ZG;2675998.178;1223042.303;de
Steinhausen;6312;0;Steinhausen;1708;ZG;2679304.003;1227758.353;de
Unterägeri;6314;0;Unterägeri;1709;ZG;2686787.118;1221456.314;de
Neuägeri;6314;1;Unterägeri;1709;ZG;2685254.424;1222988.569;de
Walchwil;6318;0;Walchwil;1710;ZG;2681692.488;1217143.333;de
Zug;6300;0;Zug;1711;ZG;2681687.465;1224362.346;de
Zugerberg;6300;5;Zug;1711;ZG;2683041.771;1221956.814;de
Oberwil b. Zug;6317;0;Zug;1711;ZG;2681039.178;1222420.515;de
Châtillon FR;1473;2;Châtillon (FR);2008;FR;2553388.629;1187063.871;fr
Cugy FR;1482;0;Cugy (FR);2011;FR;2558364.445;1185003.629;fr
Vesin;1483;3;Cugy (FR);2011;FR;2556808.405;1184211.895;fr
Fétigny;1532;0;Fétigny;2016;FR;2560060.133;1183014.906;fr
Gletterens;1544;0;Gletterens;2022;FR;2561785.405;1193913.444;fr
Lully FR;1470;2;Lully (FR);2025;FR;2554944.855;1187263.718;fr
Seiry;1470;3;Lully (FR);2025;FR;2553705.999;1184727.309;fr
Bollion;1470;4;Lully (FR);2025;FR;2553338.371;1185285.374;fr
Ménières;1533;0;Ménières;2027;FR;2557451.911;1181593.970;fr
Cousset;1774;0;Montagny (FR);2029;FR;2564845.067;1185369.348;fr
Cousset;1774;0;Montagny (FR);2029;FR;2564342.305;1186283.660;fr
Montagny-les-Monts;1774;2;Montagny (FR);2029;FR;2565910.570;1184467.599;fr
Mannens;1775;2;Montagny (FR);2029;FR;2564230.521;1182485.226;fr
Grandsivaz;1775;3;Montagny (FR);2029;FR;2565039.498;1181680.610;fr
Montagny-la-Ville;1776;0;Montagny (FR);2029;FR;2566177.391;1185245.835;fr
Nuvilly;1485;0;Nuvilly;2035;FR;2553571.871;1181612.001;fr
Prévondavaux;1410;4;Prévondavaux;2038;FR;2550667.044;1175333.349;fr
St-Aubin FR;1566;0;Saint-Aubin (FR);2041;FR;2565073.765;1193326.743;fr
Les Friques;1566;2;Saint-Aubin (FR);2041;FR;2565667.401;1194790.583;fr
Sévaz;1541;3;Sévaz;2043;FR;2557041.649;1187693.839;fr
Villeneuve FR;1527;0;Surpierre;2044;FR;2556439.189;1177355.524;fr
Surpierre;1528;0;Surpierre;2044;FR;2555883.483;1177251.379;fr
Praratoud;1528;2;Surpierre;2044;FR;2554820.659;1176105.784;fr
Cheiry;1529;0;Surpierre;2044;FR;2553766.269;1177750.054;fr
Chapelle (Broye);1534;2;Surpierre;2044;FR;2555159.084;1180045.536;fr
Vallon;1565;2;Vallon;2045;FR;2563012.113;1192743.466;fr
Montet (Broye);1483;0;Les Montets;2050;FR;2556504.311;1185144.029;fr
Frasses;1483;2;Les Montets;2050;FR;2556121.030;1186340.009;fr
Aumont;1484;0;Les Montets;2050;FR;2554959.359;1183506.044;fr
Granges-de-Vesin;1484;2;Les Montets;2050;FR;2554513.500;1184743.375;fr
Delley;1567;0;Delley-Portalban;2051;FR;2564115.499;1195890.303;fr
Portalban;1568;0;Delley-Portalban;2051;FR;2563196.073;1196430.129;fr
Dompierre FR;1563;0;Belmont-Broye;2053;FR;2565676.273;1189200.061;fr
Domdidier;1564;0;Belmont-Broye;2053;FR;2567725.721;1190491.405;fr
Léchelles;1773;0;Belmont-Broye;2053;FR;2567751.246;1186519.013;fr
Chandon;1773;2;Belmont-Broye;2053;FR;2570210.964;1187620.023;fr
Russy;1773;3;Belmont-Broye;2053;FR;2566652.658;1188055.919;fr
Estavayer-le-Lac;1470;0;Estavayer;2054;FR;2554892.318;1188932.666;fr
Font;1473;0;Estavayer;2054;FR;2554164.578;1186203.249;fr
Font;1473;0;Estavayer;2054;FR;2552808.502;1187408.011;fr
Autavaux;1475;0;Estavayer;2054;FR;2557213.415;1190606.085;fr
Forel FR;1475;2;Estavayer;2054;FR;2558031.856;1191751.168;fr
Montbrelloz;1475;3;Estavayer;2054;FR;2557840.611;1189310.445;fr
Vuissens;1486;0;Estavayer;2054;FR;2548575.446;1176530.995;fr
Murist;1489;0;Estavayer;2054;FR;2551797.143;1182336.074;fr
Bussy FR;1541;0;Estavayer;2054;FR;2558090.146;1187228.499;fr
Morens FR;1541;2;Estavayer;2054;FR;2559486.895;1188283.308;fr
Rueyres-les-Prés;1542;0;Estavayer;2054;FR;2560200.538;1189966.209;fr
Cheyres;1468;0;Cheyres-Châbles;2055;FR;2550277.519;1184995.155;fr
Châbles FR;1474;0;Cheyres-Châbles;2055;FR;2551990.684;1186310.593;fr
Auboranges;1673;3;Auboranges;2061;FR;2551487.295;1159243.466;fr
Billens;1681;0;Billens-Hennens;2063;FR;2558804.449;1171219.186;fr
Hennens;1681;2;Billens-Hennens;2063;FR;2557610.588;1170364.040;fr
Chapelle (Glâne);1608;4;Chapelle (Glâne);2066;FR;2553682.319;1159796.599;fr
Le Châtelard-près-Romont;1689;0;Le Châtelard;2067;FR;2564776.830;1169694.508;fr
Châtonnaye;1553;0;Châtonnaye;2068;FR;2561768.851;1178224.174;fr
Ecublens FR;1673;4;Ecublens (FR);2072;FR;2551722.433;1162120.814;fr
Grangettes-près-Romont;1686;0;Grangettes;2079;FR;2563736.769;1169577.653;fr
Massonnens;1692;0;Massonnens;2086;FR;2564419.493;1172264.904;fr
Berlens;1680;2;Mézières (FR);2087;FR;2562873.754;1171446.434;fr
Mézières FR;1684;0;Mézières (FR);2087;FR;2560803.818;1169895.296;fr
Montet (Glâne);1674;2;Montet (Glâne);2089;FR;2552175.838;1166118.251;fr
Romont FR;1680;0;Romont (FR);2096;FR;2560194.595;1171708.949;fr
Promasens;1673;0;Rue;2097;FR;2552834.375;1161313.374;fr
Gillarens;1673;2;Rue;2097;FR;2553113.635;1159763.388;fr
Rue;1673;5;Rue;2097;FR;2552791.935;1163338.850;fr
Blessens;1675;2;Rue;2097;FR;2553994.806;1162344.770;fr
Chavannes-les-Forts;1676;0;Siviriez;2099;FR;2558590.414;1166867.718;fr
Prez-vers-Siviriez;1677;0;Siviriez;2099;FR;2556802.380;1165363.631;fr
Siviriez;1678;0;Siviriez;2099;FR;2557248.064;1167554.789;fr
Villaraboud;1679;0;Siviriez;2099;FR;2559758.121;1167658.084;fr
Ursy;1670;0;Ursy;2102;FR;2553715.683;1165105.793;fr
Bionnens;1670;2;Ursy;2102;FR;2555343.500;1165034.000;fr
Esmonts;1670;3;Ursy;2102;FR;2554488.604;1165819.731;fr
Vuarmarens;1674;0;Ursy;2102;FR;2553167.789;1166150.390;fr
Morlens;1674;3;Ursy;2102;FR;2553921.000;1167044.748;fr
Vauderens;1675;0;Ursy;2102;FR;2554728.078;1163726.959;fr
Mossel;1675;3;Ursy;2102;FR;2555336.618;1162296.815;fr
Villariaz;1685;0;Vuisternens-devant-Romont;2113;FR;2561833.876;1168299.154;fr
La Neirigue;1686;2;Vuisternens-devant-Romont;2113;FR;2562976.688;1170410.203;fr
Vuisternens-devant-Romont;1687;0;Vuisternens-devant-Romont;2113;FR;2561046.608;1167345.706;fr
La Magne;1687;2;Vuisternens-devant-Romont;2113;FR;2561237.696;1164926.357;fr
Estévenens;1687;3;Vuisternens-devant-Romont;2113;FR;2563110.520;1168761.333;fr
Sommentier;1688;0;Vuisternens-devant-Romont;2113;FR;2559692.068;1165368.049;fr
Lieffrens;1688;2;Vuisternens-devant-Romont;2113;FR;2558810.384;1165192.201;fr
La Joux FR;1697;0;Vuisternens-devant-Romont;2113;FR;2561742.636;1164331.434;fr
Les Ecasseys;1697;2;Vuisternens-devant-Romont;2113;FR;2559456.133;1163586.333;fr
Villarsiviriaux;1694;0;Villorsonnens;2114;FR;2567351.729;1172201.586;fr
Villargiroud;1694;2;Villorsonnens;2114;FR;2566553.966;1172652.662;fr
Orsonnens;1694;3;Villorsonnens;2114;FR;2565997.855;1174119.206;fr
Chavannes-sous-Orsonnens;1694;4;Villorsonnens;2114;FR;2565858.235;1175282.639;fr
Torny-le-Grand;1748;0;Torny;2115;FR;2564093.873;1180047.005;fr
Middes;1749;0;Torny;2115;FR;2562626.218;1179772.108;fr
Villaz-St-Pierre;1690;0;Villaz;2117;FR;2563173.598;1174423.996;fr
Lussy FR;1690;2;Villaz;2117;FR;2562191.666;1173878.833;fr
Villarimboud;1691;0;Villaz;2117;FR;2563637.131;1176587.290;fr
Albeuve;1669;0;Haut-Intyamon;2121;FR;2570634.925;1151805.519;fr
Lessoc;1669;2;Haut-Intyamon;2121;FR;2571128.069;1150553.699;fr
Les Sciernes-d'Albeuve;1669;3;Haut-Intyamon;2121;FR;2569019.268;1149587.909;fr
Neirivue;1669;4;Haut-Intyamon;2121;FR;2570795.344;1152733.423;fr
Montbovon;1669;5;Haut-Intyamon;2121;FR;2569829.475;1148400.973;fr
Gumefens;1643;0;Pont-en-Ogoz;2122;FR;2572316.705;1169593.691;fr
Avry-devant-Pont;1644;0;Pont-en-Ogoz;2122;FR;2573054.071;1170726.148;fr
Le Bry;1645;0;Pont-en-Ogoz;2122;FR;2572845.937;1172583.907;fr
Botterens;1652;0;Botterens;2123;FR;2575052.778;1163389.756;fr
Villarbeney;1652;2;Botterens;2123;FR;2574730.506;1164258.930;fr
Broc;1636;0;Broc;2124;FR;2574014.386;1161578.578;fr
Bulle;1630;0;Bulle;2125;FR;2570880.060;1163295.416;fr
La Tour-de-Trême;1635;0;Bulle;2125;FR;2571469.146;1162047.750;fr
Châtel-sur-Montsalvens;1653;3;Châtel-sur-Montsalvens;2128;FR;2576082.581;1162531.233;fr
Corbières;1647;0;Corbières;2129;FR;2574167.105;1167849.328;fr
Villarvolard;1651;0;Corbières;2129;FR;2574635.193;1166056.079;fr
Crésuz;1653;2;Crésuz;2130;FR;2577196.601;1163074.216;fr
Echarlens;1646;0;Echarlens;2131;FR;2572207.818;1166356.656;fr
Grandvillard;1666;0;Grandvillard;2134;FR;2572923.383;1154228.396;fr
Gruyères;1663;0;Gruyères;2135;FR;2572769.023;1159202.513;fr
Pringy;1663;2;Gruyères;2135;FR;2571903.283;1158652.250;fr
Epagny;1663;3;Gruyères;2135;FR;2572934.829;1159710.801;fr
Moléson-sur-Gruyères;1663;4;Gruyères;2135;FR;2569229.240;1156825.170;fr
Hauteville;1648;0;Hauteville;2137;FR;2574338.135;1168912.983;fr
Jaun;1656;0;Jaun;2138;FR;2587432.343;1162250.045;de
Im Fang;1656;1;Jaun;2138;FR;2584493.426;1160777.193;de
Marsens;1633;0;Marsens;2140;FR;2571159.660;1167239.403;fr
Vuippens;1633;2;Marsens;2140;FR;2572009.375;1167578.586;fr
Morlon;1638;0;Morlon;2143;FR;2573128.959;1164135.979;fr
Le Pâquier-Montbarry;1661;0;Le Pâquier (FR);2145;FR;2570589.538;1160423.104;fr
Pont-la-Ville;1649;0;Pont-la-Ville;2147;FR;2574945.421;1172151.653;fr
Riaz;1632;0;Riaz;2148;FR;2571098.996;1165654.139;fr
La Roche FR;1634;0;La Roche;2149;FR;2577001.595;1171727.579;fr
Sâles (Gruyère);1625;0;Sâles;2152;FR;2564355.650;1165036.040;fr
Maules;1625;2;Sâles;2152;FR;2565748.260;1165367.713;fr
Romanens;1626;0;Sâles;2152;FR;2564169.458;1166720.681;fr
Treyfayes;1626;2;Sâles;2152;FR;2562841.913;1167102.931;fr
Rueyres-Treyfayes;1626;3;Sâles;2152;FR;2563265.659;1166494.179;fr
Sorens;1642;0;Sorens;2153;FR;2571046.696;1168702.623;fr
Vaulruz;1627;0;Vaulruz;2155;FR;2565880.951;1163716.153;fr
Vuadens;1628;0;Vuadens;2160;FR;2567866.649;1162887.351;fr
Estavannens;1665;0;Bas-Intyamon;2162;FR;2574166.246;1157223.211;fr
Villars-sous-Mont;1666;2;Bas-Intyamon;2162;FR;2571681.300;1154363.920;fr
Enney;1667;0;Bas-Intyamon;2162;FR;2572777.603;1157282.828;fr
Charmey (Gruyère);1637;0;Val-de-Charmey;2163;FR;2578870.710;1163129.753;fr
Cerniat FR;1654;0;Val-de-Charmey;2163;FR;2578415.235;1164638.584;fr
Autigny;1742;0;Autigny;2173;FR;2568047.788;1176230.063;fr
Corjolens;1754;2;Avry;2174;FR;2569982.851;1181682.916;fr
Avry-sur-Matran;1754;4;Avry;2174;FR;2571902.943;1181919.285;fr
Belfaux;1782;0;Belfaux;2175;FR;2574688.959;1185748.513;fr
Autafond;1782;2;Belfaux;2175;FR;2572466.185;1184781.803;fr
Chénens;1744;0;Chénens;2177;FR;2566665.098;1176590.698;fr
Corminboeuf;1720;0;Corminboeuf;2183;FR;2574330.106;1184180.946;fr
Chésopelloz;1720;2;Corminboeuf;2183;FR;2572490.249;1184060.503;fr
Cottens FR;1741;0;Cottens (FR);2186;FR;2569005.580;1177796.479;fr
Ferpicloz;1724;3;Ferpicloz;2194;FR;2579055.736;1177449.341;fr
Fribourg;1700;0;Fribourg;2196;FR;2578944.813;1183929.050;fr
Bourguillon;1722;0;Fribourg;2196;FR;2580023.473;1183236.981;fr
Givisiez;1762;0;Givisiez;2197;FR;2576183.505;1184608.769;fr
Granges-Paccot;1763;0;Granges-Paccot;2198;FR;2577327.718;1186036.594;fr
Grolley;1772;0;Grolley;2200;FR;2571963.970;1187014.353;fr
Marly;1723;0;Marly;2206;FR;2578636.748;1180453.395;fr
Matran;1753;0;Matran;2208;FR;2573859.339;1181754.259;fr
Neyruz FR;1740;0;Neyruz (FR);2211;FR;2571475.465;1179703.401;fr
Pierrafortscha;1723;4;Pierrafortscha;2216;FR;2580682.015;1181786.048;fr
Nierlet-les-Bois;1772;1;Ponthaux;2217;FR;2570940.746;1185319.631;fr
Ponthaux;1772;2;Ponthaux;2217;FR;2569584.783;1185013.580;fr
Le Mouret;1724;0;Le Mouret;2220;FR;2580067.898;1177799.509;fr
Essert FR;1724;2;Le Mouret;2220;FR;2579047.470;1176353.188;fr
Montévraz;1724;4;Le Mouret;2220;FR;2579915.709;1175044.880;fr
Oberried FR;1724;5;Le Mouret;2220;FR;2580916.799;1176069.695;fr
Zénauva;1724;7;Le Mouret;2220;FR;2580384.060;1176008.238;fr
Bonnefontaine;1724;8;Le Mouret;2220;FR;2581800.040;1176593.628;fr
Treyvaux;1733;0;Treyvaux;2226;FR;2576985.996;1175301.815;fr
Villars-sur-Glâne;1752;0;Villars-sur-Glâne;2228;FR;2575369.153;1182258.595;fr
Villarsel-sur-Marly;1723;3;Villarsel-sur-Marly;2230;FR;2579706.114;1178840.594;fr
Posieux;1725;0;Hauterive (FR);2233;FR;2573745.913;1179073.790;fr
Ecuvillens;1730;0;Hauterive (FR);2233;FR;2573124.665;1178605.064;fr
Lentigny;1745;0;La Brillaz;2234;FR;2566730.978;1178858.825;fr
Onnens FR;1756;0;La Brillaz;2234;FR;2569511.169;1180595.759;fr
Lovens;1756;2;La Brillaz;2234;FR;2568031.898;1180274.575;fr
Lossy;1782;3;La Sonnaz;2235;FR;2575014.314;1186935.831;fr
La Corbaz;1782;4;La Sonnaz;2235;FR;2575310.440;1187618.341;fr
Cormagens;1782;5;La Sonnaz;2235;FR;2576841.584;1187074.414;fr
Formangueires;1782;6;La Sonnaz;2235;FR;2575481.086;1186304.841;fr
Villarlod;1695;0;Gibloux;2236;FR;2568197.060;1172749.135;fr
Rueyres-St-Laurent;1695;2;Gibloux;2236;FR;2568960.291;1174109.789;fr
Estavayer-le-Gibloux;1695;3;Gibloux;2236;FR;2568389.644;1174614.165;fr
Villarsel-le-Gibloux;1695;4;Gibloux;2236;FR;2567781.102;1173740.119;fr
Vuisternens-en-Ogoz;1696;0;Gibloux;2236;FR;2570517.429;1173027.651;fr
Farvagny-le-Grand;1726;0;Gibloux;2236;FR;2571524.198;1174590.591;fr
Farvagny-le-Petit;1726;2;Gibloux;2236;FR;2572026.603;1175319.225;fr
Grenilles;1726;3;Gibloux;2236;FR;2570131.995;1175216.925;fr
Posat;1726;4;Gibloux;2236;FR;2570893.268;1176380.435;fr
Corpataux;1727;0;Gibloux;2236;FR;2573960.364;1177059.756;fr
Magnedens;1727;2;Gibloux;2236;FR;2572689.506;1176827.348;fr
Rossens FR;1728;0;Gibloux;2236;FR;2574166.380;1174364.874;fr
Prez-vers-Noréaz;1746;0;Prez;2237;FR;2567657.045;1181682.755;fr
Corserey;1747;0;Prez;2237;FR;2565956.795;1180359.746;fr
Noréaz;1757;0;Prez;2237;FR;2568632.033;1183590.725;fr
Senèdes;1724;6;Bois-d'Amont;2238;FR;2577379.910;1176843.481;fr
Ependes FR;1731;0;Bois-d'Amont;2238;FR;2577664.180;1178189.240;fr
Arconciel;1732;0;Bois-d'Amont;2238;FR;2575883.555;1177346.855;fr
Courgevaux;1796;0;Courgevaux;2250;FR;2575116.884;1195188.558;de
Villarepos;1583;0;Courtepin;2254;FR;2572084.496;1192560.983;fr
Pensier;1783;0;Courtepin;2254;FR;2576855.873;1188169.574;fr
Barberêche;1783;4;Courtepin;2254;FR;2578849.894;1189541.750;fr
Courtepin;1784;0;Courtepin;2254;FR;2576167.653;1190332.895;fr
Wallenried;1784;3;Courtepin;2254;FR;2575361.511;1191544.063;fr
Courtaman;1791;0;Courtepin;2254;FR;2576499.844;1191121.888;fr
Cressier FR;1785;0;Cressier (FR);2257;FR;2577261.125;1194162.325;fr
Fräschels;3284;0;Fräschels;2258;FR;2582695.311;1204952.139;de
Galmiz;3285;0;Murten;2275;FR;2578624.938;1199913.748;de
Gempenach;3215;0;Murten;2275;FR;2581645.750;1198877.991;de
Greng;3280;4;Greng;2261;FR;2573542.845;1195908.906;de
Cordast;1792;0;Gurmels;2262;FR;2578237.699;1191226.238;de
Guschelmuth;1792;2;Gurmels;2262;FR;2576889.615;1192208.245;de
Wallenbuch;3206;2;Gurmels;2262;FR;2583710.790;1197638.784;de
Gurmels;3212;0;Gurmels;2262;FR;2579673.391;1193547.909;de
Kleingurmels;3212;2;Gurmels;2262;FR;2580754.424;1192717.566;de
Liebistorf;3213;0;Gurmels;2262;FR;2581387.217;1195286.648;de
Kerzers;3210;0;Kerzers;2265;FR;2581567.208;1202815.073;de
Kleinbösingen;3213;2;Kleinbösingen;2266;FR;2582205.486;1193708.618;de
Meyriez;3280;2;Meyriez;2271;FR;2574901.250;1197149.588;de
Misery;1721;1;Misery-Courtion;2272;FR;2571822.375;1188980.000;fr
Cormérod;1721;2;Misery-Courtion;2272;FR;2573307.196;1190558.070;fr
Courtion;1721;4;Misery-Courtion;2272;FR;2571838.173;1189696.044;fr
Cournillens;1721;5;Misery-Courtion;2272;FR;2574315.189;1189636.660;fr
Muntelier;3286;0;Muntelier;2274;FR;2576042.838;1198307.759;de
Jeuss;1793;0;Murten;2275;FR;2579079.694;1194727.615;de
Salvenach;1794;0;Murten;2275;FR;2578042.959;1195756.108;de
Courlevon;1795;0;Murten;2275;FR;2575036.103;1193395.823;de
Büchslen;3215;2;Murten;2275;FR;2580283.186;1199378.464;de
Lurtigen;3215;3;Murten;2275;FR;2579672.784;1197576.443;de
Murten;3280;0;Murten;2275;FR;2575665.788;1197530.589;de
Ried b. Kerzers;3216;0;Ried bei Kerzers;2276;FR;2580780.056;1200394.521;de
Agriswil;3216;2;Ried bei Kerzers;2276;FR;2581619.630;1200376.278;de
Ulmiz;3214;0;Ulmiz;2278;FR;2581880.235;1197971.195;de
Sugiez;1786;0;Mont-Vully;2284;FR;2575201.654;1201253.139;fr
Môtier (Vully);1787;0;Mont-Vully;2284;FR;2572924.520;1199770.040;fr
Mur (Vully) FR;1787;1;Mont-Vully;2284;FR;2571429.971;1199341.746;fr
Praz (Vully);1788;0;Mont-Vully;2284;FR;2574015.394;1200269.738;fr
Lugnorre;1789;0;Mont-Vully;2284;FR;2571953.535;1199981.983;fr
Brünisried;1719;0;Brünisried;2292;FR;2587820.243;1178800.541;de
Düdingen;3186;0;Düdingen;2293;FR;2581086.329;1188352.115;de
Giffers;1735;0;Giffers;2294;FR;2582564.047;1178910.076;de
Bösingen;3178;0;Bösingen;2295;FR;2583977.266;1193698.065;de
Heitenried;1714;0;Heitenried;2296;FR;2589320.604;1186538.864;de
Plaffeien;1716;0;Plaffeien;2299;FR;2588339.458;1176798.672;de
Oberschrot;1716;2;Plaffeien;2299;FR;2587403.641;1176491.754;de
Schwarzsee;1716;3;Plaffeien;2299;FR;2588725.167;1168817.746;de
Zumholz;1719;2;Plaffeien;2299;FR;2588721.245;1178127.442;de
Plasselb;1737;0;Plasselb;2300;FR;2585730.724;1176052.130;fr
Rechthalten;1718;0;Rechthalten;2301;FR;2584889.034;1179702.781;de
St. Silvester;1736;0;St. Silvester;2303;FR;2583645.916;1176676.436;de
St. Ursen;1717;0;St. Ursen;2304;FR;2583402.752;1182257.050;de
Schmitten FR;3185;0;Schmitten (FR);2305;FR;2585575.964;1189484.572;de
Tafers;1712;0;Tafers;2306;FR;2583131.607;1184942.649;de
St. Antoni;1713;0;Tafers;2306;FR;2586424.521;1185693.350;de
Alterswil FR;1715;0;Tafers;2306;FR;2586271.604;1182727.226;de
Tentlingen;1734;0;Tentlingen;2307;FR;2581596.130;1179945.108;de
Ueberstorf;3182;0;Ueberstorf;2308;FR;2590522.988;1190489.313;de
Flamatt;3175;0;Wünnewil-Flamatt;2309;FR;2590199.267;1193257.961;de
Wünnewil;3184;0;Wünnewil-Flamatt;2309;FR;2587542.986;1191510.394;de
Attalens;1616;0;Attalens;2321;FR;2554762.419;1151230.568;fr
Tatroz;1617;2;Attalens;2321;FR;2556297.934;1152922.211;fr
Bossonnens;1615;0;Bossonnens;2323;FR;2554836.439;1152448.170;fr
Châtel-St-Denis;1618;0;Châtel-Saint-Denis;2325;FR;2558755.561;1153197.729;fr
Les Paccots;1619;0;Châtel-Saint-Denis;2325;FR;2562052.490;1152498.841;fr
Granges (Veveyse);1614;0;Granges (Veveyse);2328;FR;2553394.968;1152777.231;fr
Remaufens;1617;0;Remaufens;2333;FR;2557034.571;1153081.519;fr
St-Martin FR;1609;0;Saint-Martin (FR);2335;FR;2556363.045;1158450.458;fr
Besencens;1609;2;Saint-Martin (FR);2335;FR;2556395.208;1159719.739;fr
Fiaugères;1609;3;Saint-Martin (FR);2335;FR;2558044.308;1159586.223;fr
Semsales;1623;0;Semsales;2336;FR;2560831.615;1158084.831;fr
Porsel;1699;0;Le Flon;2337;FR;2556121.034;1161105.414;fr
Pont (Veveyse);1699;2;Le Flon;2337;FR;2555168.089;1159944.995;fr
Bouloz;1699;3;Le Flon;2337;FR;2557495.713;1162411.714;fr
Le Crêt-près-Semsales;1611;0;La Verrerie;2338;FR;2559507.693;1162101.508;fr
La Verrerie;1624;0;La Verrerie;2338;FR;2560359.782;1159920.490;fr
Grattavache;1624;2;La Verrerie;2338;FR;2560202.197;1160550.007;fr
Progens;1624;3;La Verrerie;2338;FR;2559501.524;1159269.651;fr
Progens;1624;3;La Verrerie;2338;FR;2561860.801;1160580.397;fr
Egerkingen;4622;0;Egerkingen;2401;SO;2627037.739;1241764.584;de
Härkingen;4624;0;Härkingen;2402;SO;2629130.725;1239578.325;de
Kestenholz;4703;0;Kestenholz;2403;SO;2623869.434;1236192.676;de
Neuendorf;4623;0;Neuendorf;2404;SO;2627077.960;1239023.893;de
Niederbuchsiten;4626;0;Niederbuchsiten;2405;SO;2625244.343;1238267.000;de
Oberbuchsiten;4625;0;Oberbuchsiten;2406;SO;2625268.289;1239989.574;de
Oensingen;4702;0;Oensingen;2407;SO;2621574.566;1237417.776;de
Wolfwil;4628;0;Wolfwil;2408;SO;2626849.890;1235589.304;de
Aedermannsdorf;4714;0;Aedermannsdorf;2421;SO;2612829.289;1239205.389;de
Balsthal;4710;0;Balsthal;2422;SO;2619627.326;1240149.841;de
Herbetswil;4715;0;Herbetswil;2424;SO;2611319.598;1238135.636;de
Holderbank SO;4718;0;Holderbank (SO);2425;SO;2623983.396;1242382.396;de
Laupersdorf;4712;0;Laupersdorf;2426;SO;2615789.656;1240505.614;de
Matzendorf;4713;0;Matzendorf;2427;SO;2614153.235;1239363.134;de
Mümliswil;4717;0;Mümliswil-Ramiswil;2428;SO;2619384.426;1243400.463;de
Ramiswil;4719;0;Mümliswil-Ramiswil;2428;SO;2616706.164;1244028.113;de
Welschenrohr;4716;0;Welschenrohr-Gänsbrunnen;2430;SO;2606012.414;1236562.981;de
Gänsbrunnen;4716;1;Welschenrohr-Gänsbrunnen;2430;SO;2602447.142;1234779.144;de
Biezwil;4585;0;Biezwil;2445;SO;2598242.658;1218394.778;de
Lüterkofen;4571;1;Lüterkofen-Ichertswil;2455;SO;2605381.473;1223817.128;de
Ichertswil;4571;2;Lüterkofen-Ichertswil;2455;SO;2604336.680;1223301.605;de
Lüterswil;4584;2;Lüterswil-Gächliwil;2456;SO;2599854.214;1218743.789;de
Gächliwil;4584;3;Lüterswil-Gächliwil;2456;SO;2600645.706;1219808.959;de
Messen;3254;0;Messen;2457;SO;2600765.810;1215609.141;de
Balm b. Messen;3254;2;Messen;2457;SO;2599462.339;1216967.942;de
Brunnenthal;3307;0;Messen;2457;SO;2602306.575;1215050.495;de
Oberramsern;4588;2;Messen;2457;SO;2602031.418;1218081.919;de
Schnottwil;3253;0;Schnottwil;2461;SO;2596849.829;1217862.643;de
Unterramsern;4588;0;Unterramsern;2463;SO;2603341.974;1218528.651;de
Nennigkofen;4574;0;Lüsslingen-Nennigkofen;2464;SO;2603872.974;1226241.711;de
Lüsslingen;4574;1;Lüsslingen-Nennigkofen;2464;SO;2604698.112;1226337.309;de
Tscheppach;4576;0;Buchegg;2465;SO;2603343.540;1221968.385;de
Hessigkofen;4577;0;Buchegg;2465;SO;2601606.711;1220801.530;de
Bibern SO;4578;0;Buchegg;2465;SO;2601130.925;1221909.724;de
Gossliwil;4579;0;Buchegg;2465;SO;2599460.221;1220622.193;de
Küttigkofen;4581;0;Buchegg;2465;SO;2605669.194;1222277.689;de
Brügglen;4582;0;Buchegg;2465;SO;2604316.920;1221419.945;de
Mühledorf SO;4583;0;Buchegg;2465;SO;2603012.825;1220325.973;de
Aetigkofen;4583;2;Buchegg;2465;SO;2602128.793;1219137.216;de
Kyburg-Buchegg;4586;0;Buchegg;2465;SO;2605632.058;1221157.780;de
Aetingen;4587;0;Buchegg;2465;SO;2605244.206;1220111.058;de
Brittern;4588;1;Buchegg;2465;SO;2604260.703;1218885.340;de
Bättwil;4112;1;Bättwil;2471;SO;2605376.463;1260131.921;de
Büren SO;4413;0;Büren (SO);2472;SO;2617495.780;1255162.140;de
Dornach;4143;0;Dornach;2473;SO;2613421.655;1258672.032;de
Gempen;4145;0;Gempen;2474;SO;2616360.505;1258368.471;de
Hochwald;4146;0;Hochwald;2475;SO;2615263.268;1256169.295;de
Flüh;4112;2;Hofstetten-Flüh;2476;SO;2604522.011;1259196.106;de
Hofstetten SO;4114;0;Hofstetten-Flüh;2476;SO;2605558.544;1258503.981;de
Mariastein;4115;0;Metzerlen-Mariastein;2477;SO;2604014.474;1258393.758;de
Metzerlen;4116;0;Metzerlen-Mariastein;2477;SO;2602058.825;1257213.706;de
Nuglar;4412;0;Nuglar-St. Pantaleon;2478;SO;2619069.743;1257721.686;de
St. Pantaleon;4421;0;Nuglar-St. Pantaleon;2478;SO;2619017.398;1256570.401;de
Rodersdorf;4118;0;Rodersdorf;2479;SO;2601317.985;1258932.553;de
Seewen SO;4206;0;Seewen;2480;SO;2616723.912;1253782.589;de
Witterswil;4108;0;Witterswil;2481;SO;2606763.584;1259637.128;de
Hauenstein;4633;0;Hauenstein-Ifenthal;2491;SO;2632678.154;1247525.442;de
Kienberg;4468;0;Kienberg;2492;SO;2639914.984;1254364.562;de
Lostorf;4654;0;Lostorf;2493;SO;2638744.200;1248152.780;de
Niedergösgen;5013;0;Niedergösgen;2495;SO;2641498.849;1247543.058;de
Obergösgen;4653;0;Obergösgen;2497;SO;2639071.251;1245864.955;de
Stüsslingen;4655;0;Stüsslingen;2499;SO;2640440.116;1249410.401;de
Rohr b. Olten;4655;2;Stüsslingen;2499;SO;2639068.704;1251216.565;de
Trimbach;4632;0;Trimbach;2500;SO;2634543.451;1246389.008;de
Winznau;4652;0;Winznau;2501;SO;2637127.084;1245973.186;de
Wisen SO;4634;0;Wisen (SO);2502;SO;2633876.870;1249216.303;de
Erlinsbach SO;5015;0;Erlinsbach (SO);2503;SO;2642418.395;1250136.704;de
Aeschi SO;4556;0;Aeschi (SO);2511;SO;2616847.769;1225641.760;de
Burgäschi;4556;3;Aeschi (SO);2511;SO;2617622.914;1224664.945;de
Steinhof SO;4556;4;Aeschi (SO);2511;SO;2618783.525;1223161.308;de
Biberist;4562;0;Biberist;2513;SO;2608615.364;1225810.670;de
Bolken;4556;2;Bolken;2514;SO;2617254.674;1226730.329;de
Deitingen;4543;0;Deitingen;2516;SO;2614235.038;1229510.575;de
Derendingen;4552;0;Derendingen;2517;SO;2611209.141;1227101.597;de
Etziken;4554;0;Etziken;2518;SO;2615817.479;1226513.160;de
Gerlafingen;4563;0;Gerlafingen;2519;SO;2610086.235;1224402.989;de
Halten;4566;2;Halten;2520;SO;2612863.661;1224332.088;de
Horriwil;4557;0;Horriwil;2523;SO;2613965.093;1225514.475;de
Hüniken;4554;2;Hüniken;2524;SO;2614943.738;1225808.873;de
Kriegstetten;4566;0;Kriegstetten;2525;SO;2611825.289;1224828.058;de
Lohn-Ammannsegg;4573;0;Lohn-Ammannsegg;2526;SO;2606730.713;1224704.469;de
Luterbach;4542;0;Luterbach;2527;SO;2610813.205;1229190.726;de
Obergerlafingen;4564;0;Obergerlafingen;2528;SO;2611032.860;1223345.889;de
Oekingen;4566;3;Oekingen;2529;SO;2612697.738;1225606.720;de
Recherswil;4565;0;Recherswil;2530;SO;2612244.031;1223288.769;de
Subingen;4553;0;Subingen;2532;SO;2613954.545;1227317.678;de
Zuchwil;4528;0;Zuchwil;2534;SO;2609387.604;1228169.751;de
Hersiwil;4558;0;Drei Höfe;2535;SO;2614871.678;1223884.295;de
Heinrichswil;4558;2;Drei Höfe;2535;SO;2614836.777;1222868.389;de
Winistorf;4558;3;Drei Höfe;2535;SO;2616071.203;1222429.977;de
Balmberg;4524;2;Balm bei Günsberg;2541;SO;2608558.626;1235460.415;de
Oberbalmberg;4524;3;Balm bei Günsberg;2541;SO;2607619.929;1234836.768;de
Balm b. Günsberg;4525;0;Balm bei Günsberg;2541;SO;2608738.798;1233625.026;de
Bellach;4512;0;Bellach;2542;SO;2604723.857;1229024.601;de
Bettlach;2544;0;Bettlach;2543;SO;2599324.264;1228050.370;de
Feldbrunnen;4532;0;Feldbrunnen-St. Niklaus;2544;SO;2608648.035;1230040.738;de
Flumenthal;4534;0;Flumenthal;2545;SO;2612335.480;1231632.841;de
Grenchen;2540;0;Grenchen;2546;SO;2596672.580;1226875.102;de
Günsberg;4524;0;Günsberg;2547;SO;2610393.413;1234335.759;de
Hubersdorf;4535;0;Hubersdorf;2548;SO;2611367.914;1232662.614;de
Kammersrohr;4535;2;Kammersrohr;2549;SO;2611701.146;1233572.044;de
Langendorf;4513;0;Langendorf;2550;SO;2605750.583;1230093.283;de
Lommiswil;4514;0;Lommiswil;2551;SO;2601894.510;1230168.213;de
Oberdorf SO;4515;0;Oberdorf (SO);2553;SO;2604808.626;1230759.875;de
Weissenstein b. Solothurn;4515;1;Oberdorf (SO);2553;SO;2605098.915;1233347.231;de
Niederwil SO;4523;0;Riedholz;2554;SO;2609943.485;1233169.805;de
Riedholz;4533;0;Riedholz;2554;SO;2609672.475;1231438.263;de
Rüttenen;4522;0;Rüttenen;2555;SO;2606928.142;1231064.042;de
Selzach;2545;0;Selzach;2556;SO;2601159.441;1228348.436;de
Boningen;4618;0;Boningen;2571;SO;2631598.138;1239773.505;de
Däniken SO;4658;0;Däniken;2572;SO;2640608.191;1244710.764;de
Dulliken;4657;0;Dulliken;2573;SO;2638357.315;1244236.719;de
Wöschnau;5012;3;Eppenberg-Wöschnau;2574;SO;2644286.689;1248241.776;de
Eppenberg;5012;4;Eppenberg-Wöschnau;2574;SO;2644180.808;1247510.408;de
Fulenbach;4629;0;Fulenbach;2575;SO;2629714.843;1236337.219;de
Gretzenbach;5014;0;Gretzenbach;2576;SO;2642594.301;1245416.900;de
Gunzgen;4617;0;Gunzgen;2578;SO;2629835.486;1240612.156;de
Hägendorf;4614;0;Hägendorf;2579;SO;2630085.106;1243082.075;de
Allerheiligenberg;4615;0;Hägendorf;2579;SO;2628428.115;1244699.091;de
Kappel SO;4616;0;Kappel (SO);2580;SO;2631437.739;1241375.776;de
Olten;4600;0;Olten;2581;SO;2634756.771;1244557.133;de
Rickenbach SO;4613;0;Rickenbach (SO);2582;SO;2631442.880;1243587.641;de
Schönenwerd;5012;0;Schönenwerd;2583;SO;2643226.533;1246680.956;de
Starrkirch-Wil;4656;0;Starrkirch-Wil;2584;SO;2637085.670;1244755.542;de
Walterswil SO;5746;0;Walterswil (SO);2585;SO;2640292.174;1242047.068;de
Wangen b. Olten;4612;0;Wangen bei Olten;2586;SO;2633156.574;1243627.239;de
Solothurn;4500;0;Solothurn;2601;SO;2607659.616;1228614.651;de
Bärschwil;4252;0;Bärschwil;2611;SO;2602602.372;1248063.961;de
Beinwil SO;4229;0;Beinwil (SO);2612;SO;2611242.978;1245704.222;de
Breitenbach;4226;0;Breitenbach;2613;SO;2608480.031;1250265.598;de
Büsserach;4227;0;Büsserach;2614;SO;2608165.859;1248791.413;de
Erschwil;4228;0;Erschwil;2615;SO;2607444.924;1246914.864;de
Fehren;4232;0;Fehren;2616;SO;2610445.830;1249531.695;de
Grindel;4247;0;Grindel;2617;SO;2604738.660;1247838.957;de
Himmelried;4204;0;Himmelried;2618;SO;2612064.465;1252384.454;de
Kleinlützel;4245;0;Kleinlützel;2619;SO;2598441.670;1252606.956;de
Meltingen;4233;0;Meltingen;2620;SO;2611287.410;1248415.151;de
Nunningen;4208;0;Nunningen;2621;SO;2613637.061;1249190.444;de
Zullwil;4234;0;Zullwil;2622;SO;2612172.179;1248937.609;de
Basel;4001;0;Basel;2701;BS;2611308.850;1267305.821;de
Basel;4031;0;Basel;2701;BS;2610853.350;1267927.115;de
Basel;4031;0;Basel;2701;BS;2610365.023;1267984.083;de
Basel;4051;0;Basel;2701;BS;2611145.787;1267063.105;de
Basel;4052;0;Basel;2701;BS;2612708.099;1266308.218;de
Basel;4052;0;Basel;2701;BS;2611866.153;1263537.729;de
Basel;4053;0;Basel;2701;BS;2612226.920;1265301.875;de
Basel;4054;0;Basel;2701;BS;2609809.848;1266649.715;de
Basel;4055;0;Basel;2701;BS;2609432.761;1268120.572;de
Basel;4056;0;Basel;2701;BS;2610152.013;1268765.222;de
Basel;4057;0;Basel;2701;BS;2612116.229;1269497.919;de
Basel;4058;0;Basel;2701;BS;2613158.670;1268570.850;de
Basel;4059;0;Basel;2701;BS;2611656.089;1264552.684;de
Bettingen;4126;0;Bettingen;2702;BS;2617031.968;1268941.755;de
Riehen;4125;0;Riehen;2703;BS;2615842.665;1270467.363;de
Aesch BL;4147;0;Aesch (BL);2761;BL;2611908.915;1257353.669;de
Allschwil;4123;0;Allschwil;2762;BL;2607303.243;1266660.248;de
Arlesheim;4144;0;Arlesheim;2763;BL;2614177.125;1260497.459;de
Biel-Benken BL;4105;0;Biel-Benken;2764;BL;2606077.411;1261427.510;de
Bruderholz;4101;0;Binningen;2765;BL;2610804.279;1264214.565;de
Binningen;4102;0;Binningen;2765;BL;2610457.226;1265390.425;de
Birsfelden;4127;0;Birsfelden;2766;BL;2614070.479;1267209.103;de
Bottmingen;4103;0;Bottmingen;2767;BL;2610229.596;1263900.055;de
Ettingen;4107;0;Ettingen;2768;BL;2607727.320;1258852.322;de
Münchenstein;4142;0;Münchenstein;2769;BL;2613779.988;1262565.386;de
Muttenz;4132;0;Muttenz;2770;BL;2616256.811;1263384.376;de
Oberwil BL;4104;0;Oberwil (BL);2771;BL;2608691.898;1262555.707;de
Pfeffingen;4148;0;Pfeffingen;2772;BL;2611334.714;1256533.094;de
Reinach BL;4153;0;Reinach (BL);2773;BL;2611444.900;1260221.423;de
Schönenbuch;4124;0;Schönenbuch;2774;BL;2605065.145;1264903.184;de
Therwil;4106;0;Therwil;2775;BL;2608668.088;1260725.689;de
Blauen;4223;0;Blauen;2781;BL;2605994.178;1255555.924;de
Brislach;4225;0;Brislach;2782;BL;2607925.594;1251921.548;de
Burg im Leimental;4117;0;Burg im Leimental;2783;BL;2600065.733;1256143.043;de
Dittingen;4243;0;Dittingen;2784;BL;2604350.326;1254595.805;de
Duggingen;4202;0;Duggingen;2785;BL;2612650.846;1255737.420;de
Grellingen;4203;0;Grellingen;2786;BL;2611236.912;1254552.705;de
Laufen;4242;0;Laufen;2787;BL;2604512.803;1252258.234;de
Liesberg;4253;0;Liesberg;2788;BL;2598728.220;1249571.373;de
Liesberg Dorf;4254;0;Liesberg;2788;BL;2599289.728;1250394.952;de
Nenzlingen;4224;0;Nenzlingen;2789;BL;2609433.809;1255261.906;de
Roggenburg;2814;0;Roggenburg;2790;BL;2592662.934;1253587.709;de
Röschenz;4244;0;Röschenz;2791;BL;2602543.976;1253000.103;de
Wahlen b. Laufen;4246;0;Wahlen;2792;BL;2605849.963;1250182.833;de
Zwingen;4222;0;Zwingen;2793;BL;2606868.932;1254076.814;de
Arisdorf;4422;0;Arisdorf;2821;BL;2624728.686;1262276.893;de
Augst BL;4302;0;Augst;2822;BL;2621187.528;1264676.246;de
Bubendorf;4416;0;Bubendorf;2823;BL;2622325.935;1255389.967;de
Frenkendorf;4402;0;Frenkendorf;2824;BL;2620201.559;1261267.828;de
Füllinsdorf;4414;0;Füllinsdorf;2825;BL;2621855.517;1261908.211;de
Giebenach;4304;0;Giebenach;2826;BL;2622945.290;1263684.012;de
Hersberg;4423;0;Hersberg;2827;BL;2625875.178;1260127.204;de
Lausen;4415;0;Lausen;2828;BL;2624195.187;1257778.169;de
Liestal;4410;0;Liestal;2829;BL;2622325.360;1259378.739;de
Lupsingen;4419;0;Lupsingen;2830;BL;2619263.562;1255032.361;de
Pratteln;4133;0;Pratteln;2831;BL;2618790.174;1262799.045;de
Ramlinsburg;4433;0;Ramlinsburg;2832;BL;2624959.456;1255424.321;de
Seltisberg;4411;0;Seltisberg;2833;BL;2620856.511;1256520.491;de
Ziefen;4417;0;Ziefen;2834;BL;2620120.320;1253194.236;de
Anwil;4469;0;Anwil;2841;BL;2637803.150;1255739.650;de
Böckten;4461;0;Böckten;2842;BL;2629707.796;1257254.471;de
Buckten;4446;0;Buckten;2843;BL;2630645.178;1251122.374;de
Buus;4463;0;Buus;2844;BL;2632216.274;1261767.550;de
Diepflingen;4442;0;Diepflingen;2845;BL;2630003.718;1254925.111;de
Gelterkinden;4460;0;Gelterkinden;2846;BL;2631680.723;1257135.108;de
Häfelfingen;4445;0;Häfelfingen;2847;BL;2632256.257;1251668.013;de
Hemmiken;4465;0;Hemmiken;2848;BL;2634239.438;1259836.870;de
Itingen;4452;0;Itingen;2849;BL;2625918.196;1257257.395;de
Känerkinden;4447;0;Känerkinden;2850;BL;2629819.006;1251619.584;de
Kilchberg BL;4496;0;Kilchberg (BL);2851;BL;2634734.294;1252884.678;de
Läufelfingen;4448;0;Läufelfingen;2852;BL;2631773.117;1249764.051;de
Maisprach;4464;0;Maisprach;2853;BL;2630528.363;1263877.655;de
Nusshof;4453;0;Nusshof;2854;BL;2627538.495;1260151.689;de
Oltingen;4494;0;Oltingen;2855;BL;2637355.044;1253708.537;de
Ormalingen;4466;0;Ormalingen;2856;BL;2632829.171;1257713.540;de
Rickenbach BL;4462;0;Rickenbach (BL);2857;BL;2631043.603;1259409.638;de
Rothenfluh;4467;0;Rothenfluh;2858;BL;2635873.580;1256905.204;de
Rümlingen;4444;0;Rümlingen;2859;BL;2631302.793;1252856.185;de
Rünenberg;4497;0;Rünenberg;2860;BL;2633840.650;1253675.298;de
Sissach;4450;0;Sissach;2861;BL;2628447.678;1257843.931;de
Tecknau;4492;0;Tecknau;2862;BL;2633849.187;1255107.938;de
Tenniken;4456;0;Tenniken;2863;BL;2628498.866;1254038.543;de
Thürnen;4441;0;Thürnen;2864;BL;2629352.521;1256072.814;de
Wenslingen;4493;0;Wenslingen;2865;BL;2635521.313;1254458.309;de
Wintersingen;4451;0;Wintersingen;2866;BL;2629188.511;1260269.243;de
Wittinsburg;4443;0;Wittinsburg;2867;BL;2630229.779;1253016.168;de
Zeglingen;4495;0;Zeglingen;2868;BL;2635173.371;1251885.845;de
Zunzgen;4455;0;Zunzgen;2869;BL;2627458.943;1255442.669;de
Arboldswil;4424;0;Arboldswil;2881;BL;2621128.774;1251794.889;de
Bennwil;4431;0;Bennwil;2882;BL;2625856.784;1250046.829;de
Bretzwil;4207;0;Bretzwil;2883;BL;2615868.834;1249877.314;de
Diegten;4457;0;Diegten;2884;BL;2628243.806;1251594.384;de
Eptingen;4458;0;Eptingen;2885;BL;2629079.146;1248435.546;de
Hölstein;4434;0;Hölstein;2886;BL;2625426.771;1252973.611;de
Lampenberg;4432;0;Lampenberg;2887;BL;2623808.343;1252861.058;de
Langenbruck;4438;0;Langenbruck;2888;BL;2624849.673;1244278.709;de
Lauwil;4426;0;Lauwil;2889;BL;2617878.171;1248572.279;de
Liedertswil;4436;2;Liedertswil;2890;BL;2621294.906;1248892.793;de
Niederdorf;4435;0;Niederdorf;2891;BL;2623469.695;1251006.234;de
Oberdorf BL;4436;0;Oberdorf (BL);2892;BL;2623799.489;1248987.353;de
Reigoldswil;4418;0;Reigoldswil;2893;BL;2618724.395;1249983.221;de
Titterten;4425;0;Titterten;2894;BL;2621204.076;1250380.693;de
Waldenburg;4437;0;Waldenburg;2895;BL;2623423.261;1248053.464;de
Gächlingen;8214;0;Gächlingen;2901;SH;2679659.263;1284052.751;de
Gächlingen;8214;0;Gächlingen;2901;SH;2680395.351;1287718.465;de
Löhningen;8224;0;Löhningen;2903;SH;2683653.283;1283762.158;de
Neunkirch;8213;0;Neunkirch;2904;SH;2679584.795;1282755.296;de
Büttenhardt;8236;0;Büttenhardt;2914;SH;2691054.859;1290199.555;de
Dörflingen;8239;0;Dörflingen;2915;SH;2696383.940;1284738.884;de
Lohn SH;8235;0;Lohn (SH);2917;SH;2692422.038;1290262.906;de
Stetten SH;8234;0;Stetten (SH);2919;SH;2691842.339;1288450.896;de
Opfertshofen SH;8236;2;Thayngen;2920;SH;2691739.613;1292580.869;de
Thayngen;8240;0;Thayngen;2920;SH;2695434.833;1289314.159;de
Barzheim;8241;0;Thayngen;2920;SH;2696158.548;1290797.821;de
Bibern SH;8242;0;Thayngen;2920;SH;2692848.728;1292074.724;de
Hofen SH;8242;1;Thayngen;2920;SH;2692799.218;1293197.774;de
Altdorf SH;8243;0;Thayngen;2920;SH;2691425.718;1293327.029;de
Bargen SH;8233;0;Bargen (SH);2931;SH;2687791.064;1294140.733;de
Beringen;8222;0;Beringen;2932;SH;2685120.336;1283788.753;de
Guntmadingen;8223;0;Beringen;2932;SH;2683988.251;1282308.639;de
Buchberg;8454;0;Buchberg;2933;SH;2684588.846;1269725.115;de
Merishausen;8232;0;Merishausen;2936;SH;2687605.596;1290598.820;de
Neuhausen am Rheinfall;8212;0;Neuhausen am Rheinfall;2937;SH;2688514.501;1281909.074;de
Rüdlingen;8455;0;Rüdlingen;2938;SH;2685284.378;1270446.728;de
Schaffhausen;8200;0;Schaffhausen;2939;SH;2689092.226;1285903.076;de
Schaffhausen;8203;0;Schaffhausen;2939;SH;2691832.668;1283954.233;de
Schaffhausen;8207;0;Schaffhausen;2939;SH;2692595.311;1286602.921;de
Schaffhausen;8208;0;Schaffhausen;2939;SH;2689849.018;1285273.604;de
Hemmental;8231;0;Schaffhausen;2939;SH;2685550.060;1287814.924;de
Beggingen;8228;0;Beggingen;2951;SH;2682090.455;1291357.376;de
Schleitheim;8226;0;Schleitheim;2952;SH;2678740.615;1289310.086;de
Siblingen;8225;0;Siblingen;2953;SH;2681102.738;1285401.094;de
Buch SH;8263;0;Buch (SH);2961;SH;2700878.185;1286030.709;de
Hemishofen;8261;0;Hemishofen;2962;SH;2704638.184;1281622.409;de
Ramsen;8262;0;Ramsen;2963;SH;2703147.956;1284938.836;de
Stein am Rhein;8260;0;Stein am Rhein;2964;SH;2706784.346;1279666.238;de
Hallau;8215;0;Hallau;2971;SH;2676832.003;1283589.856;de
Oberhallau;8216;0;Oberhallau;2972;SH;2678049.753;1284325.046;de
Trasadingen;8219;0;Trasadingen;2973;SH;2674510.824;1280170.794;de
Wilchingen;8217;0;Wilchingen;2974;SH;2681191.244;1278876.292;de
Wilchingen;8217;0;Wilchingen;2974;SH;2677061.785;1280348.279;de
Osterfingen;8218;0;Wilchingen;2974;SH;2679056.404;1279689.366;de
Herisau;9100;0;Herisau;3001;AR;2738986.995;1249974.106;de
Schachen b. Herisau;9112;0;Herisau;3001;AR;2736248.462;1249817.667;de
Hundwil;9064;0;Hundwil;3002;AR;2742142.743;1247793.575;de
Schönengrund;9105;0;Schönengrund;3003;AR;2735131.616;1243196.531;de
Schwellbrunn;9103;0;Schwellbrunn;3004;AR;2736794.828;1246178.961;de
Stein AR;9063;0;Stein (AR);3005;AR;2743888.734;1248888.454;de
Urnäsch;9107;0;Urnäsch;3006;AR;2739430.125;1242323.954;de
Waldstatt;9104;0;Waldstatt;3007;AR;2739370.043;1246708.140;de
Bühler;9055;0;Bühler;3021;AR;2750072.848;1248850.923;de
Gais;9056;0;Gais;3022;AR;2752308.349;1247671.354;de
Speicherschwendi;9037;0;Speicher;3023;AR;2750741.244;1254626.910;de
Speicher;9042;0;Speicher;3023;AR;2751233.455;1253305.936;de
Niederteufen;9052;0;Teufen (AR);3024;AR;2745604.818;1250836.475;de
Teufen AR;9053;0;Teufen (AR);3024;AR;2747138.118;1250608.783;de
Lustmühle;9062;0;Teufen (AR);3024;AR;2744966.395;1251715.034;de
Trogen;9043;0;Trogen;3025;AR;2752961.044;1252807.772;de
Grub AR;9035;0;Grub (AR);3031;AR;2756170.658;1257356.369;de
Heiden;9410;0;Heiden;3032;AR;2758106.379;1257037.138;de
Wienacht-Tobel;9405;0;Lutzenberg;3033;AR;2758354.848;1259308.432;de
Lutzenberg;9426;0;Lutzenberg;3033;AR;2761723.587;1258744.845;de
Rehetobel;9038;0;Rehetobel;3034;AR;2754197.778;1254834.052;de
Reute AR;9411;0;Reute (AR);3035;AR;2761222.281;1254337.431;de
Schachen b. Reute;9411;1;Reute (AR);3035;AR;2760059.415;1255077.072;de
Wald AR;9044;0;Wald (AR);3036;AR;2754724.583;1253654.191;de
Walzenhausen;9428;0;Walzenhausen;3037;AR;2763070.741;1257885.041;de
Wolfhalden;9427;0;Wolfhalden;3038;AR;2759259.859;1258060.864;de
Appenzell;9050;0;Appenzell;3101;AI;2749002.093;1244097.708;de
Appenzell Meistersrüte;9050;5;Appenzell;3101;AI;2750459.935;1245703.465;de
Gonten;9108;0;Gonten;3102;AI;2744215.111;1243687.186;de
Gontenbad;9108;2;Gonten;3102;AI;2746155.155;1244106.010;de
Jakobsbad;9108;3;Gonten;3102;AI;2742846.604;1242746.210;de
Appenzell Eggerstanden;9050;2;Rüte;3103;AI;2753344.627;1244209.078;de
Appenzell Steinegg;9050;6;Rüte;3103;AI;2750576.806;1242982.856;de
Weissbad;9057;0;Rüte;3103;AI;2751005.725;1241886.014;de
Brülisau;9058;0;Rüte;3103;AI;2752597.336;1240460.701;de
Appenzell Enggenhütten;9050;3;Schlatt-Haslen;3104;AI;2745331.125;1246470.626;de
Appenzell Schlatt;9050;7;Schlatt-Haslen;3104;AI;2747863.653;1246908.525;de
Haslen AI;9054;0;Schlatt-Haslen;3104;AI;2745637.197;1248322.398;de
Schwende;9057;2;Schwende;3105;AI;2750910.016;1240791.271;de
Wasserauen;9057;3;Schwende;3105;AI;2750509.768;1239060.881;de
Oberegg;9413;0;Oberegg;3111;AI;2761805.483;1254726.556;de
Oberegg;9413;0;Oberegg;3111;AI;2759565.049;1254461.078;de
Büriswilen;9442;2;Oberegg;3111;AI;2763798.553;1255987.235;de
Lömmenschwil;9308;0;Häggenschwil;3201;SG;2744322.128;1262409.308;de
Häggenschwil;9312;0;Häggenschwil;3201;SG;2743556.172;1262128.905;de
Muolen;9313;0;Muolen;3202;SG;2741971.843;1265113.522;de
St. Gallen;9000;0;St. Gallen;3203;SG;2745132.902;1254315.432;de
St. Gallen;9008;0;St. Gallen;3203;SG;2747317.029;1256391.438;de
St. Gallen;9010;0;St. Gallen;3203;SG;2745797.104;1256400.894;de
St. Gallen;9011;0;St. Gallen;3203;SG;2747955.126;1253398.615;de
St. Gallen;9012;0;St. Gallen;3203;SG;2745062.856;1252828.907;de
St. Gallen;9014;0;St. Gallen;3203;SG;2743153.548;1252668.271;de
St. Gallen;9015;0;St. Gallen;3203;SG;2741252.384;1252232.036;de
St. Gallen;9016;0;St. Gallen;3203;SG;2748993.015;1256398.578;de
Wittenbach;9300;0;Wittenbach;3204;SG;2746297.374;1258761.206;de
Berg SG;9305;0;Berg (SG);3211;SG;2748395.840;1261395.684;de
Eggersriet;9034;0;Eggersriet;3212;SG;2753346.745;1256604.812;de
Grub SG;9036;0;Eggersriet;3212;SG;2756401.550;1257760.347;de
Goldach;9403;0;Goldach;3213;SG;2752726.521;1260037.531;de
Mörschwil;9402;0;Mörschwil;3214;SG;2749701.621;1259383.409;de
Rorschach;9400;0;Rorschach;3215;SG;2754725.004;1260211.355;de
Rorschacherberg;9404;0;Rorschacherberg;3216;SG;2755560.930;1259323.615;de
Steinach;9323;0;Steinach;3217;SG;2750792.488;1263243.700;de
Tübach;9327;0;Tübach;3218;SG;2751865.064;1261280.922;de
Untereggen;9033;0;Untereggen;3219;SG;2751878.231;1257964.739;de
Au SG;9434;0;Au (SG);3231;SG;2765585.736;1255940.109;de
Heerbrugg;9435;0;Au (SG);3231;SG;2765129.143;1253641.551;de
Balgach;9436;0;Balgach;3232;SG;2763593.993;1252988.318;de
Reute AR;9411;0;Berneck;3233;SG;2762645.773;1254395.964;de
Berneck;9442;0;Berneck;3233;SG;2763773.863;1254905.396;de
Diepoldsau;9444;0;Diepoldsau;3234;SG;2767535.045;1250654.890;de
Rheineck;9424;0;Rheineck;3235;SG;2762188.299;1259448.174;de
St. Margrethen SG;9430;0;St. Margrethen;3236;SG;2764927.941;1258205.129;de
Staad SG;9422;0;Thal;3237;SG;2758540.379;1260993.439;de
Altenrhein;9423;0;Thal;3237;SG;2759206.301;1262158.120;de
Thal;9425;0;Thal;3237;SG;2760638.600;1259320.851;de
Widnau;9443;0;Widnau;3238;SG;2766119.214;1252698.485;de
Altstätten SG;9450;0;Altstätten;3251;SG;2758789.736;1249593.328;de
Lüchingen;9450;2;Altstätten;3251;SG;2759557.819;1250663.153;de
Hinterforst;9452;0;Altstätten;3251;SG;2758354.743;1247622.146;de
Lienz;9464;2;Altstätten;3251;SG;2757169.713;1238476.448;de
Eichberg;9453;0;Eichberg;3252;SG;2757663.472;1246063.165;de
Marbach SG;9437;0;Marbach (SG);3253;SG;2760714.930;1251169.318;de
Kriessern;9451;0;Oberriet (SG);3254;SG;2763763.086;1248329.120;de
Montlingen;9462;0;Oberriet (SG);3254;SG;2762622.993;1244897.600;de
Oberriet SG;9463;0;Oberriet (SG);3254;SG;2761166.055;1243881.299;de
Rebstein;9445;0;Rebstein;3255;SG;2761946.126;1252067.100;de
Rüthi (Rheintal);9464;0;Rüthi (SG);3256;SG;2758823.818;1240319.716;de
Buchs SG;9470;0;Buchs (SG);3271;SG;2753853.429;1225779.133;de
Gams;9473;0;Gams;3272;SG;2751650.110;1230024.508;de
Werdenberg;9470;5;Grabs;3273;SG;2753341.748;1226156.636;de
Grabs;9472;0;Grabs;3273;SG;2752223.991;1227523.449;de
Grabserberg;9472;2;Grabs;3273;SG;2750568.490;1227529.022;de
Salez;9465;0;Sennwald;3274;SG;2756265.471;1233896.111;de
Sennwald;9466;0;Sennwald;3274;SG;2756585.394;1237032.679;de
Frümsen;9467;0;Sennwald;3274;SG;2753970.277;1234627.396;de
Sax;9468;0;Sennwald;3274;SG;2753000.394;1233209.166;de
Haag (Rheintal);9469;0;Sennwald;3274;SG;2755541.151;1231060.364;de
Sevelen;9475;0;Sevelen;3275;SG;2755352.025;1220971.670;de
Weite;9476;0;Wartau;3276;SG;2756262.706;1217770.439;de
Fontnas;9476;2;Wartau;3276;SG;2755693.135;1217503.843;de
Trübbach;9477;0;Wartau;3276;SG;2754931.914;1215324.792;de
Azmoos;9478;0;Wartau;3276;SG;2754693.253;1216355.310;de
Oberschan;9479;0;Wartau;3276;SG;2754519.286;1218430.942;de
Malans SG;9479;1;Wartau;3276;SG;2754766.907;1217585.626;de
Gretschins;9479;2;Wartau;3276;SG;2755435.743;1218273.836;de
Bad Ragaz;7310;0;Bad Ragaz;3291;SG;2756823.740;1207945.245;de
Flums;8890;0;Flums;3292;SG;2744709.836;1217291.479;de
Flums Hochwiese;8893;0;Flums;3292;SG;2746705.386;1216561.857;de
Flumserberg Saxli;8894;0;Flums;3292;SG;2745147.316;1215954.713;de
Flumserberg Portels;8895;0;Flums;3292;SG;2744027.690;1216440.124;de
Flumserberg Bergheim;8896;0;Flums;3292;SG;2741737.725;1217980.965;de
Flumserberg Tannenheim;8897;0;Flums;3292;SG;2741624.692;1217042.348;de
Flumserberg Tannenbodenalp;8898;0;Flums;3292;SG;2740114.684;1217497.496;de
Schwendi im Weisstannental;7325;0;Mels;3293;SG;2746360.737;1208208.793;de
Weisstannen;7326;0;Mels;3293;SG;2745045.105;1206290.910;de
Mädris-Vermol;8886;0;Mels;3293;SG;2748470.341;1212956.399;de
Mels;8887;0;Mels;3293;SG;2750739.157;1212515.970;de
Heiligkreuz (Mels);8888;0;Mels;3293;SG;2749786.548;1213858.391;de
Plons;8889;0;Mels;3293;SG;2748998.065;1213636.470;de
Pfäfers;7312;0;Pfäfers;3294;SG;2756675.527;1206202.082;de
St. Margrethenberg;7313;0;Pfäfers;3294;SG;2757641.626;1205200.280;de
Vadura;7314;0;Pfäfers;3294;SG;2755685.541;1202806.842;de
Vättis;7315;0;Pfäfers;3294;SG;2752554.801;1197437.217;de
Valens;7317;0;Pfäfers;3294;SG;2755384.871;1203969.241;de
Vasön;7317;3;Pfäfers;3294;SG;2755203.667;1202185.594;de
Murg;8877;0;Quarten;3295;SG;2734882.804;1219514.173;de
Quinten;8878;0;Quarten;3295;SG;2734838.645;1221328.703;de
Unterterzen;8882;0;Quarten;3295;SG;2737873.284;1219717.160;de
Quarten;8883;0;Quarten;3295;SG;2736836.584;1219145.182;de
Oberterzen;8884;0;Quarten;3295;SG;2737918.499;1218464.191;de
Mols;8885;0;Quarten;3295;SG;2739837.824;1219559.167;de
Sargans;7320;0;Sargans;3296;SG;2751687.912;1212963.757;de
Wangs;7323;0;Vilters-Wangs;3297;SG;2751517.109;1210778.017;de
Wangs;7323;0;Vilters-Wangs;3297;SG;2754761.115;1210914.847;de
Vilters;7324;0;Vilters-Wangs;3297;SG;2752764.055;1209964.402;de
Walenstadt;8880;0;Walenstadt;3298;SG;2742353.760;1220939.498;de
Walenstadtberg;8881;1;Walenstadt;3298;SG;2740208.377;1222224.460;de
Tscherlach;8881;6;Walenstadt;3298;SG;2743785.003;1220344.369;de
Berschis;8892;0;Walenstadt;3298;SG;2744840.533;1218892.577;de
Amden;8873;0;Amden;3311;SG;2729468.076;1223477.738;de
Benken SG;8717;0;Benken (SG);3312;SG;2718734.030;1228761.874;de
Kaltbrunn;8722;0;Kaltbrunn;3313;SG;2720129.519;1230436.934;de
Schänis;8718;0;Schänis;3315;SG;2721833.424;1224463.724;de
Rufi;8723;0;Schänis;3315;SG;2722096.517;1226701.642;de
Maseltrangen;8723;2;Schänis;3315;SG;2722071.464;1228018.083;de
Ziegelbrücke;8866;0;Schänis;3315;SG;2723013.997;1221859.304;de
Weesen;8872;0;Weesen;3316;SG;2725743.822;1221809.247;de
Schmerikon;8716;0;Schmerikon;3338;SG;2713769.360;1231734.489;de
Uznach;8730;0;Uznach;3339;SG;2717210.214;1231661.557;de
Rapperswil SG;8640;0;Rapperswil-Jona;3340;SG;2704353.875;1231656.837;de
Jona;8645;0;Rapperswil-Jona;3340;SG;2705857.441;1231849.657;de
Wagen;8646;0;Rapperswil-Jona;3340;SG;2709604.998;1232123.767;de
Bollingen;8715;0;Rapperswil-Jona;3340;SG;2710255.164;1230850.897;de
Ernetschwil;8725;0;Gommiswald;3341;SG;2718408.814;1232992.242;de
Gebertingen;8725;2;Gommiswald;3341;SG;2718687.694;1234648.511;de
Gommiswald;8737;0;Gommiswald;3341;SG;2719949.190;1232349.901;de
Uetliburg SG;8738;0;Gommiswald;3341;SG;2720744.940;1233026.287;de
Rieden SG;8739;0;Gommiswald;3341;SG;2722086.697;1231133.442;de
Goldingen;8638;0;Eschenbach (SG);3342;SG;2715661.105;1235779.694;de
Walde SG;8727;0;Eschenbach (SG);3342;SG;2718951.039;1236677.736;de
Neuhaus SG;8732;0;Eschenbach (SG);3342;SG;2714210.290;1233478.741;de
Eschenbach SG;8733;0;Eschenbach (SG);3342;SG;2712150.042;1233132.403;de
Ermenswil;8734;0;Eschenbach (SG);3342;SG;2709429.814;1233676.849;de
St. Gallenkappel;8735;0;Eschenbach (SG);3342;SG;2715847.551;1233849.722;de
Rüeterswil;8735;2;Eschenbach (SG);3342;SG;2717369.690;1235399.161;de
Ebnat-Kappel;9642;0;Ebnat-Kappel;3352;SG;2727281.787;1236159.091;de
Alt St. Johann;9656;0;Wildhaus-Alt St. Johann;3359;SG;2739985.603;1228681.733;de
Unterwasser;9657;0;Wildhaus-Alt St. Johann;3359;SG;2741690.941;1229037.281;de
Wildhaus;9658;0;Wildhaus-Alt St. Johann;3359;SG;2744862.011;1229854.211;de
Krummenau;9643;0;Nesslau;3360;SG;2731315.297;1234332.561;de
Nesslau;9650;0;Nesslau;3360;SG;2733404.697;1231828.918;de
Ennetbühl;9651;0;Nesslau;3360;SG;2734248.348;1233730.716;de
Neu St. Johann;9652;0;Nesslau;3360;SG;2732914.510;1232394.940;de
Stein SG;9655;0;Nesslau;3360;SG;2735586.656;1229154.464;de
Hemberg;9633;0;Hemberg;3372;SG;2731381.031;1240317.488;de
Bächli (Hemberg);9633;2;Hemberg;3372;SG;2732809.573;1240882.986;de
Lichtensteig;9620;0;Lichtensteig;3374;SG;2724748.667;1242604.731;de
Oberhelfenschwil;9621;0;Oberhelfenschwil;3375;SG;2726421.101;1246385.227;de
Hoffeld;9114;0;Neckertal;3378;SG;2731039.055;1247149.215;de
Dicken;9115;0;Neckertal;3378;SG;2732390.695;1244391.040;de
Mogelsberg;9122;0;Neckertal;3378;SG;2728392.649;1247021.566;de
Ebersol;9122;2;Neckertal;3378;SG;2729398.726;1245783.975;de
Nassen;9123;0;Neckertal;3378;SG;2728192.859;1248289.230;de
Brunnadern;9125;0;Neckertal;3378;SG;2727943.796;1244012.211;de
Necker;9126;0;Neckertal;3378;SG;2727811.163;1245513.068;de
St. Peterzell;9127;0;Neckertal;3378;SG;2731184.860;1242245.923;de
Ricken SG;8726;0;Wattwil;3379;SG;2721665.595;1236169.043;de
Krinau;9622;0;Wattwil;3379;SG;2722004.785;1241965.115;de
Wattwil;9630;0;Wattwil;3379;SG;2724767.621;1240580.656;de
Ulisbach;9631;0;Wattwil;3379;SG;2725744.880;1238593.011;de
Wil SG;9500;0;Kirchberg (SG);3392;SG;2721813.631;1255725.538;de
Kirchberg SG;9533;0;Kirchberg (SG);3392;SG;2720899.418;1252455.207;de
Dietschwil;9533;1;Kirchberg (SG);3392;SG;2719121.340;1253413.355;de
Gähwil;9534;0;Kirchberg (SG);3392;SG;2718011.995;1250894.165;de
Bazenheid;9602;0;Kirchberg (SG);3392;SG;2723016.292;1252273.470;de
Müselbach;9602;2;Kirchberg (SG);3392;SG;2721009.577;1250096.123;de
Lütisburg Station;9601;0;Lütisburg;3393;SG;2723263.234;1249510.480;de
Lütisburg;9604;0;Lütisburg;3393;SG;2723869.630;1250652.295;de
Unterrindal;9604;2;Lütisburg;3393;SG;2724639.641;1252229.664;de
Mosnang;9607;0;Mosnang;3394;SG;2720946.981;1246969.509;de
Dreien;9612;0;Mosnang;3394;SG;2719194.744;1247976.632;de
Mühlrüti;9613;0;Mosnang;3394;SG;2716857.694;1247796.227;de
Libingen;9614;0;Mosnang;3394;SG;2719702.455;1243210.528;de
Bütschwil;9606;0;Bütschwil-Ganterschwil;3395;SG;2723123.311;1246626.401;de
Ganterschwil;9608;0;Bütschwil-Ganterschwil;3395;SG;2724712.891;1249120.867;de
Dietfurt;9615;0;Bütschwil-Ganterschwil;3395;SG;2723937.593;1245300.409;de
Degersheim;9113;0;Degersheim;3401;SG;2732787.981;1248437.502;de
Wolfertswil;9116;0;Degersheim;3401;SG;2731729.483;1250766.104;de
Flawil;9230;0;Flawil;3402;SG;2731685.138;1253259.039;de
Egg (Flawil);9231;0;Flawil;3402;SG;2734966.936;1250519.499;de
Jonschwil;9243;0;Jonschwil;3405;SG;2724466.598;1253896.322;de
Rickenbach b. Wil;9532;0;Jonschwil;3405;SG;2722540.500;1255019.696;de
Schwarzenbach SG;9536;0;Jonschwil;3405;SG;2723526.384;1255767.420;de
Oberrindal;9604;1;Jonschwil;3405;SG;2726820.745;1252139.678;de
Niederglatt SG;9240;2;Oberuzwil;3407;SG;2730733.925;1254800.740;de
Oberuzwil;9242;0;Oberuzwil;3407;SG;2726887.547;1254734.571;de
Bichwil;9248;0;Oberuzwil;3407;SG;2728145.580;1253399.596;de
Uzwil;9240;0;Uzwil;3408;SG;2727676.055;1255362.867;de
Niederuzwil;9244;0;Uzwil;3408;SG;2728488.876;1256266.420;de
Henau;9247;0;Uzwil;3408;SG;2726752.863;1257059.190;de
Algetshausen;9249;0;Uzwil;3408;SG;2725828.219;1256557.406;de
Niederstetten;9249;1;Uzwil;3408;SG;2724027.414;1256911.349;de
Oberstetten;9249;2;Uzwil;3408;SG;2724488.356;1256614.987;de
Niederbüren;9246;0;Niederbüren;3422;SG;2733378.474;1258649.233;de
Lenggenwil;9525;0;Niederhelfenschwil;3423;SG;2728965.624;1259682.745;de
Zuckenriet;9526;0;Niederhelfenschwil;3423;SG;2729929.429;1260712.426;de
Niederhelfenschwil;9527;0;Niederhelfenschwil;3423;SG;2731791.857;1259845.013;de
Niederwil SG;9203;0;Oberbüren;3424;SG;2732921.003;1255773.118;de
Oberbüren;9245;0;Oberbüren;3424;SG;2729924.151;1257023.085;de
Sonnental;9245;2;Oberbüren;3424;SG;2728020.030;1257984.327;de
Züberwangen;9523;0;Zuzwil (SG);3426;SG;2724033.691;1258544.908;de
Zuzwil SG;9524;0;Zuzwil (SG);3426;SG;2725995.370;1259665.465;de
Wil SG;9500;0;Wil (SG);3427;SG;2721438.543;1258543.748;de
Rossrüti;9512;0;Wil (SG);3427;SG;2722265.868;1259414.819;de
Bronschhofen;9552;0;Wil (SG);3427;SG;2720274.721;1259564.076;de
Andwil SG;9204;0;Andwil (SG);3441;SG;2738125.376;1255900.330;de
Abtwil SG;9030;0;Gaiserwald;3442;SG;2742274.052;1254032.265;de
St. Josefen;9030;3;Gaiserwald;3442;SG;2743160.542;1254384.458;de
Engelburg;9032;0;Gaiserwald;3442;SG;2743494.554;1256510.479;de
Gossau SG;9200;0;Gossau (SG);3443;SG;2736659.331;1253195.437;de
Arnegg;9212;0;Gossau (SG);3443;SG;2736773.579;1256158.567;de
Waldkirch;9205;0;Waldkirch;3444;SG;2739183.827;1259277.495;de
Bernhardzell;9304;0;Waldkirch;3444;SG;2743061.440;1259841.969;de
Valbella;7077;0;Vaz/Obervaz;3506;GR;2761602.710;1179546.536;rm
Lenzerheide/Lai;7078;0;Vaz/Obervaz;3506;GR;2761811.216;1177572.249;rm
Vaz/Obervaz;7082;0;Vaz/Obervaz;3506;GR;2760063.740;1173769.646;rm
Tiefencastel;7450;0;Vaz/Obervaz;3506;GR;2758802.691;1172183.275;rm
Lantsch/Lenz;7083;0;Lantsch/Lenz;3513;GR;2762461.266;1172406.775;rm
Schmitten (Albula);7493;0;Schmitten (GR);3514;GR;2771235.875;1173050.705;de
Brienz/Brinzauls GR;7084;0;Albula/Alvra;3542;GR;2764988.919;1170863.441;rm
Tiefencastel;7450;0;Albula/Alvra;3542;GR;2763489.906;1170044.935;rm
Alvaschein;7451;0;Albula/Alvra;3542;GR;2761716.503;1171428.694;rm
Mon;7458;0;Albula/Alvra;3542;GR;2762514.440;1168780.271;rm
Stierva;7459;0;Albula/Alvra;3542;GR;2760905.095;1170256.575;rm
Surava;7472;0;Albula/Alvra;3542;GR;2766283.030;1170537.416;rm
Alvaneu Bad;7473;0;Albula/Alvra;3542;GR;2768974.093;1171003.210;rm
Alvaneu Dorf;7492;0;Albula/Alvra;3542;GR;2768828.854;1172187.785;rm
Cunter;7452;0;Surses;3543;GR;2765236.040;1164243.393;rm
Tinizong;7453;0;Surses;3543;GR;2767131.005;1161470.499;rm
Rona;7454;0;Surses;3543;GR;2767426.976;1158995.220;rm
Mulegns;7455;0;Surses;3543;GR;2767462.470;1154972.427;rm
Sur;7456;0;Surses;3543;GR;2768245.067;1154813.405;rm
Marmorera;7456;2;Surses;3543;GR;2769222.421;1151920.110;rm
Bivio;7457;0;Surses;3543;GR;2769876.187;1148700.814;rm
Savognin;7460;0;Surses;3543;GR;2765807.606;1162771.816;rm
Salouf;7462;0;Surses;3543;GR;2763424.181;1165895.448;rm
Riom;7463;0;Surses;3543;GR;2764956.750;1166935.875;rm
Riom;7463;0;Surses;3543;GR;2764250.854;1164067.064;rm
Parsonz;7464;0;Surses;3543;GR;2763237.839;1164158.803;rm
Filisur;7477;0;Bergün Filisur;3544;GR;2772145.853;1171699.955;rm
Bergün/Bravuogn;7482;0;Bergün Filisur;3544;GR;2776594.196;1166810.940;rm
Preda;7482;1;Bergün Filisur;3544;GR;2779191.366;1162574.824;rm
Stugl/Stuls;7482;2;Bergün Filisur;3544;GR;2775606.998;1169096.498;rm
Latsch;7484;0;Bergün Filisur;3544;GR;2777225.365;1167498.801;rm
Brusio;7743;0;Brusio;3551;GR;2807046.834;1126556.039;it
Campocologno;7744;0;Brusio;3551;GR;2808496.250;1123800.438;it
Viano;7747;0;Brusio;3551;GR;2808259.790;1126062.123;it
Campascio;7748;0;Brusio;3551;GR;2807520.839;1125091.960;it
Ospizio Bernina;7710;0;Poschiavo;3561;GR;2798602.396;1143192.295;it
Alp Grüm;7710;2;Poschiavo;3561;GR;2799570.375;1139232.125;it
S. Carlo (Poschiavo);7741;0;Poschiavo;3561;GR;2802101.653;1135868.903;it
Poschiavo;7742;0;Poschiavo;3561;GR;2801994.735;1133836.985;it
Sfazù;7742;2;Poschiavo;3561;GR;2803223.839;1140939.935;it
La Rösa;7742;3;Poschiavo;3561;GR;2802237.905;1142272.248;it
Miralago;7743;2;Poschiavo;3561;GR;2805172.125;1128109.000;it
Li Curt;7745;0;Poschiavo;3561;GR;2802101.880;1132190.504;it
Le Prese;7746;0;Poschiavo;3561;GR;2803541.678;1130289.253;it
Falera;7153;0;Falera;3572;GR;2736863.685;1184797.272;rm
Laax GR;7031;0;Laax;3575;GR;2738529.956;1185263.686;rm
Laax GR 2;7032;0;Laax;3575;GR;2739287.081;1187268.295;rm
Sagogn;7152;0;Sagogn;3581;GR;2738602.298;1183586.540;rm
Schluein;7151;0;Schluein;3582;GR;2736641.163;1183519.186;rm
St. Martin (Lugnez);7116;2;Vals;3603;GR;2733512.060;1170646.471;de
Vals;7132;0;Vals;3603;GR;2733223.444;1164508.990;de
Peiden;7110;0;Lumnezia;3618;GR;2734348.059;1175817.485;rm
Camuns;7113;0;Lumnezia;3618;GR;2734489.911;1173993.355;rm
Uors (Lumnezia);7114;0;Lumnezia;3618;GR;2733408.499;1173710.604;rm
Surcasti;7115;0;Lumnezia;3618;GR;2732938.449;1173202.254;rm
Tersnaus;7116;0;Lumnezia;3618;GR;2733552.483;1172814.786;rm
Cumbel;7142;0;Lumnezia;3618;GR;2734020.355;1176478.978;rm
Morissen;7143;0;Lumnezia;3618;GR;2733157.956;1176884.140;rm
Vella;7144;0;Lumnezia;3618;GR;2732637.859;1175543.939;rm
Degen;7145;0;Lumnezia;3618;GR;2732240.123;1174199.169;rm
Vattiz;7146;0;Lumnezia;3618;GR;2731641.008;1174273.655;rm
Vignogn;7147;0;Lumnezia;3618;GR;2731373.711;1173445.490;rm
Lumbrein;7148;0;Lumnezia;3618;GR;2729843.400;1171655.806;rm
Vrin;7149;0;Lumnezia;3618;GR;2727106.739;1168446.551;rm
Pitasch;7111;0;Ilanz/Glion;3619;GR;2735916.580;1177056.096;rm
Duvin;7112;0;Ilanz/Glion;3619;GR;2735524.378;1175306.701;rm
Castrisch;7126;0;Ilanz/Glion;3619;GR;2736913.031;1182218.991;rm
Sevgein;7127;0;Ilanz/Glion;3619;GR;2736166.109;1180897.674;rm
Riein;7128;0;Ilanz/Glion;3619;GR;2737120.944;1178581.225;rm
Ilanz;7130;0;Ilanz/Glion;3619;GR;2734759.795;1181743.685;rm
Schnaus;7130;2;Ilanz/Glion;3619;GR;2733028.263;1182135.255;rm
Schnaus;7130;2;Ilanz/Glion;3619;GR;2732962.750;1187183.688;rm
Luven;7141;0;Ilanz/Glion;3619;GR;2734458.459;1180531.638;rm
Ruschein;7154;0;Ilanz/Glion;3619;GR;2733865.559;1183044.251;rm
Ladir;7155;0;Ilanz/Glion;3619;GR;2734828.894;1183563.571;rm
Ladir;7155;0;Ilanz/Glion;3619;GR;2732439.750;1189009.500;rm
Rueun;7156;0;Ilanz/Glion;3619;GR;2730842.220;1182241.408;rm
Pigniu;7156;1;Ilanz/Glion;3619;GR;2728080.605;1185558.196;rm
Siat;7157;0;Ilanz/Glion;3619;GR;2731687.201;1183638.560;rm
Fürstenaubruck;7413;0;Fürstenau;3633;GR;2753801.500;1175595.885;rm
Fürstenau;7414;0;Fürstenau;3633;GR;2753659.979;1176327.374;rm
Rothenbrunnen;7405;0;Rothenbrunnen;3637;GR;2751846.659;1181744.253;rm
Scharans;7412;0;Scharans;3638;GR;2754486.151;1176078.011;rm
Sils im Domleschg;7411;0;Sils im Domleschg;3640;GR;2754159.091;1174050.128;de
Cazis;7408;0;Cazis;3661;GR;2752205.218;1176371.593;rm
Summaprada;7421;0;Cazis;3661;GR;2752523.284;1175595.342;de
Tartar;7422;0;Cazis;3661;GR;2751332.721;1176078.525;rm
Sarn;7423;0;Cazis;3661;GR;2750693.650;1176166.588;rm
Portein;7423;2;Cazis;3661;GR;2750499.354;1175312.199;rm
Präz;7424;0;Cazis;3661;GR;2750334.500;1178615.372;rm
Dalin;7424;1;Cazis;3661;GR;2750227.417;1177871.953;rm
Flerden;7426;0;Flerden;3662;GR;2749768.469;1171016.480;rm
Flerden;7426;0;Flerden;3662;GR;2750379.378;1174383.986;rm
Masein;7425;0;Masein;3663;GR;2752030.768;1174567.798;de
Thusis;7430;0;Thusis;3668;GR;2752974.846;1173412.492;de
Mutten;7431;1;Thusis;3668;GR;2757518.864;1171841.584;de
Obermutten;7431;2;Thusis;3668;GR;2756676.333;1170896.564;de
Tschappina;7428;0;Tschappina;3669;GR;2747905.620;1172431.913;de
Urmein;7427;0;Urmein;3670;GR;2750072.527;1173049.840;de
Versam;7104;0;Safiental;3672;GR;2744873.668;1184316.474;de
Tenna;7106;0;Safiental;3672;GR;2744986.115;1179117.969;de
Safien Platz;7107;0;Safiental;3672;GR;2743555.349;1171930.356;de
Thalkirch;7109;0;Safiental;3672;GR;2741018.805;1167019.314;de
Valendas;7122;0;Safiental;3672;GR;2740739.849;1183576.419;de
Feldis/Veulden;7404;0;Domleschg;3673;GR;2752227.041;1184316.124;rm
Trans;7407;0;Domleschg;3673;GR;2754673.695;1181190.438;rm
Rodels;7415;0;Domleschg;3673;GR;2753340.426;1177987.474;rm
Pratval;7415;2;Domleschg;3673;GR;2753404.308;1177585.952;rm
Almens;7416;0;Domleschg;3673;GR;2754407.893;1178306.989;rm
Paspels;7417;0;Domleschg;3673;GR;2753256.873;1179651.021;rm
Tumegl/Tomils;7418;0;Domleschg;3673;GR;2752873.416;1180851.249;rm
Scheid;7419;0;Domleschg;3673;GR;2753673.498;1182734.165;rm
Campsut-Cröt;7446;0;Avers;3681;GR;2756779.374;1149887.004;de
Cresta (Avers);7447;0;Avers;3681;GR;2759371.924;1148977.699;de
Am Bach (Avers);7447;1;Avers;3681;GR;2761890.043;1146737.194;de
Juf;7448;0;Avers;3681;GR;2764518.040;1146019.274;de
Sufers;7434;0;Sufers;3695;GR;2747819.809;1159696.441;de
Andeer;7440;0;Andeer;3701;GR;2752165.751;1163082.193;rm
Clugin;7442;0;Andeer;3701;GR;2752163.951;1164708.800;rm
Pignia;7443;0;Andeer;3701;GR;2753390.296;1164436.053;rm
Rongellen;7430;2;Rongellen;3711;GR;2753380.658;1171103.761;rm
Zillis;7432;0;Zillis-Reischen;3712;GR;2753485.713;1166893.135;rm
Ausserferrera;7444;0;Ferrera;3713;GR;2753581.684;1158186.980;rm
Innerferrera;7445;0;Ferrera;3713;GR;2754861.000;1149888.875;rm
Innerferrera;7445;0;Ferrera;3713;GR;2753305.630;1154276.005;rm
Splügen;7435;0;Rheinwald;3714;GR;2744567.496;1157602.689;de
Medels im Rheinwald;7436;0;Rheinwald;3714;GR;2742268.390;1156683.313;de
Nufenen;7437;0;Rheinwald;3714;GR;2738583.365;1155980.061;de
Hinterrhein;7438;0;Rheinwald;3714;GR;2734893.298;1154928.035;de
Donat;7433;0;Muntogna da Schons;3715;GR;2752514.662;1166110.106;rm
Lohn GR;7433;3;Muntogna da Schons;3715;GR;2752293.345;1168786.031;rm
Mathon;7433;4;Muntogna da Schons;3715;GR;2751076.830;1166900.074;rm
Wergenstein;7433;5;Muntogna da Schons;3715;GR;2750560.134;1165708.828;rm
Bonaduz;7402;0;Bonaduz;3721;GR;2749868.614;1186395.254;de
Domat/Ems;7013;0;Domat/Ems;3722;GR;2753531.432;1189190.249;rm
Rhäzüns;7403;0;Rhäzüns;3723;GR;2749173.708;1184723.940;rm
Felsberg;7012;0;Felsberg;3731;GR;2754971.091;1190260.694;de
Flims Dorf;7017;0;Flims;3732;GR;2740788.421;1189045.271;rm
Flims Waldhaus;7018;0;Flims;3732;GR;2741355.309;1188118.843;rm
Fidaz;7019;0;Flims;3732;GR;2742688.424;1189438.970;rm
Tamins;7015;0;Tamins;3733;GR;2750243.134;1188337.576;de
Trin;7014;0;Trin;3734;GR;2746855.923;1188388.635;rm
Trin Mulin;7016;0;Trin;3734;GR;2744774.125;1188426.669;rm
Brail;7527;0;Zernez;3746;GR;2798815.566;1170530.121;rm
Zernez;7530;0;Zernez;3746;GR;2803145.864;1175446.069;rm
Susch;7542;0;Zernez;3746;GR;2801569.069;1180936.539;rm
Lavin;7543;0;Zernez;3746;GR;2804253.283;1183368.059;rm
Samnaun-Compatsch;7562;0;Samnaun;3752;GR;2825358.115;1205384.385;de
Samnaun Dorf;7563;0;Samnaun;3752;GR;2822491.844;1203042.353;de
Guarda;7545;0;Scuol;3762;GR;2807201.726;1184021.680;rm
Ardez;7546;0;Scuol;3762;GR;2811011.403;1184191.544;rm
Scuol;7550;0;Scuol;3762;GR;2818758.433;1186521.826;rm
Ftan;7551;0;Scuol;3762;GR;2814294.868;1186606.129;rm
Vulpera;7552;0;Scuol;3762;GR;2817387.625;1185731.250;rm
Tarasp;7553;0;Scuol;3762;GR;2815793.429;1184394.343;rm
Sent;7554;0;Scuol;3762;GR;2821131.159;1189050.538;rm
Ramosch;7556;0;Valsot;3764;GR;2813756.750;1198278.688;rm
Ramosch;7556;0;Valsot;3764;GR;2824520.172;1191229.760;rm
Vnà;7557;0;Valsot;3764;GR;2823056.341;1192148.953;rm
Strada;7558;0;Valsot;3764;GR;2828418.789;1194526.131;rm
Tschlin;7559;0;Valsot;3764;GR;2827465.273;1195407.711;rm
Martina;7560;0;Valsot;3764;GR;2830503.249;1197024.691;rm
Bever;7502;0;Bever;3781;GR;2775743.010;1155595.301;rm
Bever;7502;0;Bever;3781;GR;2787911.488;1158608.440;rm
Celerina/Schlarigna;7505;0;Celerina/Schlarigna;3782;GR;2786006.958;1154092.409;rm
Madulain;7523;0;Madulain;3783;GR;2791446.125;1162405.973;rm
Madulain;7523;0;Madulain;3783;GR;2796468.249;1152753.000;rm
Pontresina;7504;0;Pontresina;3784;GR;2789128.998;1152101.509;rm
La Punt Chamues-ch;7522;0;La Punt Chamues-ch;3785;GR;2790843.660;1161502.566;rm
Samedan;7503;0;Samedan;3786;GR;2786540.363;1156513.499;rm
St. Moritz;7500;0;St. Moritz;3787;GR;2784317.008;1152498.277;rm
S-chanf;7525;0;S-chanf;3788;GR;2795032.493;1165679.568;rm
Cinuos-chel;7526;0;S-chanf;3788;GR;2797846.401;1168851.716;rm
Chapella;7526;1;S-chanf;3788;GR;2796908.188;1167894.348;rm
Sils/Segl Maria;7514;0;Sils im Engadin/Segl;3789;GR;2778689.145;1144611.233;rm
Fex;7514;2;Sils im Engadin/Segl;3789;GR;2778507.086;1143488.622;rm
Sils/Segl Baselgia;7515;0;Sils im Engadin/Segl;3789;GR;2778011.515;1145222.039;rm
Plaun da Lej;7517;0;Sils im Engadin/Segl;3789;GR;2775701.544;1143723.206;rm
Champfèr;7512;0;Silvaplana;3790;GR;2782121.765;1150175.887;rm
Silvaplana;7513;0;Silvaplana;3790;GR;2781007.735;1148063.656;rm
Silvaplana-Surlej;7513;2;Silvaplana;3790;GR;2782452.456;1148107.295;rm
Zuoz;7524;0;Zuoz;3791;GR;2787505.500;1165190.125;rm
Zuoz;7524;0;Zuoz;3791;GR;2792875.485;1164219.535;rm
Maloja;7516;0;Bregaglia;3792;GR;2773587.062;1141497.199;it
Casaccia;7602;0;Bregaglia;3792;GR;2771294.015;1140159.181;it
Vicosoprano;7603;0;Bregaglia;3792;GR;2768060.919;1135614.379;it
Borgonovo;7604;0;Bregaglia;3792;GR;2766660.295;1135237.995;it
Stampa;7605;0;Bregaglia;3792;GR;2765656.705;1134718.438;it
Promontogno;7606;0;Bregaglia;3792;GR;2763184.609;1133995.896;it
Bondo;7606;1;Bregaglia;3792;GR;2762891.547;1133638.365;de
Castasegna;7608;0;Bregaglia;3792;GR;2759953.672;1133508.796;it
Soglio;7610;0;Bregaglia;3792;GR;2761708.581;1134353.523;it
Buseno;6542;0;Buseno;3804;GR;2728626.624;1125960.374;it
Castaneda;6540;0;Castaneda;3805;GR;2731219.656;1124264.640;it
Rossa;6548;0;Rossa;3808;GR;2729909.498;1137114.619;it
Augio;6548;1;Rossa;3808;GR;2729899.180;1136210.756;it
Sta. Domenica;6548;2;Rossa;3808;GR;2729632.595;1134772.990;it
Sta. Maria in Calanca;6541;0;Santa Maria in Calanca;3810;GR;2731549.084;1124939.597;it
Lostallo;6558;0;Lostallo;3821;GR;2735239.495;1130534.738;it
Mesocco;6563;0;Mesocco;3822;GR;2737833.165;1139508.877;it
S. Bernardino;6565;0;Mesocco;3822;GR;2734708.460;1147227.593;it
Soazza;6562;0;Soazza;3823;GR;2737296.176;1136620.379;it
Cama;6557;0;Cama;3831;GR;2733701.526;1125999.211;it
Grono;6537;0;Grono;3832;GR;2731589.600;1123220.647;it
Verdabbio;6538;0;Grono;3832;GR;2732530.468;1125539.598;it
Verdabbio;6538;0;Grono;3832;GR;2738426.625;1125249.875;it
Leggia;6556;0;Grono;3832;GR;2733057.621;1124742.868;it
Roveredo GR;6535;0;Roveredo (GR);3834;GR;2729696.668;1121573.789;it
Laura;6549;0;Roveredo (GR);3834;GR;2728600.490;1119353.854;it
S. Vittore;6534;0;San Vittore;3835;GR;2728922.175;1122149.361;it
S. Vittore;6534;0;San Vittore;3835;GR;2733097.360;1116434.608;it
Arvigo;6543;0;Calanca;3837;GR;2729022.628;1129247.988;it
Braggio;6544;0;Calanca;3837;GR;2729801.566;1129377.652;it
Selma;6545;0;Calanca;3837;GR;2729619.785;1131150.515;it
Cauco;6546;0;Calanca;3837;GR;2729556.763;1132907.951;it
Tschierv;7532;0;Val Müstair;3847;GR;2822219.946;1167799.689;rm
Fuldera;7533;0;Val Müstair;3847;GR;2824630.999;1166130.059;rm
Lü;7534;0;Val Müstair;3847;GR;2824402.974;1167657.051;rm
Valchava;7535;0;Val Müstair;3847;GR;2827511.773;1165298.939;rm
Sta. Maria Val Müstair;7536;0;Val Müstair;3847;GR;2828599.563;1165466.608;rm
Müstair;7537;0;Val Müstair;3847;GR;2830225.270;1167796.778;rm
Davos Dorf;7260;0;Davos;3851;GR;2783247.576;1187016.868;de
Davos Wolfgang;7265;0;Davos;3851;GR;2784295.869;1189600.628;de
Davos Platz;7270;0;Davos;3851;GR;2781951.614;1185220.651;de
Davos Clavadel;7272;0;Davos;3851;GR;2781590.776;1182300.864;de
Davos Frauenkirch;7276;0;Davos;3851;GR;2780242.771;1182443.152;de
Davos Glaris;7277;0;Davos;3851;GR;2778648.834;1179308.250;de
Davos Monstein;7278;0;Davos;3851;GR;2778313.654;1176070.492;de
Davos Wiesen;7494;0;Davos;3851;GR;2774026.615;1175025.247;de
Fideris;7235;0;Fideris;3861;GR;2775315.918;1198449.059;de
Furna;7232;0;Furna;3862;GR;2770569.387;1200864.756;de
Pragg-Jenaz;7231;0;Jenaz;3863;GR;2772434.134;1201089.215;de
Jenaz;7233;0;Jenaz;3863;GR;2773475.764;1199778.143;de
Saas im Prättigau;7247;0;Klosters;3871;GR;2780273.165;1198247.709;de
Serneus;7249;0;Klosters;3871;GR;2783001.054;1196086.254;de
Klosters;7250;0;Klosters;3871;GR;2786260.891;1193926.684;de
Klosters Dorf;7252;0;Klosters;3871;GR;2785684.758;1195383.278;de
Conters im Prättigau;7241;0;Conters im Prättigau;3881;GR;2779821.557;1197383.639;de
Küblis;7240;0;Küblis;3882;GR;2778109.483;1198556.610;de
Buchen im Prättigau;7223;0;Luzein;3891;GR;2773893.354;1201255.875;de
Putz;7224;0;Luzein;3891;GR;2775430.896;1199799.250;de
Luzein;7242;0;Luzein;3891;GR;2777009.854;1199167.510;de
Pany;7243;0;Luzein;3891;GR;2777467.604;1200376.569;de
Gadenstätt;7244;0;Luzein;3891;GR;2779229.188;1201952.844;de
Ascharina;7245;0;Luzein;3891;GR;2780251.310;1203448.471;de
St. Antönien;7246;0;Luzein;3891;GR;2780739.060;1204780.415;de
Chur;7000;0;Chur;3901;GR;2759706.950;1190690.995;de
Haldenstein;7023;0;Chur;3901;GR;2758787.576;1194116.531;de
Maladers;7026;0;Chur;3901;GR;2761864.350;1189472.298;de
Passugg;7062;0;Churwalden;3911;GR;2760841.313;1188727.692;de
Malix;7074;0;Churwalden;3911;GR;2759672.085;1186872.610;de
Churwalden;7075;0;Churwalden;3911;GR;2760798.288;1183216.771;de
Parpan;7076;0;Churwalden;3911;GR;2761861.572;1181060.828;de
Castiel;7027;0;Arosa;3921;GR;2764999.963;1189753.288;de
Lüen;7027;1;Arosa;3921;GR;2765874.455;1189159.245;de
Calfreisen;7027;3;Arosa;3921;GR;2764474.382;1190061.146;de
St. Peter;7028;0;Arosa;3921;GR;2768218.981;1189384.491;de
Pagig;7028;1;Arosa;3921;GR;2767662.563;1189677.134;de
Peist;7029;0;Arosa;3921;GR;2770510.739;1189301.002;de
Arosa;7050;0;Arosa;3921;GR;2770819.026;1183115.357;de
Molinis;7056;0;Arosa;3921;GR;2769103.015;1188626.038;de
Langwies;7057;0;Arosa;3921;GR;2773550.186;1187989.117;de
Litzirüti;7058;0;Arosa;3921;GR;2772817.773;1185474.181;de
Praden;7063;0;Tschiertschen-Praden;3932;GR;2763501.243;1188224.476;de
Tschiertschen;7064;0;Tschiertschen-Praden;3932;GR;2765455.356;1187474.893;de
Says;7202;0;Trimmis;3945;GR;2762769.576;1196934.770;de
Trimmis;7203;0;Trimmis;3945;GR;2761936.948;1196072.188;de
Untervaz;7204;0;Untervaz;3946;GR;2759646.332;1199479.522;de
Zizers;7205;0;Zizers;3947;GR;2761973.525;1200590.729;de
Fläsch;7306;0;Fläsch;3951;GR;2757743.580;1210384.180;de
Jenins;7307;0;Jenins;3952;GR;2761019.125;1207729.553;de
Maienfeld;7304;0;Maienfeld;3953;GR;2759132.449;1208448.388;de
Malans GR;7208;0;Malans;3954;GR;2762468.968;1205628.703;de
Igis;7206;0;Landquart;3955;GR;2762381.719;1201561.504;de
Landquart;7302;0;Landquart;3955;GR;2761328.660;1203567.343;de
Mastrils;7303;0;Landquart;3955;GR;2760201.273;1204023.991;de
Valzeina;7213;0;Grüsch;3961;GR;2764757.080;1202261.805;de
Grüsch;7214;0;Grüsch;3961;GR;2767996.415;1205851.318;de
Fanas;7215;0;Grüsch;3961;GR;2769480.565;1206116.246;de
Schiers;7220;0;Schiers;3962;GR;2771179.318;1204581.424;de
Schiers;7220;0;Schiers;3962;GR;2777310.500;1207552.063;de
Lunden;7222;0;Schiers;3962;GR;2773037.075;1202196.913;de
Stels;7226;0;Schiers;3962;GR;2773279.235;1204116.660;de
Stels;7226;0;Schiers;3962;GR;2779410.500;1209283.813;de
Fajauna;7226;2;Schiers;3962;GR;2772114.522;1204546.241;de
Schuders;7228;0;Schiers;3962;GR;2774918.199;1207011.799;de
Pusserein;7228;1;Schiers;3962;GR;2772853.156;1206111.030;de
Seewis Dorf;7212;0;Seewis im Prättigau;3972;GR;2767422.070;1206642.367;de
Seewis-Pardisla;7212;1;Seewis im Prättigau;3972;GR;2766851.750;1205274.875;de
Seewis-Schmitten;7212;2;Seewis im Prättigau;3972;GR;2767519.750;1205605.375;de
Waltensburg/Vuorz;7158;0;Breil/Brigels;3981;GR;2728217.116;1182031.382;rm
Andiast;7159;0;Breil/Brigels;3981;GR;2728219.280;1183132.068;rm
Tavanasa;7162;0;Breil/Brigels;3981;GR;2724077.789;1179464.496;rm
Danis;7163;0;Breil/Brigels;3981;GR;2723656.863;1179445.325;rm
Dardin;7164;0;Breil/Brigels;3981;GR;2722624.634;1179667.675;rm
Breil/Brigels;7165;0;Breil/Brigels;3981;GR;2723951.222;1180947.264;rm
Disentis/Mustér;7180;0;Disentis/Mustér;3982;GR;2708043.344;1173436.437;rm
Cavardiras;7182;0;Disentis/Mustér;3982;GR;2710582.499;1174275.614;rm
Mumpé Medel;7183;0;Disentis/Mustér;3982;GR;2707811.825;1171890.451;rm
Segnas;7186;0;Disentis/Mustér;3982;GR;2706267.382;1172465.461;rm
Curaglia;7184;0;Medel (Lucmagn);3983;GR;2708657.406;1170132.291;rm
Platta;7185;0;Medel (Lucmagn);3983;GR;2708332.271;1168422.715;rm
Rabius;7172;0;Sumvitg;3985;GR;2716159.385;1177047.780;rm
Surrein;7173;0;Sumvitg;3985;GR;2715494.799;1175721.415;rm
S. Benedetg;7174;0;Sumvitg;3985;GR;2714683.344;1177042.521;rm
Sumvitg;7175;0;Sumvitg;3985;GR;2714691.080;1176316.842;rm
Cumpadials;7176;0;Sumvitg;3985;GR;2713308.406;1175686.972;rm
Camischolas;7187;0;Tujetsch;3986;GR;2701178.406;1170980.031;rm
Sedrun;7188;0;Tujetsch;3986;GR;2702254.283;1170691.785;rm
Rueras;7189;0;Tujetsch;3986;GR;2700180.886;1170156.225;rm
Trun;7166;0;Trun;3987;GR;2718153.248;1177916.688;rm
Zignau;7167;0;Trun;3987;GR;2719792.214;1177835.458;rm
Schlans;7168;0;Trun;3987;GR;2720437.403;1179210.698;rm
Obersaxen;7134;0;Obersaxen Mundaun;3988;GR;2726958.130;1178826.126;de
Flond;7137;0;Obersaxen Mundaun;3988;GR;2731555.865;1181044.573;rm
Surcuolm;7138;0;Obersaxen Mundaun;3988;GR;2730286.331;1179929.414;rm
Aarau;5000;0;Aarau;4001;AG;2646060.838;1248866.143;de
Aarau;5004;0;Aarau;4001;AG;2646950.666;1250196.996;de
Aarau Rohr;5032;0;Aarau;4001;AG;2648813.665;1250332.912;de
Biberstein;5023;0;Biberstein;4002;AG;2648495.974;1251881.034;de
Buchs AG;5033;0;Buchs (AG);4003;AG;2647772.461;1248902.374;de
Asp;5025;0;Densbüren;4004;AG;2646021.130;1254853.903;de
Densbüren;5026;0;Densbüren;4004;AG;2646472.906;1255968.070;de
Barmelweid;5017;0;Erlinsbach (AG);4005;AG;2640092.101;1252474.514;de
Erlinsbach;5018;0;Erlinsbach (AG);4005;AG;2643101.899;1250895.703;de
Gränichen;5722;0;Gränichen;4006;AG;2650127.634;1245284.553;de
Hirschthal;5042;0;Hirschthal;4007;AG;2646705.596;1241054.115;de
Rombach;5022;0;Küttigen;4008;AG;2645905.516;1250691.783;de
Küttigen;5024;0;Küttigen;4008;AG;2645974.920;1251535.766;de
Muhen;5037;0;Muhen;4009;AG;2646310.636;1242865.780;de
Oberentfelden;5036;0;Oberentfelden;4010;AG;2644962.431;1245409.821;de
Suhr;5034;0;Suhr;4012;AG;2648142.560;1247124.266;de
Unterentfelden;5035;0;Unterentfelden;4013;AG;2645298.146;1246711.166;de
Baden;5400;0;Baden;4021;AG;2665611.856;1258347.229;de
Baden;5404;0;Baden;4021;AG;2663319.484;1256307.490;de
Dättwil AG;5405;2;Baden;4021;AG;2663894.694;1256307.160;de
Rütihof;5406;2;Baden;4021;AG;2662587.379;1254696.423;de
Bellikon;5454;0;Bellikon;4022;AG;2668463.887;1249326.122;de
Bergdietikon;8962;0;Bergdietikon;4023;AG;2671102.459;1249307.424;de
Birmenstorf AG;5413;0;Birmenstorf (AG);4024;AG;2661080.796;1257102.485;de
Ennetbaden;5408;0;Ennetbaden;4026;AG;2666733.796;1259241.444;de
Fislisbach;5442;0;Fislisbach;4027;AG;2664740.470;1254603.349;de
Freienwil;5423;0;Freienwil;4028;AG;2666890.082;1261698.320;de
Gebenstorf;5412;0;Gebenstorf;4029;AG;2660415.295;1259184.683;de
Vogelsang AG;5412;1;Gebenstorf;4029;AG;2660394.136;1260792.042;de
Killwangen;8956;0;Killwangen;4030;AG;2668658.793;1253943.429;de
Künten;5444;0;Künten;4031;AG;2667065.788;1249207.229;de
Mägenwil;5506;0;Mägenwil;4032;AG;2660005.549;1251294.471;de
Mellingen;5507;0;Mellingen;4033;AG;2663597.753;1252273.448;de
Neuenhof;5432;0;Neuenhof;4034;AG;2666753.275;1255367.034;de
Niederrohrdorf;5443;0;Niederrohrdorf;4035;AG;2664822.150;1252911.900;de
Oberrohrdorf;5452;0;Oberrohrdorf;4037;AG;2666654.623;1252811.256;de
Nussbaumen AG;5415;0;Obersiggenthal;4038;AG;2664124.810;1260165.671;de
Hertenstein AG;5415;1;Obersiggenthal;4038;AG;2665875.994;1260004.190;de
Rieden AG;5415;2;Obersiggenthal;4038;AG;2665226.313;1259603.694;de
Kirchdorf AG;5416;0;Obersiggenthal;4038;AG;2662953.683;1261016.280;de
Remetschwil;5453;0;Remetschwil;4039;AG;2667028.717;1251212.533;de
Spreitenbach;8957;0;Spreitenbach;4040;AG;2669953.129;1252195.512;de
Stetten AG;5608;0;Stetten (AG);4041;AG;2665472.926;1250222.987;de
Turgi;5300;0;Turgi;4042;AG;2661423.369;1260315.045;de
Siggenthal Station;5301;0;Untersiggenthal;4044;AG;2660210.344;1263026.444;de
Untersiggenthal;5417;0;Untersiggenthal;4044;AG;2661873.168;1261938.878;de
Wettingen;5430;0;Wettingen;4045;AG;2667237.462;1257830.113;de
Wohlenschwil;5512;0;Wohlenschwil;4046;AG;2661741.226;1251607.480;de
Würenlingen;5303;0;Würenlingen;4047;AG;2661749.518;1264711.363;de
Würenlos;5436;0;Würenlos;4048;AG;2669864.218;1255078.026;de
Kloster Fahr;8109;0;Würenlos;4048;AG;2675508.964;1251309.891;de
Ehrendingen;5420;0;Ehrendingen;4049;AG;2668079.586;1261120.383;de
Arni AG;8905;3;Arni (AG);4061;AG;2674218.158;1241316.584;de
Berikon;8965;0;Berikon;4062;AG;2670599.482;1244747.919;de
Bremgarten AG;5620;0;Bremgarten (AG);4063;AG;2668123.115;1244947.241;de
Hermetschwil-Staffeln;5626;0;Bremgarten (AG);4063;AG;2668248.058;1242552.290;de
Büttikon AG;5619;0;Büttikon;4064;AG;2662803.030;1242298.028;de
Dottikon;5605;0;Dottikon;4065;AG;2660588.599;1248401.929;de
Eggenwil;5445;0;Eggenwil;4066;AG;2668021.176;1246648.346;de
Fischbach-Göslikon;5525;0;Fischbach-Göslikon;4067;AG;2665899.496;1246841.485;de
Hägglingen;5607;0;Hägglingen;4068;AG;2661571.294;1248840.870;de
Jonen;8916;0;Jonen;4071;AG;2672371.763;1238764.649;de
Niederwil AG;5524;0;Niederwil (AG);4072;AG;2664622.853;1247897.368;de
Nesselnbach;5524;2;Niederwil (AG);4072;AG;2664710.959;1249190.631;de
Oberlunkhofen;8917;0;Oberlunkhofen;4073;AG;2671932.539;1240605.294;de
Oberwil-Lieli;8966;0;Oberwil-Lieli;4074;AG;2671571.475;1243193.373;de
Rudolfstetten;8964;0;Rudolfstetten-Friedlisberg;4075;AG;2671043.006;1246808.767;de
Sarmenstorf;5614;0;Sarmenstorf;4076;AG;2661494.447;1240592.958;de
Tägerig;5522;0;Tägerig;4077;AG;2663614.951;1250520.248;de
Uezwil;5619;2;Uezwil;4078;AG;2663274.830;1240853.466;de
Unterlunkhofen;8918;0;Unterlunkhofen;4079;AG;2671228.704;1241582.702;de
Villmergen;5612;0;Villmergen;4080;AG;2660847.523;1244187.196;de
Hilfikon;5613;0;Villmergen;4080;AG;2661394.014;1242802.999;de
Widen;8967;0;Widen;4081;AG;2669418.583;1246721.345;de
Wohlen AG;5610;0;Wohlen (AG);4082;AG;2663435.304;1244821.606;de
Anglikon;5611;0;Wohlen (AG);4082;AG;2662255.739;1246384.198;de
Zufikon;5621;0;Zufikon;4083;AG;2669693.528;1244149.970;de
Islisberg;8905;2;Islisberg;4084;AG;2675645.717;1241777.155;de
Auenstein;5105;0;Auenstein;4091;AG;2652983.037;1251923.753;de
Birr;5242;1;Birr;4092;AG;2657527.208;1254289.439;de
Birrhard;5244;0;Birrhard;4093;AG;2660879.519;1254021.295;de
Bözen;5076;0;Böztal;4185;AG;2648726.867;1260725.013;de
Schinznach Bad;5116;0;Brugg;4095;AG;2655057.800;1256151.238;de
Brugg AG;5200;0;Brugg;4095;AG;2657899.804;1259654.126;de
Umiken;5222;0;Brugg;4095;AG;2656613.822;1259301.642;de
Effingen;5078;0;Böztal;4185;AG;2650135.798;1259997.017;de
Elfingen;5077;0;Böztal;4185;AG;2649740.373;1261993.087;de
Habsburg;5245;0;Habsburg;4099;AG;2656352.076;1257006.459;de
Hausen AG;5212;0;Hausen (AG);4100;AG;2658278.863;1257100.118;de
Lupfig;5242;2;Lupfig;4104;AG;2657926.972;1254578.769;de
Scherz;5246;0;Lupfig;4104;AG;2656232.468;1255388.676;de
Mandach;5318;0;Mandach;4105;AG;2656274.150;1266498.554;de
Mönthal;5237;0;Mönthal;4106;AG;2653079.574;1263253.851;de
Mülligen;5243;0;Mülligen;4107;AG;2660385.260;1256646.786;de
Remigen;5236;0;Remigen;4110;AG;2656364.396;1263080.562;de
Riniken;5223;0;Riniken;4111;AG;2656618.473;1260512.617;de
Rüfenach AG;5235;0;Rüfenach;4112;AG;2658041.369;1262104.328;de
Thalheim AG;5112;0;Thalheim (AG);4117;AG;2650105.338;1254122.454;de
Veltheim AG;5106;0;Veltheim (AG);4120;AG;2653459.404;1254407.663;de
Stilli;5233;0;Villigen;4121;AG;2659721.439;1263162.330;de
Villigen;5234;0;Villigen;4121;AG;2658316.378;1264331.336;de
Villnachern;5213;0;Villnachern;4122;AG;2654125.763;1257867.249;de
Windisch;5210;0;Windisch;4123;AG;2658398.685;1258614.926;de
Bözberg;5225;1;Bözberg;4124;AG;2654468.670;1260307.441;de
Schinznach Dorf;5107;0;Schinznach;4125;AG;2653092.417;1255302.770;de
Oberflachs;5108;0;Schinznach;4125;AG;2652193.024;1254684.213;de
Beinwil am See;5712;0;Beinwil am See;4131;AG;2658257.018;1235183.799;de
Birrwil;5708;0;Birrwil;4132;AG;2657421.870;1237973.201;de
Burg AG;5736;0;Burg (AG);4133;AG;2655987.243;1231704.500;de
Dürrenäsch;5724;0;Dürrenäsch;4134;AG;2654344.898;1241409.334;de
Gontenschwil;5728;0;Gontenschwil;4135;AG;2653464.954;1235892.759;de
Holziken;5043;0;Holziken;4136;AG;2645035.328;1241130.818;de
Leimbach AG;5733;0;Leimbach (AG);4137;AG;2655344.721;1236254.319;de
Leutwil;5725;0;Leutwil;4138;AG;2655607.641;1240104.405;de
Menziken;5737;0;Menziken;4139;AG;2656616.243;1232335.211;de
Oberkulm;5727;0;Oberkulm;4140;AG;2651841.537;1238902.991;de
Reinach AG;5734;0;Reinach (AG);4141;AG;2656754.886;1234194.088;de
Schlossrued;5044;0;Schlossrued;4142;AG;2649199.349;1238186.260;de
Schmiedrued;5046;1;Schmiedrued;4143;AG;2650697.235;1235780.419;de
Walde AG;5046;2;Schmiedrued;4143;AG;2650978.615;1234428.493;de
Schöftland;5040;0;Schöftland;4144;AG;2646284.215;1239505.228;de
Teufenthal AG;5723;0;Teufenthal (AG);4145;AG;2651383.198;1242105.122;de
Unterkulm;5726;0;Unterkulm;4146;AG;2651184.391;1240178.613;de
Zetzwil;5732;0;Zetzwil;4147;AG;2653885.933;1237727.924;de
Eiken;5074;0;Eiken;4161;AG;2641445.409;1264726.411;de
Frick;5070;0;Frick;4163;AG;2643984.703;1261682.410;de
Gansingen;5272;0;Gansingen;4164;AG;2652805.185;1266031.705;de
Gipf-Oberfrick;5073;0;Gipf-Oberfrick;4165;AG;2642556.004;1260877.287;de
Herznach;5027;0;Herznach;4166;AG;2645902.614;1258034.699;de
Hornussen;5075;0;Böztal;4185;AG;2647043.246;1261076.162;de
Kaisten;5082;0;Kaisten;4169;AG;2645721.634;1265665.200;de
Ittenthal;5083;0;Kaisten;4169;AG;2646686.166;1263163.385;de
Laufenburg;5080;0;Laufenburg;4170;AG;2646877.011;1268105.547;de
Rheinsulz;5084;0;Laufenburg;4170;AG;2649029.494;1267425.041;de
Sulz AG;5085;0;Laufenburg;4170;AG;2649617.243;1265050.535;de
Münchwilen AG;4333;0;Münchwilen (AG);4172;AG;2639507.805;1265260.040;de
Oberhof;5062;0;Oberhof;4173;AG;2642545.273;1255480.804;de
Oeschgen;5072;0;Oeschgen;4175;AG;2643710.896;1263754.105;de
Schwaderloch;5326;0;Schwaderloch;4176;AG;2653096.404;1270788.910;de
Sisseln AG;4334;0;Sisseln;4177;AG;2641154.136;1266970.300;de
Ueken;5028;0;Ueken;4179;AG;2645587.758;1259679.486;de
Wittnau;5064;0;Wittnau;4181;AG;2640415.491;1259034.892;de
Wölflinswil;5063;0;Wölflinswil;4182;AG;2642000.528;1256933.861;de
Zeihen;5079;0;Zeihen;4183;AG;2648922.263;1258487.298;de
Oberhofen AG;5273;0;Mettauertal;4184;AG;2652292.483;1267321.193;de
Mettau;5274;0;Mettauertal;4184;AG;2651744.111;1268404.856;de
Etzgen;5275;0;Mettauertal;4184;AG;2650176.849;1269400.719;de
Wil AG;5276;0;Mettauertal;4184;AG;2653767.510;1268004.144;de
Hottwil;5277;0;Mettauertal;4184;AG;2654398.400;1266597.130;de
Ammerswil AG;5600;3;Ammerswil;4191;AG;2658200.573;1247006.040;de
Boniswil;5706;0;Boniswil;4192;AG;2656389.444;1240747.725;de
Brunegg;5505;0;Brunegg;4193;AG;2658731.410;1252306.453;de
Dintikon;5606;0;Dintikon;4194;AG;2659542.594;1245967.080;de
Egliswil;5704;0;Egliswil;4195;AG;2656443.550;1244589.151;de
Fahrwangen;5615;0;Fahrwangen;4196;AG;2660785.863;1238528.504;de
Hallwil;5705;0;Hallwil;4197;AG;2655732.003;1242241.683;de
Hendschiken;5604;0;Hendschiken;4198;AG;2658772.598;1248635.554;de
Holderbank AG;5113;0;Holderbank (AG);4199;AG;2655228.581;1253605.933;de
Hunzenschwil;5502;0;Hunzenschwil;4200;AG;2651681.257;1248355.171;de
Lenzburg;5600;0;Lenzburg;4201;AG;2655924.978;1248846.334;de
Meisterschwanden;5616;0;Meisterschwanden;4202;AG;2660193.631;1238554.785;de
Tennwil;5617;0;Meisterschwanden;4202;AG;2659153.863;1239835.770;de
Wildegg;5103;0;Möriken-Wildegg;4203;AG;2654827.484;1251927.835;de
Möriken AG;5103;2;Möriken-Wildegg;4203;AG;2656775.870;1252012.265;de
Niederlenz;5702;0;Niederlenz;4204;AG;2655234.371;1250466.185;de
Othmarsingen;5504;0;Othmarsingen;4205;AG;2658238.518;1250429.795;de
Rupperswil;5102;0;Rupperswil;4206;AG;2652533.639;1250449.019;de
Schafisheim;5503;0;Schafisheim;4207;AG;2653138.916;1247721.554;de
Seengen;5707;0;Seengen;4208;AG;2657785.302;1242006.455;de
Seon;5703;0;Seon;4209;AG;2654264.770;1244173.969;de
Staufen;5603;0;Staufen;4210;AG;2654692.150;1248020.276;de
Abtwil AG;5646;0;Abtwil;4221;AG;2669471.294;1225299.004;de
Aristau;5628;0;Aristau;4222;AG;2669772.908;1237748.243;de
Auw;5644;0;Auw;4223;AG;2670334.709;1229210.563;de
Beinwil (Freiamt);5637;0;Beinwil (Freiamt);4224;AG;2668747.232;1231431.865;de
Besenbüren;5627;0;Besenbüren;4226;AG;2668461.781;1240517.000;de
Bettwil;5618;0;Bettwil;4227;AG;2662625.095;1238081.816;de
Boswil;5623;0;Boswil;4228;AG;2665808.078;1239579.120;de
Bünzen;5624;0;Bünzen;4229;AG;2667146.616;1240227.416;de
Waldhäusern AG;5624;2;Bünzen;4229;AG;2666259.066;1242148.264;de
Buttwil;5632;0;Buttwil;4230;AG;2666227.299;1235772.397;de
Dietwil;6042;0;Dietwil;4231;AG;2672382.468;1222292.047;de
Geltwil;5637;2;Geltwil;4232;AG;2667174.818;1233500.643;de
Kallern;5625;0;Kallern;4233;AG;2664623.465;1240606.446;de
Merenschwand;5634;0;Merenschwand;4234;AG;2670927.870;1234793.533;de
Benzenschwil;5636;0;Merenschwand;4234;AG;2670036.053;1233254.784;de
Mühlau;5642;0;Mühlau;4235;AG;2672074.033;1231440.548;de
Muri AG;5630;0;Muri (AG);4236;AG;2668106.208;1236104.596;de
Oberrüti;5647;0;Oberrüti;4237;AG;2672595.154;1224298.159;de
Rottenschwil;8919;0;Rottenschwil;4238;AG;2670113.810;1240808.624;de
Sins;5643;0;Sins;4239;AG;2668800.438;1226651.844;de
Sins;5643;0;Sins;4239;AG;2672506.740;1227517.836;de
Alikon;5643;2;Sins;4239;AG;2669795.900;1228040.506;de
Meienberg;5643;3;Sins;4239;AG;2671047.225;1227854.363;de
Aettenschwil;5645;0;Sins;4239;AG;2670592.178;1226562.915;de
Fenkrieden;5645;2;Sins;4239;AG;2670602.814;1223777.953;de
Waltenschwil;5622;0;Waltenschwil;4240;AG;2665262.288;1242916.965;de
Hellikon;4316;0;Hellikon;4251;AG;2636502.553;1261993.963;de
Kaiseraugst;4303;0;Kaiseraugst;4252;AG;2621556.726;1265470.258;de
Magden;4312;0;Magden;4253;AG;2628032.750;1264531.983;de
Möhlin;4313;0;Möhlin;4254;AG;2630463.870;1267968.328;de
Mumpf;4322;0;Mumpf;4255;AG;2636448.475;1266226.720;de
Obermumpf;4324;0;Obermumpf;4256;AG;2637270.669;1264514.692;de
Olsberg;4305;0;Olsberg;4257;AG;2625965.369;1263402.679;de
Rheinfelden;4310;0;Rheinfelden;4258;AG;2626654.363;1267108.254;de
Schupfart;4325;0;Schupfart;4259;AG;2639773.565;1262642.233;de
Stein AG;4332;0;Stein (AG);4260;AG;2638601.605;1265980.335;de
Wallbach;4323;0;Wallbach;4261;AG;2634753.639;1268089.969;de
Wegenstetten;4317;0;Wegenstetten;4262;AG;2637426.398;1261001.452;de
Zeiningen;4314;0;Zeiningen;4263;AG;2632474.031;1265799.568;de
Zuzgen;4315;0;Zuzgen;4264;AG;2634525.021;1263867.764;de
Aarburg;4663;0;Aarburg;4271;AG;2634825.715;1241201.306;de
Bottenwil;4814;0;Bottenwil;4273;AG;2642848.240;1237249.306;de
Brittnau;4805;0;Brittnau;4274;AG;2638578.840;1234347.951;de
Kirchleerau;5054;1;Kirchleerau;4275;AG;2647639.696;1236356.731;de
Kölliken;5742;0;Kölliken;4276;AG;2644647.275;1243183.891;de
Moosleerau;5054;2;Moosleerau;4277;AG;2647368.478;1235544.429;de
Murgenthal;4853;0;Murgenthal;4279;AG;2629790.900;1235020.828;de
Riken AG;4853;2;Murgenthal;4279;AG;2631094.194;1236228.725;de
Glashütten;4856;0;Murgenthal;4279;AG;2630795.658;1234274.643;de
Oftringen;4665;0;Oftringen;4280;AG;2637192.833;1240055.537;de
Attelwil;5056;0;Reitnau;4281;AG;2645870.029;1234768.601;de
Reitnau;5057;0;Reitnau;4281;AG;2646197.720;1233524.859;de
Rothrist;4852;0;Rothrist;4282;AG;2633234.659;1239572.642;de
Safenwil;5745;0;Safenwil;4283;AG;2641093.519;1240886.410;de
Staffelbach;5053;0;Staffelbach;4284;AG;2645672.879;1237156.676;de
Wittwil;5053;2;Staffelbach;4284;AG;2645459.965;1237913.796;de
Strengelbach;4802;0;Strengelbach;4285;AG;2636991.445;1236670.423;de
Uerkheim;4813;0;Uerkheim;4286;AG;2644333.030;1239642.375;de
Vordemwald;4803;0;Vordemwald;4287;AG;2634619.394;1235842.725;de
Wiliberg;5058;0;Wiliberg;4288;AG;2644175.635;1235355.395;de
Zofingen;4800;0;Zofingen;4289;AG;2638310.808;1237670.678;de
Mühlethal;4812;0;Zofingen;4289;AG;2640800.924;1239084.749;de
Baldingen;5333;0;Zurzach;4324;AG;2666399.492;1267596.570;de
Böbikon;5334;0;Zurzach;4324;AG;2667325.067;1267351.713;de
Kleindöttingen;5314;0;Böttstein;4303;AG;2660789.223;1269029.624;de
Böttstein;5315;0;Böttstein;4303;AG;2659060.082;1267497.467;de
Döttingen;5312;0;Döttingen;4304;AG;2661707.851;1269139.215;de
Endingen;5304;0;Endingen;4305;AG;2664093.111;1265455.600;de
Unterendingen;5305;0;Endingen;4305;AG;2664193.452;1266662.856;de
Fisibach;5467;0;Fisibach;4306;AG;2672945.933;1268385.558;de
Full-Reuenthal;5324;0;Full-Reuenthal;4307;AG;2657457.819;1273399.315;de
Kaiserstuhl AG;5466;0;Zurzach;4324;AG;2673861.666;1268967.745;de
Klingnau;5313;0;Klingnau;4309;AG;2661027.292;1270334.586;de
Koblenz;5322;0;Koblenz;4310;AG;2660129.673;1273325.457;de
Leibstadt;5325;0;Leibstadt;4311;AG;2655785.284;1271485.929;de
Lengnau AG;5426;0;Lengnau (AG);4312;AG;2667064.066;1263630.793;de
Leuggern;5316;0;Leuggern;4313;AG;2658548.096;1270214.005;de
Hettenschwil;5317;0;Leuggern;4313;AG;2657025.283;1269724.918;de
Mellikon;5465;0;Mellikon;4314;AG;2668401.878;1268882.950;de
Rekingen AG;5332;0;Zurzach;4324;AG;2666885.974;1269181.816;de
Rietheim;5323;0;Zurzach;4324;AG;2663323.474;1272712.654;de
Rümikon AG;5464;0;Zurzach;4324;AG;2670651.754;1268535.085;de
Schneisingen;5425;0;Schneisingen;4318;AG;2669894.868;1263700.433;de
Siglistorf;5462;0;Siglistorf;4319;AG;2670918.028;1266545.817;de
Tegerfelden;5306;0;Tegerfelden;4320;AG;2664054.537;1267714.606;de
Wislikofen;5463;0;Zurzach;4324;AG;2669555.135;1267825.975;de
Bad Zurzach;5330;0;Zurzach;4324;AG;2664447.893;1270505.279;de
Arbon;9320;0;Arbon;4401;TG;2750505.575;1264637.449;de
Frasnacht;9320;2;Arbon;4401;TG;2748130.708;1265922.324;de
Stachen;9320;3;Arbon;4401;TG;2748498.161;1263633.702;de
Dozwil;8582;0;Dozwil;4406;TG;2741541.008;1271179.315;de
Steinebrunn;9314;0;Egnach;4411;TG;2743410.968;1266582.989;de
Neukirch (Egnach);9315;0;Egnach;4411;TG;2745393.562;1266007.134;de
Winden;9315;2;Egnach;4411;TG;2744492.416;1263464.044;de
Egnach;9322;0;Egnach;4411;TG;2746355.507;1267764.535;de
Hefenhofen;8580;7;Hefenhofen;4416;TG;2739986.993;1269889.951;de
Horn;9326;0;Horn;4421;TG;2752540.917;1262310.104;de
Kesswil;8593;0;Kesswil;4426;TG;2741255.329;1273102.089;de
Freidorf TG;9306;0;Roggwil (TG);4431;TG;2747604.232;1261345.874;de
Roggwil TG;9325;0;Roggwil (TG);4431;TG;2747492.190;1262886.494;de
Romanshorn;8590;0;Romanshorn;4436;TG;2745288.391;1270027.335;de
Salmsach;8599;0;Salmsach;4441;TG;2745719.890;1269016.014;de
Sommeri;8580;3;Sommeri;4446;TG;2739318.005;1270141.725;de
Uttwil;8592;0;Uttwil;4451;TG;2743101.388;1272055.419;de
Amriswil;8580;0;Amriswil;4461;TG;2739929.621;1267685.330;de
Hagenwil b. Amriswil;8580;5;Amriswil;4461;TG;2740698.530;1265931.009;de
Biessenhofen;8580;8;Amriswil;4461;TG;2737134.185;1267791.215;de
Schocherswil;8581;0;Amriswil;4461;TG;2737604.510;1266738.233;de
Oberaach;8587;0;Amriswil;4461;TG;2737594.036;1269185.174;de
Bischofszell;9220;0;Bischofszell;4471;TG;2735652.868;1261917.545;de
Schweizersholz;9223;0;Bischofszell;4471;TG;2732766.814;1262703.265;de
Halden;9223;1;Bischofszell;4471;TG;2733400.282;1263006.163;de
Erlen;8586;0;Erlen;4476;TG;2735178.246;1267915.866;de
Kümmertshausen;8586;3;Erlen;4476;TG;2735884.698;1269856.948;de
Riedt b. Erlen;8586;5;Erlen;4476;TG;2733806.525;1267612.376;de
Buchackern;8586;7;Erlen;4476;TG;2735057.630;1266862.489;de
Engishofen;8586;8;Erlen;4476;TG;2736288.750;1268875.375;de
Ennetaach;8586;9;Erlen;4476;TG;2733781.985;1268008.814;de
Hauptwil;9213;0;Hauptwil-Gottshaus;4486;TG;2736755.498;1260454.129;de
Wilen (Gottshaus);9225;0;Hauptwil-Gottshaus;4486;TG;2738974.609;1261974.093;de
St. Pelagiberg;9225;1;Hauptwil-Gottshaus;4486;TG;2740454.333;1261489.594;de
Heldswil;9216;0;Hohentannen;4495;TG;2734218.401;1265892.858;de
Hohentannen;9216;2;Hohentannen;4495;TG;2734461.825;1263658.600;de
Kradolf;9214;2;Kradolf-Schönenberg;4501;TG;2732741.601;1265313.687;de
Schönenberg an der Thur;9215;0;Kradolf-Schönenberg;4501;TG;2732559.824;1264885.137;de
Buhwil;9215;2;Kradolf-Schönenberg;4501;TG;2730094.776;1265475.566;de
Neukirch an der Thur;9217;0;Kradolf-Schönenberg;4501;TG;2730486.834;1263624.511;de
Sulgen;8583;0;Sulgen;4506;TG;2731379.758;1267274.919;de
Götighofen;8583;1;Sulgen;4506;TG;2733817.317;1266446.475;de
Donzhausen;8583;2;Sulgen;4506;TG;2732281.225;1268533.637;de
Zihlschlacht;8588;0;Zihlschlacht-Sitterdorf;4511;TG;2736998.080;1264979.473;de
Sitterdorf;8589;0;Zihlschlacht-Sitterdorf;4511;TG;2736339.716;1263133.438;de
Basadingen;8254;0;Basadingen-Schlattingen;4536;TG;2697989.834;1280923.680;de
Schlattingen;8255;0;Basadingen-Schlattingen;4536;TG;2700014.314;1280428.964;de
Diessenhofen;8253;0;Diessenhofen;4545;TG;2698354.677;1282975.994;de
Willisdorf;8253;2;Diessenhofen;4545;TG;2697583.771;1281693.969;de
Schlatt TG;8252;0;Schlatt (TG);4546;TG;2694961.408;1279756.843;de
Aadorf;8355;0;Aadorf;4551;TG;2709949.404;1261088.458;de
Ettenhausen TG;8356;0;Aadorf;4551;TG;2710021.801;1259647.028;de
Guntershausen b. Aadorf;8357;0;Aadorf;4551;TG;2711429.369;1259214.749;de
Häuslenen;8522;0;Aadorf;4551;TG;2710301.639;1265047.061;de
Aawangen;8522;2;Aadorf;4551;TG;2710074.887;1263407.199;de
Wittenwil;9547;0;Aadorf;4551;TG;2712002.479;1262572.063;de
Felben-Wellhausen;8552;0;Felben-Wellhausen;4561;TG;2713154.064;1270662.781;de
Frauenfeld;8500;0;Frauenfeld;4566;TG;2709858.174;1268274.648;de
Gerlikon;8500;4;Frauenfeld;4566;TG;2708404.565;1266138.409;de
Islikon;8546;0;Gachnang;4571;TG;2705916.416;1267286.656;de
Kefikon TG;8546;2;Gachnang;4571;TG;2705012.168;1267553.972;de
Gachnang;8547;0;Gachnang;4571;TG;2706345.855;1266192.573;de
Harenwilen;8553;2;Hüttlingen;4590;TG;2717514.604;1270102.769;de
Mettendorf TG;8553;3;Hüttlingen;4590;TG;2715197.863;1270756.775;de
Hüttlingen;8553;4;Hüttlingen;4590;TG;2716057.555;1270694.040;de
Eschikofen;8553;5;Hüttlingen;4590;TG;2717821.500;1271074.625;de
Matzingen;9548;0;Matzingen;4591;TG;2712515.329;1264333.957;de
Niederneunforn;8525;0;Neunforn;4601;TG;2700737.454;1272474.405;de
Oberneunforn;8526;0;Neunforn;4601;TG;2699870.973;1273652.196;de
Stettfurt;9507;0;Stettfurt;4606;TG;2714117.082;1264860.930;de
Thundorf;8512;0;Thundorf;4611;TG;2714787.469;1267224.083;de
Lustdorf;8512;2;Thundorf;4611;TG;2716495.157;1267782.271;de
Wetzikon TG;8512;3;Thundorf;4611;TG;2717640.540;1266412.790;de
Uesslingen;8524;0;Uesslingen-Buch;4616;TG;2705172.168;1270911.031;de
Buch b. Frauenfeld;8524;2;Uesslingen-Buch;4616;TG;2705228.551;1273020.810;de
Warth;8532;0;Warth-Weiningen;4621;TG;2707958.479;1271378.073;de
Weiningen TG;8532;2;Warth-Weiningen;4621;TG;2709263.634;1271895.019;de
Altnau;8595;0;Altnau;4641;TG;2736770.804;1274623.784;de
Bottighofen;8598;0;Bottighofen;4643;TG;2733352.209;1278190.480;de
Ermatingen;8272;0;Ermatingen;4646;TG;2723302.563;1281204.586;de
Triboltingen;8273;0;Ermatingen;4646;TG;2725376.053;1280372.136;de
Gottlieben;8274;2;Gottlieben;4651;TG;2727308.396;1280615.334;de
Güttingen;8594;0;Güttingen;4656;TG;2738941.128;1274074.023;de
Hugelshofen;8565;0;Kemmental;4666;TG;2726073.712;1273354.361;de
Neuwilen;8566;0;Kemmental;4666;TG;2727465.667;1275745.300;de
Dotnacht;8566;2;Kemmental;4666;TG;2728031.907;1273557.780;de
Ellighausen;8566;4;Kemmental;4666;TG;2727581.631;1275042.427;de
Lippoldswilen;8566;5;Kemmental;4666;TG;2725768.125;1274696.271;de
Siegershausen;8573;0;Kemmental;4666;TG;2730055.780;1274834.701;de
Alterswilen;8573;2;Kemmental;4666;TG;2729046.368;1274629.920;de
Altishausen;8573;3;Kemmental;4666;TG;2730250.674;1273723.622;de
Kreuzlingen;8280;0;Kreuzlingen;4671;TG;2730330.166;1278554.230;de
Langrickenbach;8585;4;Langrickenbach;4681;TG;2736057.250;1271854.875;de
Zuben;8585;5;Langrickenbach;4681;TG;2735189.901;1274440.076;de
Schönenbaumgarten;8585;7;Langrickenbach;4681;TG;2734734.075;1275285.802;de
Herrenhof;8585;8;Langrickenbach;4681;TG;2735727.625;1273470.750;de
Illighausen;8574;1;Lengwil;4683;TG;2732961.778;1274057.978;de
Oberhofen TG;8574;2;Lengwil;4683;TG;2732026.331;1275699.794;de
Lengwil;8574;3;Lengwil;4683;TG;2732939.820;1275365.631;de
Lengwil;8574;3;Lengwil;4683;TG;2731641.209;1276491.019;de
Dettighofen (Lengwil);8574;4;Lengwil;4683;TG;2732446.373;1275931.840;de
Scherzingen;8596;0;Münsterlingen;4691;TG;2734116.679;1277227.818;de
Münsterlingen;8596;1;Münsterlingen;4691;TG;2735006.343;1277186.880;de
Landschlacht;8597;0;Münsterlingen;4691;TG;2735744.098;1276555.319;de
Tägerwilen;8274;0;Tägerwilen;4696;TG;2727560.177;1279627.356;de
Hefenhausen;8564;0;Wäldi;4701;TG;2722210.574;1275186.292;de
Engwilen;8564;2;Wäldi;4701;TG;2724566.033;1275366.400;de
Sonterswil;8564;3;Wäldi;4701;TG;2723242.713;1275754.838;de
Wäldi;8564;4;Wäldi;4701;TG;2724420.025;1277249.700;de
Lipperswil;8564;5;Wäldi;4701;TG;2721371.366;1275291.533;de
Hattenhausen;8564;7;Wäldi;4701;TG;2722376.697;1276049.697;de
Gunterswilen;8564;8;Wäldi;4701;TG;2723087.661;1277388.566;de
Affeltrangen;9556;0;Affeltrangen;4711;TG;2719841.766;1265131.917;de
Zezikon;9556;2;Affeltrangen;4711;TG;2719142.622;1266101.967;de
Märwil;9562;0;Affeltrangen;4711;TG;2723175.106;1265918.449;de
Buch b. Märwil;9562;2;Affeltrangen;4711;TG;2721905.625;1266471.750;de
Bettwiesen;9553;0;Bettwiesen;4716;TG;2719665.511;1261570.649;de
Balterswil;8362;0;Bichelsee-Balterswil;4721;TG;2713038.555;1256898.487;de
Bichelsee;8363;0;Bichelsee-Balterswil;4721;TG;2711814.063;1256638.720;de
Braunau;9502;0;Braunau;4723;TG;2722995.021;1262716.583;de
Eschlikon TG;8360;0;Eschlikon;4724;TG;2715018.083;1258316.793;de
Wallenwil;8360;2;Eschlikon;4724;TG;2714380.136;1257092.507;de
Dussnang;8374;0;Fischingen;4726;TG;2714954.934;1254389.377;de
Oberwangen TG;8374;2;Fischingen;4726;TG;2715776.900;1254358.738;de
Fischingen;8376;0;Fischingen;4726;TG;2715436.039;1252413.579;de
Au TG;8376;2;Fischingen;4726;TG;2714362.475;1250761.236;de
Lommis;9506;0;Lommis;4741;TG;2717446.436;1264081.481;de
Weingarten-Kalthäusern;9508;0;Lommis;4741;TG;2716003.383;1264740.812;de
Münchwilen TG;9542;0;Münchwilen (TG);4746;TG;2717610.584;1259941.750;de
St. Margarethen TG;9543;0;Münchwilen (TG);4746;TG;2717754.757;1260699.618;de
Rickenbach b. Wil;9532;0;Rickenbach (TG);4751;TG;2721683.584;1256577.205;de
Schönholzerswilen;8577;0;Schönholzerswilen;4756;TG;2728213.002;1264307.129;de
Sirnach;8370;0;Sirnach;4761;TG;2717534.361;1257972.829;de
Busswil TG;8371;0;Sirnach;4761;TG;2718929.631;1257039.084;de
Wiezikon b. Sirnach;8372;0;Sirnach;4761;TG;2716733.579;1256660.612;de
Littenheid;9573;0;Sirnach;4761;TG;2718428.510;1255621.906;de
Tägerschen;9554;0;Tobel-Tägerschen;4776;TG;2719845.096;1263014.160;de
Tobel;9555;0;Tobel-Tägerschen;4776;TG;2720355.150;1263898.557;de
Wängi;9545;0;Wängi;4781;TG;2714203.175;1262220.342;de
Tuttwil;9546;0;Wängi;4781;TG;2713033.062;1260246.826;de
Wilen b. Wil;9535;0;Wilen (TG);4786;TG;2720336.695;1256866.611;de
Wuppenau;9514;0;Wuppenau;4791;TG;2725443.593;1261835.554;de
Hosenruck;9515;0;Wuppenau;4791;TG;2726890.821;1261316.020;de
Berlingen;8267;0;Berlingen;4801;TG;2718478.394;1281616.731;de
Eschenz;8264;0;Eschenz;4806;TG;2707924.290;1278309.241;de
Lanzenneunforn;8506;0;Herdern;4811;TG;2712699.604;1275813.153;de
Herdern;8535;0;Herdern;4811;TG;2710605.552;1273717.347;de
Hörhausen;8507;0;Homburg;4816;TG;2715082.229;1276842.484;de
Homburg;8508;0;Homburg;4816;TG;2717972.954;1277233.295;de
Hüttwilen;8536;0;Hüttwilen;4821;TG;2707866.156;1274122.376;de
Nussbaumen TG;8537;0;Hüttwilen;4821;TG;2704545.802;1276083.894;de
Uerschhausen;8537;2;Hüttwilen;4821;TG;2703693.427;1274133.793;de
Mammern;8265;0;Mammern;4826;TG;2711075.208;1278287.208;de
Müllheim Dorf;8555;0;Müllheim;4831;TG;2718195.990;1273681.959;de
Pfyn;8505;0;Pfyn;4841;TG;2714523.059;1272631.658;de
Dettighofen;8505;2;Pfyn;4841;TG;2713563.937;1275100.677;de
Raperswilen;8558;0;Raperswilen;4846;TG;2720530.548;1276963.355;de
Mannenbach-Salenstein;8268;0;Salenstein;4851;TG;2721220.000;1281582.375;de
Salenstein;8268;2;Salenstein;4851;TG;2721669.701;1281065.786;de
Fruthwilen;8269;0;Salenstein;4851;TG;2722266.567;1280176.917;de
Steckborn;8266;0;Steckborn;4864;TG;2716022.976;1280709.626;de
Kaltenbach;8259;0;Wagenhausen;4871;TG;2705489.039;1278996.069;de
Etzwilen;8259;2;Wagenhausen;4871;TG;2703628.717;1279866.296;de
Rheinklingen;8259;3;Wagenhausen;4871;TG;2702784.896;1281385.268;de
Wagenhausen;8259;4;Wagenhausen;4871;TG;2705877.335;1279951.428;de
Amlikon-Bissegg;8514;0;Amlikon-Bissegg;4881;TG;2721147.513;1269598.971;de
Berg TG;8572;0;Berg (TG);4891;TG;2732230.156;1273339.000;de
Berg TG;8572;0;Berg (TG);4891;TG;2729893.813;1271146.837;de
Andhausen;8572;2;Berg (TG);4891;TG;2730980.975;1271154.326;de
Graltshausen;8572;3;Berg (TG);4891;TG;2731140.110;1273144.499;de
Guntershausen b. Berg;8572;4;Berg (TG);4891;TG;2731665.496;1270523.232;de
Mauren TG;8576;0;Berg (TG);4891;TG;2728910.156;1269832.063;de
Mattwil;8585;1;Birwinken;4901;TG;2732989.831;1271161.159;de
Happerswil;8585;2;Birwinken;4901;TG;2734223.672;1271203.770;de
Birwinken;8585;9;Birwinken;4901;TG;2732297.521;1271676.688;de
Klarsreuti;8585;10;Birwinken;4901;TG;2733471.250;1272290.250;de
Andwil TG;8586;2;Birwinken;4901;TG;2733726.169;1269849.834;de
Buch b. Kümmertshausen;8586;10;Birwinken;4901;TG;2735163.500;1270476.625;de
Bürglen TG;8575;0;Bürglen (TG);4911;TG;2729140.433;1267688.574;de
Istighofen;8575;1;Bürglen (TG);4911;TG;2728732.939;1266983.917;de
Leimbach TG;8584;0;Bürglen (TG);4911;TG;2731646.351;1269287.356;de
Opfershofen TG;8584;1;Bürglen (TG);4911;TG;2730433.551;1269186.010;de
Stehrenberg;9503;0;Bussnang;4921;TG;2724243.916;1264915.341;de
Lanterswil;9503;2;Bussnang;4921;TG;2724862.328;1264655.859;de
Friltschen;9504;0;Bussnang;4921;TG;2723966.572;1266622.408;de
Mettlen;9517;0;Bussnang;4921;TG;2726624.688;1266046.387;de
Bussnang;9565;0;Bussnang;4921;TG;2723676.724;1268751.979;de
Oberbussnang;9565;2;Bussnang;4921;TG;2724093.833;1267696.886;de
Oppikon;9565;3;Bussnang;4921;TG;2722117.084;1267927.880;de
Schmidshof;9565;4;Bussnang;4921;TG;2721639.104;1267372.839;de
Rothenhausen;9565;5;Bussnang;4921;TG;2725268.416;1267838.000;de
Märstetten;8560;0;Märstetten;4941;TG;2722639.932;1272744.583;de
Ottoberg;8561;0;Märstetten;4941;TG;2723875.963;1272037.439;de
Weinfelden;8570;0;Weinfelden;4946;TG;2725859.167;1269936.959;de
Müllheim-Wigoltingen;8554;0;Wigoltingen;4951;TG;2718612.729;1272018.427;de
Bonau;8554;3;Wigoltingen;4951;TG;2720791.764;1271448.338;de
Wigoltingen;8556;0;Wigoltingen;4951;TG;2719754.842;1272886.641;de
Engwang;8556;2;Wigoltingen;4951;TG;2721382.817;1273393.200;de
Illhart;8556;3;Wigoltingen;4951;TG;2720246.854;1275373.260;de
Lamperswil TG;8556;4;Wigoltingen;4951;TG;2720306.950;1274690.442;de
Wagerswil;8564;6;Wigoltingen;4951;TG;2722229.313;1274280.604;de
Arbedo;6517;0;Arbedo-Castione;5001;TI;2724070.338;1119307.871;it
Castione;6532;0;Arbedo-Castione;5001;TI;2724110.958;1120800.030;it
Bellinzona;6500;0;Bellinzona;5002;TI;2723262.977;1117423.983;it
Bellinzona;6503;0;Bellinzona;5002;TI;2721042.228;1118669.765;it
Giubiasco;6512;0;Bellinzona;5002;TI;2720834.425;1114811.954;it
Monte Carasso;6513;0;Bellinzona;5002;TI;2720317.408;1116263.945;it
Sementina;6514;0;Bellinzona;5002;TI;2719531.378;1115799.564;it
Gudo;6515;0;Bellinzona;5002;TI;2716790.181;1114889.289;it
Gorduno;6518;0;Bellinzona;5002;TI;2722976.937;1119627.394;it
Preonzo;6523;0;Bellinzona;5002;TI;2720529.243;1124763.546;it
Moleno;6524;0;Bellinzona;5002;TI;2719858.814;1125317.438;it
Gnosca;6525;0;Bellinzona;5002;TI;2722017.649;1121502.728;it
Camorino;6528;0;Bellinzona;5002;TI;2721088.692;1113674.427;it
Pianezzo;6582;0;Bellinzona;5002;TI;2722878.896;1114375.895;it
S. Antonio (Val Morobbia);6583;0;Bellinzona;5002;TI;2725318.087;1114381.096;it
Carena;6584;0;Bellinzona;5002;TI;2727167.500;1114369.286;it
Claro;6702;0;Bellinzona;5002;TI;2722260.104;1123678.699;it
Cadenazzo;6593;0;Cadenazzo;5003;TI;2716922.690;1111964.708;it
Robasacco;6599;0;Cadenazzo;5003;TI;2716050.653;1111245.583;it
Isone;6810;0;Isone;5009;TI;2719531.933;1109779.964;it
Lumino;6533;0;Lumino;5010;TI;2725537.029;1121183.379;it
S. Antonino;6592;0;Sant'Antonino;5017;TI;2718971.460;1112493.921;it
Dongio;6715;0;Acquarossa;5048;TI;2716560.726;1143979.273;it
Acquarossa;6716;0;Acquarossa;5048;TI;2715114.159;1146054.395;it
Leontica;6716;2;Acquarossa;5048;TI;2713984.071;1146397.494;it
Lottigna;6716;3;Acquarossa;5048;TI;2715560.253;1147590.408;it
Motto (Blenio);6721;2;Acquarossa;5048;TI;2717801.711;1143078.948;it
Corzoneso;6722;0;Acquarossa;5048;TI;2714917.625;1144956.538;it
Prugiasco;6723;0;Acquarossa;5048;TI;2714698.390;1146669.236;it
Castro;6723;2;Acquarossa;5048;TI;2714319.424;1147775.541;it
Marolta;6723;3;Acquarossa;5048;TI;2713818.868;1148588.025;it
Ponto Valentino;6724;0;Acquarossa;5048;TI;2714935.281;1149062.928;it
Largario;6724;2;Acquarossa;5048;TI;2715356.258;1150343.210;it
Dangio;6717;0;Blenio;5049;TI;2716255.203;1150328.810;it
Torre;6717;1;Blenio;5049;TI;2716339.039;1149561.511;it
Olivone;6718;0;Blenio;5049;TI;2715295.755;1154263.159;it
Camperio;6718;1;Blenio;5049;TI;2712642.844;1153637.878;it
Aquila;6719;0;Blenio;5049;TI;2720436.314;1160157.741;it
Aquila;6719;0;Blenio;5049;TI;2715867.910;1151401.675;it
Campo (Blenio);6720;0;Blenio;5049;TI;2714863.045;1157143.020;it
Ghirone;6720;2;Blenio;5049;TI;2715480.568;1157717.554;it
Malvaglia;6713;0;Serravalle;5050;TI;2718800.423;1140311.194;it
Semione;6714;0;Serravalle;5050;TI;2717880.466;1140746.015;it
Ludiano;6721;0;Serravalle;5050;TI;2717668.738;1142107.918;it
Airolo;6780;0;Airolo;5061;TI;2689808.343;1153758.969;it
Madrano;6780;2;Airolo;5061;TI;2691375.083;1153564.916;it
Villa Bedretto;6781;1;Bedretto;5063;TI;2683393.431;1151540.196;it
Bedretto;6781;4;Bedretto;5063;TI;2682361.584;1151095.426;it
Bodio TI;6743;0;Bodio;5064;TI;2713333.428;1137475.044;it
Dalpe;6774;0;Dalpe;5071;TI;2702639.313;1147728.218;it
Lavorgo;6746;0;Faido;5072;TI;2707754.438;1144340.188;it
Calonico;6746;1;Faido;5072;TI;2707754.818;1145339.906;it
Nivo;6746;2;Faido;5072;TI;2707874.625;1143722.406;it
Chironico;6747;0;Faido;5072;TI;2708016.334;1142272.250;it
Anzonico;6748;0;Faido;5072;TI;2709456.679;1143244.341;it
Sobrio;6749;0;Faido;5072;TI;2712510.973;1139783.054;it
Cavagnago;6749;1;Faido;5072;TI;2710916.411;1141258.415;it
Faido;6760;0;Faido;5072;TI;2704375.883;1148401.671;it
Molare;6760;1;Faido;5072;TI;2706856.480;1149260.913;it
Calpiogna;6760;2;Faido;5072;TI;2704940.580;1149316.813;it
Campello;6760;3;Faido;5072;TI;2705956.478;1149330.238;it
Carì;6760;4;Faido;5072;TI;2706161.158;1150141.633;it
Rossura;6760;5;Faido;5072;TI;2706471.759;1148054.559;it
Osco;6763;0;Faido;5072;TI;2703068.589;1150007.665;it
Mairengo;6763;1;Faido;5072;TI;2703585.791;1149365.588;it
Chiggiogna;6764;0;Faido;5072;TI;2706278.996;1147186.835;it
Giornico;6745;0;Giornico;5073;TI;2710463.970;1139726.929;it
Personico;6744;0;Personico;5076;TI;2713936.551;1136527.356;it
Pollegio;6742;0;Pollegio;5077;TI;2715645.961;1136000.800;it
Rodi-Fiesso;6772;0;Prato (Leventina);5078;TI;2699609.871;1149775.535;it
Prato (Leventina);6773;0;Prato (Leventina);5078;TI;2701197.631;1148794.499;it
Ambrì;6775;0;Quinto;5079;TI;2696427.979;1151640.335;it
Piotta;6776;0;Quinto;5079;TI;2694592.175;1152155.419;it
Quinto;6777;0;Quinto;5079;TI;2697679.340;1151867.899;it
Varenzo;6777;1;Quinto;5079;TI;2698687.954;1151004.271;it
Ascona;6612;0;Ascona;5091;TI;2702690.171;1112364.261;it
Brione sopra Minusio;6645;0;Brione sopra Minusio;5096;TI;2706228.531;1115548.384;it
Brissago;6614;0;Brissago;5097;TI;2698342.908;1108254.925;it
Isole di Brissago;6614;2;Brissago;5097;TI;2700202.250;1109802.125;it
Gordola;6596;0;Gordola;5108;TI;2710157.296;1115195.549;it
Riazzino;6595;0;Lavertezzo;5112;TI;2711916.541;1115131.135;it
Locarno;6600;0;Locarno;5113;TI;2703692.758;1116372.225;it
Locarno;6600;0;Locarno;5113;TI;2705543.097;1113004.753;it
Solduno;6600;4;Locarno;5113;TI;2703489.158;1114169.530;it
Locarno;6605;0;Locarno;5113;TI;2703393.860;1115726.451;it
Losone;6616;0;Losone;5115;TI;2702024.050;1113954.895;it
Arcegno;6618;0;Losone;5115;TI;2700737.394;1113161.554;it
Mergoscia;6647;0;Mergoscia;5117;TI;2708780.100;1118666.253;it
Minusio;6648;0;Minusio;5118;TI;2706129.974;1114845.800;it
Muralto;6600;2;Muralto;5120;TI;2705538.675;1114387.666;it
Orselina;6644;0;Orselina;5121;TI;2705132.538;1115204.450;it
Porto Ronco;6613;0;Ronco sopra Ascona;5125;TI;2699496.876;1110682.989;it
Ronco sopra Ascona;6622;0;Ronco sopra Ascona;5125;TI;2699506.041;1111105.622;it
Tenero;6598;0;Tenero-Contra;5131;TI;2708858.748;1115398.699;it
Contra;6646;0;Tenero-Contra;5131;TI;2708207.476;1116191.026;it
Mosogno;6611;13;Onsernone;5136;TI;2692661.184;1117083.271;it
Gresso;6611;16;Onsernone;5136;TI;2690838.009;1119958.174;it
Crana;6611;17;Onsernone;5136;TI;2690550.040;1117574.630;it
Loco;6661;0;Onsernone;5136;TI;2695182.876;1117524.794;it
Auressio;6661;2;Onsernone;5136;TI;2696160.533;1117444.496;it
Berzona;6661;3;Onsernone;5136;TI;2694438.569;1117773.479;it
Russo;6662;0;Onsernone;5136;TI;2691356.159;1117429.754;it
Comologno;6663;0;Onsernone;5136;TI;2687850.193;1117546.591;it
Spruga;6663;2;Onsernone;5136;TI;2687219.739;1117262.711;it
Vergeletto;6664;0;Onsernone;5136;TI;2689770.479;1120163.405;it
Cugnasco;6516;0;Cugnasco-Gerra;5138;TI;2714201.338;1114711.165;it
Agarone;6597;0;Cugnasco-Gerra;5138;TI;2713293.642;1115166.621;it
Agno;6982;0;Agno;5141;TI;2713038.045;1095062.036;it
Cassina d'Agno;6990;0;Agno;5141;TI;2712691.165;1094334.101;it
Aranno;6994;0;Aranno;5143;TI;2711089.250;1097277.313;it
Arogno;6822;0;Arogno;5144;TI;2720160.098;1090965.298;it
Pugerna;6823;0;Arogno;5144;TI;2719358.205;1093085.499;it
Astano;6999;0;Astano;5146;TI;2706696.899;1096619.432;it
Bedano;6930;0;Bedano;5148;TI;2714602.784;1101061.469;it
Bedigliora;6981;11;Bedigliora;5149;TI;2708746.215;1095528.244;it
Bedigliora;6981;11;Bedigliora;5149;TI;2707642.750;1097641.563;it
Banco;6981;16;Bedigliora;5149;TI;2708797.165;1096418.385;it
Beride di Bedigliora;6981;17;Bedigliora;5149;TI;2708019.809;1095462.961;it
Bioggio;6934;0;Bioggio;5151;TI;2713852.666;1096945.675;it
Bosco Luganese;6935;0;Bioggio;5151;TI;2713844.141;1098270.308;it
Cimo;6992;1;Bioggio;5151;TI;2712419.626;1095546.000;it
Iseo;6993;0;Bioggio;5151;TI;2711829.068;1095814.210;it
Bissone;6816;0;Bissone;5154;TI;2718301.224;1090005.894;it
Brusino Arsizio;6827;0;Brusino Arsizio;5160;TI;2716284.738;1087471.440;it
Serpiano;6867;0;Brusino Arsizio;5160;TI;2715637.214;1085567.749;it
Cademario;6936;0;Cademario;5161;TI;2712571.448;1097837.916;it
Cadempino;6814;3;Cadempino;5162;TI;2715813.048;1099124.889;it
Canobbio;6952;0;Canobbio;5167;TI;2718455.144;1099167.640;it
Caslano;6987;0;Caslano;5171;TI;2711986.959;1092184.281;it
Comano;6949;0;Comano;5176;TI;2717398.609;1099406.360;it
Cureglia;6944;0;Cureglia;5180;TI;2716581.808;1099508.138;it
Bombinasco;6981;15;Curio;5181;TI;2708026.281;1096792.875;it
Curio;6986;3;Curio;5181;TI;2710339.406;1095442.432;it
Grancia;6916;0;Grancia;5186;TI;2715517.000;1091697.989;it
Gravesano;6929;0;Gravesano;5187;TI;2714414.020;1100100.099;it
Lamone;6814;2;Lamone;5189;TI;2715538.743;1100300.520;it
Lugano;6900;0;Lugano;5192;TI;2716805.890;1095994.216;it
Pazzallo;6912;0;Lugano;5192;TI;2716579.190;1093688.546;it
Carabbia;6913;0;Lugano;5192;TI;2716074.081;1092324.385;it
Carona;6914;0;Lugano;5192;TI;2716043.446;1090681.972;it
Pambio-Noranco;6915;0;Lugano;5192;TI;2715642.901;1093867.156;it
Barbengo;6917;0;Lugano;5192;TI;2714352.823;1090704.830;it
Figino;6918;0;Lugano;5192;TI;2713773.959;1089853.228;it
Breganzona;6932;0;Lugano;5192;TI;2715219.610;1096312.235;it
Insone;6951;8;Lugano;5192;TI;2723060.360;1105086.421;it
Scareglia;6951;17;Lugano;5192;TI;2723521.764;1105555.611;it
Colla;6951;18;Lugano;5192;TI;2724947.641;1105797.758;it
Bogno;6951;19;Lugano;5192;TI;2725603.023;1105513.583;it
Cozzo;6951;20;Lugano;5192;TI;2725534.500;1106372.063;it
Signôra;6951;23;Lugano;5192;TI;2724353.784;1105814.849;it
Maglio di Colla;6959;0;Lugano;5192;TI;2724529.414;1105401.584;it
Certara;6959;2;Lugano;5192;TI;2725319.824;1105030.785;it
Curtina;6959;3;Lugano;5192;TI;2722605.914;1104596.560;it
Cimadera;6959;4;Lugano;5192;TI;2724329.656;1104310.476;it
Piandera Paese;6959;5;Lugano;5192;TI;2723227.625;1104340.000;it
Piandera Paese;6959;5;Lugano;5192;TI;2723855.301;1104741.526;it
Viganello;6962;0;Lugano;5192;TI;2718386.125;1096651.025;it
Pregassona;6963;0;Lugano;5192;TI;2718702.583;1097838.479;it
Cureggia;6963;2;Lugano;5192;TI;2719713.250;1097760.063;it
Davesco-Soragno;6964;0;Lugano;5192;TI;2719362.729;1099362.200;it
Cadro;6965;0;Lugano;5192;TI;2720072.436;1100426.314;it
Villa Luganese;6966;0;Lugano;5192;TI;2720565.843;1101477.845;it
Dino;6967;0;Lugano;5192;TI;2719620.036;1101355.476;it
Sonvico;6968;0;Lugano;5192;TI;2720112.116;1101892.155;it
Aldesago;6974;0;Lugano;5192;TI;2719302.208;1096412.916;it
Castagnola;6976;0;Lugano;5192;TI;2719246.083;1095698.093;it
Ruvigliana;6977;0;Lugano;5192;TI;2719095.163;1095889.488;it
Gandria;6978;0;Lugano;5192;TI;2721131.281;1096081.333;it
Brè sopra Lugano;6979;0;Lugano;5192;TI;2720802.885;1096905.729;it
Magliaso;6983;0;Magliaso;5193;TI;2712052.187;1093273.428;it
Manno;6928;0;Manno;5194;TI;2714585.023;1099181.713;it
Maroggia;6817;0;Maroggia;5195;TI;2718672.156;1088271.281;it
Massagno;6900;5;Massagno;5196;TI;2716528.375;1096801.500;it
Melano;6818;0;Melano;5197;TI;2720081.469;1086459.214;it
Melide;6815;0;Melide;5198;TI;2717108.825;1090367.681;it
Mezzovico;6805;0;Mezzovico-Vira;5199;TI;2714182.631;1105324.045;it
Mezzovico;6805;0;Mezzovico-Vira;5199;TI;2710961.375;1104880.250;it
Miglieglia;6986;2;Miglieglia;5200;TI;2709851.719;1098088.758;it
Morcote;6922;0;Morcote;5203;TI;2714476.326;1086804.646;it
Muzzano;6933;0;Muzzano;5205;TI;2714943.260;1095175.469;it
Neggio;6991;0;Neggio;5206;TI;2711642.445;1093875.399;it
Novaggio;6986;0;Novaggio;5207;TI;2709779.001;1096396.550;it
Origlio;6945;0;Origlio;5208;TI;2716537.633;1101425.780;it
Paradiso;6900;9;Paradiso;5210;TI;2716827.444;1094194.453;it
Ponte Capriasca;6946;0;Ponte Capriasca;5212;TI;2716903.541;1102298.718;it
Ponte Capriasca;6946;0;Ponte Capriasca;5212;TI;2725768.250;1109369.000;it
Porza;6948;0;Porza;5214;TI;2717377.234;1098438.059;it
Pura;6984;0;Pura;5216;TI;2710825.130;1093730.193;it
Rovio;6821;0;Rovio;5219;TI;2720111.969;1088001.045;it
Capolago;6825;0;Rovio;5219;TI;2722548.500;1087498.688;it
Savosa;6942;0;Savosa;5221;TI;2717145.531;1098042.900;it
Sorengo;6924;0;Sorengo;5225;TI;2715905.050;1095414.112;it
Taverne;6807;0;Capriasca;5226;TI;2715788.558;1103439.820;it
Vaglio;6947;0;Capriasca;5226;TI;2717462.090;1102276.131;it
Tesserete;6950;0;Capriasca;5226;TI;2718127.405;1102938.980;it
Lugaggia;6953;0;Capriasca;5226;TI;2718647.973;1102366.456;it
Sala Capriasca;6954;0;Capriasca;5226;TI;2717471.444;1102666.910;it
Bigorio;6954;1;Capriasca;5226;TI;2717541.344;1103247.438;it
Cagiallo;6955;0;Capriasca;5226;TI;2718735.171;1102807.623;it
Oggio;6955;1;Capriasca;5226;TI;2719715.250;1103376.125;it
Lopagno;6956;0;Capriasca;5226;TI;2719015.790;1103087.170;it
Roveredo TI;6957;0;Capriasca;5226;TI;2719502.098;1103642.763;it
Bidogno;6958;0;Capriasca;5226;TI;2720763.140;1104186.513;it
Corticiasca;6958;2;Capriasca;5226;TI;2722032.250;1105171.063;it
Corticiasca;6958;2;Capriasca;5226;TI;2721833.694;1104340.306;it
Odogno;6960;0;Capriasca;5226;TI;2718432.551;1104576.800;it
Taverne;6807;0;Torricella-Taverne;5227;TI;2715733.923;1102792.811;it
Torricella;6808;0;Torricella-Taverne;5227;TI;2714790.265;1102776.498;it
Vernate;6992;0;Vernate;5230;TI;2712194.155;1094725.534;it
Vezia;6943;0;Vezia;5231;TI;2716028.823;1097988.235;it
Vico Morcote;6921;0;Vico Morcote;5233;TI;2715095.461;1087618.244;it
Carabietta;6919;0;Collina d'Oro;5236;TI;2713307.065;1091819.344;it
Gentilino;6925;0;Collina d'Oro;5236;TI;2715770.184;1094376.494;it
Montagnola;6926;0;Collina d'Oro;5236;TI;2714580.095;1093365.821;it
Agra;6927;0;Collina d'Oro;5236;TI;2714146.135;1091788.661;it
Breno;6937;0;Alto Malcantone;5237;TI;2710847.061;1098963.700;it
Vezio;6938;0;Alto Malcantone;5237;TI;2711753.581;1100408.824;it
Fescoggia;6938;1;Alto Malcantone;5237;TI;2711353.415;1099793.233;it
Mugena;6939;1;Alto Malcantone;5237;TI;2712358.453;1100727.794;it
Arosio;6939;2;Alto Malcantone;5237;TI;2713126.370;1100635.663;it
Rivera;6802;0;Monteceneri;5238;TI;2714935.097;1109092.458;it
Camignolo;6803;0;Monteceneri;5238;TI;2715954.929;1107172.659;it
Bironico;6804;0;Monteceneri;5238;TI;2715521.213;1108003.764;it
Sigirino;6806;0;Monteceneri;5238;TI;2714143.585;1104298.094;it
Medeglia;6809;0;Monteceneri;5238;TI;2718334.849;1108265.781;it
Castelrotto;6980;0;Tresa;5239;TI;2708395.408;1094442.733;it
Ponte Tresa;6988;0;Tresa;5239;TI;2710045.395;1091889.449;it
Purasca;6989;0;Tresa;5239;TI;2709355.504;1093110.224;it
Madonna del Piano;6995;2;Tresa;5239;TI;2708106.338;1093898.813;it
Sessa;6997;0;Tresa;5239;TI;2706922.660;1095093.803;it
Monteggio;6998;1;Tresa;5239;TI;2706538.975;1094766.244;it
Balerna;6828;0;Balerna;5242;TI;2721915.968;1078768.023;it
Corteglia;6873;0;Castel San Pietro;5249;TI;2720778.284;1080066.530;it
Castel San Pietro;6874;0;Castel San Pietro;5249;TI;2722033.169;1079894.485;it
Monte;6875;0;Castel San Pietro;5249;TI;2723395.779;1082366.013;it
Casima;6875;2;Castel San Pietro;5249;TI;2724079.544;1083373.919;it
Campora;6875;3;Castel San Pietro;5249;TI;2723035.881;1081601.503;it
Chiasso;6830;0;Chiasso;5250;TI;2723408.739;1077163.845;it
Pedrinate;6832;0;Chiasso;5250;TI;2722198.832;1076212.130;it
Seseglio;6832;1;Chiasso;5250;TI;2721284.832;1076227.326;it
Coldrerio;6877;0;Coldrerio;5251;TI;2720184.000;1079169.750;it
Capolago;6825;0;Mendrisio;5254;TI;2719678.159;1084832.800;it
Mendrisio;6850;0;Mendrisio;5254;TI;2720404.519;1081093.842;it
Genestrerio;6852;0;Mendrisio;5254;TI;2718207.356;1079396.304;it
Ligornetto;6853;0;Mendrisio;5254;TI;2717639.166;1080151.453;it
Rancate;6862;0;Mendrisio;5254;TI;2718840.606;1081129.264;it
Besazio;6863;0;Mendrisio;5254;TI;2717499.339;1081310.686;it
Arzo;6864;0;Mendrisio;5254;TI;2716669.224;1081616.296;it
Tremona;6865;0;Mendrisio;5254;TI;2718005.665;1082172.434;it
Meride;6866;0;Mendrisio;5254;TI;2717523.443;1083214.610;it
Salorino;6872;0;Mendrisio;5254;TI;2720661.027;1081413.869;it
Somazzo;6872;1;Mendrisio;5254;TI;2720681.240;1081923.458;it
Morbio Inferiore;6834;0;Morbio Inferiore;5257;TI;2722590.310;1079231.082;it
Novazzano;6883;0;Novazzano;5260;TI;2719857.166;1077837.460;it
Riva San Vitale;6826;0;Riva San Vitale;5263;TI;2718809.376;1085071.930;it
S. Pietro;6854;0;Stabio;5266;TI;2716276.831;1079732.234;it
Stabio;6855;0;Stabio;5266;TI;2716513.995;1078790.355;it
Vacallo;6833;0;Vacallo;5268;TI;2724008.841;1078595.891;it
Morbio Superiore;6835;0;Breggia;5269;TI;2722873.163;1080108.266;it
Caneggio;6837;0;Breggia;5269;TI;2723707.524;1081364.289;it
Bruzella;6837;2;Breggia;5269;TI;2724169.891;1082466.371;it
Muggio;6838;0;Breggia;5269;TI;2724518.370;1084677.304;it
Cabbio;6838;2;Breggia;5269;TI;2724809.389;1084202.045;it
Sagno;6839;0;Breggia;5269;TI;2724466.661;1079657.708;it
Biasca;6710;0;Biasca;5281;TI;2718022.869;1135456.518;it
Prosito;6526;0;Riviera;5287;TI;2719067.288;1126527.196;it
Lodrino;6527;0;Riviera;5287;TI;2718582.756;1128957.200;it
Osogna;6703;0;Riviera;5287;TI;2719272.405;1130272.955;it
Cresciano;6705;0;Riviera;5287;TI;2720682.043;1126688.470;it
Iragna;6707;0;Riviera;5287;TI;2717677.930;1132094.356;it
Bosco/Gurin;6685;0;Bosco/Gurin;5304;TI;2681098.908;1130027.409;de
Niva (Vallemaggia);6683;2;Campo (Vallemaggia);5307;TI;2684179.169;1127222.229;it
Campo (Vallemaggia);6684;0;Campo (Vallemaggia);5307;TI;2681519.333;1126948.858;it
Cimalmotto;6684;1;Campo (Vallemaggia);5307;TI;2680953.539;1126313.125;it
Cerentino;6683;0;Cerentino;5309;TI;2685435.170;1128852.191;it
Cevio;6675;0;Cevio;5310;TI;2689586.094;1130114.728;it
Bignasco;6676;0;Cevio;5310;TI;2690117.646;1132578.368;it
Cavergno;6690;0;Cevio;5310;TI;2689956.451;1133256.043;it
S. Carlo (Val Bavona);6690;1;Cevio;5310;TI;2683743.930;1140295.896;it
Linescio;6682;0;Linescio;5315;TI;2688163.080;1129171.460;it
Maggia;6673;0;Maggia;5317;TI;2697917.540;1122495.976;it
Someo;6674;0;Maggia;5317;TI;2694591.213;1126831.649;it
Riveo;6674;2;Maggia;5317;TI;2692232.010;1127933.088;it
Aurigeno;6677;1;Maggia;5317;TI;2698281.845;1120721.670;it
Moghegno;6677;2;Maggia;5317;TI;2697712.191;1121748.108;it
Giumaglio;6678;0;Maggia;5317;TI;2695863.083;1125512.739;it
Lodano;6678;2;Maggia;5317;TI;2696079.745;1123669.376;it
Coglio;6678;3;Maggia;5317;TI;2696015.033;1124942.691;it
Menzonio;6692;0;Lavizzara;5323;TI;2692527.529;1135132.885;it
Brontallo;6692;1;Lavizzara;5323;TI;2691579.513;1134488.469;it
Broglio;6693;0;Lavizzara;5323;TI;2694050.799;1136911.408;it
Prato-Sornico;6694;0;Lavizzara;5323;TI;2693489.101;1139072.210;it
Peccia;6695;0;Lavizzara;5323;TI;2692995.976;1140258.929;it
Piano di Peccia;6695;1;Lavizzara;5323;TI;2689927.543;1140942.831;it
Fusio;6696;0;Lavizzara;5323;TI;2693855.668;1144489.905;it
Avegno;6670;0;Avegno Gordevio;5324;TI;2700892.496;1118054.230;it
Gordevio;6672;0;Avegno Gordevio;5324;TI;2700261.225;1120169.769;it
Medeglia;6809;0;Comunanza Cadenazzo/Monteceneri;5391;TI;2725167.750;1111201.625;it
Tegna;6652;0;Terre di Pedemonte;5396;TI;2700807.756;1115804.190;it
Verscio;6653;0;Terre di Pedemonte;5396;TI;2699864.063;1115619.339;it
Cavigliano;6654;0;Terre di Pedemonte;5396;TI;2698858.650;1115636.518;it
Intragna;6655;0;Centovalli;5397;TI;2697409.539;1114770.230;it
Verdasio;6655;2;Centovalli;5397;TI;2692490.769;1113293.228;it
Rasa;6655;3;Centovalli;5397;TI;2693930.688;1112347.679;it
Golino;6656;0;Centovalli;5397;TI;2698486.769;1114991.369;it
Palagnedra;6657;0;Centovalli;5397;TI;2692206.258;1112110.400;it
Borgnone;6658;0;Centovalli;5397;TI;2690949.746;1112733.894;it
Camedo;6659;0;Centovalli;5397;TI;2690373.575;1112256.216;it
Moneto;6659;9;Centovalli;5397;TI;2691329.479;1111688.784;it
Indemini;6571;0;Gambarogno;5398;TI;2707304.602;1105720.002;it
Quartino;6572;0;Gambarogno;5398;TI;2712516.625;1112300.016;it
Magadino;6573;0;Gambarogno;5398;TI;2709565.986;1111670.885;it
Vira (Gambarogno);6574;0;Gambarogno;5398;TI;2708355.193;1111301.514;it
S. Nazzaro;6575;0;Gambarogno;5398;TI;2705486.806;1109886.838;it
Vairano;6575;1;Gambarogno;5398;TI;2706015.865;1109881.601;it
Gerra (Gambarogno);6576;0;Gambarogno;5398;TI;2704089.208;1108844.683;it
Ranzo;6577;0;Gambarogno;5398;TI;2703419.170;1108164.409;it
Caviano;6578;0;Gambarogno;5398;TI;2702657.254;1107053.006;it
Piazzogna;6579;0;Gambarogno;5398;TI;2707130.310;1110238.346;it
Contone;6594;0;Gambarogno;5398;TI;2715119.920;1111824.214;it
Corippo;6631;0;Verzasca;5399;TI;2708166.579;1121446.725;it
Vogorno;6632;0;Verzasca;5399;TI;2709559.185;1120010.788;it
Lavertezzo;6633;0;Verzasca;5399;TI;2707743.455;1123823.203;it
Brione (Verzasca);6634;0;Verzasca;5399;TI;2704145.161;1128158.506;it
Gerra (Verzasca);6635;0;Verzasca;5399;TI;2704728.093;1130630.043;it
Frasco;6636;0;Verzasca;5399;TI;2704970.450;1133004.818;it
Sonogno;6637;0;Verzasca;5399;TI;2703724.341;1134050.285;it
Aigle;1860;0;Aigle;5401;VD;2563719.654;1129651.736;fr
Bex;1880;0;Bex;5402;VD;2567131.731;1122287.963;fr
Frenières-sur-Bex;1880;2;Bex;5402;VD;2571686.640;1123407.998;fr
Fenalet-sur-Bex;1880;3;Bex;5402;VD;2568325.490;1124589.575;fr
Les Plans-sur-Bex;1880;4;Bex;5402;VD;2573369.000;1122883.204;fr
Les Posses-sur-Bex;1880;5;Bex;5402;VD;2569886.689;1124426.776;fr
Chessel;1846;0;Chessel;5403;VD;2558094.444;1133279.561;fr
Corbeyrier;1856;0;Corbeyrier;5404;VD;2563345.163;1133318.483;fr
Gryon;1882;0;Gryon;5405;VD;2571029.786;1124743.899;fr
Lavey-Village;1892;0;Lavey-Morcles;5406;VD;2567636.354;1118753.663;fr
Lavey-les-Bains;1892;1;Lavey-Morcles;5406;VD;2567536.305;1117097.463;fr
Morcles;1892;2;Lavey-Morcles;5406;VD;2568967.226;1117584.379;fr
Leysin;1854;0;Leysin;5407;VD;2567194.034;1132339.305;fr
Noville;1845;0;Noville;5408;VD;2558451.925;1136760.133;fr
Ollon VD;1867;0;Ollon;5409;VD;2565778.449;1127399.863;fr
St-Triphon;1867;2;Ollon;5409;VD;2564539.510;1126912.919;fr
Panex;1867;3;Ollon;5409;VD;2567308.915;1128957.920;fr
Villars-sur-Ollon;1884;0;Ollon;5409;VD;2570547.021;1127427.140;fr
Arveyes;1884;2;Ollon;5409;VD;2571014.189;1126448.625;fr
Huémoz;1884;3;Ollon;5409;VD;2568283.476;1126742.601;fr
Chesières;1885;0;Ollon;5409;VD;2569556.274;1127837.740;fr
Les Mosses;1862;0;Ormont-Dessous;5410;VD;2574097.069;1138578.370;fr
La Comballaz;1862;2;Ormont-Dessous;5410;VD;2572201.000;1136265.188;fr
Le Sépey;1863;0;Ormont-Dessous;5410;VD;2570220.428;1134561.031;fr
La Forclaz VD;1866;0;Ormont-Dessous;5410;VD;2571491.781;1133418.733;fr
Vers-l'Eglise;1864;0;Ormont-Dessus;5411;VD;2576371.031;1133632.844;fr
Les Diablerets;1865;0;Ormont-Dessus;5411;VD;2578332.040;1133191.039;fr
Rennaz;1847;0;Rennaz;5412;VD;2559989.619;1136192.185;fr
Roche VD;1852;0;Roche (VD);5413;VD;2560887.369;1134603.841;fr
Villeneuve VD;1844;0;Villeneuve (VD);5414;VD;2560508.488;1138451.348;fr
Yvorne;1853;0;Yvorne;5415;VD;2563208.441;1131168.431;fr
Aubonne;1170;0;Aubonne;5422;VD;2519662.903;1150026.698;fr
Montherod;1174;0;Aubonne;5422;VD;2517642.271;1150283.051;fr
Pizy;1174;2;Aubonne;5422;VD;2516250.625;1149763.125;fr
Ballens;1144;0;Ballens;5423;VD;2518363.555;1156489.185;fr
Berolle;1149;0;Berolle;5424;VD;2515496.028;1156921.750;fr
Bière;1145;0;Bière;5425;VD;2515220.244;1154695.311;fr
Bougy-Villars;1172;0;Bougy-Villars;5426;VD;2516712.098;1148090.448;fr
Féchy;1173;0;Féchy;5427;VD;2517931.555;1148321.418;fr
Gimel;1188;0;Gimel;5428;VD;2513356.211;1151384.086;fr
Longirod;1261;35;Longirod;5429;VD;2509395.541;1149959.523;fr
Marchissy;1261;32;Marchissy;5430;VD;2508529.285;1149129.796;fr
Mollens VD;1146;0;Mollens (VD);5431;VD;2517562.481;1159081.466;fr
St-George;1188;2;Saint-George;5434;VD;2509743.570;1152167.911;fr
St-Livres;1176;0;Saint-Livres;5435;VD;2519259.350;1151215.195;fr
St-Oyens;1187;0;Saint-Oyens;5436;VD;2513291.961;1150348.906;fr
Saubraz;1189;0;Saubraz;5437;VD;2514946.561;1152042.270;fr
Avenches;1580;0;Avenches;5451;VD;2569659.974;1192202.711;fr
Oleyres;1580;2;Avenches;5451;VD;2569453.063;1189200.090;fr
Donatyre;1580;3;Avenches;5451;VD;2570982.770;1191796.569;fr
Cudrefin;1588;0;Cudrefin;5456;VD;2568105.501;1200552.463;fr
Faoug;1595;0;Faoug;5458;VD;2572479.164;1195358.098;fr
Villars-le-Grand;1584;0;Vully-les-Lacs;5464;VD;2565818.304;1195030.804;fr
Salavaux;1585;0;Vully-les-Lacs;5464;VD;2568334.441;1196284.213;fr
Bellerive VD;1585;2;Vully-les-Lacs;5464;VD;2568365.730;1197141.259;fr
Cotterd;1585;3;Vully-les-Lacs;5464;VD;2568552.651;1196805.714;fr
Vallamand;1586;0;Vully-les-Lacs;5464;VD;2569542.183;1197930.159;fr
Montmagny;1587;0;Vully-les-Lacs;5464;VD;2567308.521;1197387.125;fr
Constantine;1587;1;Vully-les-Lacs;5464;VD;2567510.155;1196500.728;fr
Chabrey;1589;0;Vully-les-Lacs;5464;VD;2565178.973;1197427.483;fr
Mur (Vully) VD;1787;2;Vully-les-Lacs;5464;VD;2571170.791;1199389.754;fr
Bettens;1042;4;Bettens;5471;VD;2534036.795;1164195.575;fr
Bournens;1035;0;Bournens;5472;VD;2532970.211;1161769.318;fr
Boussens;1034;0;Boussens;5473;VD;2534426.349;1161745.940;fr
La Chaux (Cossonay);1308;0;La Chaux (Cossonay);5474;VD;2526027.834;1163428.943;fr
Chavannes-le-Veyron;1148;7;Chavannes-le-Veyron;5475;VD;2524359.766;1162105.164;fr
Chevilly;1316;0;Chevilly;5476;VD;2526372.451;1166130.876;fr
Cossonay-Ville;1304;0;Cossonay;5477;VD;2528821.434;1162973.826;fr
Allens;1304;3;Cossonay;5477;VD;2528831.500;1161406.175;fr
Cuarnens;1148;4;Cuarnens;5479;VD;2523393.060;1164270.859;fr
Daillens;1306;0;Daillens;5480;VD;2531843.013;1163637.121;fr
Dizy;1304;2;Dizy;5481;VD;2527842.374;1165361.970;fr
Eclépens;1312;0;Eclépens;5482;VD;2530116.735;1167211.790;fr
Ferreyres;1313;0;Ferreyres;5483;VD;2527045.338;1167904.894;fr
Gollion;1124;0;Gollion;5484;VD;2528703.623;1159753.881;fr
Grancy;1117;0;Grancy;5485;VD;2525322.353;1160515.579;fr
L'Isle;1148;0;L'Isle;5486;VD;2521454.268;1163474.730;fr
Villars-Bozon;1148;3;L'Isle;5486;VD;2520983.609;1162220.306;fr
La Coudre;1148;9;L'Isle;5486;VD;2520691.131;1165837.974;fr
Lussery-Villars;1307;0;Lussery-Villars;5487;VD;2530114.165;1165035.849;fr
Mauraz;1148;2;Mauraz;5488;VD;2522150.728;1162059.200;fr
Mex VD;1031;0;Mex (VD);5489;VD;2532057.456;1158854.234;fr
Moiry VD;1148;8;Moiry;5490;VD;2524596.105;1166840.891;fr
Mont-la-Ville;1148;5;Mont-la-Ville;5491;VD;2521165.899;1166592.143;fr
Montricher;1147;0;Montricher;5492;VD;2518651.448;1161650.598;fr
Orny;1317;0;Orny;5493;VD;2530129.016;1168972.613;fr
Penthalaz;1305;0;Penthalaz;5495;VD;2530343.871;1162961.225;fr
Penthaz;1303;0;Penthaz;5496;VD;2531056.194;1161403.041;fr
Pompaples;1318;0;Pompaples;5497;VD;2529027.284;1168759.555;fr
La Sarraz;1315;0;La Sarraz;5498;VD;2529266.700;1168007.220;fr
Senarclens;1304;4;Senarclens;5499;VD;2527237.409;1161501.860;fr
Sullens;1036;0;Sullens;5501;VD;2533209.991;1160709.063;fr
Vufflens-la-Ville;1302;0;Vufflens-la-Ville;5503;VD;2531028.966;1158806.604;fr
Assens;1042;0;Assens;5511;VD;2537490.620;1162693.136;fr
Bioley-Orjulaz;1042;3;Assens;5511;VD;2535567.694;1163746.066;fr
Bercher;1038;0;Bercher;5512;VD;2544152.040;1171476.071;fr
Bottens;1041;33;Bottens;5514;VD;2540322.680;1163555.861;fr
Bretigny-sur-Morrens;1053;2;Bretigny-sur-Morrens;5515;VD;2538997.091;1161035.594;fr
Cugy VD;1053;0;Cugy (VD);5516;VD;2538877.484;1159530.960;fr
Echallens;1040;0;Echallens;5518;VD;2538398.651;1165819.964;fr
Essertines-sur-Yverdon;1417;0;Essertines-sur-Yverdon;5520;VD;2538786.104;1174441.195;fr
Epautheyres;1417;2;Essertines-sur-Yverdon;5520;VD;2539208.889;1176788.873;fr
Etagnières;1037;0;Etagnières;5521;VD;2536657.056;1161316.196;fr
Fey;1044;0;Fey;5522;VD;2542048.345;1169709.853;fr
Froideville;1055;0;Froideville;5523;VD;2541929.909;1161449.635;fr
Morrens VD;1054;0;Morrens (VD);5527;VD;2537772.366;1160314.195;fr
Oulens-sous-Echallens;1377;0;Oulens-sous-Echallens;5529;VD;2534133.868;1166177.125;fr
Pailly;1416;0;Pailly;5530;VD;2541401.738;1172298.248;fr
Penthéréaz;1375;0;Penthéréaz;5531;VD;2536109.568;1170426.856;fr
Poliez-Pittet;1041;32;Poliez-Pittet;5533;VD;2542092.749;1164314.491;fr
Rueyres;1046;0;Rueyres;5534;VD;2542881.706;1171631.913;fr
St-Barthélemy VD;1040;3;Saint-Barthélemy (VD);5535;VD;2535379.944;1165105.104;fr
Villars-le-Terroir;1040;2;Villars-le-Terroir;5537;VD;2538799.583;1167704.691;fr
Vuarrens;1418;0;Vuarrens;5539;VD;2539535.908;1170974.674;fr
Dommartin;1041;21;Montilliez;5540;VD;2543664.765;1166823.955;fr
Naz;1041;26;Montilliez;5540;VD;2543112.175;1167717.478;fr
Poliez-le-Grand;1041;31;Montilliez;5540;VD;2540668.723;1165571.286;fr
Sugnens;1043;0;Montilliez;5540;VD;2541235.010;1167423.830;fr
Goumoens-la-Ville;1376;0;Goumoëns;5541;VD;2536046.841;1167771.438;fr
Eclagnens;1376;2;Goumoëns;5541;VD;2535145.448;1167045.508;fr
Goumoens-le-Jux;1376;3;Goumoëns;5541;VD;2534862.056;1168655.386;fr
Bonvillars;1427;0;Bonvillars;5551;VD;2541550.604;1187935.665;fr
Les Rasses;1452;0;Bullet;5552;VD;2531449.829;1186847.818;fr
Bullet;1453;0;Bullet;5552;VD;2532569.350;1186973.899;fr
Champagne;1424;0;Champagne;5553;VD;2540452.388;1186891.568;fr
Concise;1426;0;Concise;5554;VD;2545204.278;1189004.163;fr
Corcelles-près-Concise;1426;1;Corcelles-près-Concise;5555;VD;2544234.605;1188701.299;fr
Fiez;1420;0;Fiez;5556;VD;2537812.661;1186454.565;fr
Fontaines-sur-Grandson;1421;0;Fontaines-sur-Grandson;5557;VD;2537495.541;1187459.603;fr
Giez;1429;0;Giez;5559;VD;2537243.734;1184598.585;fr
Grandevent;1421;2;Grandevent;5560;VD;2536511.031;1187817.314;fr
Grandson;1422;0;Grandson;5561;VD;2539316.349;1184438.399;fr
Mauborget;1453;2;Mauborget;5562;VD;2537327.969;1189732.686;fr
Mutrux;1428;2;Mutrux;5563;VD;2545795.348;1192690.373;fr
Novalles;1431;2;Novalles;5564;VD;2535697.579;1186708.958;fr
Onnens VD;1425;0;Onnens (VD);5565;VD;2542595.953;1187763.781;fr
Provence;1428;1;Provence;5566;VD;2545709.329;1193456.715;fr
Ste-Croix;1450;0;Sainte-Croix;5568;VD;2528604.038;1186215.570;fr
La Sagne (Ste-Croix);1450;2;Sainte-Croix;5568;VD;2528173.339;1185288.328;fr
Le Château-de-Ste-Croix;1450;3;Sainte-Croix;5568;VD;2530972.958;1185630.293;fr
L'Auberson;1454;0;Sainte-Croix;5568;VD;2525547.786;1185671.204;fr
La Vraconnaz;1454;2;Sainte-Croix;5568;VD;2527074.361;1188287.850;fr
Villars-Burquin;1423;0;Tévenon;5571;VD;2537962.684;1188710.913;fr
Fontanezier;1423;2;Tévenon;5571;VD;2540113.764;1189491.665;fr
Romairon;1423;3;Tévenon;5571;VD;2539238.626;1189155.289;fr
Vaugondry;1423;4;Tévenon;5571;VD;2538845.964;1188679.384;fr
Belmont-sur-Lausanne;1092;0;Belmont-sur-Lausanne;5581;VD;2541817.391;1152372.553;fr
Cheseaux-sur-Lausanne;1033;0;Cheseaux-sur-Lausanne;5582;VD;2536109.376;1159629.870;fr
Crissier;1023;0;Crissier;5583;VD;2534060.591;1156460.750;fr
Epalinges;1066;0;Epalinges;5584;VD;2541326.120;1155249.409;fr
Jouxtens-Mézery;1008;2;Jouxtens-Mézery;5585;VD;2535508.683;1156071.131;fr
Lausanne 25;1000;25;Lausanne;5586;VD;2542094.513;1157052.411;fr
Lausanne 26;1000;26;Lausanne;5586;VD;2543067.749;1156403.501;fr
Lausanne 27;1000;27;Lausanne;5586;VD;2541920.750;1154775.750;fr
Lausanne;1003;0;Lausanne;5586;VD;2537956.365;1152398.708;fr
Lausanne;1004;0;Lausanne;5586;VD;2537089.399;1153350.009;fr
Lausanne;1005;0;Lausanne;5586;VD;2538907.340;1152372.796;fr
Lausanne;1006;0;Lausanne;5586;VD;2538483.524;1148574.263;fr
Lausanne;1007;0;Lausanne;5586;VD;2536343.813;1149062.227;fr
Lausanne;1010;0;Lausanne;5586;VD;2540185.345;1154170.262;fr
Lausanne;1011;0;Lausanne;5586;VD;2538935.872;1153097.696;fr
Lausanne;1012;0;Lausanne;5586;VD;2540021.880;1153074.655;fr
Lausanne;1015;0;Lausanne;5586;VD;2534340.766;1152132.563;fr
Lausanne;1018;0;Lausanne;5586;VD;2537864.880;1154485.084;fr
Le Mont-sur-Lausanne;1052;0;Le Mont-sur-Lausanne;5587;VD;2538459.729;1156484.113;fr
Paudex;1094;0;Paudex;5588;VD;2541182.648;1150804.781;fr
Prilly;1008;0;Prilly;5589;VD;2536258.764;1154014.038;fr
Pully;1009;0;Pully;5590;VD;2540389.653;1151171.310;fr
Les Monts-de-Pully;1068;0;Pully;5590;VD;2542059.000;1153932.750;fr
Renens VD;1020;0;Renens (VD);5591;VD;2534951.263;1154300.661;fr
Romanel-sur-Lausanne;1032;0;Romanel-sur-Lausanne;5592;VD;2536168.871;1157218.905;fr
Chexbres;1071;0;Chexbres;5601;VD;2549232.845;1148096.076;fr
Forel (Lavaux);1072;0;Forel (Lavaux);5604;VD;2548699.038;1154649.546;fr
La Croix (Lutry);1090;0;Lutry;5606;VD;2543523.308;1151972.431;fr
La Conversion;1093;0;Lutry;5606;VD;2542256.778;1151790.046;fr
Lutry;1095;0;Lutry;5606;VD;2542256.649;1150429.794;fr
Puidoux;1070;0;Puidoux;5607;VD;2548369.168;1149394.242;fr
Rivaz;1071;1;Rivaz;5609;VD;2549303.673;1147439.938;fr
St-Saphorin (Lavaux);1071;2;Saint-Saphorin (Lavaux);5610;VD;2550651.409;1147101.674;fr
Savigny;1073;0;Savigny;5611;VD;2545873.969;1154277.260;fr
Mollie-Margot;1073;2;Savigny;5611;VD;2547221.853;1156402.403;fr
Grandvaux;1091;0;Bourg-en-Lavaux;5613;VD;2544539.669;1149410.720;fr
Aran;1091;1;Bourg-en-Lavaux;5613;VD;2544090.179;1149893.149;fr
Chenaux;1091;3;Bourg-en-Lavaux;5613;VD;2545501.741;1149519.814;fr
Cully;1096;0;Bourg-en-Lavaux;5613;VD;2545544.348;1148848.455;fr
Villette (Lavaux);1096;2;Bourg-en-Lavaux;5613;VD;2544101.405;1149415.484;fr
Riex;1097;0;Bourg-en-Lavaux;5613;VD;2546031.583;1149353.651;fr
Epesses;1098;0;Bourg-en-Lavaux;5613;VD;2546989.491;1149101.629;fr
Aclens;1123;0;Aclens;5621;VD;2528791.213;1157797.858;fr
Bremblens;1121;0;Bremblens;5622;VD;2529366.663;1155460.149;fr
Buchillon;1164;0;Buchillon;5623;VD;2521858.504;1147045.596;fr
Bussigny;1030;0;Bussigny;5624;VD;2531932.869;1156150.454;fr
Chavannes-près-Renens;1022;0;Chavannes-près-Renens;5627;VD;2533850.113;1154203.010;fr
Chigny;1134;2;Chigny;5628;VD;2526211.175;1152540.700;fr
Clarmont;1127;0;Clarmont;5629;VD;2524196.969;1155586.941;fr
Denens;1135;0;Denens;5631;VD;2524657.231;1152439.280;fr
Denges;1026;2;Denges;5632;VD;2530967.186;1152849.175;fr
Echandens;1026;3;Echandens;5633;VD;2531243.661;1153896.065;fr
Echichens;1112;0;Echichens;5634;VD;2527876.978;1153179.603;fr
St-Saphorin-sur-Morges;1113;0;Echichens;5634;VD;2527052.990;1155364.930;fr
Colombier VD;1114;0;Echichens;5634;VD;2526145.800;1156596.356;fr
Monnaz;1125;0;Echichens;5634;VD;2526370.093;1153472.803;fr
Ecublens VD;1024;0;Ecublens (VD);5635;VD;2532739.188;1153135.658;fr
Etoy;1163;0;Etoy;5636;VD;2521829.905;1148820.805;fr
Lavigny;1175;0;Lavigny;5637;VD;2520628.729;1150437.684;fr
Lonay;1027;0;Lonay;5638;VD;2529583.770;1153210.620;fr
Lully VD;1132;0;Lully (VD);5639;VD;2525287.910;1150974.364;fr
Lussy-sur-Morges;1167;0;Lussy-sur-Morges;5640;VD;2524162.145;1150741.789;fr
Morges;1110;0;Morges;5642;VD;2527960.130;1151479.363;fr
Préverenges;1028;0;Préverenges;5643;VD;2530038.580;1152307.038;fr
Romanel-sur-Morges;1122;0;Romanel-sur-Morges;5645;VD;2528913.646;1156452.208;fr
St-Prex;1162;0;Saint-Prex;5646;VD;2524715.270;1148250.994;fr
St-Sulpice VD;1025;0;Saint-Sulpice (VD);5648;VD;2532560.005;1151237.408;fr
Tolochenaz;1131;0;Tolochenaz;5649;VD;2525949.003;1150968.419;fr
Vaux-sur-Morges;1126;0;Vaux-sur-Morges;5650;VD;2525412.325;1154379.721;fr
Villars-Ste-Croix;1029;0;Villars-Sainte-Croix;5651;VD;2532683.285;1157622.934;fr
Villars-sous-Yens;1168;0;Villars-sous-Yens;5652;VD;2522481.453;1151510.543;fr
Vufflens-le-Château;1134;0;Vufflens-le-Château;5653;VD;2525749.740;1153294.404;fr
Vullierens;1115;0;Vullierens;5654;VD;2526605.743;1158550.303;fr
Yens;1169;0;Yens;5655;VD;2521614.446;1152433.265;fr
Cottens VD;1116;0;Hautemorges;5656;VD;2524552.450;1158398.424;fr
Reverolle;1128;0;Hautemorges;5656;VD;2523378.556;1155060.479;fr
Bussy-Chardonney;1136;0;Hautemorges;5656;VD;2523584.726;1153580.331;fr
Sévery;1141;0;Hautemorges;5656;VD;2523296.388;1158781.824;fr
Pampigny;1142;0;Hautemorges;5656;VD;2522606.991;1159429.281;fr
Apples;1143;0;Hautemorges;5656;VD;2522542.404;1156163.230;fr
Boulens;1063;3;Boulens;5661;VD;2544943.301;1170326.235;fr
Bussy-sur-Moudon;1514;0;Bussy-sur-Moudon;5663;VD;2551995.625;1170806.418;fr
Chavannes-sur-Moudon;1512;0;Chavannes-sur-Moudon;5665;VD;2551757.214;1167514.193;fr
Curtilles;1521;0;Curtilles;5669;VD;2554798.804;1172556.113;fr
Dompierre VD;1682;3;Dompierre (VD);5671;VD;2557475.383;1173174.499;fr
Hermenches;1513;0;Hermenches;5673;VD;2548056.468;1165854.311;fr
Lovatens;1682;2;Lovatens;5674;VD;2556129.986;1171510.765;fr
Lucens;1522;0;Lucens;5675;VD;2554070.661;1173411.465;fr
Oulens-sur-Lucens;1522;9;Lucens;5675;VD;2551781.391;1172771.528;fr
Forel-sur-Lucens;1526;0;Lucens;5675;VD;2552939.750;1175491.189;fr
Cremin;1526;2;Lucens;5675;VD;2554427.215;1174945.429;fr
Brenles;1683;0;Lucens;5675;VD;2555277.441;1169047.949;fr
Chesalles-sur-Moudon;1683;2;Lucens;5675;VD;2553654.068;1169507.519;fr
Sarzens;1683;3;Lucens;5675;VD;2554973.646;1170286.959;fr
Moudon;1510;0;Moudon;5678;VD;2551060.618;1168747.698;fr
Ogens;1045;0;Ogens;5680;VD;2545202.950;1173567.688;fr
Prévonloup;1682;0;Prévonloup;5683;VD;2557391.818;1172214.954;fr
Rossenges;1513;2;Rossenges;5684;VD;2549044.551;1167159.763;fr
Syens;1510;2;Syens;5688;VD;2549481.470;1166301.140;fr
Villars-le-Comte;1515;0;Villars-le-Comte;5690;VD;2551136.935;1173470.034;fr
Vucherens;1509;0;Vucherens;5692;VD;2549089.436;1163691.834;fr
Chapelle-sur-Moudon;1063;0;Montanaire;5693;VD;2546143.670;1168984.131;fr
Martherenges;1063;2;Montanaire;5693;VD;2547541.425;1167991.988;fr
Peyres-Possens;1063;4;Montanaire;5693;VD;2543997.750;1168273.549;fr
Chanéaz;1409;0;Montanaire;5693;VD;2546806.758;1175620.119;fr
Thierrens;1410;0;Montanaire;5693;VD;2547811.574;1172652.346;fr
Correvon;1410;2;Montanaire;5693;VD;2546370.866;1174094.189;fr
Denezy;1410;3;Montanaire;5693;VD;2550006.394;1174492.428;fr
St-Cierges;1410;5;Montanaire;5693;VD;2545978.336;1171151.171;fr
Neyruz-sur-Moudon;1515;1;Montanaire;5693;VD;2550174.721;1172053.638;fr
Arnex-sur-Nyon;1277;1;Arnex-sur-Nyon;5701;VD;2504044.011;1136759.976;fr
Arzier-Le Muids;1273;0;Arzier-Le Muids;5702;VD;2505414.943;1146209.218;fr
Bassins;1269;0;Bassins;5703;VD;2507272.121;1146360.033;fr
Begnins;1268;0;Begnins;5704;VD;2508774.169;1143964.196;fr
Bogis-Bossey;1279;2;Bogis-Bossey;5705;VD;2502065.895;1134401.025;fr
Borex;1277;0;Borex;5706;VD;2502983.270;1137150.221;fr
Chavannes-de-Bogis;1279;0;Chavannes-de-Bogis;5707;VD;2501744.751;1133354.834;fr
Chavannes-des-Bois;1290;2;Chavannes-des-Bois;5708;VD;2499494.560;1130234.524;fr
Chéserex;1275;0;Chéserex;5709;VD;2502826.160;1139602.738;fr
Coinsins;1267;2;Coinsins;5710;VD;2507812.478;1142068.801;fr
Commugny;1291;0;Commugny;5711;VD;2503093.308;1130642.346;fr
Coppet;1296;0;Coppet;5712;VD;2504063.699;1130149.368;fr
Crans VD;1299;0;Crans (VD);5713;VD;2505155.886;1134581.874;fr
Crassier;1263;0;Crassier;5714;VD;2501912.264;1136676.639;fr
Duillier;1266;0;Duillier;5715;VD;2507299.339;1140448.761;fr
Eysins;1262;0;Eysins;5716;VD;2505068.761;1137185.698;fr
Founex;1297;0;Founex;5717;VD;2504065.831;1132044.918;fr
Genolier;1272;0;Genolier;5718;VD;2506181.870;1143322.121;fr
Gingins;1276;0;Gingins;5719;VD;2503199.308;1140570.534;fr
Givrins;1271;0;Givrins;5720;VD;2504957.774;1142741.384;fr
Gland;1196;0;Gland;5721;VD;2509797.856;1142047.983;fr
Grens;1274;3;Grens;5722;VD;2504124.873;1138939.779;fr
Mies;1295;1;Mies;5723;VD;2502337.689;1129012.510;fr
Nyon;1260;0;Nyon;5724;VD;2507633.335;1137313.583;fr
Prangins;1197;0;Prangins;5725;VD;2508568.183;1138823.834;fr
La Rippe;1278;0;La Rippe;5726;VD;2500885.355;1137517.807;fr
St-Cergue;1264;0;Saint-Cergue;5727;VD;2501661.956;1144871.648;fr
La Cure;1265;0;Saint-Cergue;5727;VD;2495288.981;1146728.689;fr
Signy;1274;1;Signy-Avenex;5728;VD;2504889.000;1138492.063;fr
Tannay;1295;2;Tannay;5729;VD;2502752.264;1129385.689;fr
Trélex;1270;0;Trélex;5730;VD;2505070.018;1140955.684;fr
Le Vaud;1261;33;Le Vaud;5731;VD;2507535.241;1148041.799;fr
Vich;1267;1;Vich;5732;VD;2508612.044;1142692.529;fr
L'Abergement;1355;0;L'Abergement;5741;VD;2527476.419;1178573.389;fr
Agiez;1352;0;Agiez;5742;VD;2528756.898;1174540.836;fr
Arnex-sur-Orbe;1321;0;Arnex-sur-Orbe;5743;VD;2529672.101;1171749.733;fr
Ballaigues;1338;0;Ballaigues;5744;VD;2521736.089;1175850.693;fr
Baulmes;1446;0;Baulmes;5745;VD;2529728.675;1182609.346;fr
Bavois;1372;0;Bavois;5746;VD;2533213.154;1170831.876;fr
Bofflens;1353;0;Bofflens;5747;VD;2528132.736;1172863.501;fr
Bretonnières;1329;0;Bretonnières;5748;VD;2526332.755;1173889.371;fr
Chavornay;1373;0;Chavornay;5749;VD;2533609.031;1172615.496;fr
Corcelles-sur-Chavornay;1374;0;Chavornay;5749;VD;2535868.666;1172848.261;fr
Essert-Pittet;1435;0;Chavornay;5749;VD;2534660.100;1175533.123;fr
Les Clées;1356;0;Les Clées;5750;VD;2525408.550;1176058.913;fr
La Russille;1356;2;Les Clées;5750;VD;2526621.628;1176542.251;fr
Croy;1322;0;Croy;5752;VD;2526425.330;1171909.026;fr
Juriens;1326;0;Juriens;5754;VD;2524294.190;1171598.785;fr
Lignerolle;1357;0;Lignerolle;5755;VD;2524933.700;1177016.185;fr
Montcherand;1354;0;Montcherand;5756;VD;2529068.911;1176138.801;fr
Orbe;1350;0;Orbe;5757;VD;2530767.346;1175223.080;fr
La Praz;1148;6;La Praz;5758;VD;2522590.535;1168999.609;fr
Premier;1324;0;Premier;5759;VD;2524031.356;1173066.453;fr
Rances;1439;0;Rances;5760;VD;2530657.091;1179292.809;fr
Romainmôtier;1323;0;Romainmôtier-Envy;5761;VD;2525255.530;1171830.489;fr
Sergey;1355;2;Sergey;5762;VD;2528258.900;1178158.429;fr
Valeyres-sous-Rances;1358;0;Valeyres-sous-Rances;5763;VD;2529759.628;1178271.993;fr
Vallorbe;1337;0;Vallorbe;5764;VD;2519058.100;1174069.236;fr
Vaulion;1325;0;Vaulion;5765;VD;2519814.431;1171426.603;fr
Vuiteboeuf;1445;0;Vuiteboeuf;5766;VD;2532161.259;1184376.511;fr
Corcelles-le-Jorat;1082;0;Corcelles-le-Jorat;5785;VD;2546591.199;1161929.476;fr
Essertes;1078;0;Oron;5805;VD;2550198.670;1157002.238;fr
Maracon;1613;0;Maracon;5790;VD;2556466.355;1155533.910;fr
Montpreveyres;1081;0;Montpreveyres;5792;VD;2547080.113;1159452.440;fr
Ropraz;1088;0;Ropraz;5798;VD;2547376.941;1162864.685;fr
Servion;1077;0;Servion;5799;VD;2549922.340;1158743.628;fr
Les Cullayes;1080;0;Servion;5799;VD;2547320.139;1158225.511;fr
Vulliens;1085;0;Vulliens;5803;VD;2550831.836;1163581.673;fr
Montaubion-Chardonney;1041;22;Jorat-Menthue;5804;VD;2544549.761;1166460.878;fr
Villars-Tiercelin;1058;0;Jorat-Menthue;5804;VD;2543771.544;1164235.269;fr
Peney-le-Jorat;1059;0;Jorat-Menthue;5804;VD;2545552.354;1164993.229;fr
Villars-Mendraz;1061;0;Jorat-Menthue;5804;VD;2545701.738;1166479.853;fr
Sottens;1062;0;Jorat-Menthue;5804;VD;2546684.904;1167376.390;fr
Palézieux;1607;0;Oron;5805;VD;2553911.584;1154763.168;fr
Palézieux-Village;1607;1;Oron;5805;VD;2553362.069;1156338.240;fr
Les Tavernes;1607;3;Oron;5805;VD;2551839.046;1156143.633;fr
Les Thioleyres;1607;4;Oron;5805;VD;2551927.891;1154458.093;fr
Oron-le-Châtel;1608;0;Oron;5805;VD;2553927.660;1158338.493;fr
Bussigny-sur-Oron;1608;2;Oron;5805;VD;2555861.638;1157762.383;fr
Chesalles-sur-Oron;1608;3;Oron;5805;VD;2555152.073;1158544.885;fr
Oron-la-Ville;1610;0;Oron;5805;VD;2553130.399;1157872.964;fr
Châtillens;1610;1;Oron;5805;VD;2552335.933;1157588.800;fr
Vuibroye;1610;2;Oron;5805;VD;2551453.324;1158054.941;fr
Ecoteaux;1612;0;Oron;5805;VD;2555795.939;1155101.798;fr
Ferlens VD;1076;0;Jorat-Mézières;5806;VD;2549958.836;1159953.755;fr
Mézières VD;1083;0;Jorat-Mézières;5806;VD;2548855.750;1160659.203;fr
Carrouge VD;1084;0;Jorat-Mézières;5806;VD;2549172.698;1161718.249;fr
Champtauroz;1537;0;Champtauroz;5812;VD;2550277.378;1178986.943;fr
Chevroux;1545;0;Chevroux;5813;VD;2559499.660;1193076.058;fr
Corcelles-près-Payerne;1562;0;Corcelles-près-Payerne;5816;VD;2563575.124;1186832.923;fr
Grandcour;1543;0;Grandcour;5817;VD;2561259.850;1191323.779;fr
Henniez;1525;0;Henniez;5819;VD;2557617.521;1176838.946;fr
Missy;1565;0;Missy;5821;VD;2564308.500;1192246.884;fr
Payerne;1530;0;Payerne;5822;VD;2561778.748;1185631.894;fr
Vers-chez-Perrin;1551;0;Payerne;5822;VD;2562135.388;1182926.278;fr
Trey;1552;0;Trey;5827;VD;2560837.099;1180027.289;fr
Treytorrens (Payerne);1538;0;Treytorrens (Payerne);5828;VD;2551287.116;1180194.260;fr
Sédeilles;1554;0;Villarzel;5830;VD;2561353.635;1177703.646;fr
Rossens VD;1554;2;Villarzel;5830;VD;2560541.664;1176118.115;fr
Villarzel;1555;0;Villarzel;5830;VD;2559811.324;1177657.563;fr
Granges-près-Marnand;1523;0;Valbroye;5831;VD;2558057.753;1178899.183;fr
Marnand;1524;0;Valbroye;5831;VD;2558932.961;1178466.594;fr
Seigneux;1525;2;Valbroye;5831;VD;2557184.841;1175365.129;fr
Sassel;1534;0;Valbroye;5831;VD;2555629.310;1180838.871;fr
Combremont-le-Grand;1535;0;Valbroye;5831;VD;2552603.675;1179159.851;fr
Combremont-le-Petit;1536;0;Valbroye;5831;VD;2551903.163;1177777.873;fr
Villars-Bramard;1682;4;Valbroye;5831;VD;2558707.260;1174275.035;fr
Cerniaz VD;1682;5;Valbroye;5831;VD;2558518.826;1175255.883;fr
Château-d'Oex;1660;0;Château-d'Oex;5841;VD;2576251.390;1146871.759;fr
Les Moulins;1660;2;Château-d'Oex;5841;VD;2574496.564;1145482.535;fr
L'Etivaz;1660;3;Château-d'Oex;5841;VD;2577645.075;1141511.879;fr
La Lécherette;1660;4;Château-d'Oex;5841;VD;2574448.958;1141160.388;fr
Rossinière;1658;0;Rossinière;5842;VD;2572541.814;1146177.484;fr
La Tine;1658;2;Rossinière;5842;VD;2570111.063;1146464.936;fr
Rougemont;1659;0;Rougemont;5843;VD;2582156.268;1148497.329;fr
Flendruz;1659;2;Rougemont;5843;VD;2580329.254;1148050.569;fr
Allaman;1165;0;Allaman;5851;VD;2519867.050;1147146.855;fr
Bursinel;1195;3;Bursinel;5852;VD;2512816.724;1143632.768;fr
Bursins;1183;0;Bursins;5853;VD;2511739.879;1145288.464;fr
Burtigny;1268;2;Burtigny;5854;VD;2509409.505;1146636.150;fr
Dully;1195;2;Dully;5855;VD;2512079.163;1142644.460;fr
Essertines-sur-Rolle;1186;0;Essertines-sur-Rolle;5856;VD;2513957.645;1149708.245;fr
Gilly;1182;0;Gilly;5857;VD;2512549.636;1145957.154;fr
Luins;1184;0;Luins;5858;VD;2510413.553;1144566.469;fr
Mont-sur-Rolle;1185;0;Mont-sur-Rolle;5859;VD;2515386.098;1147219.016;fr
Perroy;1166;0;Perroy;5860;VD;2517565.791;1146816.879;fr
Rolle;1180;0;Rolle;5861;VD;2515306.735;1145844.639;fr
Tartegnin;1180;2;Tartegnin;5862;VD;2513697.635;1146736.189;fr
Vinzel;1184;1;Vinzel;5863;VD;2510888.250;1144751.750;fr
Le Pont;1342;0;L'Abbaye;5871;VD;2515273.960;1168750.583;fr
L'Abbaye;1344;0;L'Abbaye;5871;VD;2514337.723;1167152.228;fr
Les Bioux;1346;0;L'Abbaye;5871;VD;2510823.524;1164099.730;fr
L'Orient;1341;0;Le Chenit;5872;VD;2508036.033;1161780.626;fr
Le Sentier;1347;0;Le Chenit;5872;VD;2507559.474;1162607.755;fr
Le Solliat;1347;1;Le Chenit;5872;VD;2507771.811;1163876.484;fr
Le Brassus;1348;0;Le Chenit;5872;VD;2505841.038;1159695.758;fr
Les Charbonnières;1343;0;Le Lieu;5873;VD;2513894.660;1169010.746;fr
Le Lieu;1345;0;Le Lieu;5873;VD;2511461.649;1166899.534;fr
Le Séchey;1345;1;Le Lieu;5873;VD;2512852.881;1168289.298;fr
Blonay;1807;0;Blonay - Saint-Légier;5892;VD;2558195.653;1146204.201;fr
Le Mont-Pèlerin;1801;0;Chardonne;5882;VD;2553276.876;1147988.991;fr
Chardonne;1803;0;Chardonne;5882;VD;2553026.408;1147463.441;fr
Corseaux;1802;0;Corseaux;5883;VD;2553469.625;1146956.300;fr
Corsier-sur-Vevey;1804;0;Corsier-sur-Vevey;5884;VD;2554150.306;1146716.505;fr
Les Monts-de-Corsier;1808;0;Corsier-sur-Vevey;5884;VD;2556867.230;1149952.769;fr
Fenil-sur-Corsier;1809;0;Corsier-sur-Vevey;5884;VD;2556041.796;1148193.312;fr
Jongny;1805;0;Jongny;5885;VD;2554190.646;1147573.054;fr
Clarens;1815;0;Montreux;5886;VD;2558029.281;1143556.370;fr
Chailly-Montreux;1816;0;Montreux;5886;VD;2558001.140;1144933.953;fr
Brent;1817;0;Montreux;5886;VD;2558729.380;1145281.431;fr
Montreux;1820;0;Montreux;5886;VD;2559582.156;1142301.243;fr
Territet;1820;5;Montreux;5886;VD;2560375.396;1141847.346;fr
Chernex;1822;0;Montreux;5886;VD;2559653.278;1143607.816;fr
Glion;1823;0;Montreux;5886;VD;2560568.789;1142438.399;fr
Caux;1824;0;Montreux;5886;VD;2561566.151;1142497.401;fr
Chamby;1832;0;Montreux;5886;VD;2559651.074;1144353.962;fr
Villard-sur-Chamby;1832;2;Montreux;5886;VD;2561034.175;1145941.512;fr
Les Avants;1833;0;Montreux;5886;VD;2561905.358;1144761.880;fr
St-Légier-La Chiésaz;1806;0;Blonay - Saint-Légier;5892;VD;2557399.675;1146822.465;fr
La Tour-de-Peilz;1814;0;La Tour-de-Peilz;5889;VD;2555313.463;1144863.479;fr
Vevey;1800;0;Vevey;5890;VD;2554636.886;1145474.563;fr
Veytaux;1820;6;Veytaux;5891;VD;2560806.255;1141179.788;fr
Belmont-sur-Yverdon;1432;0;Belmont-sur-Yverdon;5902;VD;2537743.200;1177472.833;fr
Bioley-Magnoux;1407;4;Bioley-Magnoux;5903;VD;2544440.275;1175334.374;fr
Chamblon;1436;2;Chamblon;5904;VD;2536455.928;1181157.231;fr
Champvent;1443;0;Champvent;5905;VD;2534063.941;1181731.604;fr
Essert-sous-Champvent;1443;2;Champvent;5905;VD;2534798.159;1182802.483;fr
Villars-sous-Champvent;1443;3;Champvent;5905;VD;2534682.964;1182044.815;fr
Chavannes-le-Chêne;1464;0;Chavannes-le-Chêne;5907;VD;2549478.215;1180845.259;fr
Chêne-Pâquier;1464;2;Chêne-Pâquier;5908;VD;2548837.234;1180236.818;fr
Cheseaux-Noréaz;1400;5;Cheseaux-Noréaz;5909;VD;2541828.671;1181607.978;fr
Cronay;1406;0;Cronay;5910;VD;2543291.996;1178708.840;fr
Cuarny;1404;0;Cuarny;5911;VD;2542727.629;1180152.618;fr
Démoret;1415;2;Démoret;5912;VD;2547865.513;1177588.503;fr
Donneloye;1407;0;Donneloye;5913;VD;2544789.279;1177352.643;fr
Gossens;1407;2;Donneloye;5913;VD;2543568.958;1176724.001;fr
Mézery-près-Donneloye;1407;3;Donneloye;5913;VD;2545655.715;1177789.486;fr
Prahins;1408;0;Donneloye;5913;VD;2546616.046;1176247.405;fr
Ependes VD;1434;0;Ependes (VD);5914;VD;2536562.801;1177435.088;fr
Mathod;1438;0;Mathod;5919;VD;2533442.541;1179882.386;fr
Molondin;1415;0;Molondin;5921;VD;2547280.380;1178960.975;fr
Montagny-près-Yverdon;1442;0;Montagny-près-Yverdon;5922;VD;2536909.606;1182759.743;fr
Oppens;1047;0;Oppens;5923;VD;2542946.023;1173927.775;fr
Orges;1430;0;Orges;5924;VD;2535115.645;1184448.045;fr
Orzens;1413;0;Orzens;5925;VD;2542284.539;1174743.870;fr
Pomy;1405;0;Pomy;5926;VD;2541238.554;1178970.725;fr
Rovray;1463;0;Rovray;5928;VD;2548574.454;1181702.306;fr
Suchy;1433;0;Suchy;5929;VD;2535810.348;1174929.398;fr
Suscévaz;1437;0;Suscévaz;5930;VD;2534253.613;1179589.946;fr
Treycovagnes;1436;0;Treycovagnes;5931;VD;2536667.628;1180663.468;fr
Ursins;1412;2;Ursins;5932;VD;2541116.529;1176305.920;fr
Valeyres-sous-Montagny;1441;0;Valeyres-sous-Montagny;5933;VD;2536658.304;1183422.361;fr
Valeyres-sous-Ursins;1412;0;Valeyres-sous-Ursins;5934;VD;2540165.998;1177533.268;fr
Villars-Epeney;1404;2;Villars-Epeney;5935;VD;2543357.503;1181439.693;fr
Vugelles-La Mothe;1431;0;Vugelles-La Mothe;5937;VD;2534374.828;1186242.599;fr
Yverdon-les-Bains;1400;0;Yverdon-les-Bains;5938;VD;2539038.140;1181165.718;fr
Gressy;1432;2;Yverdon-les-Bains;5938;VD;2538630.709;1177737.684;fr
Yvonand;1462;0;Yvonand;5939;VD;2547053.669;1183241.878;fr
Brig;3900;0;Brig-Glis;6002;VS;2642436.274;1129614.850;de
Gamsen;3900;2;Brig-Glis;6002;VS;2639771.609;1128330.688;de
Brigerbad;3900;3;Brig-Glis;6002;VS;2636984.401;1127743.206;de
Glis;3902;0;Brig-Glis;6002;VS;2641552.571;1128958.859;de
Eggerberg;3939;0;Eggerberg;6004;VS;2633769.649;1128448.980;de
Mund;3903;0;Naters;6007;VS;2638545.409;1129561.886;de
Birgisch;3903;1;Naters;6007;VS;2639979.145;1129835.394;de
Naters;3904;0;Naters;6007;VS;2642318.673;1130615.883;de
Blatten b. Naters;3914;0;Naters;6007;VS;2641924.950;1134198.811;de
Belalp;3914;1;Naters;6007;VS;2641241.885;1135737.677;de
Rothwald;3901;23;Ried-Brig;6008;VS;2646410.653;1125687.888;de
Ried-Brig;3911;0;Ried-Brig;6008;VS;2644560.446;1129348.938;de
Simplon Dorf;3907;0;Simplon;6009;VS;2647673.804;1116233.967;de
Simplon Hospiz;3907;2;Simplon;6009;VS;2645538.741;1121861.973;de
Gabi (Simplon);3907;3;Simplon;6009;VS;2648970.139;1115025.866;de
Termen;3912;0;Termen;6010;VS;2644840.018;1130906.858;de
Rosswald;3913;0;Termen;6010;VS;2646370.814;1128259.741;de
Gondo;3907;4;Zwischbergen;6011;VS;2654215.908;1116275.096;de
Ardon;1957;0;Ardon;6021;VS;2585639.291;1117682.580;fr
Chamoson;1955;0;Chamoson;6022;VS;2583510.631;1116761.161;fr
Mayens-de-Chamoson;1955;1;Chamoson;6022;VS;2580159.286;1117193.386;fr
Les Vérines (Chamoson);1955;2;Chamoson;6022;VS;2581843.740;1117700.316;fr
Némiaz (Chamoson);1955;3;Chamoson;6022;VS;2583396.610;1117897.089;fr
Grugnay (Chamoson);1955;4;Chamoson;6022;VS;2582810.278;1117277.342;fr
St-Pierre-de-Clages;1955;5;Chamoson;6022;VS;2584468.846;1115663.049;fr
Conthey;1964;0;Conthey;6023;VS;2589679.369;1119553.989;fr
St-Séverin;1975;0;Conthey;6023;VS;2589525.750;1120818.625;fr
Erde;1976;0;Conthey;6023;VS;2588791.144;1120856.441;fr
Aven;1976;1;Conthey;6023;VS;2587171.470;1120574.404;fr
Daillon;1976;2;Conthey;6023;VS;2589781.413;1122751.109;fr
Clèbes (Nendaz);1993;2;Nendaz;6024;VS;2592111.427;1114862.343;fr
Aproz (Nendaz);1994;2;Nendaz;6024;VS;2590530.822;1117260.205;fr
Basse-Nendaz;1996;0;Nendaz;6024;VS;2590274.620;1115343.151;fr
Fey (Nendaz);1996;1;Nendaz;6024;VS;2586861.182;1115114.438;fr
Bieudron (Nendaz);1996;2;Nendaz;6024;VS;2587586.249;1115933.406;fr
Condémines (Nendaz);1996;3;Nendaz;6024;VS;2585881.800;1113961.082;fr
Saclentse;1996;4;Nendaz;6024;VS;2590817.865;1113834.668;fr
Baar (Nendaz);1996;5;Nendaz;6024;VS;2591573.533;1117033.554;fr
Beuson (Nendaz);1996;6;Nendaz;6024;VS;2591126.078;1114447.425;fr
Brignon (Nendaz);1996;7;Nendaz;6024;VS;2591406.204;1115296.453;fr
Haute-Nendaz;1997;0;Nendaz;6024;VS;2588865.650;1114661.374;fr
Siviez (Nendaz);1997;1;Nendaz;6024;VS;2590550.770;1109371.444;fr
Sornard (Nendaz);1997;2;Nendaz;6024;VS;2589661.118;1114899.602;fr
Vétroz;1963;0;Vétroz;6025;VS;2587890.766;1119543.650;fr
Bourg-St-Pierre;1946;0;Bourg-Saint-Pierre;6032;VS;2582467.235;1088696.215;fr
Liddes;1945;0;Liddes;6033;VS;2580325.415;1093310.136;fr
Fontaine Dessus (Liddes);1945;2;Liddes;6033;VS;2579501.276;1094943.354;fr
Fontaine Dessous (Liddes);1945;3;Liddes;6033;VS;2579034.969;1095416.091;fr
Dranse (Liddes);1945;4;Liddes;6033;VS;2579995.804;1093165.650;fr
Chandonne (Liddes);1945;5;Liddes;6033;VS;2579941.873;1094884.301;fr
Rive Haute (Liddes);1945;6;Liddes;6033;VS;2579276.830;1095051.263;fr
Fornex (Liddes);1945;7;Liddes;6033;VS;2578655.265;1095298.759;fr
Les Moulins VS (Liddes);1945;8;Liddes;6033;VS;2579038.881;1094790.151;fr
Vichères (Liddes);1945;9;Liddes;6033;VS;2578920.848;1093917.771;fr
Palasuit (Liddes);1945;10;Liddes;6033;VS;2580923.587;1092379.778;fr
Chez Petit (Liddes);1945;11;Liddes;6033;VS;2579812.472;1092918.714;fr
Petit Vichères (Liddes);1945;12;Liddes;6033;VS;2578584.099;1093287.028;fr
Orsières;1937;0;Orsières;6034;VS;2577356.448;1097770.345;fr
Champex-Lac;1938;0;Orsières;6034;VS;2575259.013;1097287.485;fr
Praz-de-Fort;1943;0;Orsières;6034;VS;2575733.091;1093210.010;fr
La Fouly VS;1944;0;Orsières;6034;VS;2573532.563;1086769.438;fr
Sembrancher;1933;0;Sembrancher;6035;VS;2577711.373;1103007.848;fr
Chamoille (Sembrancher);1933;3;Sembrancher;6035;VS;2577859.316;1101088.966;fr
La Garde (Sembrancher);1933;4;Sembrancher;6035;VS;2577391.109;1101557.149;fr
Chemin;1927;0;Val de Bagnes;6037;VS;2573593.043;1104304.235;fr
Vens (Sembrancher);1933;2;Val de Bagnes;6037;VS;2575838.626;1104148.994;fr
Le Châble VS;1934;0;Val de Bagnes;6037;VS;2582670.790;1103123.610;fr
Bruson;1934;1;Val de Bagnes;6037;VS;2582959.066;1101622.373;fr
Verbier;1936;0;Val de Bagnes;6037;VS;2583055.223;1104753.351;fr
Vollèges;1941;0;Val de Bagnes;6037;VS;2579126.951;1104020.515;fr
Cries (Vollèges);1941;2;Val de Bagnes;6037;VS;2579766.963;1104464.408;fr
Levron;1942;0;Val de Bagnes;6037;VS;2578608.149;1105201.344;fr
Versegères;1947;0;Val de Bagnes;6037;VS;2584158.525;1101610.001;fr
Champsec;1947;5;Val de Bagnes;6037;VS;2584916.307;1100531.914;fr
Lourtier;1948;0;Val de Bagnes;6037;VS;2586448.355;1100110.146;fr
Fionnay;1948;1;Val de Bagnes;6037;VS;2590003.352;1097870.776;fr
Sarreyer;1948;2;Val de Bagnes;6037;VS;2585391.992;1101169.951;fr
Bellwald;3997;0;Bellwald;6052;VS;2655461.402;1141620.079;de
Binn;3996;0;Binn;6054;VS;2657334.234;1135139.898;de
Ernen;3995;0;Ernen;6056;VS;2654245.395;1138854.694;de
Ausserbinn;3995;2;Ernen;6056;VS;2654664.743;1137012.421;de
Mühlebach (Goms);3995;3;Ernen;6056;VS;2655210.260;1139912.205;de
Steinhaus;3995;4;Ernen;6056;VS;2656830.418;1141432.749;de
Fiesch;3984;0;Fiesch;6057;VS;2653479.990;1139383.888;de
Jungfraujoch;3801;33;Fieschertal;6058;VS;2641777.875;1155270.625;de
Fieschertal;3984;2;Fieschertal;6058;VS;2654155.098;1141695.952;de
Lax;3994;0;Lax;6061;VS;2652209.461;1137804.769;de
Ulrichen;3988;0;Obergoms;6076;VS;2666379.328;1150961.227;de
Obergesteln;3988;2;Obergoms;6076;VS;2667991.445;1151885.499;de
Oberwald;3999;0;Obergoms;6076;VS;2669795.628;1154102.792;de
Münster VS;3985;0;Goms;6077;VS;2663550.573;1149009.314;de
Geschinen;3985;2;Goms;6077;VS;2664806.613;1149722.345;de
Biel VS;3989;0;Goms;6077;VS;2659804.865;1145235.150;de
Ritzingen;3989;2;Goms;6077;VS;2660288.249;1145388.610;de
Selkingen;3989;3;Goms;6077;VS;2659541.698;1145063.080;de
Niederwald;3989;4;Goms;6077;VS;2657684.052;1142985.223;de
Blitzingen;3989;5;Goms;6077;VS;2658680.178;1143623.813;de
Reckingen VS;3998;0;Goms;6077;VS;2661759.229;1146786.655;de
Gluringen;3998;1;Goms;6077;VS;2660944.978;1146191.395;de
Fortunau (Ayent);1966;2;Ayent;6082;VS;2598251.169;1125989.769;fr
Luc (Ayent);1966;3;Ayent;6082;VS;2598415.264;1125709.567;fr
St-Romain (Ayent);1966;4;Ayent;6082;VS;2598009.117;1125689.802;fr
Saxonne (Ayent);1966;5;Ayent;6082;VS;2597554.336;1125424.194;fr
Villa (Ayent);1966;6;Ayent;6082;VS;2598226.041;1124941.463;fr
La Place (Ayent);1966;7;Ayent;6082;VS;2597973.189;1124728.929;fr
Botyre (Ayent);1966;8;Ayent;6082;VS;2597370.610;1124987.659;fr
Blignou (Ayent);1966;9;Ayent;6082;VS;2596922.877;1124521.586;fr
Argnou (Ayent);1966;10;Ayent;6082;VS;2596987.205;1123499.682;fr
Signèse (Ayent);1966;11;Ayent;6082;VS;2597105.716;1122892.800;fr
Anzère;1972;0;Ayent;6082;VS;2596760.938;1127197.849;fr
Evolène;1983;0;Evolène;6083;VS;2604433.621;1106841.117;fr
Lanna;1983;2;Evolène;6083;VS;2603086.102;1107710.592;fr
Les Haudères;1984;0;Evolène;6083;VS;2605415.953;1103658.892;fr
La Tour VS;1984;1;Evolène;6083;VS;2605186.931;1105161.928;fr
La Sage;1985;0;Evolène;6083;VS;2605860.589;1105261.298;fr
La Forclaz VS;1985;1;Evolène;6083;VS;2606102.972;1103831.598;fr
Villa (Evolène);1985;2;Evolène;6083;VS;2605704.734;1106097.638;fr
Arolla;1986;0;Evolène;6083;VS;2603452.478;1097032.376;fr
Euseigne;1982;0;Hérémence;6084;VS;2598738.618;1113352.256;fr
Hérémence;1987;0;Hérémence;6084;VS;2597365.128;1114341.783;fr
St-Martin VS;1969;0;Saint-Martin (VS);6087;VS;2600396.272;1113442.751;fr
Liez (St-Martin);1969;2;Saint-Martin (VS);6087;VS;2600946.267;1112337.050;fr
Trogne (St-Martin);1969;3;Saint-Martin (VS);6087;VS;2600999.728;1112931.225;fr
Suen (St-Martin);1969;4;Saint-Martin (VS);6087;VS;2599866.840;1114443.194;fr
Eison (St-Martin);1969;5;Saint-Martin (VS);6087;VS;2602171.647;1111337.978;fr
Vex;1981;0;Vex;6089;VS;2596813.602;1117821.880;fr
Thyon;1988;1;Vex;6089;VS;2594944.083;1114448.960;fr
Les Collons;1988;2;Vex;6089;VS;2595948.865;1114854.124;fr
Les Mayens-de-Sion;1992;1;Vex;6089;VS;2595565.668;1116732.155;fr
Vernamiège;1961;0;Mont-Noble;6090;VS;2599947.446;1117634.079;fr
Mase;1968;0;Mont-Noble;6090;VS;2599427.983;1115936.819;fr
Nax;1973;0;Mont-Noble;6090;VS;2599164.754;1119673.138;fr
Agarn;3951;0;Agarn;6101;VS;2617311.667;1127274.890;de
Albinen;3955;0;Albinen;6102;VS;2614990.743;1132128.399;de
Ergisch;3947;0;Ergisch;6104;VS;2621147.758;1126654.759;de
Inden;3953;1;Inden;6109;VS;2613855.224;1132511.005;de
Susten;3952;0;Leuk;6110;VS;2615748.240;1128567.752;de
Leuk Stadt;3953;0;Leuk;6110;VS;2615130.530;1129570.832;de
Erschmatt;3957;0;Leuk;6110;VS;2619564.144;1130046.807;de
Leukerbad;3954;0;Leukerbad;6111;VS;2614665.516;1136463.960;de
Oberems;3948;1;Oberems;6112;VS;2619755.786;1125594.070;de
Salgesch;3970;0;Salgesch;6113;VS;2610178.910;1128933.796;de
Varen;3953;2;Varen;6116;VS;2612991.575;1129472.248;de
Guttet-Feschel;3956;0;Guttet-Feschel;6117;VS;2617459.590;1130416.211;de
Gampel;3945;0;Gampel-Bratsch;6118;VS;2623344.443;1129414.686;de
Niedergampel;3945;1;Gampel-Bratsch;6118;VS;2621219.823;1129015.958;de
Bratsch;3957;2;Gampel-Bratsch;6118;VS;2620822.813;1129885.208;de
Turtmann;3946;0;Turtmann-Unterems;6119;VS;2620357.134;1127790.462;de
Gruben;3946;2;Turtmann-Unterems;6119;VS;2620626.396;1117734.126;de
Unterems;3948;0;Turtmann-Unterems;6119;VS;2619885.184;1126766.283;de
Bovernier;1932;0;Bovernier;6131;VS;2572828.163;1103221.779;fr
Les Valettes (Bovernier);1932;2;Bovernier;6131;VS;2571832.721;1102747.044;fr
Fully;1926;0;Fully;6133;VS;2574888.955;1109689.360;fr
Isérables;1914;0;Isérables;6134;VS;2585048.851;1112243.182;fr
Ovronnaz;1911;0;Leytron;6135;VS;2579431.591;1116473.071;fr
Leytron;1912;0;Leytron;6135;VS;2582706.531;1115180.344;fr
Produit (Leytron);1912;2;Leytron;6135;VS;2581168.821;1115038.044;fr
Montagnon (Leytron);1912;3;Leytron;6135;VS;2581027.796;1115459.661;fr
Dugny (Leytron);1912;4;Leytron;6135;VS;2580256.940;1115350.638;fr
Charrat;1906;0;Martigny;6136;VS;2576126.500;1108046.219;fr
Martigny;1920;0;Martigny;6136;VS;2571782.749;1105522.844;fr
Martigny-Croix;1921;0;Martigny-Combe;6137;VS;2570244.149;1103967.531;fr
Ravoire;1928;0;Martigny-Combe;6137;VS;2569634.675;1105148.869;fr
Riddes;1908;0;Riddes;6139;VS;2583143.503;1113044.894;fr
Auddes-sur-Riddes;1914;2;Riddes;6139;VS;2584968.873;1111456.713;fr
La Tzoumaz;1918;0;Riddes;6139;VS;2584309.152;1110327.755;fr
Saillon;1913;0;Saillon;6140;VS;2580390.643;1113354.978;fr
Saxon;1907;0;Saxon;6141;VS;2580073.291;1110460.898;fr
Trient;1929;0;Trient;6142;VS;2565644.586;1100595.016;fr
Champéry;1874;0;Champéry;6151;VS;2556109.044;1114250.451;fr
Collombey;1868;0;Collombey-Muraz;6152;VS;2562047.599;1124182.400;fr
Collombey;1868;0;Collombey-Muraz;6152;VS;2561106.302;1122538.666;fr
Muraz (Collombey);1893;0;Collombey-Muraz;6152;VS;2560468.914;1125550.151;fr
Monthey;1870;0;Monthey;6153;VS;2551884.119;1117479.545;fr
Monthey;1870;0;Monthey;6153;VS;2562086.191;1122482.050;fr
Choëx;1871;0;Monthey;6153;VS;2563159.319;1121462.699;fr
Les Giettes;1871;2;Monthey;6153;VS;2563253.315;1119392.771;fr
Bouveret;1897;0;Port-Valais;6154;VS;2554808.248;1137210.968;fr
Les Evouettes;1897;3;Port-Valais;6154;VS;2556775.560;1134721.916;fr
St-Gingolph;1898;0;Saint-Gingolph;6155;VS;2551186.368;1138112.803;fr
Troistorrents;1872;0;Troistorrents;6156;VS;2559911.474;1119946.314;fr
Morgins;1875;0;Troistorrents;6156;VS;2555170.299;1120809.599;fr
Val-d'Illiez;1873;0;Val-d'Illiez;6157;VS;2557892.209;1117146.353;fr
Champoussin;1873;2;Val-d'Illiez;6157;VS;2555664.853;1117702.314;fr
Les Crosets;1873;3;Val-d'Illiez;6157;VS;2553725.290;1115074.868;fr
Vionnaz;1895;0;Vionnaz;6158;VS;2558478.151;1128762.835;fr
Torgon;1899;0;Vionnaz;6158;VS;2556698.204;1129973.854;fr
Vouvry;1896;0;Vouvry;6159;VS;2557449.214;1131710.164;fr
Miex;1896;2;Vouvry;6159;VS;2555729.544;1132058.995;fr
Bister;3983;2;Bister;6172;VS;2648289.945;1134692.620;de
Bitsch;3982;0;Bitsch;6173;VS;2644550.230;1131787.395;de
Grengiols;3993;0;Grengiols;6177;VS;2650388.255;1135810.820;de
Goppisberg;3983;4;Riederalp;6181;VS;2647082.800;1135755.300;de
Greich;3983;5;Riederalp;6181;VS;2646232.216;1135185.450;de
Ried-Mörel;3986;0;Riederalp;6181;VS;2645774.939;1134085.511;de
Riederalp;3987;0;Riederalp;6181;VS;2645322.927;1136414.292;de
Ausserberg;3938;0;Ausserberg;6191;VS;2631770.909;1129297.976;de
Blatten (Lötschen);3919;0;Blatten;6192;VS;2629270.503;1141080.688;de
Bürchen;3935;0;Bürchen;6193;VS;2629117.308;1125723.199;de
Eischoll;3943;0;Eischoll;6194;VS;2626246.970;1127097.849;de
Ferden;3916;0;Ferden;6195;VS;2624671.493;1138113.988;de
Goppenstein;3917;2;Ferden;6195;VS;2624339.253;1135229.306;de
Kippel;3917;0;Kippel;6197;VS;2625743.186;1138679.889;de
Niedergesteln;3942;2;Niedergesteln;6198;VS;2626432.076;1129110.800;de
Raron;3942;0;Raron;6199;VS;2627846.118;1128948.062;de
St. German;3942;3;Raron;6199;VS;2629448.102;1129058.468;de
Unterbäch VS;3944;0;Unterbäch;6201;VS;2627872.401;1126004.016;de
Wiler (Lötschen);3918;0;Wiler (Lötschen);6202;VS;2626524.708;1139263.301;de
Mörel;3983;0;Mörel-Filet;6203;VS;2646642.261;1134023.297;de
Filet;3983;3;Mörel-Filet;6203;VS;2647244.430;1134595.457;de
Steg VS;3940;0;Steg-Hohtenn;6204;VS;2623749.800;1129331.808;de
Hohtenn;3949;0;Steg-Hohtenn;6204;VS;2624470.482;1129743.827;de
Betten;3991;0;Bettmeralp;6205;VS;2648533.920;1136353.935;de
Bettmeralp;3992;0;Bettmeralp;6205;VS;2647993.971;1137827.788;de
Martisberg;3994;2;Bettmeralp;6205;VS;2650873.757;1137363.216;de
Collonges;1903;0;Collonges;6211;VS;2568743.623;1113431.426;fr
Dorénaz;1905;0;Dorénaz;6212;VS;2569342.820;1110904.966;fr
Evionnaz;1902;0;Evionnaz;6213;VS;2567948.355;1114196.278;fr
Finhaut;1925;0;Finhaut;6214;VS;2564065.934;1103539.965;fr
Le Châtelard VS;1925;1;Finhaut;6214;VS;2562705.014;1100833.301;fr
Massongex;1869;0;Massongex;6215;VS;2565364.204;1121344.244;fr
St-Maurice;1890;0;Saint-Maurice;6217;VS;2566388.219;1118528.870;fr
Mex VS;1890;1;Saint-Maurice;6217;VS;2566097.853;1114930.439;fr
Salvan;1922;0;Salvan;6218;VS;2567710.073;1107767.809;fr
Les Granges (Salvan);1922;1;Salvan;6218;VS;2567787.578;1108587.273;fr
Les Marécottes;1923;0;Salvan;6218;VS;2566788.311;1106871.656;fr
Le Trétien;1923;2;Salvan;6218;VS;2565959.053;1105595.349;fr
Vernayaz;1904;0;Vernayaz;6219;VS;2569094.383;1109281.391;fr
Vérossaz;1891;11;Vérossaz;6220;VS;2565251.468;1117775.838;fr
Chalais;3966;0;Chalais;6232;VS;2605087.889;1123757.995;fr
Réchy;3966;1;Chalais;6232;VS;2604513.240;1123369.274;fr
Vercorin;3967;0;Chalais;6232;VS;2607286.301;1122899.665;fr
Chippis;3965;0;Chippis;6235;VS;2607830.735;1125466.115;fr
Grône;3979;0;Grône;6238;VS;2601209.944;1122251.480;fr
Icogne;1977;0;Icogne;6239;VS;2599992.549;1126590.379;fr
Lens;1978;0;Lens;6240;VS;2600520.940;1125280.615;fr
Flanthey;3978;0;Lens;6240;VS;2601178.104;1124268.563;fr
St-Léonard;1958;0;Saint-Léonard;6246;VS;2598544.140;1122718.481;fr
Sierre;3960;0;Sierre;6248;VS;2607529.386;1126915.639;fr
Muraz (Sierre);3960;5;Sierre;6248;VS;2607017.784;1127349.660;fr
Noës;3976;0;Sierre;6248;VS;2605233.476;1125416.218;fr
Granges VS;3977;0;Sierre;6248;VS;2601998.950;1123114.009;fr
Niouc;3960;4;Anniviers;6252;VS;2608748.174;1124393.743;fr
Vissoie;3961;21;Anniviers;6252;VS;2611302.466;1118213.077;fr
St-Luc;3961;22;Anniviers;6252;VS;2612278.432;1118759.173;fr
Chandolin;3961;23;Anniviers;6252;VS;2611662.001;1122349.202;fr
Ayer;3961;24;Anniviers;6252;VS;2612682.680;1114164.571;fr
Zinal;3961;25;Anniviers;6252;VS;2614524.673;1109389.517;fr
Grimentz;3961;26;Anniviers;6252;VS;2610609.675;1114178.025;fr
Mission;3961;27;Anniviers;6252;VS;2612044.578;1115688.031;fr
St-Jean VS;3961;41;Anniviers;6252;VS;2611290.511;1116117.927;fr
Corin-de-la-Crête;3960;2;Crans-Montana;6253;VS;2604946.943;1125902.640;fr
Loc;3960;3;Crans-Montana;6253;VS;2605586.721;1126898.821;fr
Crans-Montana;3963;0;Crans-Montana;6253;VS;2603315.460;1129036.614;fr
Montana;3963;3;Crans-Montana;6253;VS;2603955.217;1127333.960;fr
Aminona;3963;4;Crans-Montana;6253;VS;2606702.753;1131248.036;fr
Chermignon;3971;0;Crans-Montana;6253;VS;2602782.588;1126158.411;fr
Chermignon-d'en-Bas;3971;1;Crans-Montana;6253;VS;2603379.216;1125546.133;fr
Ollon VS;3971;2;Crans-Montana;6253;VS;2602990.520;1124699.624;fr
Mollens VS;3974;0;Crans-Montana;6253;VS;2606328.865;1129449.356;fr
Randogne;3975;0;Crans-Montana;6253;VS;2605557.908;1129068.814;fr
Champzabé;3976;2;Crans-Montana;6253;VS;2604595.936;1125312.236;fr
Veyras;3968;0;Noble-Contrée;6254;VS;2607580.431;1127897.901;fr
Miège;3972;0;Noble-Contrée;6254;VS;2608363.956;1128975.798;fr
Venthône;3973;0;Noble-Contrée;6254;VS;2607191.403;1128486.455;fr
Arbaz;1974;0;Arbaz;6261;VS;2595748.433;1124539.603;fr
Grimisuat;1971;0;Grimisuat;6263;VS;2595910.575;1123166.305;fr
Champlan (Grimisuat);1971;2;Grimisuat;6263;VS;2595017.429;1121722.624;fr
Savièse;1965;0;Savièse;6265;VS;2593146.286;1122152.748;fr
Sion;1950;0;Sion;6266;VS;2594086.899;1120223.465;fr
Uvrier;1958;2;Sion;6266;VS;2597980.040;1122147.025;fr
Pont-de-la-Morge (Sion);1962;0;Sion;6266;VS;2590623.764;1119193.353;fr
Bramois;1967;0;Sion;6266;VS;2597323.446;1119924.048;fr
Salins;1991;0;Sion;6266;VS;2593710.830;1117686.395;fr
Arvillard (Salins);1991;2;Sion;6266;VS;2592844.668;1117731.480;fr
Pravidondaz (Salins);1991;3;Sion;6266;VS;2593487.102;1117836.565;fr
Turin (Salins);1991;4;Sion;6266;VS;2593474.395;1118232.104;fr
Misériez (Salins);1991;5;Sion;6266;VS;2592809.690;1117303.344;fr
Les Agettes;1992;0;Sion;6266;VS;2595404.833;1117416.349;fr
La Vernaz (Les Agettes);1992;2;Sion;6266;VS;2594829.098;1117664.332;fr
Crête-à-l'Oeil (Les Agettes);1992;3;Sion;6266;VS;2594726.880;1117766.137;fr
Veysonnaz;1993;0;Veysonnaz;6267;VS;2592077.966;1116072.546;fr
Baltschieder;3937;0;Baltschieder;6281;VS;2632832.948;1128760.248;de
Baltschieder;3937;0;Baltschieder;6281;VS;2634045.750;1136158.375;de
Eisten;3922;2;Eisten;6282;VS;2635095.994;1116654.641;de
Kalpetran;3922;1;Embd;6283;VS;2630812.217;1118158.888;de
Embd;3926;0;Embd;6283;VS;2630068.705;1118245.158;de
Grächen;3925;0;Grächen;6285;VS;2630862.316;1116057.164;de
Lalden;3931;1;Lalden;6286;VS;2635898.484;1127618.984;de
Randa;3928;0;Randa;6287;VS;2626733.796;1105574.751;de
Saas-Almagell;3905;0;Saas-Almagell;6288;VS;2640245.244;1104823.142;de
Saas-Balen;3908;0;Saas-Balen;6289;VS;2637767.725;1111527.696;de
Saas-Fee;3906;0;Saas-Fee;6290;VS;2637586.003;1106303.359;de
Saas-Grund;3910;0;Saas-Grund;6291;VS;2638504.329;1108182.959;de
St. Niklaus VS;3924;0;St. Niklaus;6292;VS;2628143.565;1114095.746;de
Herbriggen;3927;0;St. Niklaus;6292;VS;2627334.908;1109386.905;de
Stalden VS;3922;0;Stalden (VS);6293;VS;2633368.822;1120426.228;de
Staldenried;3933;0;Staldenried;6294;VS;2634641.508;1119867.368;de
Täsch;3929;0;Täsch;6295;VS;2626278.164;1101785.071;de
Törbel;3923;0;Törbel;6296;VS;2631934.836;1120688.592;de
Visp;3930;0;Visp;6297;VS;2634103.022;1126649.428;de
Eyholz;3930;2;Visp;6297;VS;2636245.916;1127086.584;de
Visperterminen;3932;0;Visperterminen;6298;VS;2635635.468;1123068.262;de
Zeneggen;3934;0;Zeneggen;6299;VS;2633006.036;1124710.356;de
Zermatt;3920;0;Zermatt;6300;VS;2623861.179;1096487.575;de
Areuse;2015;0;Boudry;6404;NE;2555709.201;1200456.321;fr
Boudry;2017;0;Boudry;6404;NE;2554208.713;1200213.941;fr
Cortaillod;2016;0;Cortaillod;6408;NE;2554903.700;1199264.644;fr
Rochefort;2019;0;Rochefort;6413;NE;2552164.915;1203148.728;fr
Chambrelien;2019;2;Rochefort;6413;NE;2552338.349;1201999.339;fr
Montezillon;2037;2;Rochefort;6413;NE;2554242.824;1204127.424;fr
Champ-du-Moulin;2149;0;Rochefort;6413;NE;2549460.043;1201194.379;fr
Fretereules;2149;2;Rochefort;6413;NE;2548818.679;1201416.449;fr
Brot-Dessous;2149;3;Rochefort;6413;NE;2547371.133;1200746.219;fr
Auvernier;2012;0;Milvignes;6416;NE;2557284.845;1203121.525;fr
Colombier NE;2013;0;Milvignes;6416;NE;2556118.225;1201858.664;fr
Bôle;2014;0;Milvignes;6416;NE;2554448.330;1201852.093;fr
Bevaix;2022;0;La Grande Béroche;6417;NE;2552555.939;1197935.568;fr
Gorgier;2023;0;La Grande Béroche;6417;NE;2549856.991;1194883.996;fr
St-Aubin-Sauges;2024;0;La Grande Béroche;6417;NE;2549323.453;1194044.821;fr
Chez-le-Bart;2025;0;La Grande Béroche;6417;NE;2550258.313;1194665.940;fr
Montalchez;2027;2;La Grande Béroche;6417;NE;2547156.685;1194271.654;fr
Fresens;2027;3;La Grande Béroche;6417;NE;2547205.813;1193291.383;fr
Vaumarcus;2028;0;La Grande Béroche;6417;NE;2547897.184;1192176.641;fr
La Chaux-de-Fonds;2300;0;La Chaux-de-Fonds;6421;NE;2554034.676;1217192.149;fr
La Cibourg;2300;8;La Chaux-de-Fonds;6421;NE;2557289.247;1218546.223;fr
Le Crêt-du-Locle;2322;0;La Chaux-de-Fonds;6421;NE;2550321.507;1214235.868;fr
La Cibourg;2333;2;La Chaux-de-Fonds;6421;NE;2558367.135;1219506.680;fr
La Cibourg;2616;2;La Chaux-de-Fonds;6421;NE;2558613.521;1218735.213;fr
Les Planchettes;2325;0;Les Planchettes;6422;NE;2549319.080;1217466.061;fr
La Sagne NE;2314;0;La Sagne;6423;NE;2551438.204;1210013.905;fr
La Brévine;2406;0;La Brévine;6432;NE;2536772.030;1203531.358;fr
Les Taillères;2406;2;La Brévine;6432;NE;2534368.000;1202536.875;fr
La Châtagne;2406;3;La Brévine;6432;NE;2539382.229;1204332.370;fr
Le Brouillet;2406;4;La Brévine;6432;NE;2531193.188;1200327.354;fr
Brot-Plamboz;2318;0;Brot-Plamboz;6433;NE;2547301.000;1203362.000;fr
Le Cerneux-Péquignot;2414;0;Le Cerneux-Péquignot;6434;NE;2541179.526;1207612.485;fr
La Chaux-du-Milieu;2405;0;La Chaux-du-Milieu;6435;NE;2543986.276;1207208.953;fr
Le Locle;2400;0;Le Locle;6436;NE;2547644.721;1212133.999;fr
Le Prévoux;2400;2;Le Locle;6436;NE;2544017.036;1209915.798;fr
Les Brenets;2416;0;Le Locle;6436;NE;2544311.105;1213213.189;fr
Les Ponts-de-Martel;2316;0;Les Ponts-de-Martel;6437;NE;2546225.514;1205652.984;fr
Petit-Martel;2316;2;Les Ponts-de-Martel;6437;NE;2547775.156;1206839.906;fr
Cornaux NE;2087;0;Cornaux;6451;NE;2568258.311;1209741.061;fr
Cressier NE;2088;0;Cressier (NE);6452;NE;2569382.596;1211185.315;fr
Enges;2073;0;Enges;6453;NE;2567609.689;1211803.934;fr
Hauterive NE;2068;0;Hauterive (NE);6454;NE;2564494.551;1207055.754;fr
Le Landeron;2525;0;Le Landeron;6455;NE;2571612.076;1211470.124;fr
Lignières;2523;0;Lignières;6456;NE;2571656.139;1214486.351;fr
Neuchâtel;2000;0;Neuchâtel;6458;NE;2561032.530;1204681.601;fr
Peseux;2034;0;Neuchâtel;6458;NE;2558160.280;1204174.261;fr
Corcelles NE;2035;0;Neuchâtel;6458;NE;2557264.135;1203991.385;fr
Cormondrèche;2036;0;Neuchâtel;6458;NE;2556716.320;1203439.351;fr
Valangin;2042;0;Neuchâtel;6458;NE;2559583.055;1207372.710;fr
Chaumont;2067;0;Neuchâtel;6458;NE;2563349.693;1208708.181;fr
St-Blaise;2072;0;Saint-Blaise;6459;NE;2565650.280;1207030.039;fr
Marin-Epagnier;2074;0;La Tène;6461;NE;2566734.058;1206561.709;fr
Thielle;2075;1;La Tène;6461;NE;2568908.013;1207873.409;fr
Wavre;2075;2;La Tène;6461;NE;2568383.609;1208534.373;fr
Montmollin;2037;0;Val-de-Ruz;6487;NE;2554989.669;1204837.255;fr
Boudevilliers;2043;0;Val-de-Ruz;6487;NE;2558294.569;1208752.404;fr
Fontaines NE;2046;0;Val-de-Ruz;6487;NE;2559140.785;1210437.693;fr
Fontainemelon;2052;0;Val-de-Ruz;6487;NE;2558117.141;1211782.475;fr
La Vue-des-Alpes;2052;2;Val-de-Ruz;6487;NE;2556784.871;1213695.439;fr
Cernier;2053;0;Val-de-Ruz;6487;NE;2559427.354;1212409.136;fr
Chézard-St-Martin;2054;0;Val-de-Ruz;6487;NE;2561604.744;1212953.724;fr
Les Vieux-Prés;2054;2;Val-de-Ruz;6487;NE;2561864.430;1214633.223;fr
Dombresson;2056;0;Val-de-Ruz;6487;NE;2563689.630;1213641.004;fr
Villiers;2057;0;Val-de-Ruz;6487;NE;2564525.829;1213844.203;fr
Le Pâquier NE;2058;0;Val-de-Ruz;6487;NE;2565699.368;1216471.411;fr
Vilars NE;2063;0;Val-de-Ruz;6487;NE;2561126.355;1209106.625;fr
Engollon;2063;2;Val-de-Ruz;6487;NE;2560685.760;1209794.616;fr
Fenin;2063;3;Val-de-Ruz;6487;NE;2560793.234;1208243.069;fr
Saules;2063;4;Val-de-Ruz;6487;NE;2562028.616;1209826.469;fr
Savagnier;2065;0;Val-de-Ruz;6487;NE;2563127.016;1210819.534;fr
Les Geneveys-sur-Coffrane;2206;0;Val-de-Ruz;6487;NE;2554983.833;1207028.050;fr
Coffrane;2207;0;Val-de-Ruz;6487;NE;2556197.491;1206738.885;fr
Les Hauts-Geneveys;2208;0;Val-de-Ruz;6487;NE;2557066.954;1210971.289;fr
La Côte-aux-Fées;2117;0;La Côte-aux-Fées;6504;NE;2527638.529;1191087.961;fr
Les Verrières;2126;0;Les Verrières;6511;NE;2526886.169;1195333.599;fr
Noiraigue;2103;0;Val-de-Travers;6512;NE;2545525.085;1200802.113;fr
Travers;2105;0;Val-de-Travers;6512;NE;2541834.891;1199149.244;fr
Couvet;2108;0;Val-de-Travers;6512;NE;2538607.680;1197416.928;fr
Môtiers NE;2112;0;Val-de-Travers;6512;NE;2536992.405;1195977.518;fr
Boveresse;2113;0;Val-de-Travers;6512;NE;2536173.396;1196489.570;fr
Fleurier;2114;0;Val-de-Travers;6512;NE;2534717.105;1194827.636;fr
Buttes;2115;0;Val-de-Travers;6512;NE;2532433.930;1193541.373;fr
Mont-de-Buttes;2116;0;Val-de-Travers;6512;NE;2529149.117;1192211.126;fr
St-Sulpice NE;2123;0;Val-de-Travers;6512;NE;2533227.206;1195928.341;fr
Les Sagnettes;2124;0;Val-de-Travers;6512;NE;2536044.250;1199014.813;fr
Les Bayards;2127;0;Val-de-Travers;6512;NE;2530035.484;1196603.731;fr
Aire-la-Ville;1288;0;Aire-la-Ville;6601;GE;2492286.646;1116445.815;fr
Anières;1247;0;Anières;6602;GE;2506291.096;1125705.510;fr
Avully;1237;0;Avully;6603;GE;2488890.085;1114131.450;fr
Athenaz (Avusy);1285;0;Avusy;6604;GE;2489424.269;1112478.166;fr
La Croix-de-Rozon;1257;0;Bardonnex;6605;GE;2499381.668;1111250.254;fr
Bellevue;1293;0;Bellevue;6606;GE;2500885.210;1123295.551;fr
Bernex;1233;0;Bernex;6607;GE;2494281.095;1114506.256;fr
Carouge GE;1227;0;Carouge (GE);6608;GE;2499698.459;1115667.691;fr
Cartigny;1236;0;Cartigny;6609;GE;2490227.889;1114589.025;fr
Céligny;1298;0;Céligny;6610;GE;2502754.716;1133714.090;fr
Céligny;1298;0;Céligny;6610;GE;2504278.048;1133966.845;fr
Chancy;1284;0;Chancy;6611;GE;2486639.509;1111974.391;fr
Chêne-Bougeries;1224;0;Chêne-Bougeries;6612;GE;2503508.760;1117024.460;fr
Conches;1231;0;Chêne-Bougeries;6612;GE;2502558.300;1115554.340;fr
Chêne-Bourg;1225;0;Chêne-Bourg;6613;GE;2503756.676;1116573.708;fr
Choulex;1244;0;Choulex;6614;GE;2506492.509;1120355.450;fr
Collex;1239;0;Collex-Bossy;6615;GE;2498412.711;1125219.708;fr
Vésenaz;1222;0;Collonge-Bellerive;6616;GE;2504432.175;1121434.485;fr
Collonge-Bellerive;1245;0;Collonge-Bellerive;6616;GE;2504797.193;1123222.659;fr
Cologny;1223;0;Cologny;6617;GE;2502970.469;1119091.445;fr
Confignon;1232;0;Confignon;6618;GE;2495426.223;1114515.750;fr
Corsier GE;1246;0;Corsier (GE);6619;GE;2506522.390;1124175.473;fr
La Plaine;1283;0;Dardagny;6620;GE;2488894.618;1115164.833;fr
Dardagny;1283;1;Dardagny;6620;GE;2488583.844;1116954.349;fr
Genève;1201;0;Genève;6621;GE;2500293.468;1118468.788;fr
Genève;1202;0;Genève;6621;GE;2500484.318;1119710.284;fr
Genève;1203;0;Genève;6621;GE;2498512.086;1118311.183;fr
Genève;1204;0;Genève;6621;GE;2500148.831;1117598.842;fr
Genève;1205;0;Genève;6621;GE;2500032.098;1116801.992;fr
Genève;1206;0;Genève;6621;GE;2501189.486;1115885.045;fr
Genève;1207;0;Genève;6621;GE;2501441.561;1118116.196;fr
Genève;1208;0;Genève;6621;GE;2501757.960;1117235.980;fr
Genève;1209;0;Genève;6621;GE;2498641.531;1119785.243;fr
Les Acacias;1227;4;Genève;6621;GE;2499220.074;1116622.076;fr
Genthod;1294;0;Genthod;6622;GE;2501234.100;1124513.181;fr
Genève;1215;0;Le Grand-Saconnex;6623;GE;2497269.529;1121290.369;fr
Le Grand-Saconnex;1218;0;Le Grand-Saconnex;6623;GE;2498586.613;1120961.715;fr
Gy;1251;0;Gy;6624;GE;2508925.091;1123024.889;fr
Hermance;1248;0;Hermance;6625;GE;2507994.554;1128477.441;fr
Jussy;1254;0;Jussy;6626;GE;2509546.728;1121116.381;fr
Laconnex;1287;0;Laconnex;6627;GE;2491541.554;1112445.828;fr
Grand-Lancy;1212;0;Lancy;6628;GE;2498258.513;1115400.475;fr
Petit-Lancy;1213;0;Lancy;6628;GE;2497984.469;1116151.939;fr
Meinier;1252;0;Meinier;6629;GE;2507113.000;1122395.021;fr
Cointrin;1216;0;Meyrin;6630;GE;2497146.157;1120097.910;fr
Meyrin;1217;0;Meyrin;6630;GE;2494464.308;1120569.063;fr
Onex;1213;3;Onex;6631;GE;2496713.669;1115392.913;fr
Perly;1258;0;Perly-Certoux;6632;GE;2495639.260;1112513.079;fr
Plan-les-Ouates;1228;0;Plan-les-Ouates;6633;GE;2497837.815;1113817.324;fr
Chambésy;1292;0;Pregny-Chambésy;6634;GE;2500370.547;1121851.021;fr
Presinge;1243;0;Presinge;6635;GE;2508672.693;1119300.823;fr
Puplinge;1241;0;Puplinge;6636;GE;2506910.624;1118321.069;fr
Russin;1281;0;Russin;6637;GE;2490016.746;1116119.064;fr
Satigny;1242;0;Satigny;6638;GE;2491416.903;1119507.136;fr
Soral;1286;0;Soral;6639;GE;2492169.355;1111328.690;fr
Thônex;1226;0;Thônex;6640;GE;2504268.963;1115959.003;fr
Troinex;1256;0;Troinex;6641;GE;2500347.214;1113007.259;fr
Vandoeuvres;1253;0;Vandoeuvres;6642;GE;2504626.999;1119614.979;fr
Vernier;1214;0;Vernier;6643;GE;2495663.788;1119105.176;fr
Le Lignon;1219;0;Vernier;6643;GE;2496334.521;1117864.901;fr
Aïre;1219;10;Vernier;6643;GE;2496546.266;1117382.160;fr
Châtelaine;1219;12;Vernier;6643;GE;2497508.326;1118715.466;fr
Les Avanchets;1220;0;Vernier;6643;GE;2497403.395;1119691.949;fr
Versoix;1290;0;Versoix;6644;GE;2501861.713;1126407.939;fr
Vessy;1234;0;Veyrier;6645;GE;2500844.591;1114240.053;fr
Veyrier;1255;0;Veyrier;6645;GE;2503258.109;1113587.895;fr
Boécourt;2856;0;Boécourt;6702;JU;2583144.865;1244261.074;fr
Montavon;2857;0;Boécourt;6702;JU;2584694.411;1246973.894;fr
Bourrignon;2803;0;Bourrignon;6703;JU;2585258.706;1249691.047;fr
Châtillon JU;2843;0;Châtillon (JU);6704;JU;2592910.493;1241729.810;fr
Courchapoix;2825;0;Courchapoix;6706;JU;2600967.879;1244054.295;fr
Courrendlin;2830;0;Courrendlin;6708;JU;2595513.946;1243057.288;fr
Vellerat;2830;2;Courrendlin;6708;JU;2594809.123;1241051.219;fr
Rebeuvelier;2832;0;Courrendlin;6708;JU;2597788.774;1241544.951;fr
Courroux;2822;0;Courroux;6709;JU;2595202.276;1245709.989;fr
Courcelon;2823;0;Courroux;6709;JU;2596831.009;1245677.213;fr
Courtételle;2852;0;Courtételle;6710;JU;2590726.461;1243291.250;fr
Delémont;2800;0;Delémont;6711;JU;2592824.667;1245988.325;fr
Develier;2802;0;Develier;6712;JU;2588867.676;1244884.730;fr
Ederswiler;2813;0;Ederswiler;6713;JU;2592224.426;1252882.554;de
Mervelier;2827;0;Mervelier;6715;JU;2604919.683;1243712.536;fr
Mettembert;2806;0;Mettembert;6716;JU;2591004.583;1249681.544;fr
Movelier;2812;0;Movelier;6718;JU;2590771.476;1251035.937;fr
Pleigne;2807;0;Pleigne;6719;JU;2589092.639;1250767.767;fr
Lucelle;2807;1;Pleigne;6719;JU;2585369.500;1252168.631;fr
Rossemaison;2842;0;Rossemaison;6721;JU;2592754.961;1243886.858;fr
Saulcy;2873;0;Saulcy;6722;JU;2578489.168;1239080.493;fr
Soyhières;2805;0;Soyhières;6724;JU;2594778.648;1248974.018;fr
Courfaivre;2853;0;Haute-Sorne;6729;JU;2587730.289;1242423.441;fr
Bassecourt;2854;0;Haute-Sorne;6729;JU;2585331.729;1242840.520;fr
Glovelier;2855;0;Haute-Sorne;6729;JU;2581948.621;1242333.524;fr
Undervelier;2863;0;Haute-Sorne;6729;JU;2583806.285;1239210.521;fr
Soulce;2864;0;Haute-Sorne;6729;JU;2587298.297;1239388.311;fr
Vicques;2824;0;Val Terbi;6730;JU;2598073.686;1244035.293;fr
Corban;2826;0;Val Terbi;6730;JU;2602978.915;1244139.191;fr
Montsevelier;2828;0;Val Terbi;6730;JU;2605419.133;1245366.710;fr
Vermes;2829;0;Val Terbi;6730;JU;2602980.308;1242101.756;fr
Le Bémont JU;2360;0;Le Bémont (JU);6741;JU;2567873.640;1234789.313;fr
Les Bois;2336;0;Les Bois;6742;JU;2559557.883;1225209.711;fr
Les Breuleux;2345;0;Les Breuleux;6743;JU;2567040.013;1229169.618;fr
La Chaux-des-Breuleux;2345;3;La Chaux-des-Breuleux;6744;JU;2568858.659;1230279.161;fr
Les Enfers;2363;0;Les Enfers;6745;JU;2570166.381;1237533.963;fr
Les Genevez JU;2714;0;Les Genevez (JU);6748;JU;2576668.263;1234338.484;fr
Le Prédame;2714;2;Les Genevez (JU);6748;JU;2574901.374;1234119.714;fr
Lajoux JU;2718;0;Lajoux (JU);6750;JU;2577358.573;1236523.536;fr
Fornet-Dessus;2718;2;Lajoux (JU);6750;JU;2578842.389;1236505.381;fr
Montfaucon;2362;0;Montfaucon;6751;JU;2570679.484;1236935.393;fr
Montfavergier;2362;2;Montfaucon;6751;JU;2573621.545;1239914.846;fr
Les Emibois;2338;0;Muriaux;6753;JU;2565718.490;1231353.888;fr
Muriaux;2338;2;Muriaux;6753;JU;2565149.354;1232899.233;fr
Le Cerneux-Veusil;2345;2;Muriaux;6753;JU;2563925.987;1225984.429;fr
Le Noirmont;2340;0;Le Noirmont;6754;JU;2563563.066;1230727.621;fr
Saignelégier;2350;0;Saignelégier;6757;JU;2566471.953;1233964.495;fr
Les Pommerats;2353;0;Saignelégier;6757;JU;2565818.890;1235732.609;fr
Goumois;2354;0;Saignelégier;6757;JU;2563212.596;1234612.573;fr
St-Brais;2364;0;Saint-Brais;6758;JU;2575335.499;1239401.279;fr
St-Ursanne;2882;0;Saint-Brais;6758;JU;2575299.250;1241132.750;fr
Soubey;2887;0;Soubey;6759;JU;2570500.786;1239927.601;fr
Alle;2942;0;Alle;6771;JU;2576618.135;1252986.286;fr
Beurnevésin;2935;0;Beurnevésin;6773;JU;2577283.588;1260351.634;fr
Boncourt;2926;0;Boncourt;6774;JU;2567945.165;1260718.321;fr
Bonfol;2944;0;Bonfol;6775;JU;2578055.131;1258792.218;fr
Bure;2915;0;Bure;6778;JU;2567367.193;1254537.580;fr
Coeuve;2932;0;Coeuve;6781;JU;2574178.405;1256028.875;fr
Cornol;2952;0;Cornol;6782;JU;2579258.019;1250602.055;fr
Courchavon;2922;0;Courchavon;6783;JU;2571056.688;1254530.828;fr
Courgenay;2950;0;Courgenay;6784;JU;2576417.931;1250299.139;fr
Courtemautruy;2950;2;Courgenay;6784;JU;2577358.691;1249479.720;fr
Courtedoux;2905;0;Courtedoux;6785;JU;2570105.040;1250952.720;fr
Damphreux;2933;2;Damphreux;6787;JU;2574655.673;1258508.443;fr
Fahy;2916;0;Fahy;6789;JU;2563066.595;1252013.520;fr
Fontenais;2902;0;Fontenais;6790;JU;2573011.643;1250302.573;fr
Villars-sur-Fontenais;2903;0;Fontenais;6790;JU;2572979.513;1248621.128;fr
Bressaucourt;2904;0;Fontenais;6790;JU;2569667.988;1248617.615;fr
Grandfontaine;2908;0;Grandfontaine;6792;JU;2562333.469;1249110.253;fr
Lugnez;2933;3;Lugnez;6793;JU;2574295.471;1259225.696;fr
Porrentruy;2900;0;Porrentruy;6800;JU;2572696.588;1251739.688;fr
Vendlincourt;2943;0;Vendlincourt;6806;JU;2577957.501;1255627.565;fr
Courtemaîche;2923;0;Basse-Allaine;6807;JU;2570363.135;1256509.528;fr
Montignez;2924;0;Basse-Allaine;6807;JU;2571411.446;1259655.215;fr
Buix;2925;0;Basse-Allaine;6807;JU;2569079.264;1258819.070;fr
St-Ursanne;2882;0;Clos du Doubs;6808;JU;2578468.679;1246020.034;fr
Montmelon;2883;0;Clos du Doubs;6808;JU;2580556.388;1244882.461;fr
Montenol;2884;0;Clos du Doubs;6808;JU;2578339.531;1244708.385;fr
Epauvillers;2885;0;Clos du Doubs;6808;JU;2575583.939;1242753.766;fr
Epiquerez;2886;0;Clos du Doubs;6808;JU;2571221.671;1242047.113;fr
Seleute;2888;0;Clos du Doubs;6808;JU;2575284.786;1246188.126;fr
Ocourt;2889;0;Clos du Doubs;6808;JU;2572746.236;1244626.704;fr
Chevenez;2906;0;Haute-Ajoie;6809;JU;2566979.793;1249085.585;fr
Rocourt;2907;0;Haute-Ajoie;6809;JU;2563589.023;1248827.875;fr
Réclère;2912;2;Haute-Ajoie;6809;JU;2561106.885;1247330.370;fr
Roche-d'Or;2912;3;Haute-Ajoie;6809;JU;2563394.649;1246376.375;fr
Damvant;2914;0;Haute-Ajoie;6809;JU;2559098.174;1247002.846;fr
Miécourt;2946;0;La Baroche;6810;JU;2580216.676;1252840.718;fr
Charmoille;2947;0;La Baroche;6810;JU;2582326.307;1252547.066;fr
Fregiécourt;2953;2;La Baroche;6810;JU;2581835.105;1251236.381;fr
Pleujouse;2953;3;La Baroche;6810;JU;2582820.556;1251254.342;fr
Asuel;2954;0;La Baroche;6810;JU;2582828.846;1250153.477;fr
Vaduz;9490;0;Vaduz;7001;LI;2758077.019;1222684.815;de
Triesen;9495;0;Triesen;7002;LI;2758755.282;1219338.475;de
Balzers;9496;0;Balzers;7003;LI;2756750.260;1214756.061;de
Triesenberg;9497;0;Triesenberg;7004;LI;2759753.023;1220688.773;de
Schaan;9494;0;Schaan;7005;LI;2756734.340;1226748.700;de
Planken;9498;0;Planken;7006;LI;2759689.985;1228164.345;de
Nendeln;9485;0;Eschen;7007;LI;2759518.741;1229630.731;de
Eschen;9492;0;Eschen;7007;LI;2757977.339;1231111.616;de
Schaanwald;9486;0;Mauren;7008;LI;2760824.195;1231314.228;de
Mauren FL;9493;0;Mauren;7008;LI;2759436.283;1232066.684;de
Gamprin-Bendern;9487;0;Gamprin;7009;LI;2756594.239;1231420.792;de
Ruggell;9491;0;Ruggell;7010;LI;2758240.812;1234338.738;de
Schellenberg;9488;0;Schellenberg;7011;LI;2759569.643;1233302.721;de
Thunersee;9999;1;Thunersee;9073;BE;2621181.563;1170794.308;de
Brienzersee;9999;2;Brienzersee;9089;BE;2640931.114;1175395.654;de
Bielersee;9999;0;Bielersee (BE);9149;BE;2580262.096;1215169.435;de
