LOC:INFO,LOC:NAME,LOC:CANTON,NS1:PLACEOFORIGINNAME,NS1:CANTONABBREVIATION,NS1:PLACEOFORIGINID,NS1:SUCCESSORID,NS1:HISTORYMUNICIPALITYID,NS1:VALIDFROM,NS1:VALIDTO,COMMENT
SUCCESSOR,Aeugst am Albis,ZH,Aeugst,ZH,1,1,11348,,31.12.1975,See placeOfOriginID=1/placeOfOriginName=Aeugst am Albis
NAME,Aeugst am Albis,ZH,Aeugst am Albis,ZH,1,,13256,01.01.1976,,
NAME,Affoltern am Albis,ZH,Affoltern am Albis,ZH,2,,11742,,,
NAME,Bonstetten,ZH,Bonstetten,ZH,3,,11801,,,
NAME,Hausen am Albis,ZH,Hausen am Albis,ZH,4,,11992,,,
NAME,Hedingen,ZH,Hedingen,ZH,5,,12249,,,
NAME,Kappel am Albis,ZH,Kappel am Albis,ZH,6,,12671,,,
NAME,Knonau,ZH,Knonau,ZH,7,,12674,,,
NAME,Maschwanden,ZH,Maschwanden,ZH,8,,12738,,,
NAME,Mettmenstetten,ZH,Mettmenstetten,ZH,9,,12433,,,
NAME,Obfelden,ZH,Obfelden,ZH,10,,12497,,,
NAME,Ottenbach,ZH,Ottenbach,ZH,11,,13124,,,
NAME,Rifferswil,ZH,Rifferswil,ZH,12,,12891,,,
NAME,Stallikon,ZH,Stallikon,ZH,13,,10575,,,
NAME,Wettswil,ZH,Wettswil,ZH,14,14,11349,,31.12.1975,
MANUAL,Wettswil,ZH,Wettswil am Albis,ZH,14,,13255,01.01.1976,,
MANUAL,Adlikon b. Andelfingen,ZH,Adlikon,ZH,21,,11735,,,
NAME,Benken ZH,ZH,Benken,ZH,22,,11862,,,
NAME,Berg am Irchel,ZH,Berg am Irchel,ZH,23,,11855,,,
NAME,Buch am Irchel,ZH,Buch am Irchel,ZH,24,,15513,,,
NAME,Dachsen,ZH,Dachsen,ZH,25,,11573,,,
NAME,Dorf,ZH,Dorf,ZH,26,,12182,,,
NAME,Feuerthalen,ZH,Feuerthalen,ZH,27,,11973,,,
NAME,Flaach,ZH,Flaach,ZH,28,,11997,,,
NAME,Flurlingen,ZH,Flurlingen,ZH,29,,11935,,,
SUCCESSOR,Andelfingen,ZH,Grossandelfingen,ZH,30,30,11197,,31.12.1969,See placeOfOriginID=30/placeOfOriginName=Andelfingen
NAME,Andelfingen,ZH,Andelfingen,ZH,30,,13214,01.01.1970,,
NAME,Henggart,ZH,Henggart,ZH,31,,12240,,,
NAME,Humlikon,ZH,Humlikon,ZH,32,,12173,,,
NAME,Kleinandelfingen,ZH,Kleinandelfingen,ZH,33,,12699,,,
NAME_SUFFIX,Uhwiesen,ZH,Laufen-Uhwiesen,ZH,34,,12635,,,
NAME,Marthalen,ZH,Marthalen,ZH,35,,12742,,,
NAME,Oberstammheim,ZH,Oberstammheim,ZH,36,292,12457,,31.12.2018,
NAME,Ossingen,ZH,Ossingen,ZH,37,,13128,,,
NAME,Rheinau,ZH,Rheinau,ZH,38,,12912,,,
NAME,Thalheim an der Thur,ZH,Thalheim an der Thur,ZH,39,,10563,,,
NAME,Trüllikon,ZH,Trüllikon,ZH,40,,10898,,,
NAME,Truttikon,ZH,Truttikon,ZH,41,,10899,,,
NAME,Unterstammheim,ZH,Unterstammheim,ZH,42,292,10845,,31.12.2018,
NAME,Volken,ZH,Volken,ZH,43,,10365,,,
NAME,Waltalingen,ZH,Waltalingen,ZH,44,292,10467,,31.12.2018,
NAME,Bachenbülach,ZH,Bachenbülach,ZH,51,,11683,,,
NAME,Bassersdorf,ZH,Bassersdorf,ZH,52,,11685,,,
NAME,Bülach,ZH,Bülach,ZH,53,,11461,,,
NAME,Dietlikon,ZH,Dietlikon,ZH,54,,11563,,,
NAME,Eglisau,ZH,Eglisau,ZH,55,,12168,,,
SUCCESSOR,Embrach,ZH,Unterembrach,ZH,56,56,,,31.12.1930,See placeOfOriginID=56/placeOfOriginName=Embrach
NAME,Embrach,ZH,Embrach,ZH,56,,12292,01.01.1931,,
NAME,Freienstein,ZH,Freienstein,ZH,57,57,,,31.12.1957,
NAME_PREFIX,Freienstein,ZH,Freienstein-Teufen,ZH,57,,11960,01.01.1958,,
NAME,Glattfelden,ZH,Glattfelden,ZH,58,,12056,,,
NAME,Hochfelden,ZH,Hochfelden,ZH,59,,12166,,,
NAME,Höri,ZH,Höri,ZH,60,,12220,,,
NAME,Hüntwangen,ZH,Hüntwangen,ZH,61,,12178,,,
NAME,Kloten,ZH,Kloten,ZH,62,,12673,,,
NAME,Lufingen,ZH,Lufingen,ZH,63,,12720,,,
NAME,Nürensdorf,ZH,Nürensdorf,ZH,64,,12547,,,
NAME,Oberembrach,ZH,Oberembrach,ZH,65,,12524,,,
NAME,Opfikon,ZH,Opfikon,ZH,66,,12483,,,
NAME,Rafz,ZH,Rafz,ZH,67,,13090,,,
NAME,Rorbas,ZH,Rorbas,ZH,68,,12919,,,
NAME,Wallisellen,ZH,Wallisellen,ZH,69,,10451,,,
NAME,Wasterkingen,ZH,Wasterkingen,ZH,70,,10443,,,
NAME,Wil ZH,ZH,Wil,ZH,71,,10268,,,
NAME,Winkel,ZH,Winkel,ZH,72,,10331,,,
NAME,Bachs,ZH,Bachs,ZH,81,,11704,,,
NAME,Boppelsen,ZH,Boppelsen,ZH,82,,11786,,,
NAME,Buchs ZH,ZH,Buchs,ZH,83,,11456,,,
NAME,Dällikon,ZH,Dällikon,ZH,84,,11578,,,
NAME,Dänikon ZH,ZH,Dänikon,ZH,85,,11581,,,
NAME,Dielsdorf,ZH,Dielsdorf,ZH,86,,11567,,,
NAME,Hüttikon,ZH,Hüttikon,ZH,87,,12181,,,
NAME,Neerach,ZH,Neerach,ZH,88,,12537,,,
NAME,Niederglatt ZH,ZH,Niederglatt,ZH,89,,12534,,,
NAME,Niederhasli,ZH,Niederhasli,ZH,90,,12560,,,
NAME,Niederweningen,ZH,Niederweningen,ZH,91,,12568,,,
NAME,Oberglatt ZH,ZH,Oberglatt,ZH,92,,12469,,,
NAME,Oberweningen,ZH,Oberweningen,ZH,93,,12447,,,
NAME,Otelfingen,ZH,Otelfingen,ZH,94,,13126,,,
NAME,Regensberg,ZH,Regensberg,ZH,95,,13166,,,
NAME,Regensdorf,ZH,Regensdorf,ZH,96,,13168,,,
NAME,Rümlang,ZH,Rümlang,ZH,97,,12834,,,
NAME,Schleinikon,ZH,Schleinikon,ZH,98,,13046,,,
NAME,Schöfflisdorf,ZH,Schöfflisdorf,ZH,99,,13037,,,
MANUAL,Stadel b. Niederglatt,ZH,Stadel,ZH,100,,10383,,,mehrere Orte
NAME,Steinmaur,ZH,Steinmaur,ZH,101,,10597,,,
NAME,Weiach,ZH,Weiach,ZH,102,,10448,,,
NAME,Bäretswil,ZH,Bäretswil,ZH,111,,11709,,,
NAME,Bubikon,ZH,Bubikon,ZH,112,,11478,,,
NAME,Dürnten,ZH,Dürnten,ZH,113,,12159,,,
NAME,Fischenthal,ZH,Fischenthal,ZH,114,,12002,,,
NAME,Gossau ZH,ZH,Gossau,ZH,115,,12023,,,
NAME,Grüningen,ZH,Grüningen,ZH,116,,11970,,,
NAME,Hinwil,ZH,Hinwil,ZH,117,,12156,,,
NAME,Rüti ZH,ZH,Rüti,ZH,118,,12883,,,
MANUAL,Aathal-Seegräben,ZH,Seegräben,ZH,119,,12951,,,
NAME,Wald ZH,ZH,Wald,ZH,120,,10459,,,
NAME,Wetzikon ZH,ZH,Wetzikon,ZH,121,,10277,,,
NAME,Adliswil,ZH,Adliswil,ZH,131,,11745,,,
NAME,Hirzel,ZH,Hirzel,ZH,132,295,12160,,31.12.2017,
NAME,Horgen,ZH,Horgen,ZH,133,295,12203,,31.12.2017,
NAME,Hütten,ZH,Hütten,ZH,134,293,12180,,31.12.2018,
NAME,Kilchberg ZH,ZH,Kilchberg,ZH,135,,12701,,,
NAME,Langnau am Albis,ZH,Langnau am Albis,ZH,136,,12637,,,
NAME,Oberrieden,ZH,Oberrieden,ZH,137,,12461,,,
NAME,Richterswil,ZH,Richterswil,ZH,138,,12907,,,
NAME,Rüschlikon,ZH,Rüschlikon,ZH,139,,12832,,,
NAME,Schönenberg ZH,ZH,Schönenberg,ZH,140,293,13020,,31.12.2018,
NAME,Thalwil,ZH,Thalwil,ZH,141,,10691,,,
NAME,Wädenswil,ZH,Wädenswil,ZH,142,293,10455,,31.12.2018,
NAME,Erlenbach ZH,ZH,Erlenbach,ZH,151,,12301,,,
NAME,Herrliberg,ZH,Herrliberg,ZH,152,,12316,,,
NAME,Hombrechtikon,ZH,Hombrechtikon,ZH,153,,12143,,,
NAME,Küsnacht ZH,ZH,Küsnacht,ZH,154,,12592,,,
NAME,Männedorf,ZH,Männedorf,ZH,155,,12754,,,
NAME,Meilen,ZH,Meilen,ZH,156,,12408,,,
NAME,Oetwil am See,ZH,Oetwil am See,ZH,157,,12501,,,
NAME,Stäfa,ZH,Stäfa,ZH,158,,10363,,,
SUCCESSOR,Uetikon am See,ZH,Uetikon,ZH,159,159,11342,,31.12.1976,See placeOfOriginID=159/placeOfOriginName=Uetikon am See
NAME,Uetikon am See,ZH,Uetikon am See,ZH,159,,13259,01.01.1977,,
NAME,Zumikon,ZH,Zumikon,ZH,160,,10326,,,
NAME,Zollikon,ZH,Zollikon,ZH,161,,13683,,,
NAME,Bauma,ZH,Bauma,ZH,171,297,11699,,31.12.2014,
NAME,Fehraltorf,ZH,Fehraltorf,ZH,172,,11989,,,
NAME,Hittnau,ZH,Hittnau,ZH,173,,12161,,,
NAME,Illnau,ZH,Illnau,ZH,174,174,11208,,31.12.1973,
MANUAL,Effretikon,ZH,Illnau-Effretikon,ZH,174,296,13235,01.01.1974,31.12.2015,Effretikon ist der grössere Ort
NAME,Kyburg,ZH,Kyburg,ZH,175,296,12605,,31.12.2015,
NAME,Lindau,ZH,Lindau,ZH,176,,12821,,,
NAME,Pfäffikon ZH,ZH,Pfäffikon,ZH,177,,13137,,,
NAME,Russikon,ZH,Russikon,ZH,178,,12831,,,
NAME,Sternenberg,ZH,Sternenberg,ZH,179,297,10596,,31.12.2014,
NAME,Weisslingen,ZH,Weisslingen,ZH,180,,10389,,,
NAME,Wila,ZH,Wila,ZH,181,,10242,,,
NAME,Wildberg,ZH,Wildberg,ZH,182,,10334,,,
NAME,Dübendorf,ZH,Dübendorf,ZH,191,,12205,,,
MANUAL,Egg b. Zürich,ZH,Egg,ZH,192,,12123,,,
NAME,Fällanden,ZH,Fällanden,ZH,193,,12248,,,
NAME,Greifensee,ZH,Greifensee,ZH,194,,12073,,,
NAME,Maur,ZH,Maur,ZH,195,,12620,,,
NAME,Mönchaltorf,ZH,Mönchaltorf,ZH,196,,12427,,,
NAME,Schwerzenbach,ZH,Schwerzenbach,ZH,197,,12956,,,
NAME,Uster,ZH,Uster,ZH,198,,10940,,,
NAME,Volketswil,ZH,Volketswil,ZH,199,,10368,,,
SUCCESSOR,Brüttisellen,ZH,Wangen,ZH,200,200,11350,,31.12.1975,See placeOfOriginID=200/placeOfOriginName=Wangen-Brüttisellen
NAME_SUFFIX,Brüttisellen,ZH,Wangen-Brüttisellen,ZH,200,,13250,01.01.1976,,
NAME,Altikon,ZH,Altikon,ZH,211,,11777,,,
NAME,Bertschikon,ZH,Bertschikon,ZH,212,298,11865,,01.01.2014,
NAME,Brütten,ZH,Brütten,ZH,213,,11467,,,
NAME,Dägerlen,ZH,Dägerlen,ZH,214,,11574,,,
NAME,Dättlikon,ZH,Dättlikon,ZH,215,,11583,,,
NAME,Dinhard,ZH,Dinhard,ZH,216,,11565,,,
NAME,Elgg,ZH,Elgg,ZH,217,294,12148,,31.12.2017,
NAME,Ellikon an der Thur,ZH,Ellikon an der Thur,ZH,218,,12144,,,
NAME,Elsau,ZH,Elsau,ZH,219,,12294,,,
NAME,Hagenbuch ZH,ZH,Hagenbuch,ZH,220,,12001,,,
NAME,Hettlingen,ZH,Hettlingen,ZH,221,,12283,,,
SUCCESSOR,Hofstetten ZH,ZH,Hofstetten bei Elgg,ZH,222,222,12125,,09.04.2000,See placeOfOriginID=222/placeOfOriginName=Hofstetten
NAME,Hofstetten ZH,ZH,Hofstetten,ZH,222,294,14364,10.04.2000,31.12.2017,
NAME,Neftenbach,ZH,Neftenbach,ZH,223,,15514,,,
NAME,Pfungen,ZH,Pfungen,ZH,224,,13145,,,
NAME,Rickenbach ZH,ZH,Rickenbach,ZH,225,,12889,,,
NAME,Schlatt ZH,ZH,Schlatt,ZH,226,,14120,,,
NAME,Seuzach,ZH,Seuzach,ZH,227,,12977,,,
NAME,Turbenthal,ZH,Turbenthal,ZH,228,,10857,,,
NAME,Wiesendangen,ZH,Wiesendangen,ZH,229,298,10279,,01.01.2014,
NAME,Winterthur,ZH,Winterthur,ZH,230,,10347,,,
NAME,Zell ZH,ZH,Zell,ZH,231,,10312,,,
SUCCESSOR,Aesch ZH,ZH,Aesch bei Birmensdorf,ZH,241,241,13689,,22.07.2000,See placeOfOriginID=241/placeOfOriginName=Aesch
NAME,Aesch ZH,ZH,Aesch,ZH,241,,14365,23.07.2000,,
NAME,Birmensdorf ZH,ZH,Birmensdorf,ZH,242,,13690,,,
NAME,Dietikon,ZH,Dietikon,ZH,243,,13691,,,
NAME,Geroldswil,ZH,Geroldswil,ZH,244,,13692,,,
NAME,Oberengstringen,ZH,Oberengstringen,ZH,245,,13693,,,
NAME,Oetwil an der Limmat,ZH,Oetwil an der Limmat,ZH,246,,13694,,,
NAME,Schlieren,ZH,Schlieren,ZH,247,,13695,,,
MANUAL,Uitikon Waldegg,ZH,Uitikon,ZH,248,,13696,,,
NAME,Unterengstringen,ZH,Unterengstringen,ZH,249,,13697,,,
NAME,Urdorf,ZH,Urdorf,ZH,250,,13698,,,
NAME,Weiningen ZH,ZH,Weiningen,ZH,251,,13699,,,
NAME,Zürich,ZH,Zürich,ZH,261,,13688,,,
MANUAL,Oberstammheim,ZH,Stammheim,ZH,292,,16122,01.01.2019,,grösste Gemeinde
NAME,Wädenswil,ZH,Wädenswil,ZH,293,,16123,01.01.2019,,
NAME,Elgg,ZH,Elgg,ZH,294,,16081,01.01.2018,,
NAME,Horgen,ZH,Horgen,ZH,295,,16080,01.01.2018,,
MANUAL,Effretikon,ZH,Illnau-Effretikon,ZH,296,,15671,01.01.2016,,Effretikon ist der grössere Ort
NAME,Bauma,ZH,Bauma,ZH,297,,15653,01.01.2015,,
NAME,Wiesendangen,ZH,Wiesendangen,ZH,298,,15631,02.01.2014,,
NAME,Aarberg,BE,Aarberg,BE,301,,14995,,,
NAME,Bargen BE,BE,Bargen,BE,302,,14996,,,
NAME,Grossaffoltern,BE,Grossaffoltern,BE,303,,14997,,,
NAME,Kallnach,BE,Kallnach,BE,304,,16124,,,
NAME,Kappelen,BE,Kappelen,BE,305,,14999,,,
NAME,Lyss,BE,Lyss,BE,306,,15474,,,
NAME,Meikirch,BE,Meikirch,BE,307,,15001,,,
SUCCESSOR,Kallnach,BE,Niederried bei Kallnach,BE,308,304,15002,,31.12.2012,See placeOfOriginID=304/placeOfOriginName=Kallnach
MANUAL,Radelfingen b. Aarberg,BE,Radelfingen,BE,309,,15003,,,
NAME,Rapperswil BE,BE,Rapperswil,BE,310,,15672,,,
NAME,Schüpfen,BE,Schüpfen,BE,311,,15005,,,
NAME,Seedorf BE,BE,Seedorf,BE,312,,15006,,,
NAME,Aarwangen,BE,Aarwangen,BE,321,,15007,,,
NAME,Auswil,BE,Auswil,BE,322,,15008,,,
NAME,Bannwil,BE,Bannwil,BE,323,,15009,,,
NAME,Bleienbach,BE,Bleienbach,BE,324,,15010,,,
MANUAL,Busswil b. Melchnau,BE,Busswil bei Melchnau,BE,325,,15011,,,
NAME,Gondiswil,BE,Gondiswil,BE,326,,15012,,,
NAME,Gutenburg,BE,Gutenburg,BE,327,332,11942,,31.12.2006,
NAME,Kleindietwil,BE,Kleindietwil,BE,328,332,15013,,31.12.2010,
NAME,Langenthal,BE,Langenthal,BE,329,,16606,,,
NAME,Leimiswil,BE,Leimiswil,BE,330,332,15014,,31.12.2010,
NAME,Lotzwil,BE,Lotzwil,BE,331,,15015,,,
NAME,Madiswil,BE,Madiswil,BE,332,,15475,,,
NAME,Melchnau,BE,Melchnau,BE,333,,15017,,,
NAME,Obersteckholz,BE,Obersteckholz,BE,334,329,15018,,31.12.2020,
NAME,Oeschenbach,BE,Oeschenbach,BE,335,,15019,,,
NAME,Reisiswil,BE,Reisiswil,BE,336,,15020,,,
NAME,Roggwil BE,BE,Roggwil,BE,337,,15021,,,
NAME,Rohrbach,BE,Rohrbach,BE,338,,15022,,,
NAME,Rohrbachgraben,BE,Rohrbachgraben,BE,339,,15023,,,
NAME,Rütschelen,BE,Rütschelen,BE,340,,15024,,,
NAME,Schwarzhäusern,BE,Schwarzhäusern,BE,341,,15025,,,
NAME,Thunstetten,BE,Thunstetten,BE,342,,15026,,,
NAME,Untersteckholz,BE,Untersteckholz,BE,343,329,10948,,31.12.2009,
NAME,Ursenbach,BE,Ursenbach,BE,344,,15027,,,
NAME,Wynau,BE,Wynau,BE,345,,15028,,,
NAME,Bern,BE,Bern,BE,351,,15029,,,
NAME,Bolligen,BE,Bolligen,BE,352,,15030,,,
MANUAL,Bremgarten b. Bern,BE,Bremgarten bei Bern,BE,353,,15031,,,
NAME,Kirchlindach,BE,Kirchlindach,BE,354,,15032,,,
NAME,Köniz,BE,Köniz,BE,355,,15033,,,
MANUAL,Muri b. Bern,BE,Muri bei Bern,BE,356,,15034,,,
NAME,Oberbalm,BE,Oberbalm,BE,357,,15035,,,
NAME,Stettlen,BE,Stettlen,BE,358,,15036,,,
MANUAL,Boll,BE,Vechigen,BE,359,,15037,,,grösste Gemeinde
MANUAL,Wohlen b. Bern,BE,Wohlen bei Bern,BE,360,,15038,,,
NAME,Zollikofen,BE,Zollikofen,BE,361,,15039,,,
NAME,Ittigen,BE,Ittigen,BE,362,,15040,01.01.1983,,
NAME,Ostermundigen,BE,Ostermundigen,BE,363,,15041,01.01.1983,,
NAME,Biel/Bienne,BE,Biel/Bienne,BE,371,,15042,,,
NAME,Evilard,BE,Evilard,BE,372,,15043,,,
NAME,Arch,BE,Arch,BE,381,,15044,,,
NAME,Büetigen,BE,Büetigen,BE,382,,15045,,,
NAME,Büren an der Aare,BE,Büren an der Aare,BE,383,,15046,,,
SUCCESSOR,Lyss,BE,Busswil bei Büren,BE,384,306,15047,,31.12.2010,See placeOfOriginID=306/placeOfOriginName=Lyss
MANUAL,Diessbach b. Büren,BE,Diessbach bei Büren,BE,385,,15048,,,
NAME,Dotzigen,BE,Dotzigen,BE,386,,15049,,,
NAME,Lengnau BE,BE,Lengnau,BE,387,,15050,,,
NAME,Leuzigen,BE,Leuzigen,BE,388,,15051,,,
NAME,Meienried,BE,Meienried,BE,389,,15052,,,
NAME,Meinisberg,BE,Meinisberg,BE,390,,15053,,,
MANUAL,Oberwil b. Büren,BE,Oberwil bei Büren,BE,391,,15054,,,
NAME,Pieterlen,BE,Pieterlen,BE,392,,15055,,,
MANUAL,Rüti b. Büren,BE,Rüti bei Büren,BE,393,,15056,,,
MANUAL,Wengi b. Büren,BE,Wengi,BE,394,,15057,,,
NAME,Aefligen,BE,Aefligen,BE,401,,15058,,,
NAME,Alchenstorf,BE,Alchenstorf,BE,402,,15059,,,
NAME,Bäriswil BE,BE,Bäriswil,BE,403,,15060,,,
NAME,Burgdorf,BE,Burgdorf,BE,404,,15061,,,
NAME,Ersigen,BE,Ersigen,BE,405,,15673,,,
MANUAL,Hasle b. Burgdorf,BE,Hasle bei Burgdorf,BE,406,,15063,,,
NAME,Heimiswil,BE,Heimiswil,BE,407,,15064,,,
NAME,Hellsau,BE,Hellsau,BE,408,,15065,,,
NAME,Hindelbank,BE,Hindelbank,BE,409,,16607,,,
NAME,Höchstetten,BE,Höchstetten,BE,410,,15067,,,
NAME,Kernenried,BE,Kernenried,BE,411,,15068,,,
NAME,Kirchberg BE,BE,Kirchberg,BE,412,,15069,,,
NAME,Koppigen,BE,Koppigen,BE,413,,15070,,,
NAME,Krauchthal,BE,Krauchthal,BE,414,,15071,,,
NAME,Lyssach,BE,Lyssach,BE,415,,15072,,,
NAME,Mötschwil,BE,Mötschwil,BE,416,409,15073,,31.12.2020,
NAME,Niederösch,BE,Niederösch,BE,417,405,15074,,31.12.2015,
NAME,Oberburg,BE,Oberburg,BE,418,,15075,,,
NAME,Oberösch,BE,Oberösch,BE,419,405,15076,,31.12.2015,
MANUAL,Alchenflüh,BE,Rüdtligen-Alchenflüh,BE,420,,15077,,,
NAME,Rumendingen,BE,Rumendingen,BE,421,,15078,,,
MANUAL,Rüti b. Lyssach,BE,Rüti bei Lyssach,BE,422,,15079,,,
NAME,Willadingen,BE,Willadingen,BE,423,,15080,,,
NAME,Wynigen,BE,Wynigen,BE,424,,15081,,,
NAME,Corgémont,BE,Corgémont,BE,431,,15082,,,
NAME,Cormoret,BE,Cormoret,BE,432,,15083,,,
NAME,Cortébert,BE,Cortébert,BE,433,,15084,,,
NAME,Courtelary,BE,Courtelary,BE,434,,15085,,,
NAME,La Ferrière,BE,La Ferrière,BE,435,,15086,,,
NAME,La Heutte,BE,La Heutte,BE,436,450,15087,,31.12.2014,
NAME,Mont-Tramelan,BE,Mont-Tramelan,BE,437,,15088,,,
NAME,Orvin,BE,Orvin,BE,438,,15089,,,
NAME,Péry,BE,Péry,BE,439,450,15090,,31.12.2014,
NAME,Plagne,BE,Plagne,BE,440,449,15091,,31.12.2013,
NAME,Renan BE,BE,Renan,BE,441,,15092,,,
NAME,Romont BE,BE,Romont,BE,442,,15093,,,
MANUAL,St-Imier,BE,Saint-Imier,BE,443,,15094,,,
NAME,Sonceboz-Sombeval,BE,Sonceboz-Sombeval,BE,444,,15095,,,
NAME,Sonvilier,BE,Sonvilier,BE,445,,15096,,,
NAME,Tramelan,BE,Tramelan,BE,446,,15097,,,
NAME,Vauffelin,BE,Vauffelin,BE,447,449,15098,,31.12.2013,
NAME,Villeret,BE,Villeret,BE,448,,15099,,,
MANUAL,Vauffelin,BE,Sauge,BE,449,,15632,01.01.2014,,grösste Gemeinde
NAME_PREFIX,Péry,BE,Péry-La Heutte,BE,450,,15658,01.01.2015,,
NAME,Brüttelen,BE,Brüttelen,BE,491,,15100,,,
NAME,Erlach,BE,Erlach,BE,492,,15101,,,
NAME,Finsterhennen,BE,Finsterhennen,BE,493,,15102,,,
NAME,Gals,BE,Gals,BE,494,,15103,,,
NAME,Gampelen,BE,Gampelen,BE,495,,15104,,,
NAME,Ins,BE,Ins,BE,496,,15105,,,
NAME,Lüscherz,BE,Lüscherz,BE,497,,15106,,,
NAME,Müntschemier,BE,Müntschemier,BE,498,,15107,,,
NAME,Siselen BE,BE,Siselen,BE,499,,15108,,,
NAME,Treiten,BE,Treiten,BE,500,,15109,,,
NAME,Tschugg,BE,Tschugg,BE,501,,15110,,,
NAME,Vinelz,BE,Vinelz,BE,502,,15111,,,
NAME,Ballmoos,BE,Ballmoos,BE,531,540,13366,,31.12.2009,
SUCCESSOR,Rapperswil BE,BE,Bangerten,BE,532,310,15112,,31.12.2015,See placeOfOriginID=310/placeOfOriginName=Rapperswil
NAME,Bätterkinden,BE,Bätterkinden,BE,533,,15113,,,
NAME,Büren zum Hof,BE,Büren zum Hof,BE,534,538,15114,,31.12.2013,
MANUAL,Deisswil b. Münchenbuchsee,BE,Deisswil bei Münchenbuchsee,BE,535,,15115,,,
NAME,Diemerswil,BE,Diemerswil,BE,536,,15116,,,
NAME,Etzelkofen,BE,Etzelkofen,BE,537,538,15117,,31.12.2013,
NAME,Fraubrunnen,BE,Fraubrunnen,BE,538,,15633,,,
NAME,Grafenried,BE,Grafenried,BE,539,538,15119,,31.12.2013,
NAME,Jegenstorf,BE,Jegenstorf,BE,540,,15634,,,
NAME,Iffwil,BE,Iffwil,BE,541,,15120,,,
NAME,Limpach,BE,Limpach,BE,542,538,15121,,31.12.2013,
NAME,Mattstetten,BE,Mattstetten,BE,543,,15122,,,
NAME,Moosseedorf,BE,Moosseedorf,BE,544,,15123,,,
NAME,Mülchi,BE,Mülchi,BE,545,538,15124,,31.12.2013,
NAME,Münchenbuchsee,BE,Münchenbuchsee,BE,546,,15125,,,
NAME,Münchringen,BE,Münchringen,BE,547,540,15126,,31.12.2013,
NAME,Ruppoldsried,BE,Ruppoldsried,BE,548,310,15127,,31.12.2012,
NAME,Schalunen,BE,Schalunen,BE,549,538,15128,,31.12.2013,
NAME,Scheunen,BE,Scheunen,BE,550,540,15129,,31.12.2013,
SUCCESSOR,Urtenen-Schönbühl,BE,Urtenen,BE,551,551,13386,,11.12.2001,See placeOfOriginID=551/placeOfOriginName=Urtenen-Schönbühl
NAME,Urtenen-Schönbühl,BE,Urtenen-Schönbühl,BE,551,,15130,12.12.2001,,
NAME,Utzenstorf,BE,Utzenstorf,BE,552,,15131,,,
NAME,Wiggiswil,BE,Wiggiswil,BE,553,,15132,,,
MANUAL,Wiler b. Utzenstorf,BE,Wiler bei Utzenstorf,BE,554,,15133,,,
NAME,Zauggenried,BE,Zauggenried,BE,555,538,15134,,31.12.2013,
NAME,Zielebach,BE,Zielebach,BE,556,,15135,,,
NAME,Zuzwil BE,BE,Zuzwil,BE,557,,15136,,,
NAME,Adelboden,BE,Adelboden,BE,561,,15137,,,
MANUAL,Aeschi b. Spiez,BE,Aeschi bei Spiez,BE,562,,15138,,,
NAME,Frutigen,BE,Frutigen,BE,563,,15139,,,
NAME,Kandergrund,BE,Kandergrund,BE,564,,15140,,,
NAME,Kandersteg,BE,Kandersteg,BE,565,,15141,,,
NAME,Krattigen,BE,Krattigen,BE,566,,15142,,,
SUCCESSOR,Reichenbach im Kandertal,BE,Reichenbach bei Frutigen,BE,567,567,,,31.12.1956,See placeOfOriginID=567/placeOfOriginName=Reichenbach im Kandertal
NAME,Reichenbach im Kandertal,BE,Reichenbach im Kandertal,BE,567,,15143,01.01.1957,,
NAME,Beatenberg,BE,Beatenberg,BE,571,,15144,,,
MANUAL,Bönigen b. Interlaken,BE,Bönigen,BE,572,,15145,,,
NAME,Brienz BE,BE,Brienz,BE,573,,15146,,,
NAME,Brienzwiler,BE,Brienzwiler,BE,574,,15147,,,
NAME,Därligen,BE,Därligen,BE,575,,15148,,,
NAME,Grindelwald,BE,Grindelwald,BE,576,,15149,,,
NAME,Gsteigwiler,BE,Gsteigwiler,BE,577,,15150,,,
NAME,Gündlischwand,BE,Gündlischwand,BE,578,,15151,,,
NAME,Habkern,BE,Habkern,BE,579,,15152,,,
MANUAL,Hofstetten b. Brienz,BE,Hofstetten bei Brienz,BE,580,,15153,,,
NAME,Interlaken,BE,Interlaken,BE,581,,15154,,,
NAME,Iseltwald,BE,Iseltwald,BE,582,,15155,,,
NAME,Isenfluh,BE,Isenfluh,BE,583,584,11226,,31.12.1972,
NAME,Lauterbrunnen,BE,Lauterbrunnen,BE,584,,15156,,,
NAME,Leissigen,BE,Leissigen,BE,585,,15157,,,
NAME,Lütschental,BE,Lütschental,BE,586,,15158,,,
MANUAL,Matten b. Interlaken,BE,Matten bei Interlaken,BE,587,,15159,,,
MANUAL,Niederried b. Interlaken,BE,Niederried bei Interlaken,BE,588,,15160,,,
NAME,Oberried am Brienzersee,BE,Oberried am Brienzersee,BE,589,,15161,,,
NAME,Ringgenberg BE,BE,Ringgenberg,BE,590,,15162,,,
NAME,Saxeten,BE,Saxeten,BE,591,,15163,,,
MANUAL,Schwanden b. Brienz,BE,Schwanden bei Brienz,BE,592,,15164,,,
NAME,Unterseen,BE,Unterseen,BE,593,,15165,,,
NAME,Wilderswil,BE,Wilderswil,BE,594,,15166,,,
SUCCESSOR,Oberdiessbach,BE,Aeschlen,BE,601,619,13423,,31.12.2009,See placeOfOriginID=619/placeOfOriginName=Oberdiessbach
NAME,Arni BE,BE,Arni,BE,602,,15167,,,
NAME,Biglen,BE,Biglen,BE,603,,15168,,,
SUCCESSOR,Oberdiessbach,BE,Bleiken bei Oberdiessbach,BE,604,619,15169,,31.12.2013,See placeOfOriginID=619/placeOfOriginName=Oberdiessbach
NAME,Bowil,BE,Bowil,BE,605,,15170,,,
NAME,Brenzikofen,BE,Brenzikofen,BE,606,,15171,,,
NAME,Freimettigen,BE,Freimettigen,BE,607,,15172,,,
NAME,Grosshöchstetten,BE,Grosshöchstetten,BE,608,,16082,,,
NAME,Häutligen,BE,Häutligen,BE,609,,15174,,,
NAME,Herbligen,BE,Herbligen,BE,610,,15175,,,
NAME,Kiesen,BE,Kiesen,BE,611,,15176,,,
NAME,Konolfingen,BE,Konolfingen,BE,612,,15177,,,
NAME,Landiswil,BE,Landiswil,BE,613,,15178,,,
NAME,Linden,BE,Linden,BE,614,,15179,,,
NAME,Mirchel,BE,Mirchel,BE,615,,15180,,,
NAME,Münsingen,BE,Münsingen,BE,616,,15688,,,
NAME,Niederhünigen,BE,Niederhünigen,BE,617,,15182,,,
SUCCESSOR,Wichtrach,BE,Niederwichtrach,BE,618,632,13440,,31.12.2003,See placeOfOriginID=632/placeOfOriginName=Wichtrach
NAME,Oberdiessbach,BE,Oberdiessbach,BE,619,,15635,,,
NAME,Oberthal,BE,Oberthal,BE,620,,15183,,,
SUCCESSOR,Wichtrach,BE,Oberwichtrach,BE,621,632,13443,,31.12.2003,See placeOfOriginID=632/placeOfOriginName=Wichtrach
NAME,Oppligen,BE,Oppligen,BE,622,,15184,,,
NAME,Rubigen,BE,Rubigen,BE,623,,15185,,,
NAME,Schlosswil,BE,Schlosswil,BE,624,608,15186,,31.12.2017,
NAME,Tägertschi,BE,Tägertschi,BE,625,616,15187,,31.12.2016,
NAME,Walkringen,BE,Walkringen,BE,626,,15188,,,
NAME,Worb,BE,Worb,BE,627,,15189,,,
NAME,Zäziwil,BE,Zäziwil,BE,628,,15190,,,
NAME,Oberhünigen,BE,Oberhünigen,BE,629,,15191,01.01.1980,,
MANUAL,Allmendingen b. Bern,BE,Allmendingen,BE,630,,15192,01.01.1993,,
NAME,Trimstein,BE,Trimstein,BE,631,616,15193,01.01.1993,31.12.2012,
NAME,Wichtrach,BE,Wichtrach,BE,632,,15194,01.01.2004,,
NAME,Clavaleyres,FR,Clavaleyres,BE,661,,15195,,,
NAME,Ferenbalm,BE,Ferenbalm,BE,662,,15196,,,
NAME,Frauenkappelen,BE,Frauenkappelen,BE,663,,15197,,,
NAME,Golaten,BE,Golaten,BE,664,304,15198,,31.12.2018,
NAME,Gurbrü,BE,Gurbrü,BE,665,,15199,,,
SUCCESSOR,Kriechenwil,BE,Dicki,BE,666,666,,,31.12.1958,See placeOfOriginID=666/placeOfOriginName=Kriechenwil
NAME,Kriechenwil,BE,Kriechenwil,BE,666,,15200,01.01.1959,,
NAME,Laupen BE,BE,Laupen,BE,667,,15201,,,
NAME,Mühleberg,BE,Mühleberg,BE,668,,15202,,,
NAME,Münchenwiler,BE,Münchenwiler,BE,669,,15203,,,
NAME,Neuenegg,BE,Neuenegg,BE,670,,15204,,,
NAME,Wileroltigen,BE,Wileroltigen,BE,671,,15205,,,
NAME,Belprahon,BE,Belprahon,BE,681,,15206,,,
NAME,Bévilard,BE,Bévilard,BE,682,717,15207,,31.12.2014,
NAME,Champoz,BE,Champoz,BE,683,,15208,,,
NAME,Châtelat,BE,Châtelat,BE,684,716,15209,,31.12.2014,
NAME,Corcelles BE,BE,Corcelles,BE,687,,15210,,,
NAME,Court,BE,Court,BE,690,,15211,,,
NAME,Crémines,BE,Crémines,BE,691,,15212,,,
NAME,Eschert,BE,Eschert,BE,692,,15213,,,
NAME,Grandval,BE,Grandval,BE,694,,15214,,,
NAME,Loveresse,BE,Loveresse,BE,696,,15215,,,
NAME,Malleray,BE,Malleray,BE,697,717,15216,,31.12.2014,
NAME,Monible,BE,Monible,BE,699,716,15217,,31.12.2014,
NAME,Moutier,BE,Moutier,BE,700,,15218,,,
NAME,Perrefitte,BE,Perrefitte,BE,701,,15219,,,
NAME,Pontenet,BE,Pontenet,BE,702,717,15220,,31.12.2014,
NAME,Reconvilier,BE,Reconvilier,BE,703,,15221,,,
NAME,Roches BE,BE,Roches,BE,704,,15222,,,
NAME,Saicourt,BE,Saicourt,BE,706,,15223,,,
MANUAL,Saules BE,BE,Saules,BE,707,,15224,,,Wird von der Automatik falsch zu Saules in der Gemeinde Val-de-Ruz NE zugeordnet
NAME,Schelten,BE,Schelten,BE,708,,15225,,,
NAME,Seehof,BE,Seehof,BE,709,,15226,,,
NAME,Sornetan,BE,Sornetan,BE,710,716,15227,,31.12.2014,
NAME,Sorvilier,BE,Sorvilier,BE,711,,15228,,,
NAME,Souboz,BE,Souboz,BE,712,716,15229,,31.12.2014,
NAME,Tavannes,BE,Tavannes,BE,713,,15230,,,
NAME,Rebévelier,BE,Rebévelier,BE,715,,15231,,,
MANUAL,Sornetan,BE,Petit-Val,BE,716,,15662,01.01.2015,,grösste Gemeinde
MANUAL,Malleray,BE,Valbirse,BE,717,,15661,01.01.2015,,grösste Gemeinde
NAME,Diesse,BE,Diesse,BE,721,726,15232,,31.12.2013,
NAME,Lamboing,BE,Lamboing,BE,722,726,15233,,31.12.2013,
NAME,La Neuveville,BE,La Neuveville,BE,723,723,,,31.12.1947,
NAME,La Neuveville,BE,La Neuveville,BE,723,,15234,01.01.1948,,
NAME,Nods,BE,Nods,BE,724,,15235,,,
NAME,Prêles,BE,Prêles,BE,725,726,15236,,31.12.2013,
MANUAL,Prêles,BE,Plateau de Diesse,BE,726,,15636,01.01.2014,,grösste Gemeinde
NAME,Aegerten,BE,Aegerten,BE,731,,15237,,,
NAME,Bellmund,BE,Bellmund,BE,732,,15238,,,
NAME,Brügg BE,BE,Brügg,BE,733,,15239,,,
MANUAL,Bühl b. Aarberg,BE,Bühl,BE,734,,15240,,,
NAME,Epsach,BE,Epsach,BE,735,,15241,,,
NAME,Hagneck,BE,Hagneck,BE,736,,15242,,,
NAME,Hermrigen,BE,Hermrigen,BE,737,,15243,,,
NAME,Jens,BE,Jens,BE,738,,15244,,,
NAME,Ipsach,BE,Ipsach,BE,739,,15245,,,
NAME,Ligerz,BE,Ligerz,BE,740,,15246,,,
NAME,Merzligen,BE,Merzligen,BE,741,,15247,,,
NAME,Mörigen,BE,Mörigen,BE,742,,15248,,,
NAME,Nidau,BE,Nidau,BE,743,,15249,,,
NAME,Orpund,BE,Orpund,BE,744,,15250,,,
NAME,Port,BE,Port,BE,745,,15251,,,
NAME,Safnern,BE,Safnern,BE,746,,15252,,,
NAME,Scheuren,BE,Scheuren,BE,747,,15253,,,
NAME,Schwadernau,BE,Schwadernau,BE,748,,15254,,,
NAME,Studen BE,BE,Studen,BE,749,,15255,,,
MANUAL,Sutz,BE,Sutz-Lattrigen,BE,750,,15256,,,
NAME,Täuffelen,BE,Täuffelen,BE,751,,15257,,,
NAME,Tüscherz-Alfermée,BE,Tüscherz-Alfermée,BE,752,756,13916,,31.12.2009,
NAME,Twann,BE,Twann,BE,753,756,13917,,31.12.2009,
NAME,Walperswil,BE,Walperswil,BE,754,,15258,,,
NAME,Worben,BE,Worben,BE,755,,15259,,,
MANUAL,Twann,BE,Twann-Tüscherz,BE,756,,14978,01.01.2010,,grösste Gemeinde
NAME,Därstetten,BE,Därstetten,BE,761,,15260,,,
NAME,Diemtigen,BE,Diemtigen,BE,762,,15261,,,
NAME,Erlenbach im Simmental,BE,Erlenbach im Simmental,BE,763,,15262,,,
NAME,Niederstocken,BE,Niederstocken,BE,764,770,15263,,31.12.2013,
NAME,Oberstocken,BE,Oberstocken,BE,765,770,15264,,31.12.2013,
NAME,Oberwil im Simmental,BE,Oberwil im Simmental,BE,766,,15265,,,
NAME,Reutigen,BE,Reutigen,BE,767,,15266,,,
NAME,Spiez,BE,Spiez,BE,768,,15267,,,
NAME,Wimmis,BE,Wimmis,BE,769,,15268,,,
MANUAL,Höfen b. Thun,BE,Stocken-Höfen,BE,770,,15637,01.01.2014,,grösste Gemeinde
NAME,Gadmen,BE,Gadmen,BE,781,784,15269,,31.12.2013,
NAME,Guttannen,BE,Guttannen,BE,782,,15270,,,
MANUAL,Hasliberg Hohfluh,BE,Hasliberg,BE,783,,15271,,,grösste Gemeinde
NAME,Innertkirchen,BE,Innertkirchen,BE,784,,15638,,,
NAME,Meiringen,BE,Meiringen,BE,785,,15273,,,
NAME,Schattenhalb,BE,Schattenhalb,BE,786,,15274,,,
NAME,Boltigen,BE,Boltigen,BE,791,,15275,,,
MANUAL,Lenk im Simmental,BE,Lenk,BE,792,,15276,,,
NAME,St. Stephan,BE,St. Stephan,BE,793,,15277,,,
NAME,Zweisimmen,BE,Zweisimmen,BE,794,,15278,,,
MANUAL,Gsteig b. Gstaad,BE,Gsteig,BE,841,,15279,,,
MANUAL,Lauenen b. Gstaad,BE,Lauenen,BE,842,,15280,,,
NAME,Saanen,BE,Saanen,BE,843,,15281,,,
NAME,Albligen,BE,Albligen,BE,851,855,15282,,31.12.2010,
NAME,Guggisberg,BE,Guggisberg,BE,852,,15283,,,
MANUAL,Rüschegg Heubach,BE,Rüschegg,BE,853,,15284,,,grösste Gemeinde
SUCCESSOR,Schwarzenburg,BE,Wahlern,BE,854,855,15285,,31.12.2010,See placeOfOriginID=855/placeOfOriginName=Schwarzenburg
NAME,Schwarzenburg,BE,Schwarzenburg,BE,855,,15476,01.01.2011,,
NAME,Belp,BE,Belp,BE,861,,15498,,,
NAME,Belpberg,BE,Belpberg,BE,862,861,15287,,31.12.2011,
NAME,Burgistein,BE,Burgistein,BE,863,,15288,,,
NAME,Englisberg,BE,Englisberg,BE,864,888,13949,,31.12.2003,
NAME,Gelterfingen,BE,Gelterfingen,BE,865,872,15289,,31.12.2017,
NAME,Gerzensee,BE,Gerzensee,BE,866,,15290,,,
NAME,Gurzelen,BE,Gurzelen,BE,867,,15291,,,
NAME,Jaberg,BE,Jaberg,BE,868,,15292,,,
NAME,Kaufdorf,BE,Kaufdorf,BE,869,,15293,,,
NAME,Kehrsatz,BE,Kehrsatz,BE,870,,15294,,,
SUCCESSOR,Uttigen,BE,Kienersrüti,BE,871,885,15295,,31.12.2013,See placeOfOriginID=885/placeOfOriginName=Uttigen
NAME,Kirchdorf BE,BE,Kirchdorf,BE,872,,16083,,,
NAME,Kirchenthurnen,BE,Kirchenthurnen,BE,873,889,15297,,31.12.2019,
NAME,Lohnstorf,BE,Lohnstorf,BE,874,889,15298,,31.12.2019,
NAME,Mühledorf BE,BE,Mühledorf,BE,875,872,15299,,31.12.2017,
NAME,Mühlethurnen,BE,Mühlethurnen,BE,876,889,15300,,31.12.2019,
NAME,Niedermuhlern,BE,Niedermuhlern,BE,877,,15301,,,
NAME,Noflen BE,BE,Noflen,BE,878,872,15302,,31.12.2017,
NAME,Riggisberg,BE,Riggisberg,BE,879,,16608,,,
NAME,Rüeggisberg,BE,Rüeggisberg,BE,880,,15304,,,
NAME,Rümligen,BE,Rümligen,BE,881,879,15305,,31.12.2020,
SUCCESSOR,Riggisberg,BE,Rüti bei Riggisberg,BE,882,879,13967,,31.12.2008,See placeOfOriginID=879/placeOfOriginName=Riggisberg
NAME,Seftigen,BE,Seftigen,BE,883,,15306,,,
NAME,Toffen,BE,Toffen,BE,884,,15307,,,
NAME,Uttigen,BE,Uttigen,BE,885,,15639,,,
NAME,Wattenwil,BE,Wattenwil,BE,886,,15309,,,
NAME,Zimmerwald,BE,Zimmerwald,BE,887,888,13972,,31.12.2003,
MANUAL,Zimmerwald,BE,Wald,BE,888,,15310,01.01.2004,,grösste Gemeinde
MANUAL,Mühlethurnen,BE,Thurnen,BE,889,,16128,01.01.2020,,"Es gibt in locations.csv 3 Orte zu Thurnen, Mühlethurnen ist mit Abstand der grösste."
NAME,Eggiwil,BE,Eggiwil,BE,901,,15311,,,
NAME,Langnau im Emmental,BE,Langnau im Emmental,BE,902,,15312,,,
NAME,Lauperswil,BE,Lauperswil,BE,903,,15313,,,
NAME,Röthenbach im Emmental,BE,Röthenbach im Emmental,BE,904,,15314,,,
NAME,Rüderswil,BE,Rüderswil,BE,905,,15315,,,
NAME,Schangnau,BE,Schangnau,BE,906,,15316,,,
NAME,Signau,BE,Signau,BE,907,,15317,,,
NAME,Trub,BE,Trub,BE,908,,15318,,,
NAME,Trubschachen,BE,Trubschachen,BE,909,,15319,,,
NAME,Amsoldingen,BE,Amsoldingen,BE,921,,15320,,,
NAME,Blumenstein,BE,Blumenstein,BE,922,,15321,,,
MANUAL,Heimenschwand,BE,Buchholterberg,BE,923,,15322,,,
NAME,Eriz,BE,Eriz,BE,924,,15323,,,
MANUAL,Fahrni b. Thun,BE,Fahrni,BE,925,,15324,,,
SUCCESSOR,Längenbühl,BE,Forst,BE,926,948,13987,,31.12.2006,See placeOfOriginID=948/placeOfOriginName=Forst-Längenbühl
NAME,Heiligenschwendi,BE,Heiligenschwendi,BE,927,,15325,,,
NAME,Heimberg,BE,Heimberg,BE,928,,15326,,,
NAME,Hilterfingen,BE,Hilterfingen,BE,929,,15327,,,
SUCCESSOR,Höfen b. Thun,BE,Höfen,BE,930,770,15328,,31.12.2013,See placeOfOriginID=770/placeOfOriginName=Stocken-Höfen
MANUAL,Homberg b. Thun,BE,Homberg,BE,931,,15329,,,
NAME_PREFIX,Horrenbach,BE,Horrenbach-Buchen,BE,932,,15330,,,
NAME,Längenbühl,BE,Längenbühl,BE,933,948,13994,,31.12.2006,
NAME,Oberhofen am Thunersee,BE,Oberhofen am Thunersee,BE,934,,15331,,,
MANUAL,Schwarzenegg,BE,Oberlangenegg,BE,935,,15332,,,"AW: Schwarzenegg liegt in der Gemeinde Unterlangenegg, jedoch ist Schwarzenegg mit Oberlangenegg zusammengebaut (siehe Google Maps). Deswegen habe ich die Nachbargemeinde Schwarzenegg eingetragen"
NAME,Pohlern,BE,Pohlern,BE,936,,15333,,,
NAME,Schwendibach,BE,Schwendibach,BE,937,939,15334,,31.12.2019,
NAME,Sigriswil,BE,Sigriswil,BE,938,,15335,,,
NAME,Steffisburg,BE,Steffisburg,BE,939,,16129,,,
MANUAL,Teuffenthal b. Thun,BE,Teuffenthal,BE,940,,15337,,,
NAME,Thierachern,BE,Thierachern,BE,941,,15338,,,
NAME,Thun,BE,Thun,BE,942,,15339,,,
NAME,Uebeschi,BE,Uebeschi,BE,943,,15340,,,
NAME,Uetendorf,BE,Uetendorf,BE,944,,15341,,,
NAME,Unterlangenegg,BE,Unterlangenegg,BE,945,,15342,,,
MANUAL,Süderen,BE,Wachseldorn,BE,946,,15343,,,
NAME,Zwieselberg,BE,Zwieselberg,BE,947,,15344,,,
NAME_SUFFIX,Längenbühl,BE,Forst-Längenbühl,BE,948,,15345,01.01.2007,,
NAME,Affoltern im Emmental,BE,Affoltern im Emmental,BE,951,,15346,,,
NAME,Dürrenroth,BE,Dürrenroth,BE,952,,15347,,,
NAME,Eriswil,BE,Eriswil,BE,953,,15348,,,
NAME,Huttwil,BE,Huttwil,BE,954,,15349,,,
MANUAL,Lützelflüh-Goldbach,BE,Lützelflüh,BE,955,,15350,,,grösste Gemeinde
NAME,Rüegsau,BE,Rüegsau,BE,956,,15351,,,
NAME,Sumiswald,BE,Sumiswald,BE,957,,15352,,,
NAME,Trachselwald,BE,Trachselwald,BE,958,,15353,,,
NAME,Walterswil BE,BE,Walterswil,BE,959,,15354,,,
NAME,Wyssachen,BE,Wyssachen,BE,960,,15355,,,
NAME,Attiswil,BE,Attiswil,BE,971,,15356,,,
NAME,Berken,BE,Berken,BE,972,,15357,,,
NAME,Bettenhausen,BE,Bettenhausen,BE,973,,15477,,,
NAME,Bollodingen,BE,Bollodingen,BE,974,973,15359,,31.12.2010,
NAME,Farnern,BE,Farnern,BE,975,,15360,,,
NAME,Graben,BE,Graben,BE,976,,15361,,,
NAME,Heimenhausen,BE,Heimenhausen,BE,977,,15362,,,
NAME,Hermiswil,BE,Hermiswil,BE,978,988,15363,,31.12.2015,
NAME,Herzogenbuchsee,BE,Herzogenbuchsee,BE,979,,15364,,,
NAME,Inkwil,BE,Inkwil,BE,980,,15365,,,
NAME,Niederbipp,BE,Niederbipp,BE,981,,16130,,,
NAME,Niederönz,BE,Niederönz,BE,982,,15367,,,
NAME,Oberbipp,BE,Oberbipp,BE,983,,15368,,,
NAME,Oberönz,BE,Oberönz,BE,984,979,14032,,31.12.2007,
NAME,Ochlenberg,BE,Ochlenberg,BE,985,,15369,,,
SUCCESSOR,Heimenhausen,BE,Röthenbach bei Herzogenbuchsee,BE,986,977,14034,,31.12.2008,See placeOfOriginID=977/placeOfOriginName=Heimenhausen
NAME,Rumisberg,BE,Rumisberg,BE,987,,15370,,,
NAME,Seeberg,BE,Seeberg,BE,988,,15674,,,
NAME,Thörigen,BE,Thörigen,BE,989,,15372,,,
MANUAL,Walliswil b. Niederbipp,BE,Walliswil bei Niederbipp,BE,990,,15373,,,
MANUAL,Walliswil b. Wangen,BE,Walliswil bei Wangen,BE,991,,15374,,,
NAME,Wangen an der Aare,BE,Wangen an der Aare,BE,992,,15375,,,
NAME,Wangenried,BE,Wangenried,BE,993,,15376,,,
NAME,Wanzwil,BE,Wanzwil,BE,994,977,14042,,31.12.2008,
NAME,Wiedlisbach,BE,Wiedlisbach,BE,995,,15377,,,
NAME,Wolfisberg,BE,Wolfisberg,BE,996,981,15378,,31.12.2019,
NAME,Doppleschwand,LU,Doppleschwand,LU,1001,,15557,,,
NAME,Entlebuch,LU,Entlebuch,LU,1002,,15561,,,
NAME,Escholzmatt,LU,Escholzmatt,LU,1003,1010,12227,,31.12.2012,
NAME,Flühli LU,LU,Flühli,LU,1004,,15543,,,
NAME,Hasle LU,LU,Hasle,LU,1005,,15547,,,
NAME,Marbach LU,LU,Marbach,LU,1006,1010,12750,,31.12.2012,
NAME,Romoos,LU,Romoos,LU,1007,,15582,,,
NAME,Schüpfheim,LU,Schüpfheim,LU,1008,,15585,,,
NAME,Werthenstein,LU,Werthenstein,LU,1009,,15522,,,
NAME_PREFIX,Escholzmatt,LU,Escholzmatt-Marbach,LU,1010,,15518,01.01.2013,,
NAME,Aesch LU,LU,Aesch,LU,1021,,15539,,,
NAME,Altwis,LU,Altwis,LU,1022,1030,15542,,31.12.2020,
NAME,Ballwil,LU,Ballwil,LU,1023,,15536,,,
NAME,Emmen,LU,Emmen,LU,1024,,15563,,,
NAME,Ermensee,LU,Ermensee,LU,1025,,15564,,,
NAME,Eschenbach LU,LU,Eschenbach,LU,1026,,15560,,,
NAME,Gelfingen,LU,Gelfingen,LU,1027,1030,12108,,31.12.2008,
NAME,Hämikon,LU,Hämikon,LU,1028,1030,12012,,31.12.2008,
NAME,Herlisberg,LU,Herlisberg,LU,1029,1039,12305,,31.12.2004,
NAME,Hitzkirch,LU,Hitzkirch,LU,1030,,16590,,,
NAME,Hochdorf,LU,Hochdorf,LU,1031,,15556,,,
NAME,Hohenrain,LU,Hohenrain,LU,1032,,15597,,,
NAME,Inwil,LU,Inwil,LU,1033,,15574,,,
NAME,Lieli LU,LU,Lieli,LU,1034,1032,12817,,31.12.2006,
NAME,Mosen,LU,Mosen,LU,1035,1030,12381,,31.12.2008,
NAME,Müswangen,LU,Müswangen,LU,1036,1030,12528,,31.12.2008,
NAME,Rain,LU,Rain,LU,1037,,15590,,,
NAME,Retschwil,LU,Retschwil,LU,1038,1030,12916,,31.12.2008,
NAME,Römerswil LU,LU,Römerswil,LU,1039,,15592,,,
NAME,Rothenburg,LU,Rothenburg,LU,1040,,15579,,,
NAME,Schongau,LU,Schongau,LU,1041,,15586,,,
NAME,Sulz LU,LU,Sulz,LU,1042,1030,10544,,31.12.2008,
NAME,Adligenswil,LU,Adligenswil,LU,1051,,15538,,,
NAME,Buchrain,LU,Buchrain,LU,1052,,15532,,,
NAME,Dierikon,LU,Dierikon,LU,1053,,15535,,,
NAME,Ebikon,LU,Ebikon,LU,1054,,15552,,,
NAME,Gisikon,LU,Gisikon,LU,1055,,15550,,,
NAME,Greppen,LU,Greppen,LU,1056,,15551,,,
NAME,Honau,LU,Honau,LU,1057,,15558,,,
NAME,Horw,LU,Horw,LU,1058,,15559,,,
NAME,Kriens,LU,Kriens,LU,1059,,15576,,,
SUCCESSOR,Luzern,LU,Littau,LU,1060,1061,12827,,31.12.2009,See placeOfOriginID=1061/placeOfOriginName=Luzern
NAME,Luzern,LU,Luzern,LU,1061,,15600,,,
NAME,Malters,LU,Malters,LU,1062,,15578,,,
NAME,Meggen,LU,Meggen,LU,1063,,15568,,,
NAME,Meierskappel,LU,Meierskappel,LU,1064,,15567,,,
NAME,Root,LU,Root,LU,1065,,15581,,,
NAME,Schwarzenberg LU,LU,Schwarzenberg,LU,1066,,15584,,,
NAME,Udligenswil,LU,Udligenswil,LU,1067,,15530,,,
NAME,Vitznau,LU,Vitznau,LU,1068,,15526,,,
NAME,Weggis,LU,Weggis,LU,1069,,15528,,,
SUCCESSOR,Beromünster,LU,Münster,LU,1081,1081,,,13.05.1934,See placeOfOriginID=1081/placeOfOriginName=Beromünster
NAME,Beromünster,LU,Beromünster,LU,1081,,15663,14.05.1934,,
NAME,Büron,LU,Büron,LU,1082,,15534,,,
NAME,Buttisholz,LU,Buttisholz,LU,1083,,15533,,,
NAME,Eich,LU,Eich,LU,1084,,15554,,,
NAME,Geuensee,LU,Geuensee,LU,1085,,15548,,,
NAME,Grosswangen,LU,Grosswangen,LU,1086,,15545,,,
NAME,Gunzwil,LU,Gunzwil,LU,1087,1081,11939,,31.12.2008,
NAME,Hildisrieden,LU,Hildisrieden,LU,1088,,15562,,,
NAME,Knutwil,LU,Knutwil,LU,1089,,15575,,,
NAME,Kulmerau,LU,Kulmerau,LU,1090,1104,12630,,31.12.2004,
NAME,Mauensee,LU,Mauensee,LU,1091,,15573,,,
NAME,Neudorf,LU,Neudorf,LU,1092,1081,12513,,31.12.2012,
NAME,Neuenkirch,LU,Neuenkirch,LU,1093,,15570,,,
NAME,Nottwil,LU,Nottwil,LU,1094,,15572,,,
NAME,Oberkirch LU,LU,Oberkirch,LU,1095,,15569,,,
NAME,Pfeffikon LU,LU,Pfeffikon,LU,1096,1097,13160,,31.12.2012,
NAME,Rickenbach LU,LU,Rickenbach,LU,1097,,15520,,,
NAME,Ruswil,LU,Ruswil,LU,1098,,15580,,,
NAME,Schenkon,LU,Schenkon,LU,1099,,15664,,,
NAME,Schlierbach,LU,Schlierbach,LU,1100,,15588,,,
NAME,Schwarzenbach LU,LU,Schwarzenbach,LU,1101,1081,12976,,31.08.2004,
NAME,Sempach,LU,Sempach,LU,1102,,15587,,,
NAME,Sursee,LU,Sursee,LU,1103,,15529,,,
NAME,Triengen,LU,Triengen,LU,1104,,15599,,,
NAME,Wilihof,LU,Wilihof,LU,1105,1104,10339,,31.12.2004,
NAME,Winikon,LU,Winikon,LU,1106,1104,10345,,31.12.2008,
NAME,Wolhusen,LU,Wolhusen,LU,1107,,15525,,,
NAME,Alberswil,LU,Alberswil,LU,1121,,15537,,,
NAME,Altbüron,LU,Altbüron,LU,1122,,15540,,,
NAME,Altishofen,LU,Altishofen,LU,1123,,16131,,,
NAME,Buchs LU,LU,Buchs,LU,1124,1125,11455,,31.12.2005,
NAME,Dagmersellen,LU,Dagmersellen,LU,1125,,15593,,,
NAME,Ebersecken,LU,Ebersecken,LU,1126,1123,15553,,31.12.2019,
NAME,Egolzwil,LU,Egolzwil,LU,1127,,15555,,,
NAME,Ettiswil,LU,Ettiswil,LU,1128,,15594,,,
NAME,Fischbach LU,LU,Fischbach,LU,1129,,15546,,,
NAME,Gettnau,LU,Gettnau,LU,1130,1151,15549,,31.12.2020,
NAME,Grossdietwil,LU,Grossdietwil,LU,1131,,15544,,,
MANUAL,Hergiswil b. Willisau,LU,Hergiswil bei Willisau,LU,1132,,15565,,,
NAME,Kottwil,LU,Kottwil,LU,1133,1128,12680,,31.12.2005,
SUCCESSOR,Reiden,LU,Langnau bei Reiden,LU,1134,1140,12629,,31.12.2005,See placeOfOriginID=1140/placeOfOriginName=Reiden
NAME,Luthern,LU,Luthern,LU,1135,,15577,,,
NAME,Menznau,LU,Menznau,LU,1136,,15566,,,
NAME,Nebikon,LU,Nebikon,LU,1137,,15571,,,
NAME,Ohmstal,LU,Ohmstal,LU,1138,1143,12504,,31.12.2012,
NAME,Pfaffnau,LU,Pfaffnau,LU,1139,,15591,,,
NAME,Reiden,LU,Reiden,LU,1140,,15596,,,
NAME,Richenthal,LU,Richenthal,LU,1141,1140,12908,,31.12.2005,
NAME,Roggliswil,LU,Roggliswil,LU,1142,,15583,,,
NAME,Schötz,LU,Schötz,LU,1143,,15521,,,
NAME,Uffikon,LU,Uffikon,LU,1144,1125,10854,,31.12.2005,
NAME,Ufhusen,LU,Ufhusen,LU,1145,,15531,,,
NAME,Wauwil,LU,Wauwil,LU,1146,,15527,,,
NAME,Wikon,LU,Wikon,LU,1147,,15523,,,
NAME_PREFIX,Willisau,LU,Willisau-Land,LU,1148,1151,10341,,31.12.2005,
NAME_PREFIX,Willisau,LU,Willisau-Stadt,LU,1149,1151,10342,,31.12.2005,
NAME,Zell LU,LU,Zell,LU,1150,,15524,,,
NAME,Willisau,LU,Willisau,LU,1151,,16591,01.01.2006,,
NAME,Altdorf UR,UR,Altdorf,UR,1201,,11773,,,
NAME,Andermatt,UR,Andermatt,UR,1202,,11784,,,
NAME,Attinghausen,UR,Attinghausen,UR,1203,,11678,,,
NAME,Bauen,UR,Bauen,UR,1204,1214,11697,,31.12.2020,
NAME,Bürglen UR,UR,Bürglen,UR,1205,,11506,,,
NAME,Erstfeld,UR,Erstfeld,UR,1206,,12238,,,
NAME,Flüelen,UR,Flüelen,UR,1207,,11940,,,
NAME,Göschenen,UR,Göschenen,UR,1208,,12032,,,
NAME,Gurtnellen,UR,Gurtnellen,UR,1209,,11941,,,
NAME,Hospental,UR,Hospental,UR,1210,,12213,,,
NAME,Isenthal,UR,Isenthal,UR,1211,,12661,,,
NAME,Realp,UR,Realp,UR,1212,,13165,,,
NAME,Schattdorf,UR,Schattdorf,UR,1213,,13055,,,
NAME,Seedorf UR,UR,Seedorf,UR,1214,,16592,,,
NAME,Seelisberg,UR,Seelisberg,UR,1215,,12950,,,
NAME,Silenen,UR,Silenen,UR,1216,,12985,,,
NAME,Sisikon,UR,Sisikon,UR,1217,,12981,,,
NAME,Spiringen,UR,Spiringen,UR,1218,,10364,,,
NAME,Unterschächen,UR,Unterschächen,UR,1219,,10869,,,
NAME,Wassen UR,UR,Wassen,UR,1220,,10442,,,
NAME,Einsiedeln,SZ,Einsiedeln,SZ,1301,,12152,,,
NAME,Gersau,SZ,Gersau,SZ,1311,,12033,,,
NAME,Feusisberg,SZ,Feusisberg,SZ,1321,,12007,,,
NAME,Freienbach,SZ,Freienbach,SZ,1322,,11961,,,
NAME,Wollerau,SZ,Wollerau,SZ,1323,,10314,,,
MANUAL,Küssnacht am Rigi,,Küssnacht,SZ,1331,,14470,,,mehrere Orte
NAME,Altendorf,SZ,Altendorf,SZ,1341,,11774,,,
NAME,Galgenen,SZ,Galgenen,SZ,1342,,12075,,,
NAME,Innerthal,SZ,Innerthal,SZ,1343,,12658,,,
NAME,Lachen SZ,SZ,Lachen,SZ,1344,,12607,,,
NAME,Reichenburg,SZ,Reichenburg,SZ,1345,,13181,,,
NAME,Schübelbach,SZ,Schübelbach,SZ,1346,,12968,,,
NAME,Tuggen,SZ,Tuggen,SZ,1347,,10859,,,
NAME,Vorderthal,SZ,Vorderthal,SZ,1348,,10371,,,
NAME,Wangen SZ,SZ,Wangen,SZ,1349,,10471,,,
NAME,Alpthal,SZ,Alpthal,SZ,1361,,11778,,,
NAME,Arth,SZ,Arth,SZ,1362,,11670,,,
NAME,Illgau,SZ,Illgau,SZ,1363,,12192,,,
MANUAL,Brunnen,SZ,Ingenbohl,SZ,1364,,12657,,,"""@LOC:NAME"" ist der einzige in Frage kommende Ort in locations.csv"
NAME,Lauerz,SZ,Lauerz,SZ,1365,,12634,,,
NAME,Morschach,SZ,Morschach,SZ,1366,,12371,,,
NAME,Muotathal,SZ,Muotathal,SZ,1367,,12362,,,
NAME,Oberiberg,SZ,Oberiberg,SZ,1368,,12475,,,
NAME,Riemenstalden,SZ,Riemenstalden,SZ,1369,,12894,,,
NAME,Rothenthurm,SZ,Rothenthurm,SZ,1370,,12853,,,
NAME,Sattel,SZ,Sattel,SZ,1371,,13022,,,
NAME,Schwyz,SZ,Schwyz,SZ,1372,,12955,,,
NAME,Steinen,SZ,Steinen,SZ,1373,,10594,,,
NAME,Steinerberg,SZ,Steinerberg,SZ,1374,,10571,,,
NAME,Unteriberg,SZ,Unteriberg,SZ,1375,,10865,,,
MANUAL,Alpnach Dorf,OW,Alpnach,OW,1401,,11753,,,vermutlich grösste Gemeinde
NAME,Engelberg,OW,Engelberg,OW,1402,,12287,,,
NAME,Giswil,OW,Giswil,OW,1403,,12063,,,
NAME,Kerns,OW,Kerns,OW,1404,,12688,,,
NAME,Lungern,OW,Lungern,OW,1405,,12718,,,
NAME,Sachseln,OW,Sachseln,OW,1406,,12859,,,
NAME,Sarnen,OW,Sarnen,OW,1407,,13009,,,
NAME,Beckenried,NW,Beckenried,NW,1501,,11792,,,
NAME,Buochs,NW,Buochs,NW,1502,,11465,,,
NAME,Dallenwil,NW,Dallenwil,NW,1503,,11568,,,
NAME,Emmetten,NW,Emmetten,NW,1504,,12290,,,
NAME,Ennetbürgen,NW,Ennetbürgen,NW,1505,,12276,,,
NAME,Ennetmoos,NW,Ennetmoos,NW,1506,,12275,,,
NAME,Hergiswil NW,NW,Hergiswil,NW,1507,,12300,,,
NAME,Oberdorf NW,NW,Oberdorf,NW,1508,,12556,,,
NAME,Stans,NW,Stans,NW,1509,,10576,,,
NAME,Stansstad,NW,Stansstad,NW,1510,,10577,,,
NAME,Wolfenschiessen,NW,Wolfenschiessen,NW,1511,,10357,,,
NAME,Betschwanden,GL,Betschwanden,GL,1601,1631,11879,,31.12.2010,
NAME,Bilten,GL,Bilten,GL,1602,1630,11891,,31.12.2010,
NAME,Braunwald,GL,Braunwald,GL,1603,1631,11843,01.01.1939,31.12.2010,
NAME,Diesbach GL,GL,Diesbach,GL,1604,1614,11551,,31.12.2003,
NAME,Elm,GL,Elm,GL,1605,1631,12232,,31.12.2010,
NAME,Engi,GL,Engi,GL,1606,1631,12285,,31.12.2010,
NAME,Ennenda,GL,Ennenda,GL,1607,1632,12279,,31.12.2010,
NAME,Filzbach,GL,Filzbach,GL,1608,1630,12011,,31.12.2010,
NAME,Glarus,GL,Glarus,GL,1609,1632,12070,,31.12.2010,
NAME,Haslen GL,GL,Haslen,GL,1610,1631,14537,,31.12.2010,
NAME,Hätzingen,GL,Hätzingen,GL,1611,1614,11971,,31.12.2003,
NAME,Leuggelbach,GL,Leuggelbach,GL,1612,1610,12766,,30.06.2006,
NAME,Linthal,GL,Linthal,GL,1613,1631,12824,,31.12.2010,
NAME,Luchsingen,GL,Luchsingen,GL,1614,1631,14473,,31.12.2010,
NAME,Matt,GL,Matt,GL,1615,1631,12745,,31.12.2010,
NAME,Mitlödi,GL,Mitlödi,GL,1616,1631,12418,,31.12.2010,
NAME,Mollis,GL,Mollis,GL,1617,1630,12425,,31.12.2010,
NAME,Mühlehorn,GL,Mühlehorn,GL,1618,1630,12352,,31.12.2010,
NAME,Näfels,GL,Näfels,GL,1619,1630,12541,,31.12.2010,
NAME,Netstal,GL,Netstal,GL,1620,1632,12532,,31.12.2010,
NAME,Nidfurn,GL,Nidfurn,GL,1621,1610,12523,,30.06.2006,
NAME,Niederurnen,GL,Niederurnen,GL,1622,1630,12558,,31.12.2010,
NAME,Oberurnen,GL,Oberurnen,GL,1623,1630,12459,,31.12.2010,
NAME,Obstalden,GL,Obstalden,GL,1624,1630,12498,,31.12.2010,
NAME,Riedern,GL,Riedern,GL,1625,1632,12898,,31.12.2010,
NAME,Rüti GL,GL,Rüti,GL,1626,1631,12884,,31.12.2010,
NAME,Schwanden GL,GL,Schwanden,GL,1627,1631,12948,,31.12.2010,
SUCCESSOR,Schwanden GL,GL,Schwändi,GL,1628,1631,12962,,31.12.2010,See placeOfOriginID=1631/placeOfOriginName=Glarus Süd
NAME,Sool,GL,Sool,GL,1629,1631,10413,,31.12.2010,
MANUAL,Näfels,GL,Glarus Nord,GL,1630,,15479,01.01.2011,,grösste Gemeinde
MANUAL,Schwanden GL,GL,Glarus Süd,GL,1631,,15478,01.01.2011,,grösste Gemeinde
NAME,Glarus,GL,Glarus,GL,1632,,15480,01.01.2011,,
NAME,Baar,ZG,Baar,ZG,1701,,11711,,,
NAME,Cham,ZG,Cham,ZG,1702,,11397,,,
NAME,Hünenberg,ZG,Hünenberg,ZG,1703,,12176,,,
NAME,Menzingen,ZG,Menzingen,ZG,1704,,12389,,,
NAME,Neuheim,ZG,Neuheim,ZG,1705,,12517,,,
NAME,Oberägeri,ZG,Oberägeri,ZG,1706,,12551,,,
NAME,Risch,ZG,Risch,ZG,1707,,12931,,,
NAME,Steinhausen,ZG,Steinhausen,ZG,1708,,10598,,,
NAME,Unterägeri,ZG,Unterägeri,ZG,1709,,10844,,,
NAME,Walchwil,ZG,Walchwil,ZG,1710,,10457,,,
NAME,Zug,ZG,Zug,ZG,1711,,10323,,,
NAME,Aumont,FR,Aumont,FR,2001,2050,11682,,31.12.2003,
NAME,Autavaux,FR,Autavaux,FR,2002,2052,11656,,31.12.2005,
NAME,Bollion,FR,Bollion,FR,2003,2025,11787,,31.12.2005,
NAME,Bussy FR,FR,Bussy,FR,2004,2054,11491,,31.12.2016,
NAME,Châbles FR,FR,Châbles,FR,2005,2055,11394,,31.12.2016,
NAME,Chandon,FR,Chandon,FR,2006,2024,11450,,31.08.1994,
NAME_SUFFIX,Surpierre,FR,Chapelle-près-Surpierre,FR,2007,2007,,,31.12.1952,
NAME,Chapelle (Broye),FR,Chapelle (Broye),FR,2007,2009,11434,01.01.1953,31.12.2004,
NAME,Châtillon FR,FR,Châtillon,FR,2008,,11419,,,
NAME,Cheiry,FR,Cheiry,FR,2009,7545,14509,,31.12.2020,
NAME,Cheyres,FR,Cheyres,FR,2010,2055,11613,,31.12.2016,
NAME,Cugy FR,FR,Cugy,FR,2011,,14510,,,
NAME,Delley,FR,Delley,FR,2012,2051,11558,,31.12.2004,
NAME,Domdidier,FR,Domdidier,FR,2013,2053,12191,,31.12.2015,
NAME,Dompierre FR,FR,Dompierre,FR,2014,2053,12189,,31.12.2015,
NAME,Estavayer-le-Lac,FR,Estavayer-le-Lac,FR,2015,2054,15499,,31.12.2016,
NAME,Fétigny,FR,Fétigny,FR,2016,,11974,,,
NAME,Font,FR,Font,FR,2017,2015,11921,,31.12.2011,
NAME,Forel FR,FR,Forel,FR,2018,2052,11926,,31.12.2005,
SUCCESSOR,Murist,FR,Franex,FR,2019,2034,11934,,31.12.1991,See placeOfOriginID=2034/placeOfOriginName=Murist
NAME,Frasses,FR,Frasses,FR,2020,2050,11965,,31.12.2003,
NAME,Les Friques,FR,Les Friques,FR,2021,2041,12774,,31.12.1990,
NAME,Gletterens,FR,Gletterens,FR,2022,,12055,,,
NAME,Granges-de-Vesin,FR,Granges-de-Vesin,FR,2023,2050,12096,,31.12.2003,
NAME,Léchelles,FR,Léchelles,FR,2024,2053,14045,,31.12.2015,
NAME,Lully FR,FR,Lully,FR,2025,,14526,,,
NAME,Mannens,FR,Mannens,FR,2026,2026,,,31.12.1952,
NAME_PREFIX,Mannens,FR,Mannens-Grandsivaz,FR,2026,2029,12755,01.01.1953,31.12.2003,
NAME,Ménières,FR,Ménières,FR,2027,,12387,,,
NAME,Montagny-la-Ville,FR,Montagny-la-Ville,FR,2028,2029,12337,,31.12.1999,
NAME,Montagny-les-Monts,FR,Montagny-les-Monts,FR,2029,2029,12338,,31.12.1999,
MANUAL,Cousset,FR,Montagny,FR,2029,,14475,01.01.2000,,grösste Gemeinde
SUCCESSOR,Murist,FR,Montborget,FR,2030,2034,11366,,31.12.1980,See placeOfOriginID=2034/placeOfOriginName=Murist
NAME,Montbrelloz,FR,Montbrelloz,FR,2031,2052,12344,,31.12.2005,
NAME,Montet (Broye),FR,Montet (Broye),FR,2032,2050,12324,,31.12.2003,
NAME,Morens FR,FR,Morens,FR,2033,2054,12319,,31.12.2016,
NAME,Murist,FR,Murist,FR,2034,2054,13744,,31.12.2016,
NAME,Nuvilly,FR,Nuvilly,FR,2035,,12549,,,
NAME,Portalban,FR,Portalban,FR,2036,2051,13074,,31.12.2004,
NAME,Praratoud,FR,Praratoud,FR,2037,2044,13068,,31.12.2004,
NAME,Prévondavaux,FR,Prévondavaux,FR,2038,,13105,,,
NAME,Rueyres-les-Prés,FR,Rueyres-les-Prés,FR,2039,2054,12841,,31.12.2016,
NAME,Russy,FR,Russy,FR,2040,2053,12845,,31.12.2015,
MANUAL,St-Aubin FR,FR,Saint-Aubin,FR,2041,,13702,,,
NAME,Seiry,FR,Seiry,FR,2042,2025,12963,,31.12.2005,
NAME,Sévaz,FR,Sévaz,FR,2043,,12991,,,
NAME,Surpierre,FR,Surpierre,FR,2044,,16593,,,
NAME,Vallon,FR,Vallon,FR,2045,,10944,,,
NAME,Vesin,FR,Vesin,FR,2046,2011,10922,,31.12.2004,
NAME,Villeneuve FR,FR,Villeneuve,FR,2047,2044,10202,,31.12.2016,
SUCCESSOR,Murist,FR,La Vounaise,FR,2048,2034,11359,,31.12.1980,See placeOfOriginID=2034/placeOfOriginName=Murist
NAME,Vuissens,FR,Vuissens,FR,2049,2054,10422,,31.12.2016,
MANUAL,Aumont,FR,Les Montets,FR,2050,,14474,01.01.2004,,grösste Gemeinde
NAME_PREFIX,Delley,FR,Delley-Portalban,FR,2051,,14511,01.01.2005,,
SUCCESSOR,Murist,FR,Vernay,FR,2052,2054,14525,01.01.2006,31.12.2016,See placeOfOriginID=2054/placeOfOriginName=Estavayer
MANUAL,Dompierre FR,FR,Belmont-Broye,FR,2053,,15675,01.01.2016,,grösster Ort
MANUAL,Murist,FR,Estavayer,FR,2054,,15689,01.01.2017,,grösste Gemeinde
NAME_PREFIX,Cheyres,FR,Cheyres-Châbles,FR,2055,,15690,01.01.2017,,
NAME,Auboranges,FR,Auboranges,FR,2061,,11680,,,
NAME,Berlens,FR,Berlens,FR,2062,2087,11859,,31.12.2003,
NAME,Billens,FR,Billens,FR,2063,2063,11890,,31.12.1997,
NAME_PREFIX,Billens,FR,Billens-Hennens,FR,2063,,14103,01.01.1998,,
NAME,Bionnens,FR,Bionnens,FR,2064,2102,11897,,31.12.2000,
NAME,Blessens,FR,Blessens,FR,2065,2097,11802,,31.12.1992,
NAME_SUFFIX,Gillarens,FR,Chapelle-sur-Gillarens,FR,2066,2066,,,31.12.1952,
NAME,Chapelle (Glâne),FR,Chapelle (Glâne),FR,2066,,11444,01.01.1953,,
MANUAL,Le Châtelard-près-Romont,FR,Le Châtelard,FR,2067,,12611,,,
NAME,Châtonnaye,FR,Châtonnaye,FR,2068,,11420,,,
NAME,Chavannes-les-Forts,FR,Chavannes-les-Forts,FR,2069,2099,11425,,31.12.2003,
NAME,Chavannes-sous-Orsonnens,FR,Chavannes-sous-Orsonnens,FR,2070,2114,11427,,31.12.2000,
NAME,Les Ecasseys,FR,Les Ecasseys,FR,2071,2113,12796,,31.12.2002,
NAME,Ecublens FR,FR,Ecublens,FR,2072,,13211,,,
SUCCESSOR,Ecublens FR,FR,Eschiens,FR,2073,2072,11258,,28.02.1969,See placeOfOriginID=2072/placeOfOriginName=Ecublens
NAME,Esmonts,FR,Esmonts,FR,2074,2112,12226,,31.12.2005,
NAME,Estévenens,FR,Estévenens,FR,2075,2113,12266,,31.12.2002,
SUCCESSOR,Villaz-St-Pierre,FR,Fuyens,FR,2076,2111,11377,,31.12.1977,See placeOfOriginID=2111/placeOfOriginName=Villaz-Saint-Pierre
NAME,Gillarens,FR,Gillarens,FR,2077,2097,12057,,31.12.2000,
SUCCESSOR,Romont FR,FR,Les Glânes,FR,2078,2096,11361,,31.12.1980,See placeOfOriginID=2096/placeOfOriginName=Romont
MANUAL,Grangettes-près-Romont,FR,Grangettes,FR,2079,,12113,,,
NAME,Hennens,FR,Hennens,FR,2080,2063,12241,,31.12.1997,
NAME,La Joux FR,FR,La Joux,FR,2081,2113,12577,,31.12.2002,
NAME,Lieffrens,FR,Lieffrens,FR,2082,2113,12816,,31.12.2002,
NAME,Lussy FR,FR,Lussy,FR,2083,2116,12731,,31.12.2004,
SUCCESSOR,Villarimboud,FR,Macconnens,FR,2084,2109,11216,,31.12.1972,See placeOfOriginID=2109/placeOfOriginName=Villarimboud
NAME,La Magne,FR,La Magne,FR,2085,2113,12578,,31.12.2002,
NAME,Massonnens,FR,Massonnens,FR,2086,,12734,,,
NAME,Mézières FR,FR,Mézières,FR,2087,,14476,,,
NAME,Middes,FR,Middes,FR,2088,2115,12443,,31.12.2003,
NAME,Montet (Glâne),FR,Montet (Glâne),FR,2089,,12340,,,
NAME,Morlens,FR,Morlens,FR,2090,2112,12368,,31.12.1990,
NAME,Mossel,FR,Mossel,FR,2091,2102,12366,,31.12.2000,
NAME,La Neirigue,FR,La Neirigue,FR,2092,2113,12579,,31.12.2003,
NAME,Orsonnens,FR,Orsonnens,FR,2093,2114,13133,,31.12.2000,
NAME,Prez-vers-Siviriez,FR,Prez-vers-Siviriez,FR,2094,2099,13102,,31.12.2003,
NAME,Promasens,FR,Promasens,FR,2095,2097,13112,,31.12.2000,
NAME,Romont FR,FR,Romont,FR,2096,,13663,,,
NAME,Rue,FR,Rue,FR,2097,,14140,,,
SUCCESSOR,Siviriez,FR,Le Saulgy,FR,2098,2099,11344,,31.12.1977,See placeOfOriginID=2099/placeOfOriginName=Siviriez
NAME,Siviriez,FR,Siviriez,FR,2099,,14477,,,
NAME,Sommentier,FR,Sommentier,FR,2100,2113,10391,,31.12.2002,
NAME,Torny-le-Grand,FR,Torny-le-Grand,FR,2101,2115,10878,,31.12.2003,
NAME,Ursy,FR,Ursy,FR,2102,,15500,,,
NAME,Vauderens,FR,Vauderens,FR,2103,2102,10913,,31.12.2000,
SUCCESSOR,Ecublens FR,FR,Villangeaux,FR,2104,2072,11259,,28.02.1969,See placeOfOriginID=2072/placeOfOriginName=Ecublens
NAME,Villaraboud,FR,Villaraboud,FR,2105,2099,10759,,31.12.2003,
SUCCESSOR,Siviriez,FR,Villaranon,FR,2106,2099,11334,,31.12.1977,See placeOfOriginID=2099/placeOfOriginName=Siviriez
NAME,Villargiroud,FR,Villargiroud,FR,2107,2114,10762,,31.12.2000,
NAME,Villariaz,FR,Villariaz,FR,2108,2113,10763,,31.12.2002,
NAME,Villarimboud,FR,Villarimboud,FR,2109,2116,13229,,31.12.2004,
NAME,Villarsiviriaux,FR,Villarsiviriaux,FR,2110,2114,10151,,31.12.2000,
SUCCESSOR,Villaz-St-Pierre,FR,Villaz-Saint-Pierre,FR,2111,2117,13268,,31.12.2019,See placeOfOriginID=2117/placeOfOriginName=Villaz
NAME,Vuarmarens,FR,Vuarmarens,FR,2112,2102,14527,,31.12.2011,
NAME,Vuisternens-devant-Romont,FR,Vuisternens-devant-Romont,FR,2113,,14480,,,
MANUAL,Villargiroud,FR,Villorsonnens,FR,2114,,14137,,,grösste Gemeinde
MANUAL,Torny-le-Grand,FR,Torny,FR,2115,,14478,01.01.2004,,
SUCCESSOR,Villaz-St-Pierre,FR,La Folliaz,FR,2116,2117,14513,01.01.2005,31.12.2019,See placeOfOriginID=2117/placeOfOriginName=Villaz
MANUAL,Villaz-St-Pierre,FR,Villaz,FR,2117,,16132,01.01.2020,,grösste Gemeinde
MANUAL,Lessoc,FR,Haut-Intyamon,FR,2121,,14362,01.01.2002,,grösste Gemeinde
MANUAL,Gumefens,FR,Pont-en-Ogoz,FR,2122,,14368,01.01.2003,,grösste Gemeinde
NAME,Botterens,FR,Botterens,FR,2123,,14530,,,
NAME,Broc,FR,Broc,FR,2124,,11871,,,
NAME,Bulle,FR,Bulle,FR,2125,,14528,,,
NAME,Cerniat FR,FR,Cerniat,FR,2126,2163,11389,,31.12.2013,
SUCCESSOR,Cerniat FR,FR,Charmey,FR,2127,2163,11447,,31.12.2013,See placeOfOriginID=2163/placeOfOriginName=Val-de-Charmey
NAME,Châtel-sur-Montsalvens,FR,Châtel-sur-Montsalvens,FR,2128,,11424,,,
NAME,Corbières,FR,Corbières,FR,2129,,15481,,,
NAME,Crésuz,FR,Crésuz,FR,2130,,11533,,,
NAME,Echarlens,FR,Echarlens,FR,2131,,12135,,,
NAME,Enney,FR,Enney,FR,2132,2162,12306,,31.12.2003,
NAME,Estavannens,FR,Estavannens,FR,2133,2162,12269,,31.12.2003,
NAME,Grandvillard,FR,Grandvillard,FR,2134,,12106,,,
NAME,Gruyères,FR,Gruyères,FR,2135,,11958,,,
NAME,Gumefens,FR,Gumefens,FR,2136,2122,11967,,31.12.2002,
NAME,Hauteville,FR,Hauteville,FR,2137,,12247,,,
NAME,Jaun,FR,Jaun,FR,2138,,12668,,,
NAME,Lessoc,FR,Lessoc,FR,2139,2121,12773,,31.12.2001,
NAME,Marsens,FR,Marsens,FR,2140,,14135,,,
NAME,Maules,FR,Maules,FR,2141,2152,12364,,31.12.2000,
NAME,Montbovon,FR,Montbovon,FR,2142,2121,12343,,31.12.2001,
NAME,Morlon,FR,Morlon,FR,2143,,12369,,,
NAME,Neirivue,FR,Neirivue,FR,2144,2121,12540,,31.12.2001,
MANUAL,Le Pâquier-Montbarry,FR,Le Pâquier,FR,2145,,12618,,,
NAME,Le Bry,FR,Le Bry,FR,2146,2122,13216,,31.12.2002,
NAME,Pont-la-Ville,FR,Pont-la-Ville,FR,2147,,13080,,,
NAME,Riaz,FR,Riaz,FR,2148,,12909,,,
NAME,La Roche FR,FR,La Roche,FR,2149,,12574,,,
NAME,Romanens,FR,Romanens,FR,2150,2152,12928,,31.12.2000,
NAME,Rueyres-Treyfayes,FR,Rueyres-Treyfayes,FR,2151,2152,12839,,31.12.2000,
NAME,Sâles (Gruyère),FR,Sâles (Gruyère),FR,2152,2152,13021,,31.12.2000,
MANUAL,Sâles (Gruyère),FR,Sâles,FR,2152,,14138,01.01.2001,,
NAME,Sorens,FR,Sorens,FR,2153,,10416,,,
NAME,La Tour-de-Trême,FR,La Tour-de-Trême,FR,2154,2125,12587,,31.12.2005,
NAME,Vaulruz,FR,Vaulruz,FR,2155,,10906,,,
NAME,Villarbeney,FR,Villarbeney,FR,2156,2123,10761,,31.12.2005,
SUCCESSOR,Le Bry,FR,Villars-d'Avry,FR,2157,2146,11195,,31.01.1970,See placeOfOriginID=2146/placeOfOriginName=Le Bry
NAME,Villars-sous-Mont,FR,Villars-sous-Mont,FR,2158,2162,10775,,31.12.2003,
NAME,Villarvolard,FR,Villarvolard,FR,2159,2129,10167,,31.12.2010,
NAME,Vuadens,FR,Vuadens,FR,2160,,10373,,,
NAME,Vuippens,FR,Vuippens,FR,2161,2140,10388,,31.12.2000,
MANUAL,Enney,FR,Bas-Intyamon,FR,2162,,14479,01.01.2004,,grösste Gemeinde
MANUAL,Cerniat FR,FR,Val-de-Charmey,FR,2163,,15640,01.01.2014,,grösste Gemeinde
NAME,Arconciel,FR,Arconciel,FR,2171,7539,11762,,31.12.2020,
NAME,Autafond,FR,Autafond,FR,2172,2175,11655,,31.12.2015,
NAME,Autigny,FR,Autigny,FR,2173,,11657,,,
MANUAL,Avry-sur-Matran,FR,Avry,FR,2174,,14143,01.01.2001,,In eCH-0135 verweist die ns1:successorId = 2174 auf Avry-sur-Matran
NAME,Belfaux,FR,Belfaux,FR,2175,,15676,,,
NAME,Bonnefontaine,FR,Bonnefontaine,FR,2176,2220,13687,,31.12.2002,
NAME,Chénens,FR,Chénens,FR,2177,,11502,,,
SUCCESSOR,Marly,FR,Chésalles,FR,2178,2206,11354,,31.12.1975,See placeOfOriginID=2206/placeOfOriginName=Marly
NAME,Chésopelloz,FR,Chésopelloz,FR,2179,2183,11617,,31.12.2016,
NAME,La Corbaz,FR,La Corbaz,FR,2180,2235,12582,,31.12.2003,
NAME,Corjolens,FR,Corjolens,FR,2181,2174,11623,,31.12.2000,
NAME,Cormagens,FR,Cormagens,FR,2182,2235,11624,,31.12.2003,
NAME,Corminboeuf,FR,Corminboeuf,FR,2183,,15692,,,
NAME,Corpataux,FR,Corpataux,FR,2184,2184,11629,,31.12.1998,
NAME_PREFIX,Corpataux,FR,Corpataux-Magnedens,FR,2184,2236,14127,01.01.1999,31.12.2015,
NAME,Corserey,FR,Corserey,FR,2185,2237,11633,,31.12.2019,
NAME,Cottens FR,FR,Cottens,FR,2186,,11540,,,
SUCCESSOR,Belfaux,FR,Cutterwyl,FR,2187,2175,11358,,31.12.1976,See placeOfOriginID=2175/placeOfOriginName=Belfaux
NAME,Ecuvillens,FR,Ecuvillens,FR,2188,2233,12128,,31.12.2000,
NAME,Ependes FR,FR,Ependes,FR,2189,7540,13257,,31.12.2020,
NAME,Essert FR,FR,Essert,FR,2190,2220,12225,,31.12.2002,
NAME,Estavayer-le-Gibloux,FR,Estavayer-le-Gibloux,FR,2191,2223,12268,,31.12.2002,
SUCCESSOR,Rossens FR,FR,Farvagny,FR,2192,2236,14085,,31.12.2015,See placeOfOriginID=2236/placeOfOriginName=Gibloux
NAME,Farvagny-le-Petit,FR,Farvagny-le-Petit,FR,2193,2192,12149,,31.12.1995,
NAME,Ferpicloz,FR,Ferpicloz,FR,2194,,11978,,,
NAME,Formangueires,FR,Formangueires,FR,2195,2203,11303,,31.12.1981,
NAME,Fribourg,FR,Fribourg,FR,2196,,11954,,,
NAME,Givisiez,FR,Givisiez,FR,2197,,12060,,,
NAME,Granges-Paccot,FR,Granges-Paccot,FR,2198,,12111,,,
NAME,Grenilles,FR,Grenilles,FR,2199,2192,12081,,31.12.1995,
NAME,Grolley,FR,Grolley,FR,2200,,14129,,,
SUCCESSOR,Rossens FR,FR,Illens,FR,2201,2222,11187,,31.05.1972,See placeOfOriginID=2222/placeOfOriginName=Rossens
NAME,Lentigny,FR,Lentigny,FR,2202,2234,12789,,31.12.2000,
NAME_PREFIX,Lossy,FR,Lossy-Formangueires,FR,2203,2235,13665,,31.12.2003,
NAME,Lovens,FR,Lovens,FR,2204,2234,12812,,31.12.2000,
NAME,Magnedens,FR,Magnedens,FR,2205,2184,12715,,31.12.1998,
SUCCESSOR,Marly,FR,Marly-le-Grand,FR,2206,2206,11192,,31.01.1970,See placeOfOriginID=2206/placeOfOriginName=Marly
NAME,Marly,FR,Marly,FR,2206,,13249,01.02.1970,,
SUCCESSOR,Marly,FR,Marly-le-Petit,FR,2207,2206,11193,,31.01.1970,See placeOfOriginID=2206/placeOfOriginName=Marly
NAME,Matran,FR,Matran,FR,2208,,12744,,,
SUCCESSOR,Bonnefontaine,FR,Montécu,FR,2209,2176,12348,,31.12.1988,See placeOfOriginID=2176/placeOfOriginName=Bonnefontaine
NAME,Montévraz,FR,Montévraz,FR,2210,2220,12320,,31.12.2002,
NAME,Neyruz FR,FR,Neyruz,FR,2211,,12521,,,
NAME,Nierlet-les-Bois,FR,Nierlet-les-Bois,FR,2212,2217,11362,,31.12.1980,
NAME,Noréaz,FR,Noréaz,FR,2213,2237,12550,,31.12.2019,
NAME,Oberried FR,FR,Oberried,FR,2214,2220,12451,,31.12.2002,
NAME,Onnens FR,FR,Onnens,FR,2215,2234,12500,,31.12.2000,
NAME,Pierrafortscha,FR,Pierrafortscha,FR,2216,,13141,,,
NAME,Ponthaux,FR,Ponthaux,FR,2217,,13662,,,
NAME,Posat,FR,Posat,FR,2218,2192,13072,,31.12.1995,
NAME,Posieux,FR,Posieux,FR,2219,2233,13071,,31.12.2000,
NAME,Le Mouret,FR,Le Mouret,FR,2220,,14369,01.01.2003,,
NAME,Prez-vers-Noréaz,FR,Prez-vers-Noréaz,FR,2221,2237,13103,,31.12.2019,
NAME,Rossens FR,FR,Rossens,FR,2222,2236,13225,,31.12.2015,
SUCCESSOR,Rossens FR,FR,Le Glèbe,FR,2223,2236,14372,01.01.2003,31.12.2015,See placeOfOriginID=2236/placeOfOriginName=Gibloux
SUCCESSOR,Ependes FR,FR,Sales (Sarine),FR,2224,2189,11333,,01.11.1976,See placeOfOriginID=2189/placeOfOriginName=Ependes
NAME,Senèdes,FR,Senèdes,FR,2225,7542,12997,,31.12.2020,
NAME,Treyvaux,FR,Treyvaux,FR,2226,,10889,,,
NAME,Villarlod,FR,Villarlod,FR,2227,2223,10764,,31.12.2002,
NAME,Villars-sur-Glâne,FR,Villars-sur-Glâne,FR,2228,,10162,,,
NAME,Villarsel-le-Gibloux,FR,Villarsel-le-Gibloux,FR,2229,2223,10180,,31.12.2002,
NAME,Villarsel-sur-Marly,FR,Villarsel-sur-Marly,FR,2230,,10165,,,
NAME,Vuisternens-en-Ogoz,FR,Vuisternens-en-Ogoz,FR,2231,2236,10406,,31.12.2015,
NAME,Zénauva,FR,Zénauva,FR,2232,2220,10313,,31.12.2002,
MANUAL,Posieux,FR,Hauterive,FR,2233,,14141,,,grösste Gemeinde
MANUAL,Lentigny,FR,La Brillaz,FR,2234,,14136,,,grösste Gemeinde
MANUAL,Cormagens,FR,La Sonnaz,FR,2235,,14481,01.01.2004,,grösste Gemeinde
MANUAL,Rossens FR,FR,Gibloux,FR,2236,,15677,01.01.2016,,grösste Gemeinde
MANUAL,Prez-vers-Noréaz,FR,Prez,FR,2237,,16133,01.01.2020,,grösste Gemeinde
MANUAL,Ependes FR,FR,Bois-d'Amont,FR,2238,,16594,01.01.2021,,grösste Gemeinde
NAME,Agriswil,FR,Agriswil,FR,2241,2276,11724,,31.12.2005,
SUCCESSOR,Murten,FR,Altavilla,FR,2242,2275,11750,,31.12.1990,See placeOfOriginID=2275/placeOfOriginName=Murten
NAME,Barberêche,FR,Barberêche,FR,2243,2254,11694,,31.12.2016,
NAME,Büchslen,FR,Büchslen,FR,2244,2275,11466,,31.12.2012,
SUCCESSOR,Murten,FR,Burg bei Murten,FR,2245,2275,11205,,31.12.1974,See placeOfOriginID=2275/placeOfOriginName=Murten
SUCCESSOR,Villarepos,FR,Chandossel,FR,2246,2279,11297,,31.12.1982,See placeOfOriginID=2279/placeOfOriginName=Villarepos
NAME,Cordast,FR,Cordast,FR,2247,2262,11620,,31.12.2004,
NAME,Cormérod,FR,Cormérod,FR,2248,2272,11634,,31.12.1996,
SUCCESSOR,Grolley,FR,Corsalettes,FR,2249,2200,11631,,31.12.1999,See placeOfOriginID=2200/placeOfOriginName=Grolley
NAME,Courgevaux,FR,Courgevaux,FR,2250,,11534,,,
NAME,Courlevon,FR,Courlevon,FR,2251,2275,13234,,31.12.2015,
NAME,Cournillens,FR,Cournillens,FR,2252,2272,11834,,31.12.1996,
NAME,Courtaman,FR,Courtaman,FR,2253,2254,11545,,31.12.2002,
NAME,Courtepin,FR,Courtepin,FR,2254,,15693,,,
NAME,Courtion,FR,Courtion,FR,2255,2272,11548,,31.12.1996,
SUCCESSOR,Courlevon,FR,Coussiberlé,FR,2256,2251,11209,,14.02.1974,See placeOfOriginID=2251/placeOfOriginName=Courlevon
NAME,Cressier FR,FR,Cressier,FR,2257,,11522,,,
NAME,Fräschels,FR,Fräschels,FR,2258,,11969,,,
NAME,Galmiz,FR,Galmiz,FR,2259,,12107,,,
NAME,Gempenach,FR,Gempenach,FR,2260,,12102,,,
NAME,Greng,FR,Greng,FR,2261,,12078,,,
NAME,Gurmels,FR,Gurmels,FR,2262,,14514,,,
NAME,Guschelmuth,FR,Guschelmuth,FR,2263,2262,13266,,31.12.2002,
NAME,Jeuss,FR,Jeuss,FR,2264,2275,12646,,31.12.2015,
NAME,Kerzers,FR,Kerzers,FR,2265,,12689,,,
NAME,Kleinbösingen,FR,Kleinbösingen,FR,2266,,12700,,,
NAME,Kleingurmels,FR,Kleingurmels,FR,2267,2262,12676,,31.12.1999,
SUCCESSOR,Guschelmuth,FR,Kleinguschelmuth,FR,2268,2263,11336,,31.12.1977,See placeOfOriginID=2263/placeOfOriginName=Guschelmuth
NAME,Liebistorf,FR,Liebistorf,FR,2269,2262,12815,,31.12.2002,
NAME,Lurtigen,FR,Lurtigen,FR,2270,2275,12728,,31.12.2015,
NAME,Meyriez,FR,Meyriez,FR,2271,,12437,,,
NAME_PREFIX,Misery,FR,Misery-Courtion,FR,2272,,14096,,,
SUCCESSOR,Gurmels,FR,Monterschu,FR,2273,2262,11338,,31.12.1977,See placeOfOriginID=2262/placeOfOriginName=Gurmels
NAME,Muntelier,FR,Muntelier,FR,2274,,12361,,,
NAME,Murten,FR,Murten,FR,2275,,15678,,,
MANUAL,Ried b. Kerzers,FR,Ried bei Kerzers,FR,2276,,14529,,,
NAME,Salvenach,FR,Salvenach,FR,2277,2275,13015,,31.12.2015,
NAME,Ulmiz,FR,Ulmiz,FR,2278,,10856,,,
NAME,Villarepos,FR,Villarepos,FR,2279,2254,13670,,31.12.2016,
SUCCESSOR,Lugnorre,FR,Vully-le-Bas,FR,2280,2280,11365,,31.12.1976,See placeOfOriginID=2280/placeOfOriginName=Bas-Vully
SUCCESSOR,Lugnorre,FR,Bas-Vully,FR,2280,2284,13261,01.01.1977,31.12.2015,See placeOfOriginID=2284/placeOfOriginName=Mont-Vully
SUCCESSOR,Lugnorre,FR,Vully-le-Haut,FR,2281,2281,11341,,31.12.1976,See placeOfOriginID=2281/placeOfOriginName=Haut-Vully
SUCCESSOR,Lugnorre,FR,Haut-Vully,FR,2281,2284,13260,01.01.1977,31.12.2015,See placeOfOriginID=2284/placeOfOriginName=Mont-Vully
NAME,Wallenbuch,FR,Wallenbuch,FR,2282,2262,10463,,31.12.2002,
NAME,Wallenried,FR,Wallenried,FR,2283,2254,10480,,31.12.2016,
MANUAL,Lugnorre,FR,Mont-Vully,FR,2284,,15679,01.01.2016,,grösste Gemeinde
NAME,Alterswil FR,FR,Alterswil,FR,2291,7543,11775,,31.12.2020,
NAME,Brünisried,FR,Brünisried,FR,2292,,11473,,,
NAME,Düdingen,FR,Düdingen,FR,2293,,12204,,,
NAME,Giffers,FR,Giffers,FR,2294,,12024,,,
SUCCESSOR,Bösingen,FR,Grossbösingen,FR,2295,2295,11235,,31.12.1961,See placeOfOriginID=2295/placeOfOriginName=Bösingen
NAME,Bösingen,FR,Bösingen,FR,2295,,13193,01.01.1962,,
NAME,Heitenried,FR,Heitenried,FR,2296,,12260,,,
SUCCESSOR,Plasselb,FR,Neuhaus,FR,2297,2300,11186,,31.12.1970,See placeOfOriginID=2300/placeOfOriginName=Plasselb
NAME,Oberschrot,FR,Oberschrot,FR,2298,2299,12455,,31.12.2016,
NAME,Plaffeien,FR,Plaffeien,FR,2299,,15694,,,
NAME,Plasselb,FR,Plasselb,FR,2300,,13218,,,
NAME,Rechthalten,FR,Rechthalten,FR,2301,,13175,,,
NAME,St. Antoni,FR,St. Antoni,FR,2302,7544,10367,,31.12.2020,
NAME,St. Silvester,FR,St. Silvester,FR,2303,,10378,,,
NAME,St. Ursen,FR,St. Ursen,FR,2304,,10380,,,
NAME,Schmitten FR,FR,Schmitten,FR,2305,,13041,,,
NAME,Tafers,FR,Tafers,FR,2306,,16595,,,
NAME,Tentlingen,FR,Tentlingen,FR,2307,,10559,,,
NAME,Ueberstorf,FR,Ueberstorf,FR,2308,,10848,,,
NAME,Wünnewil,FR,Wünnewil,FR,2309,2309,11207,,31.12.1973,
NAME_PREFIX,Wünnewil,FR,Wünnewil-Flamatt,FR,2309,,13232,01.01.1974,,
NAME,Zumholz,FR,Zumholz,FR,2310,2299,10325,,31.12.2016,
NAME,Attalens,FR,Attalens,FR,2321,,11676,,,
NAME,Besencens,FR,Besencens,FR,2322,2335,11854,,31.12.2003,
NAME,Bossonnens,FR,Bossonnens,FR,2323,,11799,,,
NAME,Bouloz,FR,Bouloz,FR,2324,2337,11836,,31.12.2003,
MANUAL,Châtel-St-Denis,FR,Châtel-Saint-Denis,FR,2325,,11426,,,
SUCCESSOR,La Verrerie,FR,Le Crêt,FR,2326,2338,12613,,31.12.2003,See placeOfOriginID=2338/placeOfOriginName=La Verrerie
NAME,Fiaugères,FR,Fiaugères,FR,2327,2335,11984,,31.12.2003,
NAME,Granges (Veveyse),FR,Granges (Veveyse),FR,2328,,12120,,,
NAME,Grattavache,FR,Grattavache,FR,2329,2338,12116,,31.12.2003,
NAME,Pont (Veveyse),FR,Pont (Veveyse),FR,2330,2337,13081,,31.12.2003,
NAME,Porsel,FR,Porsel,FR,2331,2337,13088,,31.12.2003,
NAME,Progens,FR,Progens,FR,2332,2338,13100,,31.12.2003,
NAME,Remaufens,FR,Remaufens,FR,2333,,13172,,,
SUCCESSOR,Semsales,FR,La Rougève,FR,2334,2336,11267,,31.12.1967,See placeOfOriginID=2336/placeOfOriginName=Semsales
MANUAL,St-Martin FR,FR,Saint-Martin,FR,2335,,14484,,,
NAME,Semsales,FR,Semsales,FR,2336,,13207,,,
MANUAL,Porsel,FR,Le Flon,FR,2337,,14482,01.01.2004,,grösste Gemeinde
NAME,La Verrerie,FR,La Verrerie,FR,2338,,14483,01.01.2004,,
NAME,Egerkingen,SO,Egerkingen,SO,2401,,13703,,,
NAME,Härkingen,SO,Härkingen,SO,2402,,13704,,,
NAME,Kestenholz,SO,Kestenholz,SO,2403,,13705,,,
NAME,Neuendorf,SO,Neuendorf,SO,2404,,13706,,,
NAME,Niederbuchsiten,SO,Niederbuchsiten,SO,2405,,13707,,,
NAME,Oberbuchsiten,SO,Oberbuchsiten,SO,2406,,13708,,,
NAME,Oensingen,SO,Oensingen,SO,2407,,13709,,,
NAME,Wolfwil,SO,Wolfwil,SO,2408,,13710,,,
NAME,Aedermannsdorf,SO,Aedermannsdorf,SO,2421,,13711,,,
NAME,Balsthal,SO,Balsthal,SO,2422,,13712,,,
NAME,Gänsbrunnen,SO,Gänsbrunnen,SO,2423,2430,13713,,31.12.2020,
NAME,Herbetswil,SO,Herbetswil,SO,2424,,13714,,,
NAME,Holderbank SO,SO,Holderbank,SO,2425,,13715,,,
NAME,Laupersdorf,SO,Laupersdorf,SO,2426,,13716,,,
NAME,Matzendorf,SO,Matzendorf,SO,2427,,13717,,,
NAME_PREFIX,Mümliswil,SO,Mümliswil-Ramiswil,SO,2428,,13718,,,
NAME,Welschenrohr,SO,Welschenrohr,SO,2429,7559,13719,,31.12.2020,
NAME_PREFIX,Welschenrohr,SO,Welschenrohr-Gänsbrunnen,SO,2430,,16596,01.01.2021,,
NAME,Aetigkofen,SO,Aetigkofen,SO,2441,7961,11749,,31.12.2013,
NAME,Aetingen,SO,Aetingen,SO,2442,7962,11727,,31.12.2013,
MANUAL,Balm b. Messen,SO,Balm bei Messen,SO,2443,,,01.01.2010,,
NAME,Bibern SO,SO,Bibern,SO,2444,7963,11915,,31.12.2013,
NAME,Biezwil,SO,Biezwil,SO,2445,,11911,,,
NAME,Brügglen,SO,Brügglen,SO,2446,7964,11471,,31.12.2013,
NAME,Brunnenthal,SO,Brunnenthal,SO,2447,2447,11483,,31.12.2009,
NAME,Brunnenthal,SO,Brunnenthal,SO,2447,,,01.01.2010,,
NAME,Gächliwil,SO,Gächliwil,SO,2448,2456,12095,,31.12.1994,
NAME,Gossliwil,SO,Gossliwil,SO,2449,7965,12028,,31.12.2013,
NAME,Hessigkofen,SO,Hessigkofen,SO,2450,7966,12273,,31.12.2013,
NAME,Ichertswil,SO,Ichertswil,SO,2451,2455,11245,,31.12.1960,
NAME,Küttigkofen,SO,Küttigkofen,SO,2452,7967,12595,,31.12.2013,
NAME,Kyburg-Buchegg,SO,Kyburg-Buchegg,SO,2453,2465,12597,,31.12.2013,
NAME,Lüsslingen,SO,Lüsslingen,SO,2454,7952,12730,,31.12.2012,
NAME_PREFIX,Lüterkofen,SO,Lüterkofen-Ichertswil,SO,2455,,13187,,,
NAME_PREFIX,Lüterswil,SO,Lüterswil-Gächliwil,SO,2456,,14067,,,
NAME,Messen,SO,Messen,SO,2457,,15380,,,
NAME,Mühledorf SO,SO,Mühledorf,SO,2458,7968,12372,,31.12.2013,
NAME,Nennigkofen,SO,Nennigkofen,SO,2459,7953,12516,,31.12.2012,
NAME,Oberramsern,SO,Oberramsern,SO,2460,2457,12450,,31.12.2009,
NAME,Schnottwil,SO,Schnottwil,SO,2461,,13039,,,
NAME,Tscheppach,SO,Tscheppach,SO,2462,7969,10900,,31.12.2013,
NAME,Unterramsern,SO,Unterramsern,SO,2463,,10868,,,
NAME_PREFIX,Lüsslingen,SO,Lüsslingen-Nennigkofen,SO,2464,,15602,01.01.2013,,
MANUAL,Mühledorf SO,SO,Buchegg,SO,2465,,15642,01.01.2014,,grösste Gemeinde
NAME,Bättwil,SO,Bättwil,SO,2471,,11696,,,
NAME,Büren SO,SO,Büren,SO,2472,,11510,,,
NAME,Dornach,SO,Dornach,SO,2473,,12219,,,
NAME,Gempen,SO,Gempen,SO,2474,,12103,,,
NAME,Hochwald,SO,Hochwald,SO,2475,,12134,,,
NAME_SUFFIX,Flüh,SO,Hofstetten-Flüh,SO,2476,,13684,,,
NAME,Metzerlen,SO,Metzerlen,SO,2477,2477,12434,,31.12.2002,
NAME_PREFIX,Metzerlen,SO,Metzerlen-Mariastein,SO,2477,,14469,01.01.2003,,
NAME_PREFIX,Nuglar,SO,Nuglar-St. Pantaleon,SO,2478,,12545,,,
NAME,Rodersdorf,SO,Rodersdorf,SO,2479,,12940,,,
NAME,Seewen SO,SO,Seewen,SO,2480,,12990,,,
NAME,Witterswil,SO,Witterswil,SO,2481,,10352,,,
MANUAL,Hauenstein,SO,Hauenstein-Ifenthal,SO,2491,,11985,,,
NAME,Kienberg,SO,Kienberg,SO,2492,,12691,,,
NAME,Lostorf,SO,Lostorf,SO,2493,,12808,,,
MANUAL,Erlinsbach SO,SO,Niedererlinsbach,SO,2494,2503,12543,,31.12.2005,Wird von der Automatik falsch zu Erlinsbach AG zugeordnet
NAME,Niedergösgen,SO,Niedergösgen,SO,2495,,12559,,,
MANUAL,Erlinsbach SO,SO,Obererlinsbach,SO,2496,,,01.01.2006,,
NAME,Obergösgen,SO,Obergösgen,SO,2497,,12462,,,
SUCCESSOR,Stüsslingen,SO,Rohr,SO,2498,2499,12935,,31.12.2020,See placeOfOriginID=2499/placeOfOriginName=Stüsslingen
NAME,Stüsslingen,SO,Stüsslingen,SO,2499,,16597,,,
NAME,Trimbach,SO,Trimbach,SO,2500,,10894,,,
NAME,Winznau,SO,Winznau,SO,2501,,10348,,,
NAME,Wisen SO,SO,Wisen,SO,2502,,10349,,,
NAME,Erlinsbach,AG,Erlinsbach,SO,2503,,14531,01.01.2006,,
NAME,Aeschi SO,SO,Aeschi,SO,2511,,15508,,,
NAME,Biberist,SO,Biberist,SO,2513,,13722,,,
NAME,Bolken,SO,Bolken,SO,2514,,13723,,,
NAME,Burgäschi,SO,Burgäschi,SO,2515,2511,13724,,31.12.1993,
NAME,Deitingen,SO,Deitingen,SO,2516,,13725,,,
NAME,Derendingen,SO,Derendingen,SO,2517,,13726,,,
NAME,Etziken,SO,Etziken,SO,2518,,13727,,,
NAME,Gerlafingen,SO,Gerlafingen,SO,2519,,13728,,,
NAME,Halten,SO,Halten,SO,2520,,13729,,,
NAME,Hersiwil,SO,Hersiwil,SO,2522,2535,13731,,31.12.2012,
NAME,Horriwil,SO,Horriwil,SO,2523,,13732,,,
NAME,Hüniken,SO,Hüniken,SO,2524,,13733,,,
NAME,Kriegstetten,SO,Kriegstetten,SO,2525,,13734,,,
NAME,Luterbach,SO,Luterbach,SO,2527,,13736,,,
NAME,Obergerlafingen,SO,Obergerlafingen,SO,2528,,13737,,,
NAME,Oekingen,SO,Oekingen,SO,2529,,13738,,,
NAME,Recherswil,SO,Recherswil,SO,2530,,13739,,,
NAME,Steinhof SO,SO,Steinhof,SO,2531,2511,13740,,31.12.2011,
NAME,Subingen,SO,Subingen,SO,2532,,13741,,,
NAME,Winistorf,SO,Winistorf,SO,2533,7861,13742,,31.12.1992,
NAME,Zuchwil,SO,Zuchwil,SO,2534,,13743,,,
MANUAL,Heinrichswil,SO,Drei Höfe,SO,2535,,15603,01.01.2013,,grösste Gemeinde
MANUAL,Balm b. Günsberg,SO,Balm bei Günsberg,SO,2541,,11702,,,
NAME,Bellach,SO,Bellach,SO,2542,,11878,,,
NAME,Bettlach,SO,Bettlach,SO,2543,,11908,,,
MANUAL,Feldbrunnen,SO,Feldbrunnen-St. Niklaus,SO,2544,,11986,,,
NAME,Flumenthal,SO,Flumenthal,SO,2545,,11937,,,
NAME,Grenchen,SO,Grenchen,SO,2546,,12076,,,
NAME,Günsberg,SO,Günsberg,SO,2547,,11923,,,
NAME,Hubersdorf,SO,Hubersdorf,SO,2548,,12215,,,
NAME,Kammersrohr,SO,Kammersrohr,SO,2549,,12650,,,
NAME,Langendorf,SO,Langendorf,SO,2550,,12626,,,
NAME,Lommiswil,SO,Lommiswil,SO,2551,,12803,,,
NAME,Niederwil SO,SO,Niederwil,SO,2552,2552,12570,,31.12.2010,
NAME,Niederwil SO,SO,Niederwil,SO,2552,,,01.01.2011,,
NAME,Oberdorf SO,SO,Oberdorf,SO,2553,,12502,,,
NAME,Riedholz,SO,Riedholz,SO,2554,,15482,,,
NAME,Rüttenen,SO,Rüttenen,SO,2555,,12879,,,
NAME,Selzach,SO,Selzach,SO,2556,,13003,,,
NAME,Boningen,SO,Boningen,SO,2571,,11789,,,
NAME,Däniken SO,SO,Däniken,SO,2572,,11580,,,
NAME,Dulliken,SO,Dulliken,SO,2573,,12199,,,
NAME_PREFIX,Eppenberg,SO,Eppenberg-Wöschnau,SO,2574,,12309,,,
NAME,Fulenbach,SO,Fulenbach,SO,2575,,12092,,,
NAME,Gretzenbach,SO,Gretzenbach,SO,2576,,13230,,,
SUCCESSOR,Gretzenbach,SO,Grod,SO,2577,2576,11200,,31.12.1972,See placeOfOriginID=2576/placeOfOriginName=Gretzenbach
NAME,Gunzgen,SO,Gunzgen,SO,2578,,11936,,,
NAME,Hägendorf,SO,Hägendorf,SO,2579,,12003,,,
NAME,Kappel SO,SO,Kappel,SO,2580,,12651,,,
NAME,Olten,SO,Olten,SO,2581,,12486,,,
NAME,Rickenbach SO,SO,Rickenbach,SO,2582,,12905,,,
NAME,Schönenwerd,SO,Schönenwerd,SO,2583,,12971,,,
NAME,Starrkirch-Wil,SO,Starrkirch-Wil,SO,2584,,10578,,,
NAME,Walterswil SO,SO,Walterswil,SO,2585,,10469,,,
MANUAL,Wangen b. Olten,SO,Wangen bei Olten,SO,2586,,10472,,,
NAME,Solothurn,SO,Solothurn,SO,2601,,10384,,,
NAME,Bärschwil,SO,Bärschwil,SO,2611,,11690,,,
NAME,Beinwil SO,SO,Beinwil,SO,2612,,11876,,,
NAME,Breitenbach,SO,Breitenbach,SO,2613,,11822,,,
NAME,Büsserach,SO,Büsserach,SO,2614,,11511,,,
NAME,Erschwil,SO,Erschwil,SO,2615,,12274,,,
NAME,Fehren,SO,Fehren,SO,2616,,11988,,,
NAME,Grindel,SO,Grindel,SO,2617,,12009,,,
NAME,Himmelried,SO,Himmelried,SO,2618,,12154,,,
NAME,Kleinlützel,SO,Kleinlützel,SO,2619,,12692,,,
NAME,Meltingen,SO,Meltingen,SO,2620,,12385,,,
NAME,Nunningen,SO,Nunningen,SO,2621,,12546,,,
NAME,Zullwil,SO,Zullwil,SO,2622,,10324,,,
NAME,Basel,BS,Basel,BS,2701,,11693,,,
NAME,Bettingen,BS,Bettingen,BS,2702,,11907,,,
NAME,Riehen,BS,Riehen,BS,2703,,12895,,,
NAME,Aesch BL,BL,Aesch,BL,2761,,13824,,,
NAME,Allschwil,BL,Allschwil,BL,2762,,13825,,,
NAME,Arlesheim,BL,Arlesheim,BL,2763,,13826,,,
NAME,Biel-Benken BL,BL,Biel-Benken,BL,2764,,13827,,,
NAME,Binningen,BL,Binningen,BL,2765,,13828,,,
NAME,Birsfelden,BL,Birsfelden,BL,2766,,13829,,,
NAME,Bottmingen,BL,Bottmingen,BL,2767,,13830,,,
NAME,Ettingen,BL,Ettingen,BL,2768,,13831,,,
NAME,Münchenstein,BL,Münchenstein,BL,2769,,13832,,,
NAME,Muttenz,BL,Muttenz,BL,2770,,13833,,,
NAME,Oberwil BL,BL,Oberwil,BL,2771,,13834,,,
NAME,Pfeffingen,BL,Pfeffingen,BL,2772,,13835,,,
NAME,Reinach BL,BL,Reinach,BL,2773,,13836,,,
NAME,Schönenbuch,BL,Schönenbuch,BL,2774,,13837,,,
NAME,Therwil,BL,Therwil,BL,2775,,13838,,,
NAME,Blauen,BL,Blauen,BE,2781,2781,,,31.12.1993,
NAME,Blauen,BL,Blauen,BL,2781,,13839,01.01.1994,,
NAME,Brislach,BL,Brislach,BE,2782,2782,13452,,31.12.1993,
NAME,Brislach,BL,Brislach,BL,2782,,13840,01.01.1994,,
NAME,Burg im Leimental,BL,Burg im Leimental,BE,2783,2783,,,31.12.1993,
NAME,Burg im Leimental,BL,Burg im Leimental,BL,2783,,13841,01.01.1994,,
NAME,Dittingen,BL,Dittingen,BE,2784,2784,,,31.12.1993,
NAME,Dittingen,BL,Dittingen,BL,2784,,13842,01.01.1994,,
NAME,Duggingen,BL,Duggingen,BE,2785,2785,,,31.12.1993,
NAME,Duggingen,BL,Duggingen,BL,2785,,13843,01.01.1994,,
NAME,Grellingen,BL,Grellingen,BE,2786,2786,13456,,31.12.1993,
NAME,Grellingen,BL,Grellingen,BL,2786,,13844,01.01.1994,,
NAME,Laufen,BL,Laufen,BE,2787,2787,13457,,31.12.1993,
NAME,Laufen,BL,Laufen,BL,2787,,13845,01.01.1994,,
NAME,Liesberg,BL,Liesberg,BE,2788,2788,13458,,31.12.1993,
NAME,Liesberg,BL,Liesberg,BL,2788,,13846,01.01.1994,,
NAME,Nenzlingen,BL,Nenzlingen,BE,2789,2789,13459,,31.12.1993,
NAME,Nenzlingen,BL,Nenzlingen,BL,2789,,13847,01.01.1994,,
NAME,Roggenburg,BL,Roggenburg,BE,2790,2790,,,31.12.1993,
NAME,Roggenburg,BL,Roggenburg,BL,2790,,13848,01.01.1994,,
NAME,Röschenz,BL,Röschenz,BE,2791,2791,,,31.12.1993,
NAME,Röschenz,BL,Röschenz,BL,2791,,13849,01.01.1994,,
MANUAL,Wahlen b. Laufen,BL,Wahlen,BL,2792,,13850,01.01.1994,,
NAME,Zwingen,BL,Zwingen,BE,2793,2793,,,31.12.1993,
NAME,Zwingen,BL,Zwingen,BL,2793,,13851,01.01.1994,,
SUCCESSOR,Biel-Benken BL,BL,Benken,BL,2804,2764,11184,,31.12.1971,See placeOfOriginID=2764/placeOfOriginName=Biel-Benken
SUCCESSOR,Biel-Benken BL,BL,Biel,BL,2805,2764,11183,,31.12.1971,See placeOfOriginID=2764/placeOfOriginName=Biel-Benken
NAME,Arisdorf,BL,Arisdorf,BL,2821,,13766,,,
NAME,Augst BL,BL,Augst,BL,2822,,13767,,,
NAME,Bubendorf,BL,Bubendorf,BL,2823,,13768,,,
NAME,Frenkendorf,BL,Frenkendorf,BL,2824,,13769,,,
NAME,Füllinsdorf,BL,Füllinsdorf,BL,2825,,13770,,,
NAME,Giebenach,BL,Giebenach,BL,2826,,13771,,,
NAME,Hersberg,BL,Hersberg,BL,2827,,13772,,,
NAME,Lausen,BL,Lausen,BL,2828,,13773,,,
NAME,Liestal,BL,Liestal,BL,2829,,13774,,,
NAME,Lupsingen,BL,Lupsingen,BL,2830,,13775,,,
NAME,Pratteln,BL,Pratteln,BL,2831,,13776,,,
NAME,Ramlinsburg,BL,Ramlinsburg,BL,2832,,13777,,,
NAME,Seltisberg,BL,Seltisberg,BL,2833,,13778,,,
NAME,Ziefen,BL,Ziefen,BL,2834,,13779,,,
NAME,Anwil,BL,Anwil,BL,2841,,13780,,,
NAME,Böckten,BL,Böckten,BL,2842,,13781,,,
NAME,Buckten,BL,Buckten,BL,2843,,13782,,,
NAME,Buus,BL,Buus,BL,2844,,13783,,,
NAME,Diepflingen,BL,Diepflingen,BL,2845,,13784,,,
NAME,Gelterkinden,BL,Gelterkinden,BL,2846,,13785,,,
NAME,Häfelfingen,BL,Häfelfingen,BL,2847,,13786,,,
NAME,Hemmiken,BL,Hemmiken,BL,2848,,13787,,,
NAME,Itingen,BL,Itingen,BL,2849,,13788,,,
NAME,Känerkinden,BL,Känerkinden,BL,2850,,13789,,,
NAME,Kilchberg BL,BL,Kilchberg,BL,2851,,13790,,,
NAME,Läufelfingen,BL,Läufelfingen,BL,2852,,13791,,,
NAME,Maisprach,BL,Maisprach,BL,2853,,13792,,,
NAME,Nusshof,BL,Nusshof,BL,2854,,13793,,,
NAME,Oltingen,BL,Oltingen,BL,2855,,13794,,,
NAME,Ormalingen,BL,Ormalingen,BL,2856,,13795,,,
NAME,Rickenbach BL,BL,Rickenbach,BL,2857,,13796,,,
NAME,Rothenfluh,BL,Rothenfluh,BL,2858,,13797,,,
NAME,Rümlingen,BL,Rümlingen,BL,2859,,13798,,,
NAME,Rünenberg,BL,Rünenberg,BL,2860,,13799,,,
NAME,Sissach,BL,Sissach,BL,2861,,13800,,,
NAME,Tecknau,BL,Tecknau,BL,2862,,13801,,,
NAME,Tenniken,BL,Tenniken,BL,2863,,13802,,,
NAME,Thürnen,BL,Thürnen,BL,2864,,13803,,,
NAME,Wenslingen,BL,Wenslingen,BL,2865,,13804,,,
NAME,Wintersingen,BL,Wintersingen,BL,2866,,13805,,,
NAME,Wittinsburg,BL,Wittinsburg,BL,2867,,13806,,,
NAME,Zeglingen,BL,Zeglingen,BL,2868,,13807,,,
NAME,Zunzgen,BL,Zunzgen,BL,2869,,13808,,,
NAME,Arboldswil,BL,Arboldswil,BL,2881,,13809,,,
NAME,Bennwil,BL,Bennwil,BL,2882,,13810,,,
NAME,Bretzwil,BL,Bretzwil,BL,2883,,13811,,,
NAME,Diegten,BL,Diegten,BL,2884,,13812,,,
NAME,Eptingen,BL,Eptingen,BL,2885,,13813,,,
NAME,Hölstein,BL,Hölstein,BL,2886,,13814,,,
NAME,Lampenberg,BL,Lampenberg,BL,2887,,13815,,,
NAME,Langenbruck,BL,Langenbruck,BL,2888,,13816,,,
NAME,Lauwil,BL,Lauwil,BL,2889,,13817,,,
NAME,Liedertswil,BL,Liedertswil,BL,2890,,13818,,,
NAME,Niederdorf,BL,Niederdorf,BL,2891,,13819,,,
NAME,Oberdorf BL,BL,Oberdorf,BL,2892,,13820,,,
NAME,Reigoldswil,BL,Reigoldswil,BL,2893,,13821,,,
NAME,Titterten,BL,Titterten,BL,2894,,13822,,,
NAME,Waldenburg,BL,Waldenburg,BL,2895,,13823,,,
NAME,Gächlingen,SH,Gächlingen,SH,2901,,12071,,,
NAME,Guntmadingen,SH,Guntmadingen,SH,2902,2932,11933,,31.12.2012,
NAME,Löhningen,SH,Löhningen,SH,2903,,12801,,,
NAME,Neunkirch,SH,Neunkirch,SH,2904,,12519,,,
NAME,Osterfingen,SH,Osterfingen,SH,2905,2974,13127,,31.12.2004,
NAME,Altdorf SH,SH,Altdorf,SH,2911,2920,11772,,31.12.2008,
NAME,Barzheim,SH,Barzheim,SH,2912,2920,11691,,31.12.2003,
NAME,Bibern SH,SH,Bibern,SH,2913,2920,11914,,31.12.2008,
NAME,Büttenhardt,SH,Büttenhardt,SH,2914,,11486,,,
NAME,Dörflingen,SH,Dörflingen,SH,2915,,12184,,,
NAME,Hofen SH,SH,Hofen,SH,2916,2920,12124,,31.12.2008,
NAME,Lohn SH,SH,Lohn,SH,2917,,12800,,,
NAME,Opfertshofen SH,SH,Opfertshofen,SH,2918,2920,12482,,31.12.2008,
NAME,Stetten SH,SH,Stetten,SH,2919,,10586,,,
NAME,Thayngen,SH,Thayngen,SH,2920,,14948,,,
NAME,Bargen SH,SH,Bargen,SH,2931,,11688,,,
NAME,Beringen,SH,Beringen,SH,2932,,15604,,,
NAME,Buchberg,SH,Buchberg,SH,2933,,11474,,,
NAME,Hemmental,SH,Hemmental,SH,2934,2939,12221,,31.12.2008,
SUCCESSOR,Schaffhausen,SH,Herblingen,SH,2935,2939,11233,,31.12.1963,See placeOfOriginID=2939/placeOfOriginName=Schaffhausen
NAME,Merishausen,SH,Merishausen,SH,2936,,12395,,,
SUCCESSOR,Neuhausen am Rheinfall,SH,Neuhausen,SH,2937,2937,,,31.12.1937,See placeOfOriginID=2937/placeOfOriginName=Neuhausen am Rheinfall
NAME,Neuhausen am Rheinfall,SH,Neuhausen am Rheinfall,SH,2937,,12525,01.01.1938,,
NAME,Rüdlingen,SH,Rüdlingen,SH,2938,,12846,,,
NAME,Schaffhausen,SH,Schaffhausen,SH,2939,,14949,,,
NAME,Beggingen,SH,Beggingen,SH,2951,,11873,,,
NAME,Schleitheim,SH,Schleitheim,SH,2952,,13045,,,
NAME,Siblingen,SH,Siblingen,SH,2953,,12989,,,
NAME,Buch SH,SH,Buch,SH,2961,,11479,,,
NAME,Hemishofen,SH,Hemishofen,SH,2962,,12233,,,
NAME,Ramsen,SH,Ramsen,SH,2963,,13170,,,
NAME,Stein am Rhein,SH,Stein am Rhein,SH,2964,,10592,,,
SUCCESSOR,Hallau,SH,Unterhallau,SH,2971,2971,,,31.12.1933,See placeOfOriginID=2971/placeOfOriginName=Hallau
NAME,Hallau,SH,Hallau,SH,2971,,12020,01.01.1934,,
NAME,Oberhallau,SH,Oberhallau,SH,2972,,12471,,,
NAME,Trasadingen,SH,Trasadingen,SH,2973,,10882,,,
NAME,Wilchingen,SH,Wilchingen,SH,2974,,14515,,,
NAME,Herisau,AR,Herisau,AR,3001,,12304,,,
NAME,Hundwil,AR,Hundwil,AR,3002,,12175,,,
NAME,Schönengrund,AR,Schönengrund,AR,3003,,12972,,,
NAME,Schwellbrunn,AR,Schwellbrunn,AR,3004,,12957,,,
NAME,Stein AR,AR,Stein,AR,3005,,10583,,,
NAME,Urnäsch,AR,Urnäsch,AR,3006,,10946,,,
NAME,Waldstatt,AR,Waldstatt,AR,3007,,10461,,,
NAME,Bühler,AR,Bühler,AR,3021,,11451,,,
NAME,Gais,AR,Gais,AR,3022,,12077,,,
NAME,Speicher,AR,Speicher,AR,3023,,10157,,,
NAME,Teufen AR,AR,Teufen,AR,3024,,10561,,,
NAME,Trogen,AR,Trogen,AR,3025,,10895,,,
NAME,Grub AR,AR,Grub,AR,3031,,11956,,,
NAME,Heiden,AR,Heiden,AR,3032,,12253,,,
NAME,Lutzenberg,AR,Lutzenberg,AR,3033,,12705,,,
NAME,Rehetobel,AR,Rehetobel,AR,3034,,13169,,,
NAME,Reute AR,AR,Reute,AR,3035,,12915,,,
NAME,Wald AR,AR,Wald,AR,3036,,10458,,,
NAME,Walzenhausen,AR,Walzenhausen,AR,3037,,10470,,,
NAME,Wolfhalden,AR,Wolfhalden,AR,3038,,10358,,,
NAME,Appenzell,AI,Appenzell,AI,3101,,14097,,,
NAME,Oberegg,AI,Oberegg,AI,3111,,14102,,,
NAME,Häggenschwil,SG,Häggenschwil,SG,3201,,14378,,,
NAME,Muolen,SG,Muolen,SG,3202,,14379,,,
NAME,St. Gallen,SG,St. Gallen,SG,3203,,14380,,,
NAME,Wittenbach,SG,Wittenbach,SG,3204,,14381,,,
NAME,Berg SG,SG,Berg,SG,3211,,14382,,,
NAME,Eggersriet,SG,Eggersriet,SG,3212,,14383,,,
NAME,Goldach,SG,Goldach,SG,3213,,14384,,,
NAME,Mörschwil,SG,Mörschwil,SG,3214,,14385,,,
NAME,Rorschach,SG,Rorschach,SG,3215,,14386,,,
NAME,Rorschacherberg,SG,Rorschacherberg,SG,3216,,14387,,,
NAME,Steinach,SG,Steinach,SG,3217,,14388,,,
NAME,Tübach,SG,Tübach,SG,3218,,14389,,,
NAME,Untereggen,SG,Untereggen,SG,3219,,14390,,,
NAME,Au SG,SG,Au,SG,3231,,14391,,,
NAME,Balgach,SG,Balgach,SG,3232,,14392,,,
NAME,Berneck,SG,Berneck,SG,3233,,14393,,,
NAME,Diepoldsau,SG,Diepoldsau,SG,3234,,14394,,,
NAME,Rheineck,SG,Rheineck,SG,3235,,14395,,,
NAME,St. Margrethen SG,SG,St. Margrethen,SG,3236,,14396,,,
NAME,Thal,SG,Thal,SG,3237,,14397,,,
NAME,Widnau,SG,Widnau,SG,3238,,14398,,,
NAME,Altstätten SG,SG,Altstätten,SG,3251,,14399,,,
NAME,Eichberg,SG,Eichberg,SG,3252,,14400,,,
NAME,Marbach SG,SG,Marbach,SG,3253,,14401,,,
NAME,Oberriet SG,SG,Oberriet,SG,3254,,14402,,,
NAME,Rebstein,SG,Rebstein,SG,3255,,14403,,,
NAME,Rüthi (Rheintal),SG,Rüthi (Rheintal),SG,3256,3256,12885,,31.12.1992,
MANUAL,Rüthi (Rheintal),SG,Rüthi,SG,3256,,14404,01.01.1993,,
NAME,Buchs SG,SG,Buchs,SG,3271,,14405,,,
NAME,Gams,SG,Gams,SG,3272,,14406,,,
NAME,Grabs,SG,Grabs,SG,3273,,14407,,,
NAME,Sennwald,SG,Sennwald,SG,3274,,14408,,,
NAME,Sevelen,SG,Sevelen,SG,3275,,14409,,,
MANUAL,Azmoos,SG,Wartau,SG,3276,,14410,,,grösste Gemeinde
SUCCESSOR,Bad Ragaz,SG,Ragaz,SG,3291,3291,,,31.12.1936,See placeOfOriginID=3291/placeOfOriginName=Bad Ragaz
NAME,Bad Ragaz,SG,Bad Ragaz,SG,3291,,14411,01.01.1937,,
NAME,Mels,SG,Mels,SG,3293,,14413,,,
NAME,Pfäfers,SG,Pfäfers,SG,3294,,14414,,,
NAME,Quarten,SG,Quarten,SG,3295,,14415,,,
NAME,Sargans,SG,Sargans,SG,3296,,14416,,,
SUCCESSOR,Walenstadt,SG,Wallenstadt,SG,3298,3298,,,31.12.1951,See placeOfOriginID=3298/placeOfOriginName=Walenstadt
NAME,Walenstadt,SG,Walenstadt,SG,3298,,14418,01.01.1952,,
NAME,Amden,SG,Amden,SG,3311,,14419,,,
NAME,Benken SG,SG,Benken,SG,3312,,14420,,,
NAME,Kaltbrunn,SG,Kaltbrunn,SG,3313,,14421,,,
NAME,Rieden SG,SG,Rieden,SG,3314,7955,14422,,31.12.2012,
NAME,Schänis,SG,Schänis,SG,3315,,14423,,,
NAME,Weesen,SG,Weesen,SG,3316,,14424,,,
NAME,Ernetschwil,SG,Ernetschwil,SG,3331,3341,14425,,31.12.2012,
NAME,Eschenbach SG,SG,Eschenbach,SG,3332,3342,14426,,31.12.2012,
NAME,Goldingen,SG,Goldingen,SG,3333,3342,14427,,31.12.2012,
NAME,Gommiswald,SG,Gommiswald,SG,3334,7954,14428,,31.12.2012,
NAME,Jona,SG,Jona,SG,3335,3340,14429,,31.12.2006,
NAME,Rapperswil SG,SG,Rapperswil,SG,3336,3340,14430,,31.12.2006,
NAME,St. Gallenkappel,SG,St. Gallenkappel,SG,3337,3342,14431,,31.12.2012,
NAME,Schmerikon,SG,Schmerikon,SG,3338,,14432,,,
NAME,Uznach,SG,Uznach,SG,3339,,14433,,,
NAME_SUFFIX,Jona,SG,Rapperswil-Jona,SG,3340,,14925,01.01.2007,,
NAME,Gommiswald,SG,Gommiswald,SG,3341,,15605,01.01.2013,,
NAME,Eschenbach SG,SG,Eschenbach,SG,3342,,15606,01.01.2013,,
NAME,Alt St. Johann,SG,Alt St. Johann,SG,3351,7921,14434,,31.12.2009,
NAME,Ebnat-Kappel,SG,Ebnat-Kappel,SG,3352,3352,14435,,31.12.2010,
NAME,Ebnat-Kappel,SG,Ebnat-Kappel,SG,3352,,14435,01.01.2011,,
NAME,Krummenau,SG,Krummenau,SG,3354,7916,14436,,31.12.2004,
NAME,Nesslau,SG,Nesslau,SG,3355,7915,14437,,31.12.2004,
SUCCESSOR,Stein SG,SG,Stein (Toggenburg),SG,3356,3356,10584,,31.12.1992,See placeOfOriginID=3356/placeOfOriginName=Stein
NAME,Stein SG,SG,Stein,SG,3356,7956,14438,01.01.1993,31.12.2012,
NAME,Wildhaus,SG,Wildhaus,SG,3357,7920,14439,,31.12.2009,
NAME,Nesslau,SG,Nesslau,SG,3360,,15607,01.01.2013,,
NAME,Brunnadern,SG,Brunnadern,SG,3371,7917,14440,,31.12.2008,
NAME,Hemberg,SG,Hemberg,SG,3372,,14441,,,
NAME,Krinau,SG,Krinau,SG,3373,3379,14442,,31.12.2012,
NAME,Lichtensteig,SG,Lichtensteig,SG,3374,,14443,,,
NAME,Oberhelfenschwil,SG,Oberhelfenschwil,SG,3375,,14444,,,
NAME,St. Peterzell,SG,St. Peterzell,SG,3376,7918,14445,,31.12.2008,
NAME,Wattwil,SG,Wattwil,SG,3377,3379,14446,,31.12.2012,
MANUAL,Mogelsberg,SG,Neckertal,SG,3378,,14950,01.01.2009,,grösste Gemeinde
NAME,Wattwil,SG,Wattwil,SG,3379,,15608,01.01.2013,,
NAME,Bütschwil,SG,Bütschwil,SG,3391,7959,14447,,31.12.2012,
NAME,Kirchberg SG,SG,Kirchberg,SG,3392,,14448,,,
NAME,Lütisburg,SG,Lütisburg,SG,3393,,14449,,,
NAME,Mosnang,SG,Mosnang,SG,3394,,14450,,,
NAME,Degersheim,SG,Degersheim,SG,3401,,14451,,,
NAME,Flawil,SG,Flawil,SG,3402,,14452,,,
NAME,Ganterschwil,SG,Ganterschwil,SG,3403,7960,14453,,31.12.2012,
NAME,Henau,SG,Henau,SG,3404,3408,11229,,31.12.1963,
NAME,Jonschwil,SG,Jonschwil,SG,3405,,14454,,,
NAME,Mogelsberg,SG,Mogelsberg,SG,3406,3378,14455,,31.12.2008,
NAME,Oberuzwil,SG,Oberuzwil,SG,3407,,14456,,,
NAME,Uzwil,SG,Uzwil,SG,3408,,14457,,,
NAME,Bronschhofen,SG,Bronschhofen,SG,3421,3427,14458,,31.12.2012,
NAME,Niederbüren,SG,Niederbüren,SG,3422,,14459,,,
NAME,Niederhelfenschwil,SG,Niederhelfenschwil,SG,3423,,14460,,,
NAME,Oberbüren,SG,Oberbüren,SG,3424,,14461,,,
NAME,Wil SG,SG,Wil,SG,3425,3427,14462,,31.12.2012,
NAME,Zuzwil SG,SG,Zuzwil,SG,3426,,14463,,,
NAME,Wil SG,SG,Wil,SG,3427,,15610,01.01.2013,,
NAME,Andwil SG,SG,Andwil,SG,3441,,14464,,,
MANUAL,Abtwil SG,SG,Gaiserwald,SG,3442,,14465,,,grösste Gemeinde
NAME,Gossau SG,SG,Gossau,SG,3443,,14466,,,
NAME,Waldkirch,SG,Waldkirch,SG,3444,,14467,,,
NAME,Alvaschein,GR,Alvaschein,GR,3501,3542,14144,,31.12.2014,
SUCCESSOR,Mon,GR,Mons,GR,3502,3502,,,31.12.1942,See placeOfOriginID=3502/placeOfOriginName=Mon
NAME,Mon,GR,Mon,GR,3502,3542,14145,01.01.1943,31.12.2014,
NAME,Mutten,GR,Mutten,GR,3503,3668,15961,,31.12.2017,
SUCCESSOR,Stierva,GR,Stürvis,GR,3504,3504,,,31.12.1942,See placeOfOriginID=3504/placeOfOriginName=Stierva
NAME,Stierva,GR,Stierva,GR,3504,3542,14147,01.01.1943,31.12.2014,
NAME,Tiefencastel,GR,Tiefencastel,GR,3505,3542,14148,,31.12.2014,
SUCCESSOR,Vaz/Obervaz,GR,Obervaz,GR,3506,3506,,,31.12.1942,See placeOfOriginID=3506/placeOfOriginName=Vaz/Obervaz
NAME,Vaz/Obervaz,GR,Vaz/Obervaz,GR,3506,,15962,01.01.1943,,
SUCCESSOR,Alvaneu Dorf,GR,Alvaneu,GR,3511,3542,14150,,31.12.2014,See placeOfOriginID=3542/placeOfOriginName=Albula/Alvra
SUCCESSOR,Brienz/Brinzauls GR,GR,Brienz,GR,3512,3512,11830,,31.12.1965,See placeOfOriginID=3512/placeOfOriginName=Brienz/Brinzauls
NAME,Brienz/Brinzauls GR,GR,Brienz/Brinzauls,GR,3512,3542,14151,01.01.1966,31.12.2014,
SUCCESSOR,Lantsch/Lenz,GR,Lenz,GR,3513,3513,,,31.12.1942,See placeOfOriginID=3513/placeOfOriginName=Lantsch/Lenz
NAME,Lantsch/Lenz,GR,Lantsch/Lenz,GR,3513,,15963,01.01.1943,,
MANUAL,Schmitten (Albula),GR,Schmitten,GR,3514,,15964,,,
NAME,Surava,GR,Surava,GR,3515,3542,14154,,31.12.2014,
SUCCESSOR,Bergün/Bravuogn,GR,Bergün,GR,3521,3521,,,31.12.1942,See placeOfOriginID=3521/placeOfOriginName=Bergün/Bravuogn
NAME,Bergün/Bravuogn,GR,Bergün/Bravuogn,GR,3521,3544,15965,01.01.1943,31.12.2017,
NAME,Filisur,GR,Filisur,GR,3522,3544,15966,,31.12.2017,
SUCCESSOR,Davos Dorf,GR,Wiesen,GR,3523,3851,14157,,31.12.2008,See placeOfOriginID=3851/placeOfOriginName=Davos
NAME,Bivio,GR,Bivio,GR,3531,3543,14158,,31.12.2015,
SUCCESSOR,Cunter,GR,Conters im Oberhalbstein,GR,3532,3532,,,31.12.1942,See placeOfOriginID=3532/placeOfOriginName=Cunter
NAME,Cunter,GR,Cunter,GR,3532,3543,14159,01.01.1943,31.12.2015,
NAME,Marmorera,GR,Marmorera,GR,3533,3543,14160,,31.12.2015,
SUCCESSOR,Mulegns,GR,Mühlen,GR,3534,3534,,,31.12.1942,See placeOfOriginID=3534/placeOfOriginName=Mulegns
NAME,Mulegns,GR,Mulegns,GR,3534,3543,14161,01.01.1943,31.12.2015,
SUCCESSOR,Parsonz,GR,Präsanz,GR,3535,3535,,,31.12.1942,See placeOfOriginID=3535/placeOfOriginName=Parsonz
NAME,Parsonz,GR,Parsonz,GR,3535,3536,11374,01.01.1943,31.12.1978,
SUCCESSOR,Riom,GR,Reams,GR,3536,3536,,,31.12.1942,See placeOfOriginID=3536/placeOfOriginName=Riom-Parsonz
NAME,Riom,GR,Riom,GR,3536,3536,11373,01.01.1943,31.12.1978,
NAME_PREFIX,Riom,GR,Riom-Parsonz,GR,3536,3543,14162,01.01.1979,31.12.2015,
NAME,Rona,GR,Rona,GR,3537,3541,12923,,30.06.1998,
SUCCESSOR,Salouf,GR,Salux,GR,3538,3538,,,31.12.1942,See placeOfOriginID=3538/placeOfOriginName=Salouf
NAME,Salouf,GR,Salouf,GR,3538,3543,14163,01.01.1943,31.12.2015,
NAME,Savognin,GR,Savognin,GR,3539,3543,14164,,31.12.2015,
NAME,Sur,GR,Sur,GR,3540,3543,14165,,31.12.2015,
SUCCESSOR,Tinizong,GR,Tinzen,GR,3541,3541,,,31.12.1942,See placeOfOriginID=3541/placeOfOriginName=Tinizong-Rona
SUCCESSOR,Tinizong,GR,Tinizun,GR,3541,3541,,01.01.1943,31.12.1943,See placeOfOriginID=3541/placeOfOriginName=Tinizong-Rona
NAME,Tinizong,GR,Tinizong,GR,3541,3541,14117,01.01.1944,31.12.1998,
NAME_PREFIX,Tinizong,GR,Tinizong-Rona,GR,3541,3543,14166,01.01.1999,31.12.2015,
MANUAL,Alvaneu Dorf,GR,Albula/Alvra,GR,3542,,16062,01.01.2015,,vermutlich grösste Gemeinde
MANUAL,Savognin,GR,Surses,GR,3543,,16068,01.01.2016,,grösste Gemeinde
MANUAL,Bergün/Bravuogn,GR,Bergün Filisur,GR,3544,,16085,01.01.2018,,grösste Gemeinde
NAME,Brusio,GR,Brusio,GR,3551,,15967,,,
NAME,Poschiavo,GR,Poschiavo,GR,3561,,15968,,,
SUCCESSOR,Castrisch,GR,Kästris,GR,3571,3571,,,31.12.1942,See placeOfOriginID=3571/placeOfOriginName=Castrisch
NAME,Castrisch,GR,Castrisch,GR,3571,3619,14169,01.01.1943,31.12.2013,
SUCCESSOR,Falera,GR,Fellers,GR,3572,3572,11256,,31.12.1968,See placeOfOriginID=3572/placeOfOriginName=Falera
NAME,Falera,GR,Falera,GR,3572,,15969,01.01.1969,,
NAME,Flond,GR,Flond,GR,3573,3617,14171,,31.12.2008,
NAME,Ilanz,GR,Ilanz,GR,3574,3619,14172,,31.12.2013,
NAME,Laax GR,GR,Laax,GR,3575,,15970,,,
NAME,Ladir,GR,Ladir,GR,3576,3619,14174,,31.12.2013,
SUCCESSOR,Luven,GR,Luvis,GR,3577,3577,,,31.12.1942,See placeOfOriginID=3577/placeOfOriginName=Luven
NAME,Luven,GR,Luven,GR,3577,3619,14175,01.01.1943,31.12.2013,
NAME,Pitasch,GR,Pitasch,GR,3578,3619,14176,,31.12.2013,
NAME,Riein,GR,Riein,GR,3579,3619,14177,,31.12.2013,
NAME,Ruschein,GR,Ruschein,GR,3580,3619,14178,,31.12.2013,
SUCCESSOR,Sagogn,GR,Sagens,GR,3581,3581,,,31.12.1942,See placeOfOriginID=3581/placeOfOriginName=Sagogn
NAME,Sagogn,GR,Sagogn,GR,3581,,15971,01.01.1943,,
SUCCESSOR,Schluein,GR,Schleuis,GR,3582,3582,11306,,31.12.1982,See placeOfOriginID=3582/placeOfOriginName=Schluein
NAME,Schluein,GR,Schluein,GR,3582,,15972,01.01.1983,,
NAME,Schnaus,GR,Schnaus,GR,3583,3619,14181,,31.12.2013,
SUCCESSOR,Sevgein,GR,Seewis im Oberland,GR,3584,3584,,,31.12.1942,See placeOfOriginID=3584/placeOfOriginName=Sevgein
NAME,Sevgein,GR,Sevgein,GR,3584,3619,14182,01.01.1943,31.12.2013,
NAME,Strada,GR,Strada,GR,3585,3574,11340,,31.12.1977,
NAME,Valendas,GR,Valendas,GR,3586,3672,14183,,31.12.2012,
NAME,Versam,GR,Versam,GR,3587,3672,14184,,31.12.2012,
NAME,Camuns,GR,Camuns,GR,3591,3599,14185,,31.12.2001,
SUCCESSOR,Cumbel,GR,Cumbels,GR,3592,3592,11290,,31.12.1982,See placeOfOriginID=3592/placeOfOriginName=Cumbel
NAME,Cumbel,GR,Cumbel,GR,3592,3618,14186,01.01.1983,31.12.2012,
NAME,Duvin,GR,Duvin,GR,3593,3619,14187,,31.12.2013,
SUCCESSOR,Degen,GR,Igels,GR,3594,3594,11291,,31.12.1982,See placeOfOriginID=3594/placeOfOriginName=Degen
NAME,Degen,GR,Degen,GR,3594,3618,14188,01.01.1983,31.12.2012,
NAME,Lumbrein,GR,Lumbrein,GR,3595,3618,14189,,31.12.2012,
NAME,Morissen,GR,Morissen,GR,3596,3618,14190,,31.12.2012,
NAME,Peiden,GR,Peiden,GR,3597,3602,11231,,31.12.1962,
SUCCESSOR,Vals,GR,St. Martin,GR,3598,3603,14191,,31.12.2014,See placeOfOriginID=3603/placeOfOriginName=Vals
SUCCESSOR,Vella,GR,Suraua,GR,3599,3618,14363,01.01.2002,31.12.2012,See placeOfOriginID=3618/placeOfOriginName=Lumnezia
SUCCESSOR,Surcuolm,GR,Neukirch bei Ilanz,GR,3600,3600,,,31.12.1942,See placeOfOriginID=3600/placeOfOriginName=Surcuolm
NAME,Surcuolm,GR,Surcuolm,GR,3600,3617,14193,01.01.1943,31.12.2008,
NAME,Tersnaus,GR,Tersnaus,GR,3601,3599,14194,,31.12.2001,
NAME,Uors (Lumnezia),GR,Uors (Lumnezia),GR,3602,3602,11230,,31.12.1962,
NAME_SUFFIX,Peiden,GR,Uors-Peiden,GR,3602,3599,14195,01.01.1963,31.12.2001,
NAME,Vals,GR,Vals,GR,3603,,16063,,,
SUCCESSOR,Vignogn,GR,Vigens,GR,3604,3604,11293,,31.12.1982,See placeOfOriginID=3604/placeOfOriginName=Vignogn
NAME,Vignogn,GR,Vignogn,GR,3604,3618,14197,01.01.1983,31.12.2012,
SUCCESSOR,Vella,GR,Villa,GR,3605,3605,10757,,31.12.1986,See placeOfOriginID=3605/placeOfOriginName=Vella
NAME,Vella,GR,Vella,GR,3605,3618,14198,01.01.1987,31.12.2012,
NAME,Vrin,GR,Vrin,GR,3606,3618,14199,,31.12.2012,
SUCCESSOR,Andiast,GR,Andest,GR,3611,3611,,,31.12.1942,See placeOfOriginID=3611/placeOfOriginName=Andiast
NAME,Andiast,GR,Andiast,GR,3611,3981,15973,01.01.1943,31.12.2017,
NAME,Obersaxen,GR,Obersaxen,GR,3612,3988,14201,,31.12.2015,
SUCCESSOR,Pigniu,GR,Panix,GR,3613,3613,,,31.12.1942,See placeOfOriginID=3613/placeOfOriginName=Pigniu
SUCCESSOR,Pigniu,GR,Pigniu/Panix,GR,3613,3613,11287,01.01.1943,31.12.1983,See placeOfOriginID=3613/placeOfOriginName=Pigniu
NAME,Pigniu,GR,Pigniu,GR,3613,3619,14202,01.01.1984,31.12.2013,
SUCCESSOR,Rueun,GR,Ruis,GR,3614,3614,,,31.12.1942,See placeOfOriginID=3614/placeOfOriginName=Rueun
NAME,Rueun,GR,Rueun,GR,3614,3619,14203,01.01.1943,31.12.2013,
SUCCESSOR,Siat,GR,Seth,GR,3615,3615,,,31.12.1942,See placeOfOriginID=3615/placeOfOriginName=Siat
NAME,Siat,GR,Siat,GR,3615,3619,14204,01.01.1943,31.12.2013,
SUCCESSOR,Waltensburg/Vuorz,GR,Waltensburg,GR,3616,3616,,,31.12.1942,See placeOfOriginID=3616/placeOfOriginName=Waltensburg/Vuorz
NAME,Waltensburg/Vuorz,GR,Waltensburg/Vuorz,GR,3616,3981,15974,01.01.1943,31.12.2017,
SUCCESSOR,Obersaxen,GR,Mundaun,GR,3617,3988,14952,01.01.2009,31.12.2015,See placeOfOriginID=3988/placeOfOriginName=Obersaxen Mundaun
MANUAL,Vella,GR,Lumnezia,GR,3618,,16058,01.01.2013,,grösste Gemeinde
MANUAL,Ilanz,GR,Ilanz/Glion,GR,3619,,16061,01.01.2014,,grösste Gemeinde
NAME,Almens,GR,Almens,GR,3631,3673,14206,,31.12.2014,
SUCCESSOR,Feldis/Veulden,GR,Feldis,GR,3632,3632,,,31.12.1942,See placeOfOriginID=3632/placeOfOriginName=Feldis/Veulden
NAME,Feldis/Veulden,GR,Feldis/Veulden,GR,3632,3671,14207,01.01.1943,31.12.2008,
NAME,Fürstenau,GR,Fürstenau,GR,3633,,15975,,,
NAME,Paspels,GR,Paspels,GR,3634,3673,14209,,31.12.2014,
NAME,Pratval,GR,Pratval,GR,3635,3673,14210,,31.12.2014,
NAME,Rodels,GR,Rodels,GR,3636,3673,14211,,31.12.2014,
NAME,Rothenbrunnen,GR,Rothenbrunnen,GR,3637,,15976,,,
NAME,Scharans,GR,Scharans,GR,3638,,15977,,,
NAME,Scheid,GR,Scheid,GR,3639,3671,14214,,31.12.2008,
NAME,Sils im Domleschg,GR,Sils im Domleschg,GR,3640,,15978,,,
NAME,Trans,GR,Trans,GR,3641,3671,14216,,31.12.2008,
MANUAL,Tumegl/Tomils,GR,Tomils,GR,3642,3642,,,31.12.1942,Alter offizieller Name von Tumegl/Tomils
NAME,Tumegl/Tomils,GR,Tumegl/Tomils,GR,3642,3671,14217,01.01.1943,31.12.2008,
SUCCESSOR,Valendas,GR,Safien,GR,3651,3672,14218,,31.12.2012,See placeOfOriginID=3672/placeOfOriginName=Safiental
NAME,Tenna,GR,Tenna,GR,3652,3672,14219,,31.12.2012,
NAME,Cazis,GR,Cazis,GR,3661,,16051,,,
NAME,Flerden,GR,Flerden,GR,3662,,15979,,,
NAME,Masein,GR,Masein,GR,3663,,15980,,,
NAME,Portein,GR,Portein,GR,3664,3661,14223,,31.12.2009,
NAME,Präz,GR,Präz,GR,3665,3661,14224,,31.12.2009,
NAME,Sarn,GR,Sarn,GR,3666,3661,14225,,31.12.2009,
NAME,Tartar,GR,Tartar,GR,3667,3661,14226,,31.12.2009,
NAME,Thusis,GR,Thusis,GR,3668,,16084,,,
NAME,Tschappina,GR,Tschappina,GR,3669,,15982,,,
NAME,Urmein,GR,Urmein,GR,3670,,15983,,,
MANUAL,Tumegl/Tomils,GR,Tomils,GR,3671,3673,14953,01.01.2009,31.12.2014,"Fusionierte Gemeinde aus Tumegl/Tomils, Feldis/Veulden, Scheid und Trans. Tokens mit diesem Heimatort können nicht genau lokalisert werden und werden Tumegl/Tomils als grösstem Ort der Gemeinde zugeschlagen"
MANUAL,Valendas,GR,Safiental,GR,3672,,16057,01.01.2013,,grösste Gemeinde
MANUAL,Paspels,GR,Domleschg,GR,3673,,16064,01.01.2015,,grösste Gemeinde
MANUAL,Cresta (Avers),GR,Avers,GR,3681,,15984,,,"""Die zentrale Siedlung mit Kirche, Schule, Gemeindehaus, Tankstelle und Lebensmittelgeschäft ist Cresta."""
NAME,Hinterrhein,GR,Hinterrhein,GR,3691,3714,15985,,31.12.2018,
NAME,Medels im Rheinwald,GR,Medels im Rheinwald,GR,3692,3694,14232,,31.12.2005,
NAME,Nufenen,GR,Nufenen,GR,3693,3714,15986,,31.12.2018,
NAME,Splügen,GR,Splügen,GR,3694,3714,16044,,31.12.2018,
NAME,Sufers,GR,Sufers,GR,3695,,15987,,,
NAME,Andeer,GR,Andeer,GR,3701,,16048,,,
NAME,Ausserferrera,GR,Ausserferrera,GR,3702,3713,14237,,31.12.2007,
NAME_SUFFIX,Wergenstein,GR,Casti-Wergenstein,GR,3703,7546,15988,,31.12.2020,
NAME,Clugin,GR,Clugin,GR,3704,3701,14239,,31.12.2008,
SUCCESSOR,Donat,GR,Donath,GR,3705,3705,14240,,31.12.2002,See placeOfOriginID=3705/placeOfOriginName=Donat
NAME,Donat,GR,Donat,GR,3705,7549,16043,01.01.2003,31.12.2020,
NAME,Innerferrera,GR,Innerferrera,GR,3706,3713,14241,,31.12.2007,
NAME,Lohn GR,GR,Lohn,GR,3707,7552,15989,,31.12.2020,
NAME,Mathon,GR,Mathon,GR,3708,7553,15990,,31.12.2020,
SUCCESSOR,Donat,GR,Patzen-Fardün,GR,3709,3705,14244,,31.12.2002,See placeOfOriginID=3705/placeOfOriginName=Donat
SUCCESSOR,Pignia,GR,Pignieu,GR,3710,3710,,,31.12.1952,See placeOfOriginID=3710/placeOfOriginName=Pignia
NAME,Pignia,GR,Pignia,GR,3710,3701,14245,01.01.1953,31.12.2008,
NAME,Rongellen,GR,Rongellen,GR,3711,,15991,,,
MANUAL,Zillis,GR,Zillis-Reischen,GR,3712,,15992,,,
MANUAL,Ausserferrera,GR,Ferrera,GR,3713,,16045,01.01.2008,,grösste Gemeinde
MANUAL,Splügen,GR,Rheinwald,GR,3714,,16125,01.01.2019,,grösste Gemeinde
MANUAL,Donat,GR,Muntogna da Schons,GR,3715,,16598,01.01.2021,,grösste Gemeinde
NAME,Bonaduz,GR,Bonaduz,GR,3721,,15993,,,
SUCCESSOR,Domat/Ems,GR,Ems,GR,3722,3722,,,31.12.1942,See placeOfOriginID=3722/placeOfOriginName=Domat/Ems
NAME,Domat/Ems,GR,Domat/Ems,GR,3722,,15994,01.01.1943,,
NAME,Rhäzüns,GR,Rhäzüns,GR,3723,,15995,,,
NAME,Felsberg,GR,Felsberg,GR,3731,,15996,,,
MANUAL,Flims Dorf,GR,Flims,GR,3732,,15997,,,vermutlich grösste Gemeinde
NAME,Tamins,GR,Tamins,GR,3733,,15998,,,
SUCCESSOR,Trin,GR,Trins,GR,3734,3734,,,31.12.1942,See placeOfOriginID=3734/placeOfOriginName=Trin
NAME,Trin,GR,Trin,GR,3734,,15999,01.01.1943,,
NAME,Ardez,GR,Ardez,GR,3741,3762,14255,,31.12.2014,
NAME,Guarda,GR,Guarda,GR,3742,3762,14256,,31.12.2014,
NAME,Lavin,GR,Lavin,GR,3743,3746,14257,,31.12.2014,
SUCCESSOR,Susch,GR,Süs,GR,3744,3744,,,31.12.1942,See placeOfOriginID=3744/placeOfOriginName=Susch
NAME,Susch,GR,Susch,GR,3744,3746,14258,01.01.1943,31.12.2014,
NAME,Tarasp,GR,Tarasp,GR,3745,3762,14259,,31.12.2014,
NAME,Zernez,GR,Zernez,GR,3746,,16066,,,
SUCCESSOR,Ramosch,GR,Remüs,GR,3751,3751,,,31.12.1942,See placeOfOriginID=3751/placeOfOriginName=Ramosch
NAME,Ramosch,GR,Ramosch,GR,3751,3764,14261,01.01.1943,31.12.2012,
MANUAL,Samnaun Dorf,GR,Samnaun,GR,3752,,16000,,,grösste Gemeinde
SUCCESSOR,Tschlin,GR,Schleins,GR,3753,3753,,,31.12.1942,See placeOfOriginID=3753/placeOfOriginName=Tschlin
NAME,Tschlin,GR,Tschlin,GR,3753,3764,14263,01.01.1943,31.12.2012,
SUCCESSOR,Ftan,GR,Fetan,GR,3761,3761,,,31.12.1942,See placeOfOriginID=3761/placeOfOriginName=Ftan
NAME,Ftan,GR,Ftan,GR,3761,3762,14264,01.01.1943,31.12.2014,
SUCCESSOR,Scuol,GR,Schuls,GR,3762,3762,,,31.12.1942,See placeOfOriginID=3762/placeOfOriginName=Scuol
SUCCESSOR,Scuol,GR,Scuol/Schuls,GR,3762,3762,11196,01.01.1943,31.12.1969,See placeOfOriginID=3762/placeOfOriginName=Scuol
NAME,Scuol,GR,Scuol,GR,3762,,16065,01.01.1970,,
NAME,Sent,GR,Sent,GR,3763,3762,14266,,31.12.2014,
MANUAL,Ramosch,GR,Valsot,GR,3764,,16059,01.01.2013,,grösste Gemeinde
NAME,Bondo,GR,Bondo,GR,3771,3792,14267,,31.12.2009,
NAME,Casaccia,GR,Casaccia,GR,3772,3776,11188,,31.12.1970,
NAME,Castasegna,GR,Castasegna,GR,3773,3792,14268,,31.12.2009,
NAME,Soglio,GR,Soglio,GR,3774,3792,14269,,31.12.2009,
NAME,Stampa,GR,Stampa,GR,3775,3792,14270,,31.12.2009,
NAME,Vicosoprano,GR,Vicosoprano,GR,3776,3792,14271,,31.12.2009,
SUCCESSOR,Bever,GR,Bevers,GR,3781,3781,,,31.12.1942,See placeOfOriginID=3781/placeOfOriginName=Bever
NAME,Bever,GR,Bever,GR,3781,,16001,01.01.1943,,
SUCCESSOR,Celerina/Schlarigna,GR,Celerina,GR,3782,3782,,,31.12.1942,See placeOfOriginID=3782/placeOfOriginName=Celerina/Schlarigna
SUCCESSOR,Celerina/Schlarigna,GR,Schlarigna/Celerina,GR,3782,3782,,01.01.1943,31.12.1949,See placeOfOriginID=3782/placeOfOriginName=Celerina/Schlarigna
NAME,Celerina/Schlarigna,GR,Celerina/Schlarigna,GR,3782,,16002,01.01.1950,,
SUCCESSOR,Madulain,GR,Madulein,GR,3783,3783,,,31.12.1942,See placeOfOriginID=3783/placeOfOriginName=Madulain
NAME,Madulain,GR,Madulain,GR,3783,,16003,01.01.1943,,
NAME,Pontresina,GR,Pontresina,GR,3784,,16004,,,
SUCCESSOR,La Punt Chamues-ch,GR,Ponte-Campovasto,GR,3785,3785,,,31.12.1942,See placeOfOriginID=3785/placeOfOriginName=La Punt Chamues-ch
SUCCESSOR,La Punt Chamues-ch,GR,La Punt-Chamues-ch,GR,3785,3785,16005,01.01.1943,30.09.2020,See placeOfOriginID=3785/placeOfOriginName=La Punt Chamues-ch
NAME,La Punt Chamues-ch,GR,La Punt Chamues-ch,GR,3785,,16586,01.10.2020,,
SUCCESSOR,Samedan,GR,Samaden,GR,3786,3786,,,31.12.1942,See placeOfOriginID=3786/placeOfOriginName=Samedan
NAME,Samedan,GR,Samedan,GR,3786,,16006,01.01.1943,,
NAME,St. Moritz,GR,St. Moritz,GR,3787,,16007,,,
SUCCESSOR,S-chanf,GR,Scanfs,GR,3788,3788,,,31.12.1942,See placeOfOriginID=3788/placeOfOriginName=S-chanf
NAME,S-chanf,GR,S-chanf,GR,3788,,16008,01.01.1943,,
SUCCESSOR,Sils/Segl Maria,GR,Sils im Engadin,GR,3789,3789,,,31.12.1942,See placeOfOriginID=3789/placeOfOriginName=Sils im Engadin/Segl
MANUAL,Sils/Segl Maria,GR,Sils im Engadin/Segl,GR,3789,,16009,01.01.1943,,grösste Gemeinde
NAME,Silvaplana,GR,Silvaplana,GR,3790,,16010,,,
NAME,Zuoz,GR,Zuoz,GR,3791,,16011,,,
MANUAL,Casaccia,GR,Bregaglia,GR,3792,,16052,01.01.2010,,grösste Gemeinde
NAME,Arvigo,GR,Arvigo,GR,3801,3837,14283,,31.12.2014,
NAME,Augio,GR,Augio,GR,3802,3808,11305,,31.12.1981,
NAME,Braggio,GR,Braggio,GR,3803,3837,14284,,31.12.2014,
SUCCESSOR,Buseno,GR,Busen,GR,3804,3804,,,31.12.1942,See placeOfOriginID=3804/placeOfOriginName=Buseno
NAME,Buseno,GR,Buseno,GR,3804,,16012,01.01.1943,,
NAME,Castaneda,GR,Castaneda,GR,3805,,16013,,,
NAME,Cauco,GR,Cauco,GR,3806,3837,14287,,31.12.2014,
SUCCESSOR,Arvigo,GR,Landarenca,GR,3807,3801,11369,,31.12.1979,See placeOfOriginID=3801/placeOfOriginName=Arvigo
NAME,Rossa,GR,Rossa,GR,3808,,16014,,,
SUCCESSOR,Rossa,GR,Santa Domenica,GR,3809,3808,11282,,31.12.1981,See placeOfOriginID=3808/placeOfOriginName=Rossa
MANUAL,Sta. Maria in Calanca,GR,Santa Maria in Calanca,GR,3810,,16015,,,
NAME,Selma,GR,Selma,GR,3811,3837,14290,,31.12.2014,
NAME,Lostallo,GR,Lostallo,GR,3821,,16016,,,
NAME,Mesocco,GR,Mesocco,GR,3822,,16017,,,
NAME,Soazza,GR,Soazza,GR,3823,,16018,,,
NAME,Cama,GR,Cama,GR,3831,,16019,,,
NAME,Grono,GR,Grono,GR,3832,,15695,,,
NAME,Leggia,GR,Leggia,GR,3833,3832,14296,,31.12.2016,
NAME,Roveredo GR,GR,Roveredo,GR,3834,,16020,,,
MANUAL,S. Vittore,GR,San Vittore,GR,3835,,16021,,,
NAME,Verdabbio,GR,Verdabbio,GR,3836,3832,14299,,31.12.2016,
MANUAL,Arvigo,GR,Calanca,GR,3837,,16067,01.01.2015,,grösste Gemeinde
NAME,Fuldera,GR,Fuldera,GR,3841,3847,14300,,31.12.2008,
NAME,Lü,GR,Lü,GR,3842,3847,14301,,31.12.2008,
SUCCESSOR,Müstair,GR,Münster (GR),GR,3843,3843,,,31.12.1942,See placeOfOriginID=3843/placeOfOriginName=Müstair
NAME,Müstair,GR,Müstair,GR,3843,3847,14302,01.01.1943,31.12.2008,
SUCCESSOR,Sta. Maria Val Müstair,GR,Santa Maria im Münstertal,GR,3844,3844,13748,,31.12.1994,See placeOfOriginID=3844/placeOfOriginName=Sta. Maria Val Müstair
NAME,Sta. Maria Val Müstair,GR,Sta. Maria Val Müstair,GR,3844,3847,14303,01.01.1995,31.12.2008,
SUCCESSOR,Tschierv,GR,Cierfs,GR,3845,3845,,,31.12.1942,See placeOfOriginID=3845/placeOfOriginName=Tschierv
NAME,Tschierv,GR,Tschierv,GR,3845,3847,14304,01.01.1943,31.12.2008,
SUCCESSOR,Valchava,GR,Valcava,GR,3846,3846,,,31.12.1942,See placeOfOriginID=3846/placeOfOriginName=Valchava
NAME,Valchava,GR,Valchava,GR,3846,3847,14305,01.01.1943,31.12.2008,
MANUAL,Müstair,GR,Val Müstair,GR,3847,,16049,01.01.2009,,grösste Gemeinde
MANUAL,Davos Dorf,GR,Davos,GR,3851,,16047,,,grösste Gemeinde
NAME,Fideris,GR,Fideris,GR,3861,,16022,,,
NAME,Furna,GR,Furna,GR,3862,,16023,,,
NAME,Jenaz,GR,Jenaz,GR,3863,,16024,,,
NAME,Klosters,GR,Klosters,GR,3871,3871,11299,,31.12.1972,
NAME_PREFIX,Klosters,GR,Klosters-Serneus,GR,3871,3871,16610,01.01.1973,19.02.2021,
NAME,Klosters,GR,Klosters,GR,3871,,16610,20.02.2021,,
NAME,Conters im Prättigau,GR,Conters im Prättigau,GR,3881,,16025,,,
NAME,Küblis,GR,Küblis,GR,3882,,16026,,,
SUCCESSOR,Klosters,GR,Saas,GR,3883,3871,14313,,31.12.2015,See placeOfOriginID=3871/placeOfOriginName=Klosters
NAME,Luzein,GR,Luzein,GR,3891,,16071,,,
NAME,Ascharina,GR,Ascharina,GR,3892,3892,,,31.12.1952,
SUCCESSOR,St. Antönien,GR,St. Antönien Ascharina,GR,3892,3893,14315,01.01.1953,31.12.2006,See placeOfOriginID=3893/placeOfOriginName=St. Antönien
NAME,St. Antönien,GR,St. Antönien,GR,3893,3891,14926,,31.12.2015,
SUCCESSOR,St. Antönien,GR,Rüti im Prättigau,GR,3894,9030,,,31.12.1952,See placeOfOriginID=9030/placeOfOriginName=St. Antönien Rüti
NAME,Chur,GR,Chur,GR,3901,,16599,,,
NAME,Churwalden,GR,Churwalden,GR,3911,,16053,,,
NAME,Malix,GR,Malix,GR,3912,3911,14319,,31.12.2009,
NAME,Parpan,GR,Parpan,GR,3913,3911,14320,,31.12.2009,
NAME,Praden,GR,Praden,GR,3914,3932,14321,,31.12.2008,
NAME,Tschiertschen,GR,Tschiertschen,GR,3915,3932,14322,,31.12.2008,
NAME,Arosa,GR,Arosa,GR,3921,,16060,,,
NAME,Calfreisen,GR,Calfreisen,GR,3922,3921,14324,,31.12.2012,
NAME,Castiel,GR,Castiel,GR,3923,3921,14325,,31.12.2012,
NAME,Langwies,GR,Langwies,GR,3924,3921,14326,,31.12.2012,
NAME,Lüen,GR,Lüen,GR,3925,3921,14327,,31.12.2012,
NAME,Maladers,GR,Maladers,GR,3926,3901,16028,,31.12.2019,
NAME,Molinis,GR,Molinis,GR,3927,3921,14329,,31.12.2012,
NAME,Pagig,GR,Pagig,GR,3928,3931,14330,,31.12.2007,
NAME,Peist,GR,Peist,GR,3929,3921,14331,,31.12.2012,
NAME,St. Peter,GR,St. Peter,GR,3930,3931,14332,,31.12.2007,
NAME_PREFIX,St. Peter,GR,St. Peter-Pagig,GR,3931,3921,14933,01.01.2008,31.12.2012,
NAME_PREFIX,Tschiertschen,GR,Tschiertschen-Praden,GR,3932,,16050,01.01.2009,,
NAME,Haldenstein,GR,Haldenstein,GR,3941,7554,16029,,31.12.2020,
NAME,Igis,GR,Igis,GR,3942,3955,14334,,31.12.2011,
NAME,Mastrils,GR,Mastrils,GR,3943,3955,14335,,31.12.2011,
NAME,Says,GR,Says,GR,3944,3945,14336,,31.12.2007,
NAME,Trimmis,GR,Trimmis,GR,3945,,16046,,,
NAME,Untervaz,GR,Untervaz,GR,3946,,16030,,,
NAME,Zizers,GR,Zizers,GR,3947,,16031,,,
NAME,Fläsch,GR,Fläsch,GR,3951,,16032,,,
NAME,Jenins,GR,Jenins,GR,3952,,16033,,,
NAME,Maienfeld,GR,Maienfeld,GR,3953,,16034,,,
NAME,Malans GR,GR,Malans,GR,3954,,16035,,,
NAME,Landquart,GR,Landquart,GR,3955,,16055,01.01.2012,,
NAME,Grüsch,GR,Grüsch,GR,3961,,16054,,,
NAME,Schiers,GR,Schiers,GR,3962,,16036,,,
NAME,Fanas,GR,Fanas,GR,3971,3961,14346,,31.12.2010,
MANUAL,Seewis Dorf,GR,Seewis im Prättigau,GR,3972,,16037,,,vermutlich grösste Gemeinde
NAME,Valzeina,GR,Valzeina,GR,3973,3961,14348,,31.12.2010,
SUCCESSOR,Breil/Brigels,GR,Brigels,GR,3981,3981,,,31.12.1942,See placeOfOriginID=3981/placeOfOriginName=Breil/Brigels
NAME,Breil/Brigels,GR,Breil/Brigels,GR,3981,,16086,01.01.1943,,
SUCCESSOR,Disentis/Mustér,GR,Disentis,GR,3982,3982,11234,,31.12.1962,See placeOfOriginID=3982/placeOfOriginName=Disentis/Mustér
NAME,Disentis/Mustér,GR,Disentis/Mustér,GR,3982,,16039,01.01.1963,,
SUCCESSOR,Curaglia,GR,Medels im Oberland,GR,3983,3983,,,31.12.1942,See placeOfOriginID=3983/placeOfOriginName=Medel (Lucmagn)
MANUAL,Curaglia,GR,Medel (Lucmagn),GR,3983,,16040,01.01.1943,,grösste Gemeinde
NAME,Schlans,GR,Schlans,GR,3984,3987,14352,,31.12.2011,
SUCCESSOR,Sumvitg,GR,Somvix,GR,3985,3985,10407,,31.12.1985,See placeOfOriginID=3985/placeOfOriginName=Sumvitg
NAME,Sumvitg,GR,Sumvitg,GR,3985,,16041,01.01.1986,,
SUCCESSOR,Sedrun,GR,Tavetsch,GR,3986,3986,11351,,31.12.1975,See placeOfOriginID=3986/placeOfOriginName=Tujetsch
MANUAL,Sedrun,GR,Tujetsch,GR,3986,,16042,01.01.1976,,"""Sedrun ist der politische und kirchliche Hauptort des Tujetsch."""
SUCCESSOR,Trun,GR,Truns,GR,3987,3987,,,31.12.1942,See placeOfOriginID=3987/placeOfOriginName=Trun
NAME,Trun,GR,Trun,GR,3987,,16056,01.01.1943,,
MANUAL,Obersaxen,GR,Obersaxen Mundaun,GR,3988,,16069,01.01.2016,,
NAME,Aarau,AG,Aarau,AG,4001,,15385,,,
NAME,Biberstein,AG,Biberstein,AG,4002,,11916,,,
NAME,Buchs AG,AG,Buchs,AG,4003,,11454,,,
NAME,Densbüren,AG,Densbüren,AG,4004,,11556,,,
NAME,Erlinsbach,AG,Erlinsbach,AG,4005,,14533,,,
NAME,Gränichen,AG,Gränichen,AG,4006,,12115,,,
NAME,Hirschthal,AG,Hirschthal,AG,4007,,12158,,,
NAME,Küttigen,AG,Küttigen,AG,4008,,12594,,,
NAME,Muhen,AG,Muhen,AG,4009,,12380,,,
NAME,Oberentfelden,AG,Oberentfelden,AG,4010,,12465,,,
SUCCESSOR,Aarau,AG,Rohr,AG,4011,4001,12936,,31.12.2009,See placeOfOriginID=4001/placeOfOriginName=Aarau
NAME,Suhr,AG,Suhr,AG,4012,,10585,,,
NAME,Unterentfelden,AG,Unterentfelden,AG,4013,,10888,,,
NAME,Baden,AG,Baden,AG,4021,,13189,,,
NAME,Bellikon,AG,Bellikon,AG,4022,,11881,,,
NAME,Bergdietikon,AG,Bergdietikon,AG,4023,,11856,,,
NAME,Birmenstorf AG,AG,Birmenstorf,AG,4024,,11899,,,
NAME,Dättwil AG,AG,Dättwil,AG,4025,4021,11227,,31.12.1961,
NAME,Ennetbaden,AG,Ennetbaden,AG,4026,,12277,,,
NAME,Fislisbach,AG,Fislisbach,AG,4027,,11998,,,
NAME,Freienwil,AG,Freienwil,AG,4028,,11946,,,
NAME,Gebenstorf,AG,Gebenstorf,AG,4029,,12110,,,
NAME,Killwangen,AG,Killwangen,AG,4030,,12693,,,
NAME,Künten,AG,Künten,AG,4031,,12652,,,
NAME,Mägenwil,AG,Mägenwil,AG,4032,,12712,,,
NAME,Mellingen,AG,Mellingen,AG,4033,,12384,,,
NAME,Neuenhof,AG,Neuenhof,AG,4034,,12514,,,
NAME,Niederrohrdorf,AG,Niederrohrdorf,AG,4035,,12565,,,
SUCCESSOR,Ehrendingen,AG,Oberehrendingen,AG,4036,4049,12460,,31.12.2005,See placeOfOriginID=4049/placeOfOriginName=Ehrendingen
NAME,Oberrohrdorf,AG,Oberrohrdorf,AG,4037,,12453,,,
MANUAL,Nussbaumen AG,AG,Obersiggenthal,AG,4038,,12456,,,grösste Gemeinde
NAME,Remetschwil,AG,Remetschwil,AG,4039,,13164,,,
NAME,Spreitenbach,AG,Spreitenbach,AG,4040,,10366,,,
NAME,Stetten AG,AG,Stetten,AG,4041,,10595,,,
NAME,Turgi,AG,Turgi,AG,4042,,10886,,,
SUCCESSOR,Ehrendingen,AG,Unterehrendingen,AG,4043,4049,10862,,31.12.2005,See placeOfOriginID=4049/placeOfOriginName=Ehrendingen
NAME,Untersiggenthal,AG,Untersiggenthal,AG,4044,,10871,,,
NAME,Wettingen,AG,Wettingen,AG,4045,,10275,,,
NAME,Wohlenschwil,AG,Wohlenschwil,AG,4046,,10356,,,
NAME,Würenlingen,AG,Würenlingen,AG,4047,,10344,,,
NAME,Würenlos,AG,Würenlos,AG,4048,,10303,,,
NAME,Ehrendingen,AG,Ehrendingen,AG,4049,,14534,01.01.2006,,
NAME,Arni AG,AG,Arni,AG,4061,,13668,,,
NAME,Berikon,AG,Berikon,AG,4062,,11857,,,
NAME,Bremgarten AG,AG,Bremgarten,AG,4063,,15644,,,
NAME,Büttikon AG,AG,Büttikon,AG,4064,,11488,,,
NAME,Dottikon,AG,Dottikon,AG,4065,,12217,,,
NAME,Eggenwil,AG,Eggenwil,AG,4066,,12157,,,
NAME,Fischbach-Göslikon,AG,Fischbach-Göslikon,AG,4067,,12006,,,
NAME,Hägglingen,AG,Hägglingen,AG,4068,,12004,,,
SUCCESSOR,Hermetschwil-Staffeln,AG,Hermetschwil,AG,4069,4069,,,31.12.1952,See placeOfOriginID=4069/placeOfOriginName=Hermetschwil-Staffeln
NAME,Hermetschwil-Staffeln,AG,Hermetschwil-Staffeln,AG,4069,4063,12310,01.01.1953,31.12.2013,
NAME,Hilfikon,AG,Hilfikon,AG,4070,4080,12153,,31.12.2009,
NAME,Jonen,AG,Jonen,AG,4071,,12644,,,
NAME,Niederwil AG,AG,Niederwil,AG,4072,,12569,,,
NAME,Oberlunkhofen,AG,Oberlunkhofen,AG,4073,,12452,,,
SUCCESSOR,Oberwil-Lieli,AG,Oberwil,AG,4074,4074,11288,,31.12.1983,See placeOfOriginID=4074/placeOfOriginName=Oberwil-Lieli
NAME,Oberwil-Lieli,AG,Oberwil-Lieli,AG,4074,,13681,01.01.1984,,
NAME,Rudolfstetten,AG,Rudolfstetten,AG,4075,4075,,,31.12.1952,
MANUAL,Rudolfstetten,,Rudolfstetten-Friedlisberg,AG,4075,,12830,01.01.1953,,
NAME,Sarmenstorf,AG,Sarmenstorf,AG,4076,,13010,,,
NAME,Tägerig,AG,Tägerig,AG,4077,,10550,,,
NAME,Uezwil,AG,Uezwil,AG,4078,,10853,,,
NAME,Unterlunkhofen,AG,Unterlunkhofen,AG,4079,,10867,,,
NAME,Villmergen,AG,Villmergen,AG,4080,,15386,,,
NAME,Widen,AG,Widen,AG,4081,,10278,,,
NAME,Wohlen AG,AG,Wohlen,AG,4082,,10354,,,
NAME,Zufikon,AG,Zufikon,AG,4083,,10322,,,
NAME,Islisberg,AG,Islisberg,AG,4084,,13669,,,
NAME,Auenstein,AG,Auenstein,AG,4091,,11681,,,
NAME,Birr,AG,Birr,AG,4092,,11901,,,
NAME,Birrhard,AG,Birrhard,AG,4093,,11837,,,
NAME,Bözen,AG,Bözen,AG,4094,,11851,,,
NAME,Brugg AG,AG,Brugg,AG,4095,,16135,,,
NAME,Effingen,AG,Effingen,AG,4096,,12126,,,
NAME,Elfingen,AG,Elfingen,AG,4097,,12243,,,
SUCCESSOR,Bözberg,AG,Gallenkirch,AG,4098,4124,12074,,31.12.2012,See placeOfOriginID=4124/placeOfOriginName=Bözberg
NAME,Habsburg,AG,Habsburg,AG,4099,,12000,,,
NAME,Hausen AG,AG,Hausen,AG,4100,,14375,,,
NAME,Hottwil,AG,Hottwil,AG,4101,4184,12214,,31.12.2009,
SUCCESSOR,Brugg AG,AG,Lauffohr,AG,4102,4095,11228,,31.12.1969,See placeOfOriginID=4095/placeOfOriginName=Brugg
SUCCESSOR,Bözberg,AG,Linn,AG,4103,4124,12823,,31.12.2012,See placeOfOriginID=4124/placeOfOriginName=Bözberg
NAME,Lupfig,AG,Lupfig,AG,4104,,16087,,,
NAME,Mandach,AG,Mandach,AG,4105,,12753,,,
NAME,Mönthal,AG,Mönthal,AG,4106,,12321,,,
NAME,Mülligen,AG,Mülligen,AG,4107,,12354,,,
SUCCESSOR,Bözberg,AG,Oberbözberg,AG,4108,4124,12553,,31.12.2012,See placeOfOriginID=4124/placeOfOriginName=Bözberg
NAME,Oberflachs,AG,Oberflachs,AG,4109,4125,12467,,31.12.2013,
NAME,Remigen,AG,Remigen,AG,4110,,13161,,,
NAME,Riniken,AG,Riniken,AG,4111,,12890,,,
NAME,Rüfenach AG,AG,Rüfenach,AG,4112,,12838,,,
NAME,Scherz,AG,Scherz,AG,4113,4104,13052,,31.12.2017,
SUCCESSOR,Brugg AG,AG,Birrenlauf,AG,4114,4114,,,31.12.1937,See placeOfOriginID=4114/placeOfOriginName=Schinznach-Bad
SUCCESSOR,Brugg AG,AG,Schinznach-Bad,AG,4114,4095,14376,01.01.1938,31.12.2019,See placeOfOriginID=4095/placeOfOriginName=Brugg
SUCCESSOR,Schinznach Dorf,AG,Schinznach,AG,4115,4115,,,31.12.1937,See placeOfOriginID=4115/placeOfOriginName=Schinznach-Dorf
SUCCESSOR,Schinznach Dorf,AG,Schinznach-Dorf,AG,4115,4125,14377,01.01.1938,31.12.2013,See placeOfOriginID=4125/placeOfOriginName=Schinznach
NAME,Stilli,AG,Stilli,AG,4116,4121,10591,,31.12.2005,
NAME,Thalheim AG,AG,Thalheim,AG,4117,,10760,,,
NAME,Umiken,AG,Umiken,AG,4118,4095,10858,,31.12.2009,
SUCCESSOR,Bözberg,AG,Unterbözberg,AG,4119,4124,10861,,31.12.2012,See placeOfOriginID=4124/placeOfOriginName=Bözberg
NAME,Veltheim AG,AG,Veltheim,AG,4120,,10911,,,
NAME,Villigen,AG,Villigen,AG,4121,,14535,,,
NAME,Villnachern,AG,Villnachern,AG,4122,,10009,,,
NAME,Windisch,AG,Windisch,AG,4123,,10360,,,
NAME,Bözberg,AG,Bözberg,AG,4124,,15615,01.01.2013,,
MANUAL,Schinznach Dorf,AG,Schinznach,AG,4125,,15645,01.01.2014,,grösste Gemeinde
NAME,Beinwil am See,AG,Beinwil am See,AG,4131,,11886,,,
NAME,Birrwil,AG,Birrwil,AG,4132,,11913,,,
NAME,Burg AG,AG,Burg,AG,4133,,11503,,,
NAME,Dürrenäsch,AG,Dürrenäsch,AG,4134,,12122,,,
NAME,Gontenschwil,AG,Gontenschwil,AG,4135,,12047,,,
NAME,Holziken,AG,Holziken,AG,4136,,12140,,,
NAME,Leimbach AG,AG,Leimbach,AG,4137,,12783,,,
NAME,Leutwil,AG,Leutwil,AG,4138,,12778,,,
NAME,Menziken,AG,Menziken,AG,4139,,12397,,,
NAME,Oberkulm,AG,Oberkulm,AG,4140,,12454,,,
NAME,Reinach AG,AG,Reinach,AG,4141,,13174,,,
NAME,Schlossrued,AG,Schlossrued,AG,4142,,13043,,,
NAME,Schmiedrued,AG,Schmiedrued,AG,4143,,13042,,,
NAME,Schöftland,AG,Schöftland,AG,4144,,13005,,,
NAME,Teufenthal AG,AG,Teufenthal,AG,4145,,10562,,,
NAME,Unterkulm,AG,Unterkulm,AG,4146,,10866,,,
NAME,Zetzwil,AG,Zetzwil,AG,4147,,10301,,,
NAME,Eiken,AG,Eiken,AG,4161,,12170,,,
NAME,Etzgen,AG,Etzgen,AG,4162,4184,12246,,31.12.2009,
NAME,Frick,AG,Frick,AG,4163,,11953,,,
NAME,Gansingen,AG,Gansingen,AG,4164,,12114,,,
NAME,Gipf-Oberfrick,AG,Gipf-Oberfrick,AG,4165,,12065,,,
NAME,Herznach,AG,Herznach,AG,4166,,12317,,,
NAME,Hornussen,AG,Hornussen,AG,4167,,12211,,,
NAME,Ittenthal,AG,Ittenthal,AG,4168,4169,12667,,31.12.2009,
NAME,Kaisten,AG,Kaisten,AG,4169,,15389,,,
NAME,Laufenburg,AG,Laufenburg,AG,4170,,15390,,,
NAME,Mettau,AG,Mettau,AG,4171,4184,12406,,31.12.2009,
NAME,Münchwilen AG,AG,Münchwilen,AG,4172,,12357,,,
NAME,Oberhof,AG,Oberhof,AG,4173,,12472,,,
NAME,Oberhofen AG,AG,Oberhofen,AG,4174,4184,12473,,31.12.2009,
NAME,Oeschgen,AG,Oeschgen,AG,4175,,12509,,,
NAME,Schwaderloch,AG,Schwaderloch,AG,4176,,12964,,,
NAME,Sisseln AG,AG,Sisseln,AG,4177,,12980,,,
NAME,Sulz AG,AG,Sulz,AG,4178,4170,10543,,31.12.2009,
NAME,Ueken,AG,Ueken,AG,4179,,10849,,,
NAME,Wil AG,AG,Wil,AG,4180,4184,10283,,31.12.2009,
NAME,Wittnau,AG,Wittnau,AG,4181,,10353,,,
NAME,Wölflinswil,AG,Wölflinswil,AG,4182,,10359,,,
NAME,Zeihen,AG,Zeihen,AG,4183,,10309,,,
MANUAL,Wil AG,AG,Mettauertal,AG,4184,,15388,01.01.2010,,grösste Gemeinde
NAME,Ammerswil AG,AG,Ammerswil,AG,4191,,11783,,,
NAME,Boniswil,AG,Boniswil,AG,4192,,11790,,,
NAME,Brunegg,AG,Brunegg,AG,4193,,11472,,,
NAME,Dintikon,AG,Dintikon,AG,4194,,11566,,,
NAME,Egliswil,AG,Egliswil,AG,4195,,12167,,,
NAME,Fahrwangen,AG,Fahrwangen,AG,4196,,12252,,,
SUCCESSOR,Hallwil,AG,Niederhallwil,AG,4197,4197,,,31.12.1950,See placeOfOriginID=4197/placeOfOriginName=Hallwil
NAME,Hallwil,AG,Hallwil,AG,4197,,11996,01.01.1951,,
NAME,Hendschiken,AG,Hendschiken,AG,4198,,12235,,,
NAME,Holderbank AG,AG,Holderbank,AG,4199,,12139,,,
NAME,Hunzenschwil,AG,Hunzenschwil,AG,4200,,12179,,,
NAME,Lenzburg,AG,Lenzburg,AG,4201,,12782,,,
NAME,Meisterschwanden,AG,Meisterschwanden,AG,4202,,12411,,,
NAME,Möriken AG,AG,Möriken,AG,4203,4203,,,31.12.1950,
NAME_SUFFIX,Wildegg,AG,Möriken-Wildegg,AG,4203,,12367,01.01.1951,,
NAME,Niederlenz,AG,Niederlenz,AG,4204,,12561,,,
NAME,Othmarsingen,AG,Othmarsingen,AG,4205,,13113,,,
NAME,Rupperswil,AG,Rupperswil,AG,4206,,12833,,,
NAME,Schafisheim,AG,Schafisheim,AG,4207,,13056,,,
NAME,Seengen,AG,Seengen,AG,4208,,12949,,,
NAME,Seon,AG,Seon,AG,4209,,12996,,,
NAME,Staufen,AG,Staufen,AG,4210,,10579,,,
NAME,Abtwil AG,AG,Abtwil,AG,4221,,11741,,,
NAME,Aristau,AG,Aristau,AG,4222,,11764,,,
NAME,Auw,AG,Auw,AG,4223,,11659,,,
SUCCESSOR,Beinwil (Freiamt),AG,Beinwil bei Muri,AG,4224,4224,,,31.12.1950,See placeOfOriginID=4224/placeOfOriginName=Beinwil (Freiamt)
NAME,Beinwil (Freiamt),AG,Beinwil (Freiamt),AG,4224,,11875,01.01.1951,,
NAME,Benzenschwil,AG,Benzenschwil,AG,4225,4234,11860,,31.12.2011,
NAME,Besenbüren,AG,Besenbüren,AG,4226,,11888,,,
NAME,Bettwil,AG,Bettwil,AG,4227,,11910,,,
NAME,Boswil,AG,Boswil,AG,4228,,11800,,,
NAME,Bünzen,AG,Bünzen,AG,4229,,11464,,,
NAME,Buttwil,AG,Buttwil,AG,4230,,11490,,,
NAME,Dietwil,AG,Dietwil,AG,4231,,11564,,,
NAME,Geltwil,AG,Geltwil,AG,4232,,12104,,,
NAME,Kallern,AG,Kallern,AG,4233,,12638,,,
NAME,Merenschwand,AG,Merenschwand,AG,4234,,15503,,,
NAME,Mühlau,AG,Mühlau,AG,4235,,12358,,,
NAME,Muri AG,AG,Muri,AG,4236,,12438,,,
NAME,Oberrüti,AG,Oberrüti,AG,4237,,12446,,,
NAME,Rottenschwil,AG,Rottenschwil,AG,4238,,12851,,,
NAME,Meienberg,AG,Meienberg,AG,4239,4239,,,31.12.1940,
NAME,Sins,AG,Sins,AG,4239,,12983,01.01.1941,,
NAME,Waltenschwil,AG,Waltenschwil,AG,4240,,10468,,,
NAME,Hellikon,AG,Hellikon,AG,4251,,12228,,,
NAME,Kaiseraugst,AG,Kaiseraugst,AG,4252,,12643,,,
NAME,Magden,AG,Magden,AG,4253,,12711,,,
NAME,Möhlin,AG,Möhlin,AG,4254,,12429,,,
NAME,Mumpf,AG,Mumpf,AG,4255,,12355,,,
NAME,Obermumpf,AG,Obermumpf,AG,4256,,12468,,,
NAME,Olsberg,AG,Olsberg,AG,4257,,12508,,,
NAME,Rheinfelden,AG,Rheinfelden,AG,4258,,12911,,,
NAME,Schupfart,AG,Schupfart,AG,4259,,12967,,,
NAME,Stein AG,AG,Stein,AG,4260,,10582,,,
NAME,Wallbach,AG,Wallbach,AG,4261,,10462,,,
NAME,Wegenstetten,AG,Wegenstetten,AG,4262,,10446,,,
NAME,Zeiningen,AG,Zeiningen,AG,4263,,10310,,,
NAME,Zuzgen,AG,Zuzgen,AG,4264,,10329,,,
NAME,Aarburg,AG,Aarburg,AG,4271,,11738,,,
NAME,Attelwil,AG,Attelwil,AG,4272,4281,11668,,31.12.2018,
NAME,Bottenwil,AG,Bottenwil,AG,4273,,11845,,,
NAME,Brittnau,AG,Brittnau,AG,4274,,11636,,,
NAME,Kirchleerau,AG,Kirchleerau,AG,4275,,12696,,,
NAME,Kölliken,AG,Kölliken,AG,4276,,12677,,,
NAME,Moosleerau,AG,Moosleerau,AG,4277,,12328,,,
NAME,Mühlethal,AG,Mühlethal,AG,4278,4289,12353,,31.12.2001,
NAME,Murgenthal,AG,Murgenthal,AG,4279,,12335,,,
NAME,Oftringen,AG,Oftringen,AG,4280,,12494,,,
NAME,Reitnau,AG,Reitnau,AG,4281,,16126,,,
NAME,Rothrist,AG,Rothrist,AG,4282,,12852,,,
NAME,Safenwil,AG,Safenwil,AG,4283,,12873,,,
NAME,Staffelbach,AG,Staffelbach,AG,4284,,10707,,,
NAME,Strengelbach,AG,Strengelbach,AG,4285,,10590,,,
NAME,Uerkheim,AG,Uerkheim,AG,4286,,10850,,,
NAME,Vordemwald,AG,Vordemwald,AG,4287,,10370,,,
NAME,Wiliberg,AG,Wiliberg,AG,4288,,10338,,,
NAME,Zofingen,AG,Zofingen,AG,4289,,14361,,,
NAME,Baldingen,AG,Baldingen,AG,4301,,11706,,,
NAME,Böbikon,AG,Böbikon,AG,4302,,11814,,,
NAME,Böttstein,AG,Böttstein,AG,4303,,11840,,,
NAME,Döttingen,AG,Döttingen,AG,4304,,12210,,,
SUCCESSOR,Endingen,AG,Oberendingen,AG,4305,4305,,,31.12.1944,See placeOfOriginID=4305/placeOfOriginName=Endingen
NAME,Endingen,AG,Endingen,AG,4305,,15646,01.01.1945,,
NAME,Fisibach,AG,Fisibach,AG,4306,,11999,,,
NAME,Full-Reuenthal,AG,Full-Reuenthal,AG,4307,,12091,,,
NAME,Kaiserstuhl AG,AG,Kaiserstuhl,AG,4308,,12653,,,
NAME,Klingnau,AG,Klingnau,AG,4309,,12672,,,
NAME,Koblenz,AG,Koblenz,AG,4310,,12685,,,
NAME,Leibstadt,AG,Leibstadt,AG,4311,,12694,,,
NAME,Lengnau AG,AG,Lengnau,AG,4312,,12786,,,
NAME,Leuggern,AG,Leuggern,AG,4313,,12775,,,
NAME,Mellikon,AG,Mellikon,AG,4314,,12404,,,
NAME,Rekingen AG,AG,Rekingen,AG,4315,,13183,,,
NAME,Rietheim,AG,Rietheim,AG,4316,,12893,,,
NAME,Rümikon AG,AG,Rümikon,AG,4317,,12835,,,
NAME,Schneisingen,AG,Schneisingen,AG,4318,,13040,,,
NAME,Siglistorf,AG,Siglistorf,AG,4319,,12987,,,
NAME,Tegerfelden,AG,Tegerfelden,AG,4320,,10541,,,
NAME,Unterendingen,AG,Unterendingen,AG,4321,4305,10863,,31.12.2013,
NAME,Wislikofen,AG,Wislikofen,AG,4322,,10350,,,
SUCCESSOR,Bad Zurzach,AG,Zurzach,AG,4323,4323,10328,,30.11.2006,See placeOfOriginID=4323/placeOfOriginName=Bad Zurzach
NAME,Bad Zurzach,AG,Bad Zurzach,AG,4323,,14920,01.12.2006,,
NAME,Arbon,TG,Arbon,TG,4401,,15456,,,
NAME,Frasnacht,TG,Frasnacht,TG,4402,4401,11966,,31.12.1997,
NAME,Dozwil,TG,Dozwil,TG,4406,,15403,,,
NAME,Egnach,TG,Egnach,TG,4411,,15402,,,
NAME,Hefenhofen,TG,Hefenhofen,TG,4416,,15406,,,
NAME,Horn,TG,Horn,TG,4421,,15404,,,
NAME,Kesswil,TG,Kesswil,TG,4426,,15409,,,
NAME,Dussnang,TG,Dussnang,TG,4427,4726,11179,,31.12.1971,
NAME,Roggwil TG,TG,Roggwil,TG,4431,,15412,,,
NAME,Romanshorn,TG,Romanshorn,TG,4436,,15411,,,
NAME,Salmsach,TG,Salmsach,TG,4441,,15413,,,
NAME,Sommeri,TG,Sommeri,TG,4446,,15417,,,
SUCCESSOR,Sommeri,TG,Obersommeri,TG,4447,4446,11269,,31.12.1966,See placeOfOriginID=4446/placeOfOriginName=Sommeri
NAME,Uttwil,TG,Uttwil,TG,4451,,15397,,,
NAME,Amriswil,TG,Amriswil,TG,4461,,15451,,,
NAME,Biessenhofen,TG,Biessenhofen,TG,4462,4461,11382,,31.12.1978,
NAME,Oberaach,TG,Oberaach,TG,4463,4461,11381,,31.12.1978,
SUCCESSOR,Amriswil,TG,Räuchlisberg,TG,4464,4461,11380,,31.12.1978,See placeOfOriginID=4461/placeOfOriginName=Amriswil
NAME,Bischofszell,TG,Bischofszell,TG,4471,,15449,,,
NAME,Erlen,TG,Erlen,TG,4476,,15427,,,
NAME,Engishofen,TG,Engishofen,TG,4477,4476,12272,,31.12.1994,
NAME,Ennetaach,TG,Ennetaach,TG,4478,4476,12278,,31.12.1994,
NAME,Kümmertshausen,TG,Kümmertshausen,TG,4480,4476,12588,,31.12.1994,
MANUAL,Wilen (Gottshaus),TG,Hauptwil-Gottshaus,TG,4486,,15446,,,beide einzeln aufgeführt -> davon grösste Gemeinde
NAME,Heldswil,TG,Heldswil,TG,4491,4495,12222,,31.12.1998,
NAME,Hohentannen,TG,Hohentannen,TG,4495,,15466,,,
NAME,Buhwil,TG,Buhwil,TG,4496,4501,11460,,31.12.1995,
NAME,Halden,TG,Halden,TG,4497,4471,12005,,31.12.1995,
NAME,Schönenberg an der Thur,TG,Schönenberg an der Thur,TG,4499,4501,12974,,31.12.1995,
NAME,Schweizersholz,TG,Schweizersholz,TG,4500,4471,14083,,31.12.1996,
MANUAL,Kradolf,TG,Kradolf-Schönenberg,TG,4501,,15448,,,
NAME,Sulgen,TG,Sulgen,TG,4506,,15450,,,
NAME,Götighofen,TG,Götighofen,TG,4507,4506,12045,,31.12.1995,
NAME,Kradolf,TG,Kradolf,TG,4508,4501,12681,,31.12.1995,
SUCCESSOR,Erlen,TG,Riedt,TG,4509,4476,12896,,31.12.1994,See placeOfOriginID=4476/placeOfOriginName=Erlen
NAME_PREFIX,Zihlschlacht,TG,Zihlschlacht-Sitterdorf,TG,4511,,15452,,,
NAME,Schocherswil,TG,Schocherswil,TG,4516,4461,14089,,31.12.1999,
NAME,Sitterdorf,TG,Sitterdorf,TG,4517,4511,12979,,31.12.1996,
NAME,Zihlschlacht,TG,Zihlschlacht,TG,4518,4511,10318,,31.12.1996,
SUCCESSOR,Schlatt TG,TG,Mett-Oberschlatt,TG,4532,4546,12383,,31.12.1998,See placeOfOriginID=4546/placeOfOriginName=Schlatt
NAME,Schlattingen,TG,Schlattingen,TG,4533,4536,13047,,31.12.1998,
SUCCESSOR,Schlatt TG,TG,Unterschlatt,TG,4534,4546,10870,,31.12.1998,See placeOfOriginID=4546/placeOfOriginName=Schlatt
NAME_PREFIX,Basadingen,TG,Basadingen-Schlattingen,TG,4536,,15468,01.01.1999,,
NAME,Basadingen,TG,Basadingen,TG,4540,4536,,,31.12.1998,
NAME,Willisdorf,TG,Willisdorf,TG,4542,4545,10343,,31.12.1999,
NAME,Diessenhofen,TG,Diessenhofen,TG,4545,,15473,,,
NAME,Schlatt TG,TG,Schlatt,TG,4546,,15467,01.01.1999,,
NAME,Aadorf,TG,Aadorf,TG,4551,,15442,,,
NAME,Aawangen,TG,Aawangen,TG,4552,4551,11740,,31.12.1995,
NAME,Ettenhausen TG,TG,Ettenhausen,TG,4553,4551,12263,,31.12.1995,
SUCCESSOR,Aadorf,TG,Guntershausen bei Aadorf,TG,4554,4551,11927,,31.12.1995,See placeOfOriginID=4551/placeOfOriginName=Aadorf
NAME,Wittenwil,TG,Wittenwil,TG,4555,4551,10351,,31.12.1995,
NAME,Felben-Wellhausen,TG,Felben-Wellhausen,TG,4561,,15423,,,
SUCCESSOR,Felben-Wellhausen,TG,Wellhausen,TG,4562,4561,13678,,31.12.1999,See placeOfOriginID=4561/placeOfOriginName=Felben-Wellhausen
NAME,Frauenfeld,TG,Frauenfeld,TG,4566,,15458,,,
NAME,Gachnang,TG,Gachnang,TG,4571,,15457,,,
NAME,Gerlikon,TG,Gerlikon,TG,4572,4566,11993,,31.12.1997,
NAME,Islikon,TG,Islikon,TG,4573,4571,12664,,31.12.1997,
NAME,Kefikon TG,TG,Kefikon,TG,4574,4571,12662,,31.12.1997,
SUCCESSOR,Gachnang,TG,Niederwil,TG,4575,4571,12571,,31.12.1997,See placeOfOriginID=4571/placeOfOriginName=Gachnang
SUCCESSOR,Gachnang,TG,Oberwil,TG,4576,4571,12495,,31.12.1997,See placeOfOriginID=4571/placeOfOriginName=Gachnang
NAME,Eschikofen,TG,Eschikofen,TG,4581,4590,12230,,31.12.1998,
NAME,Harenwilen,TG,Harenwilen,TG,4582,4590,12014,,31.12.1998,
NAME,Mettendorf TG,TG,Mettendorf,TG,4584,4590,12431,,31.12.1998,
NAME,Hüttlingen,TG,Hüttlingen,TG,4590,,15469,,,
NAME,Matzingen,TG,Matzingen,TG,4591,,15410,,,
NAME,Niederneunforn,TG,Niederneunforn,TG,4596,4601,12562,,31.12.1995,
NAME,Oberneunforn,TG,Oberneunforn,TG,4597,4601,12448,,31.12.1995,
SUCCESSOR,Niederneunforn,TG,Wilen bei Neunforn,TG,4598,4601,10335,,31.12.1995,See placeOfOriginID=4601/placeOfOriginName=Neunforn
MANUAL,Niederneunforn,TG,Neunforn,TG,4601,,15447,,,grösste Gemeinde
NAME,Stettfurt,TG,Stettfurt,TG,4606,,15396,,,
NAME,Thundorf,TG,Thundorf,TG,4611,,15429,,,
MANUAL,Uesslingen,TG,Uesslingen-Buch,TG,4616,,15431,,,
NAME,Uesslingen,TG,Uesslingen,TG,4617,4616,10852,,31.12.1994,
NAME,Warth,TG,Warth,TG,4618,4621,10441,,31.12.1994,
NAME_PREFIX,Warth,TG,Warth-Weiningen,TG,4621,,15430,,,
NAME,Alterswilen,TG,Alterswilen,TG,4631,4666,11785,,31.12.1995,
NAME,Altishausen,TG,Altishausen,TG,4632,4666,11769,,31.12.1995,
NAME,Ellighausen,TG,Ellighausen,TG,4634,4666,12209,,31.12.1995,
NAME,Lippoldswilen,TG,Lippoldswilen,TG,4635,4666,12826,,31.12.1995,
NAME,Neuwilen,TG,Neuwilen,TG,4636,4666,12520,,31.12.1995,
NAME,Siegershausen,TG,Siegershausen,TG,4637,4666,13679,,31.12.1995,
NAME,Weiningen TG,TG,Weiningen,TG,4638,4621,,,31.12.1994,
NAME,Altnau,TG,Altnau,TG,4641,,15398,,,
NAME,Bottighofen,TG,Bottighofen,TG,4643,,15425,,,
NAME,Ermatingen,TG,Ermatingen,TG,4646,,15421,,,
NAME,Triboltingen,TG,Triboltingen,TG,4647,4646,13238,,31.12.1999,
NAME,Gottlieben,TG,Gottlieben,TG,4651,,15401,,,
NAME,Güttingen,TG,Güttingen,TG,4656,,15400,,,
SUCCESSOR,Lengwil,TG,Oberhofen bei Kreuzlingen,TG,4662,4683,12474,,31.12.1997,See placeOfOriginID=4683/placeOfOriginName=Lengwil
NAME,Schönenbaumgarten,TG,Schönenbaumgarten,TG,4663,4681,12961,,31.12.1997,
MANUAL,Siegershausen,TG,Kemmental,TG,4666,,15445,,,grösste Gemeinde
NAME,Illighausen,TG,Illighausen,TG,4670,4683,,,31.12.1997,
NAME,Kreuzlingen,TG,Kreuzlingen,TG,4671,,15408,,,
SUCCESSOR,Langrickenbach,TG,Dünnershaus,TG,4676,4681,12197,,31.12.1997,See placeOfOriginID=4681/placeOfOriginName=Langrickenbach
NAME,Herrenhof,TG,Herrenhof,TG,4677,4681,12312,,31.12.1997,
NAME,Zuben,TG,Zuben,TG,4679,4681,10321,,31.12.1996,
NAME,Langrickenbach,TG,Langrickenbach,TG,4681,,15459,,,
NAME,Lengwil,TG,Lengwil,TG,4683,,15460,01.01.1998,,
NAME,Landschlacht,TG,Landschlacht,TG,4687,4691,12625,,31.12.1993,
NAME,Münsterlingen,TG,Münsterlingen,TG,4691,,15426,01.01.1994,,
NAME,Scherzingen,TG,Scherzingen,TG,4695,4691,13036,,31.12.1993,
NAME,Tägerwilen,TG,Tägerwilen,TG,4696,,15394,,,
NAME,Wäldi,TG,Wäldi,TG,4701,,15432,,,
NAME,Lipperswil,TG,Lipperswil,TG,4702,4701,12825,,31.12.1994,
NAME,Sonterswil,TG,Sonterswil,TG,4703,4701,10410,,31.12.1994,
NAME,Affeltrangen,TG,Affeltrangen,TG,4711,,15433,,,
SUCCESSOR,Affeltrangen,TG,Buch bei Märwil,TG,4712,4711,11459,,31.12.1994,See placeOfOriginID=4711/placeOfOriginName=Affeltrangen
NAME,Märwil,TG,Märwil,TG,4713,4711,12737,,31.12.1994,
NAME,Zezikon,TG,Zezikon,TG,4714,4711,10317,,31.12.1994,
NAME,Bettwiesen,TG,Bettwiesen,TG,4716,,15434,,,
NAME_PREFIX,Bichelsee,TG,Bichelsee-Balterswil,TG,4721,,15443,,,
NAME,Bichelsee,TG,Bichelsee,TG,4722,4721,11917,,31.12.1995,
NAME,Braunau,TG,Braunau,TG,4723,,15470,01.01.1999,,
NAME,Eschlikon TG,TG,Eschlikon,TG,4724,,15454,,,
NAME,Fischingen,TG,Fischingen,TG,4726,,15419,,,
NAME,Oberwangen TG,TG,Oberwangen,TG,4729,4726,11181,,31.12.1971,
SUCCESSOR,Fischingen,TG,Tannegg,TG,4730,4726,11182,,31.12.1971,See placeOfOriginID=4726/placeOfOriginName=Fischingen
SUCCESSOR,Lommis,TG,Kalthäusern,TG,4737,4741,12649,,31.12.1994,See placeOfOriginID=4741/placeOfOriginName=Lommis
SUCCESSOR,Lommis,TG,Weingarten,TG,4739,4741,10346,,31.12.1994,See placeOfOriginID=4741/placeOfOriginName=Lommis
NAME,Wetzikon TG,TG,Wetzikon,TG,4740,4611,14053,,31.12.1996,
NAME,Lommis,TG,Lommis,TG,4741,,15435,,,
NAME,Münchwilen TG,TG,Münchwilen,TG,4746,,15407,,,
MANUAL,Rickenbach b. Wil,TG,Rickenbach,TG,4751,,15463,01.01.1998,,
SUCCESSOR,Wilen b. Wil,TG,Wilen bei Wil,TG,4752,4786,10336,,31.12.1997,See placeOfOriginID=4786/placeOfOriginName=Wilen
SUCCESSOR,Rickenbach b. Wil,TG,Rickenbach bei Wil,TG,4755,4751,12903,,31.12.1997,See placeOfOriginID=4751/placeOfOriginName=Rickenbach
NAME,Schönholzerswilen,TG,Schönholzerswilen,TG,4756,,15415,,,
SUCCESSOR,Schönholzerswilen,TG,Toos,TG,4757,4756,13198,,31.12.1999,See placeOfOriginID=4756/placeOfOriginName=Schönholzerswilen
NAME,Sirnach,TG,Sirnach,TG,4761,,15453,,,
SUCCESSOR,Sirnach,TG,Horben,TG,4763,4761,12202,,31.12.1996,See placeOfOriginID=4761/placeOfOriginName=Sirnach
NAME,Wallenwil,TG,Wallenwil,TG,4765,4724,10465,,31.12.1996,
SUCCESSOR,Sirnach,TG,Wiezikon,TG,4766,4761,10280,,31.12.1996,See placeOfOriginID=4761/placeOfOriginName=Sirnach
NAME,Tägerschen,TG,Tägerschen,TG,4772,4776,10551,,31.12.1998,
NAME,Tobel,TG,Tobel,TG,4773,4776,10875,,31.12.1998,
NAME_PREFIX,Tobel,TG,Tobel-Tägerschen,TG,4776,,15471,01.01.1999,,
NAME,Wängi,TG,Wängi,TG,4781,,15441,,,
SUCCESSOR,Wängi,TG,Krillberg,TG,4782,4781,11262,,31.12.1968,See placeOfOriginID=4781/placeOfOriginName=Wängi
NAME,Tuttwil,TG,Tuttwil,TG,4783,4781,11263,,31.12.1968,
MANUAL,Wilen b. Wil,TG,Wilen,TG,4786,,15462,01.01.1998,,
NAME,Wuppenau,TG,Wuppenau,TG,4791,,15418,,,
NAME,Hosenruck,TG,Hosenruck,TG,4792,4791,11191,,31.12.1970,
NAME,Berlingen,TG,Berlingen,TG,4801,,15399,,,
NAME,Eschenz,TG,Eschenz,TG,4806,,15405,,,
NAME,Herdern,TG,Herdern,TG,4811,,15464,,,
NAME,Lanzenneunforn,TG,Lanzenneunforn,TG,4812,4811,12632,,31.12.1997,
NAME,Homburg,TG,Homburg,TG,4816,,15472,,,
NAME,Hüttwilen,TG,Hüttwilen,TG,4821,,15455,,,
NAME,Nussbaumen TG,TG,Nussbaumen,TG,4822,4821,12557,,31.12.1996,
NAME,Uerschhausen,TG,Uerschhausen,TG,4823,4821,10851,,31.12.1996,
NAME,Mammern,TG,Mammern,TG,4826,,15424,,,
MANUAL,Müllheim Dorf,TG,Müllheim,TG,4831,,15416,,,
NAME,Dettighofen,TG,Dettighofen,TG,4836,4841,11557,,31.12.1997,
NAME,Pfyn,TG,Pfyn,TG,4841,,15465,,,
NAME,Raperswilen,TG,Raperswilen,TG,4846,,15414,,,
NAME,Salenstein,TG,Salenstein,TG,4851,,15422,,,
SUCCESSOR,Salenstein,TG,Mannenbach,TG,4852,4851,13657,,31.12.1999,See placeOfOriginID=4851/placeOfOriginName=Salenstein
NAME_SUFFIX,Hörhausen,TG,Gündelhart-Hörhausen,TG,4861,4816,11957,,31.12.1998,
SUCCESSOR,Homburg,TG,Salen-Reutenen,TG,4863,4816,13007,,31.12.1998,See placeOfOriginID=4816/placeOfOriginName=Homburg
NAME,Steckborn,TG,Steckborn,TG,4864,,15395,,,
NAME,Wagenhausen,TG,Wagenhausen,TG,4871,,15440,,,
NAME,Rheinklingen,TG,Rheinklingen,TG,4872,4871,12910,,31.12.1994,
NAME,Amlikon-Bissegg,TG,Amlikon-Bissegg,TG,4881,,15436,,,
SUCCESSOR,Amlikon-Bissegg,TG,Bissegg,TG,4882,4881,11805,,31.12.1994,See placeOfOriginID=4881/placeOfOriginName=Amlikon-Bissegg
SUCCESSOR,Amlikon-Bissegg,TG,Griesenberg,TG,4883,4881,12090,,31.12.1994,See placeOfOriginID=4881/placeOfOriginName=Amlikon-Bissegg
SUCCESSOR,Amlikon-Bissegg,TG,Strohwilen,TG,4884,4881,10589,,31.12.1994,See placeOfOriginID=4881/placeOfOriginName=Amlikon-Bissegg
NAME,Berg TG,TG,Berg,TG,4891,,15461,,,
NAME,Graltshausen,TG,Graltshausen,TG,4893,4891,12041,,31.12.1994,
SUCCESSOR,Weinfelden,TG,Weerswilen,TG,4895,4946,14064,,31.12.1999,See placeOfOriginID=4946/placeOfOriginName=Weinfelden
NAME,Birwinken,TG,Birwinken,TG,4901,,15438,,,
SUCCESSOR,Berg TG,TG,Guntershausen bei Birwinken,TG,4903,4891,11930,,31.12.1994,See placeOfOriginID=4891/placeOfOriginName=Berg
NAME_PREFIX,Happerswil,TG,Happerswil-Buch,TG,4904,4901,12013,,31.12.1994,
NAME,Klarsreuti,TG,Klarsreuti,TG,4905,4901,12698,,31.12.1994,
NAME,Mattwil,TG,Mattwil,TG,4906,4901,12746,,31.12.1994,
NAME,Bürglen TG,TG,Bürglen,TG,4911,,15428,,,
NAME,Donzhausen,TG,Donzhausen,TG,4912,4506,,,31.12.1995,
SUCCESSOR,Sulgen,TG,Hessenreuti,TG,4913,4506,,,31.12.1995,See placeOfOriginID=4506/placeOfOriginName=Sulgen
NAME,Leimbach TG,TG,Leimbach,TG,4914,4911,12784,,31.12.1994,
NAME,Opfershofen TG,TG,Opfershofen,TG,4915,4911,12481,,31.12.1994,
NAME,Bussnang,TG,Bussnang,TG,4921,,15444,,,
NAME,Friltschen,TG,Friltschen,TG,4922,4921,11952,,31.12.1995,
NAME,Istighofen,TG,Istighofen,TG,4923,4911,12666,,31.12.1994,
NAME,Lanterswil,TG,Lanterswil,TG,4924,4921,12631,,31.12.1995,
NAME,Mettlen,TG,Mettlen,TG,4925,4921,12432,,31.12.1995,
NAME,Oberbussnang,TG,Oberbussnang,TG,4926,4921,12555,,31.12.1995,
NAME,Oppikon,TG,Oppikon,TG,4927,4921,12485,,31.12.1995,
SUCCESSOR,Bussnang,TG,Reuti,TG,4928,4921,12914,,31.12.1995,See placeOfOriginID=4921/placeOfOriginName=Bussnang
NAME,Rothenhausen,TG,Rothenhausen,TG,4929,4921,12854,,31.12.1995,
NAME,Dotnacht,TG,Dotnacht,TG,4936,4666,12218,,31.12.1995,
NAME,Hugelshofen,TG,Hugelshofen,TG,4937,4666,12216,,31.12.1995,
NAME,Märstetten,TG,Märstetten,TG,4941,,15420,,,
NAME,Ottoberg,TG,Ottoberg,TG,4942,4941,11203,,31.12.1974,
NAME,Weinfelden,TG,Weinfelden,TG,4946,,15437,,,
NAME,Bonau,TG,Bonau,TG,4951,4951,11788,,31.12.1994,
NAME,Wigoltingen,TG,Wigoltingen,TG,4951,,15439,01.01.1995,,
NAME,Engwang,TG,Engwang,TG,4952,4951,12281,,31.12.1994,
NAME,Illhart,TG,Illhart,TG,4953,4951,12193,,31.12.1994,
NAME_PREFIX,Arbedo,TI,Arbedo-Castione,TI,5001,,11768,,,
NAME,Bellinzona,TI,Bellinzona,TI,5002,,16078,,,
NAME,Cadenazzo,TI,Cadenazzo,TI,5003,,14518,,,
NAME,Camorino,TI,Camorino,TI,5004,5002,11435,,01.04.2017,
NAME,Giubiasco,TI,Giubiasco,TI,5005,5002,12062,,01.04.2017,
NAME,Gnosca,TI,Gnosca,TI,5006,5002,12052,,01.04.2017,
NAME,Gorduno,TI,Gorduno,TI,5007,5002,12054,,01.04.2017,
NAME,Gudo,TI,Gudo,TI,5008,5002,11963,,01.04.2017,
NAME,Isone,TI,Isone,TI,5009,,12665,,,
NAME,Lumino,TI,Lumino,TI,5010,,12725,,,
NAME,Medeglia,TI,Medeglia,TI,5011,5238,12403,,20.11.2010,
NAME,Moleno,TI,Moleno,TI,5012,5002,12414,,01.04.2017,
NAME,Monte Carasso,TI,Monte Carasso,TI,5013,5002,12347,,01.04.2017,
NAME,Pianezzo,TI,Pianezzo,TI,5014,5002,13143,,01.04.2017,
NAME,Preonzo,TI,Preonzo,TI,5015,5002,13108,,01.04.2017,
NAME,Robasacco,TI,Robasacco,TI,5016,5003,12943,,13.03.2005,
MANUAL,S. Antonino,TI,Sant'Antonino,TI,5017,,13012,,,
SUCCESSOR,Bellinzona,TI,Sant'Antonio,TI,5018,5002,13011,,01.04.2017,See placeOfOriginID=5002/placeOfOriginName=Bellinzona
NAME,Sementina,TI,Sementina,TI,5019,5002,13001,,01.04.2017,
NAME,Aquila,TI,Aquila,TI,5031,5049,11756,,21.10.2006,
SUCCESSOR,Olivone,TI,Campo Blenio,TI,5032,5049,11457,,21.10.2006,See placeOfOriginID=5049/placeOfOriginName=Blenio
NAME,Castro,TI,Castro,TI,5033,5048,11392,,03.04.2004,
NAME,Corzoneso,TI,Corzoneso,TI,5034,5048,11538,,03.04.2004,
NAME,Dongio,TI,Dongio,TI,5035,5048,12183,,03.04.2004,
NAME,Ghirone,TI,Ghirone,TI,5036,5049,12027,,21.10.2006,
NAME,Largario,TI,Largario,TI,5037,5048,12633,,03.04.2004,
NAME,Leontica,TI,Leontica,TI,5038,5048,12791,,03.04.2004,
NAME,Lottigna,TI,Lottigna,TI,5039,5048,12809,,03.04.2004,
NAME,Ludiano,TI,Ludiano,TI,5040,5050,12780,,31.03.2012,
NAME,Malvaglia,TI,Malvaglia,TI,5041,5050,12751,,31.03.2012,
NAME,Marolta,TI,Marolta,TI,5042,5048,12763,,03.04.2004,
NAME,Olivone,TI,Olivone,TI,5043,5049,12506,,21.10.2006,
NAME,Ponto Valentino,TI,Ponto Valentino,TI,5044,5048,13077,,03.04.2004,
NAME,Prugiasco,TI,Prugiasco,TI,5045,5048,13097,,03.04.2004,
NAME,Semione,TI,Semione,TI,5046,5050,13000,,31.03.2012,
NAME,Torre,TI,Torre,TI,5047,5049,10879,,21.10.2006,
NAME,Acquarossa,TI,Acquarossa,TI,5048,,14492,04.04.2004,,
MANUAL,Olivone,TI,Blenio,TI,5049,,14918,22.10.2006,,grösste Gemeinde
MANUAL,Malvaglia,TI,Serravalle,TI,5050,,15509,01.04.2012,,grösste Gemeinde
NAME,Airolo,TI,Airolo,TI,5061,,11719,,,
NAME,Anzonico,TI,Anzonico,TI,5062,5072,11754,,31.03.2012,
NAME,Bedretto,TI,Bedretto,TI,5063,,11872,,,
NAME,Bodio TI,TI,Bodio,TI,5064,,11815,,,
NAME,Calonico,TI,Calonico,TI,5065,5072,11497,,28.01.2006,
NAME,Calpiogna,TI,Calpiogna,TI,5066,5072,11498,,31.03.2012,
NAME,Campello,TI,Campello,TI,5067,5072,11390,,31.03.2012,
NAME,Cavagnago,TI,Cavagnago,TI,5068,5072,11409,,31.03.2012,
NAME,Chiggiogna,TI,Chiggiogna,TI,5069,5072,11615,,28.01.2006,
NAME,Chironico,TI,Chironico,TI,5070,5072,11608,,31.03.2012,
NAME,Dalpe,TI,Dalpe,TI,5071,,11579,,,
NAME,Faido,TI,Faido,TI,5072,,15685,,,
NAME,Giornico,TI,Giornico,TI,5073,,12066,,,
NAME,Mairengo,TI,Mairengo,TI,5074,5072,12735,,31.03.2012,
NAME,Osco,TI,Osco,TI,5075,5072,13130,,31.03.2012,
NAME,Personico,TI,Personico,TI,5076,,13153,,,
NAME,Pollegio,TI,Pollegio,TI,5077,,13084,,,
NAME,Prato (Leventina),TI,Prato (Leventina),TI,5078,,13099,,,
NAME,Quinto,TI,Quinto,TI,5079,,13092,,,
NAME,Rossura,TI,Rossura,TI,5080,5072,12856,,28.01.2006,
NAME,Sobrio,TI,Sobrio,TI,5081,5072,12978,,09.04.2016,
NAME,Ascona,TI,Ascona,TI,5091,,11673,,,
NAME,Auressio,TI,Auressio,TI,5092,5137,11660,,12.04.2001,
NAME,Berzona,TI,Berzona,TI,5093,5137,11866,,12.04.2001,
NAME,Borgnone,TI,Borgnone,TI,5094,5397,11796,,24.10.2009,
SUCCESSOR,Gerra (Verzasca),TI,Brione Verzasca,TI,5095,5399,11831,,18.10.2020,See placeOfOriginID=5399/placeOfOriginName=Verzasca
NAME,Brione sopra Minusio,TI,Brione sopra Minusio,TI,5096,,11832,,,
NAME,Brissago,TI,Brissago,TI,5097,,11833,,,
NAME,Caviano,TI,Caviano,TI,5098,5398,11385,,24.04.2010,
NAME,Cavigliano,TI,Cavigliano,TI,5099,5396,11386,,13.04.2013,
NAME,Comologno,TI,Comologno,TI,5100,5136,11640,,31.12.1994,
NAME,Contone,TI,Contone,TI,5101,5398,11645,,24.04.2010,
NAME,Corippo,TI,Corippo,TI,5102,5399,11622,,18.10.2020,
NAME,Crana,TI,Crana,TI,5103,5136,11543,,31.12.1994,
NAME,Cugnasco,TI,Cugnasco,TI,5104,5138,11531,,19.04.2008,
NAME,Frasco,TI,Frasco,TI,5105,5399,11968,,18.10.2020,
SUCCESSOR,Magadino,TI,Gerra Gambarogno,TI,5106,5398,12037,,24.04.2010,See placeOfOriginID=5398/placeOfOriginName=Gambarogno
SUCCESSOR,Cugnasco,TI,Gerra Verzasca,TI,5107,5138,12021,,19.04.2008,See placeOfOriginID=5138/placeOfOriginName=Cugnasco-Gerra
NAME,Gordola,TI,Gordola,TI,5108,,12051,,,
NAME,Gresso,TI,Gresso,TI,5109,5136,12087,,09.04.2016,
NAME,Indemini,TI,Indemini,TI,5110,5398,12655,,24.04.2010,
NAME,Intragna,TI,Intragna,TI,5111,5397,13224,,24.10.2009,
NAME,Lavertezzo,TI,Lavertezzo,TI,5112,,16588,,,
NAME,Locarno,TI,Locarno,TI,5113,,12828,,,
NAME,Loco,TI,Loco,TI,5114,5137,12806,,12.04.2001,
NAME,Losone,TI,Losone,TI,5115,,12807,,,
NAME,Magadino,TI,Magadino,TI,5116,5398,12702,,24.04.2010,
NAME,Mergoscia,TI,Mergoscia,TI,5117,,12393,,,
NAME,Minusio,TI,Minusio,TI,5118,,12436,,,
NAME,Mosogno,TI,Mosogno,TI,5119,5136,12373,,09.04.2016,
NAME,Muralto,TI,Muralto,TI,5120,,12463,,,
NAME,Orselina,TI,Orselina,TI,5121,,13135,,,
NAME,Palagnedra,TI,Palagnedra,TI,5122,5397,13120,,24.10.2009,
NAME,Piazzogna,TI,Piazzogna,TI,5123,5398,13142,,24.04.2010,
NAME,Rasa,TI,Rasa,TI,5124,5111,11212,,31.12.1971,
NAME,Ronco sopra Ascona,TI,Ronco sopra Ascona,TI,5125,,12922,,,
NAME,Russo,TI,Russo,TI,5126,5136,12874,,31.12.1994,
SUCCESSOR,Magadino,TI,San Nazzaro,TI,5127,5398,13014,,24.04.2010,See placeOfOriginID=5398/placeOfOriginName=Gambarogno
SUCCESSOR,Magadino,TI,Sant'Abbondio,TI,5128,5398,13013,,24.04.2010,See placeOfOriginID=5398/placeOfOriginName=Gambarogno
NAME,Sonogno,TI,Sonogno,TI,5129,5399,10409,,18.10.2020,
NAME,Tegna,TI,Tegna,TI,5130,5396,10557,,13.04.2013,
NAME_PREFIX,Tenero,TI,Tenero-Contra,TI,5131,,10558,,,
NAME,Vergeletto,TI,Vergeletto,TI,5132,5136,10927,,09.04.2016,
NAME,Verscio,TI,Verscio,TI,5133,5396,10920,,13.04.2013,
NAME,Vira (Gambarogno),TI,Vira (Gambarogno),TI,5134,5398,10417,,24.04.2010,
NAME,Vogorno,TI,Vogorno,TI,5135,5399,10404,,18.10.2020,
MANUAL,Loco,TI,Onsernone,TI,5136,,15686,,,grösste Gemeinde
SUCCESSOR,Loco,TI,Isorno,TI,5137,5136,14356,13.04.2001,09.04.2016,See placeOfOriginID=5136/placeOfOriginName=Onsernone
MANUAL,Cugnasco,TI,Cugnasco-Gerra,TI,5138,,16587,20.04.2008,,grösste Gemeinde
NAME,Agno,TI,Agno,TI,5141,,11722,,,
NAME,Agra,TI,Agra,TI,5142,5236,11723,,03.04.2004,
NAME,Aranno,TI,Aranno,TI,5143,,11757,,,
NAME,Arogno,TI,Arogno,TI,5144,,11703,,,
NAME,Arosio,TI,Arosio,TI,5145,5237,11658,,13.03.2005,
NAME,Astano,TI,Astano,TI,5146,,11684,,,
NAME,Barbengo,TI,Barbengo,TI,5147,5192,11717,,19.04.2008,
NAME,Bedano,TI,Bedano,TI,5148,,11902,,,
NAME,Bedigliora,TI,Bedigliora,TI,5149,,11770,,,
NAME,Bidogno,TI,Bidogno,TI,5150,5226,11918,,19.04.2008,
NAME,Bioggio,TI,Bioggio,TI,5151,,14939,,,
SUCCESSOR,Sessa,TI,Biogno-Beride,TI,5152,5178,11353,,31.12.1975,See placeOfOriginID=5178/placeOfOriginName=Croglio
NAME,Bironico,TI,Bironico,TI,5153,5238,11900,,20.11.2010,
NAME,Bissone,TI,Bissone,TI,5154,,11806,,,
NAME,Bogno,TI,Bogno,TI,5155,5192,11811,,13.04.2013,
NAME,Bosco Luganese,TI,Bosco Luganese,TI,5156,5151,11797,,03.04.2004,
SUCCESSOR,Aldesago,TI,Brè,TI,5157,5157,,,31.12.1952,See placeOfOriginID=5157/placeOfOriginName=Brè-Aldesago
NAME_SUFFIX,Aldesago,TI,Brè-Aldesago,TI,5157,5192,11176,01.01.1953,31.12.1971,
NAME,Breganzona,TI,Breganzona,TI,5158,5192,11821,,03.04.2004,
NAME,Breno,TI,Breno,TI,5159,5237,11827,,13.03.2005,
NAME,Brusino Arsizio,TI,Brusino Arsizio,TI,5160,,11475,,,
NAME,Cademario,TI,Cademario,TI,5161,,11492,,,
NAME,Cadempino,TI,Cadempino,TI,5162,,11484,,,
NAME,Cadro,TI,Cadro,TI,5163,5192,11495,,13.04.2013,
NAME,Cagiallo,TI,Cagiallo,TI,5164,5226,11496,,14.10.2001,
NAME,Camignolo,TI,Camignolo,TI,5165,5238,11499,,20.11.2010,
SUCCESSOR,Tesserete,TI,Campestro,TI,5166,9012,11356,,31.12.1975,See placeOfOriginID=9012/placeOfOriginName=Tesserete
NAME,Canobbio,TI,Canobbio,TI,5167,,11404,,,
NAME,Carabbia,TI,Carabbia,TI,5168,5192,11406,,19.04.2008,
SUCCESSOR,Carabietta,TI,Carabbietta,TI,5169,5169,,,31.12.1958,See placeOfOriginID=5169/placeOfOriginName=Carabietta
NAME,Carabietta,TI,Carabietta,TI,5169,5236,11416,01.01.1959,31.03.2012,
NAME,Carona,TI,Carona,TI,5170,5192,11408,,13.04.2013,
NAME,Caslano,TI,Caslano,TI,5171,,11413,,,
NAME,Castagnola,TI,Castagnola,TI,5172,5192,11177,,31.12.1971,
NAME,Certara,TI,Certara,TI,5173,5192,11384,,13.04.2013,
NAME,Cimadera,TI,Cimadera,TI,5174,5192,11587,,13.04.2013,
NAME,Cimo,TI,Cimo,TI,5175,5151,11588,,03.04.2004,
NAME,Comano,TI,Comano,TI,5176,,11616,,,
NAME,Corticiasca,TI,Corticiasca,TI,5177,5226,11537,,19.04.2008,
MANUAL,Sessa,TI,Croglio,TI,5178,5239,13252,,18.04.2021,"Gemeinde Tresa, Ort nicht vorhanden, Kreis Sessa"
NAME,Cureggia,TI,Cureggia,TI,5179,5192,11549,,03.04.2004,
NAME,Cureglia,TI,Cureglia,TI,5180,,11570,,,
NAME,Curio,TI,Curio,TI,5181,,11571,,,
NAME,Davesco-Soragno,TI,Davesco-Soragno,TI,5182,5192,11560,,03.04.2004,
NAME,Fescoggia,TI,Fescoggia,TI,5183,5237,11975,,13.03.2005,
NAME,Gandria,TI,Gandria,TI,5184,5192,12117,,03.04.2004,
NAME,Gentilino,TI,Gentilino,TI,5185,5236,12022,,03.04.2004,
NAME,Grancia,TI,Grancia,TI,5186,,12042,,,
NAME,Gravesano,TI,Gravesano,TI,5187,,12118,,,
NAME,Iseo,TI,Iseo,TI,5188,5151,12654,,19.04.2008,
NAME,Lamone,TI,Lamone,TI,5189,,12623,,,
NAME,Lopagno,TI,Lopagno,TI,5190,5226,12798,,14.10.2001,
NAME,Lugaggia,TI,Lugaggia,TI,5191,5226,12721,,19.04.2008,
NAME,Lugano,TI,Lugano,TI,5192,,15628,,,
NAME,Magliaso,TI,Magliaso,TI,5193,,12714,,,
NAME,Manno,TI,Manno,TI,5194,,12765,,,
NAME,Maroggia,TI,Maroggia,TI,5195,,12762,,,
NAME,Massagno,TI,Massagno,TI,5196,,12749,,,
NAME,Melano,TI,Melano,TI,5197,,12412,,,
NAME,Melide,TI,Melide,TI,5198,,12388,,,
MANUAL,Mezzovico,TI,Mezzovico-Vira,TI,5199,,12442,,,mehrere Orte
NAME,Miglieglia,TI,Miglieglia,TI,5200,,12420,,,
NAME,Montagnola,TI,Montagnola,TI,5201,5236,12336,,03.04.2004,
NAME,Monteggio,TI,Monteggio,TI,5202,5239,12326,,18.04.2021,
NAME,Morcote,TI,Morcote,TI,5203,,12331,,,
NAME,Mugena,TI,Mugena,TI,5204,5237,12378,,13.03.2005,
NAME,Muzzano,TI,Muzzano,TI,5205,,12531,,,
NAME,Neggio,TI,Neggio,TI,5206,,12539,,,
NAME,Novaggio,TI,Novaggio,TI,5207,,12564,,,
NAME,Origlio,TI,Origlio,TI,5208,,12488,,,
NAME,Pambio-Noranco,TI,Pambio-Noranco,TI,5209,5192,13118,,03.04.2004,
NAME,Paradiso,TI,Paradiso,TI,5210,,13116,,,
NAME,Pazzallo,TI,Pazzallo,TI,5211,5192,13123,,03.04.2004,
NAME,Ponte Capriasca,TI,Ponte Capriasca,TI,5212,,13138,,,
NAME,Ponte Tresa,TI,Ponte Tresa,TI,5213,5239,13066,,18.04.2021,
NAME,Porza,TI,Porza,TI,5214,,13073,,,
NAME,Pregassona,TI,Pregassona,TI,5215,5192,13078,,03.04.2004,
NAME,Pura,TI,Pura,TI,5216,,13093,,,
NAME,Rivera,TI,Rivera,TI,5217,5238,12944,,20.11.2010,
SUCCESSOR,Tesserete,TI,Roveredo-Capriasca,TI,5218,5226,12849,,14.10.2001,See placeOfOriginID=5226/placeOfOriginName=Capriasca
NAME,Rovio,TI,Rovio,TI,5219,,12848,,,
NAME,Sala Capriasca,TI,Sala Capriasca,TI,5220,5226,13023,,14.10.2001,
NAME,Savosa,TI,Savosa,TI,5221,,13059,,,
NAME,Sessa,TI,Sessa,TI,5222,5239,12993,,18.04.2021,
NAME,Sigirino,TI,Sigirino,TI,5223,5238,12988,,20.11.2010,
NAME,Sonvico,TI,Sonvico,TI,5224,5192,10411,,13.04.2013,
NAME,Sorengo,TI,Sorengo,TI,5225,,10415,,,
NAME,Tesserete,TI,Tesserete,TI,5226,5226,13253,,14.10.2001,
MANUAL,Tesserete,TI,Capriasca,TI,5226,,14938,15.10.2001,,grösste Gemeinde
NAME_PREFIX,Torricella,TI,Torricella-Taverne,TI,5227,,10880,,,
NAME,Vaglio,TI,Vaglio,TI,5228,5226,10932,,14.10.2001,
SUCCESSOR,Lugano,TI,Valcolla,TI,5229,5192,10936,,13.04.2013,See placeOfOriginID=5192/placeOfOriginName=Lugano
NAME,Vernate,TI,Vernate,TI,5230,,10916,,,
NAME,Vezia,TI,Vezia,TI,5231,,10943,,,
NAME,Vezio,TI,Vezio,TI,5232,5237,10864,,13.03.2005,
NAME,Vico Morcote,TI,Vico Morcote,TI,5233,,10755,,,
NAME,Viganello,TI,Viganello,TI,5234,5192,10756,,03.04.2004,
NAME,Villa Luganese,TI,Villa Luganese,TI,5235,5192,10829,,19.04.2008,
MANUAL,Montagnola,TI,Collina d'Oro,TI,5236,,15512,04.04.2004,,grösste Gemeinde
MANUAL,Arosio,TI,Alto Malcantone,TI,5237,,14519,14.03.2005,,grösste Gemeinde
MANUAL,Rivera,TI,Monteceneri,TI,5238,,15392,21.11.2010,,grösste Gemeinde
MANUAL,Monteggio,TI,Tresa,TI,5239,,16611,19.04.2021,,grösste Gemeinde
NAME,Arzo,TI,Arzo,TI,5241,5254,11672,,04.04.2009,
NAME,Balerna,TI,Balerna,TI,5242,,11707,,,
NAME,Besazio,TI,Besazio,TI,5243,5254,11867,,13.04.2013,
NAME,Bruzella,TI,Bruzella,TI,5244,5269,11477,,24.10.2009,
NAME,Cabbio,TI,Cabbio,TI,5245,5269,11500,,24.10.2009,
NAME,Caneggio,TI,Caneggio,TI,5246,5269,14500,,24.10.2009,
NAME,Capolago,TI,Capolago,TI,5247,5254,11405,,04.04.2009,
NAME,Casima,TI,Casima,TI,5248,5249,11412,,03.04.2004,
NAME,Castel San Pietro,TI,Castel San Pietro,TI,5249,,14499,,,
NAME,Chiasso,TI,Chiasso,TI,5250,,13251,,,
NAME,Coldrerio,TI,Coldrerio,TI,5251,,11594,,,
NAME,Genestrerio,TI,Genestrerio,TI,5252,5254,12100,,04.04.2009,
NAME,Ligornetto,TI,Ligornetto,TI,5253,5254,12829,,13.04.2013,
NAME,Mendrisio,TI,Mendrisio,TI,5254,,15630,,,
NAME,Meride,TI,Meride,TI,5255,5254,12394,,13.04.2013,
NAME,Monte,TI,Monte,TI,5256,5249,12346,,03.04.2004,
NAME,Morbio Inferiore,TI,Morbio Inferiore,TI,5257,,12329,,,
NAME,Morbio Superiore,TI,Morbio Superiore,TI,5258,5269,12330,,24.10.2009,
NAME,Muggio,TI,Muggio,TI,5259,5269,12379,,24.10.2009,
NAME,Novazzano,TI,Novazzano,TI,5260,,12544,,,
NAME,Pedrinate,TI,Pedrinate,TI,5261,5250,11301,,31.12.1975,
NAME,Rancate,TI,Rancate,TI,5262,5254,13173,,04.04.2009,
NAME,Riva San Vitale,TI,Riva San Vitale,TI,5263,,12904,,,
NAME,Sagno,TI,Sagno,TI,5264,5269,12888,,24.10.2009,
NAME,Salorino,TI,Salorino,TI,5265,5254,13017,,03.04.2004,
NAME,Stabio,TI,Stabio,TI,5266,,10381,,,
NAME,Tremona,TI,Tremona,TI,5267,5254,10885,,04.04.2009,
NAME,Vacallo,TI,Vacallo,TI,5268,,10930,,,
MANUAL,Morbio Superiore,TI,Breggia,TI,5269,,14974,25.10.2009,,grösste Gemeinde
NAME,Biasca,TI,Biasca,TI,5281,,11904,,,
NAME,Claro,TI,Claro,TI,5282,5002,11590,,01.04.2017,
NAME,Cresciano,TI,Cresciano,TI,5283,5287,11521,,01.04.2017,
NAME,Iragna,TI,Iragna,TI,5284,5287,12669,,01.04.2017,
NAME,Lodrino,TI,Lodrino,TI,5285,5287,12820,,01.04.2017,
NAME,Osogna,TI,Osogna,TI,5286,5287,13129,,01.04.2017,
MANUAL,Lodrino,TI,Riviera,TI,5287,,16079,02.04.2017,,grösste Gemeinde
NAME,Aurigeno,TI,Aurigeno,TI,5301,5317,11677,,03.04.2004,
NAME,Avegno,TI,Avegno,TI,5302,5324,11652,,19.04.2008,
NAME,Bignasco,TI,Bignasco,TI,5303,5310,11889,,21.10.2006,
SUCCESSOR,Bosco/Gurin,TI,Bosco (Vallemaggia),TI,5304,5304,,,31.12.1933,See placeOfOriginID=5304/placeOfOriginName=Bosco/Gurin
NAME,Bosco/Gurin,TI,Bosco/Gurin,TI,5304,,11798,01.01.1934,,
NAME,Broglio,TI,Broglio,TI,5305,5323,11669,,03.04.2004,
NAME,Brontallo,TI,Brontallo,TI,5306,5323,11468,,03.04.2004,
MANUAL,Campo (Vallemaggia),TI,Campo Vallemaggia,TI,5307,,11402,,,
NAME,Cavergno,TI,Cavergno,TI,5308,5310,11407,,21.10.2006,
NAME,Cerentino,TI,Cerentino,TI,5309,,11388,,,
NAME,Cevio,TI,Cevio,TI,5310,,14919,,,
NAME,Coglio,TI,Coglio,TI,5311,5317,11592,,03.04.2004,
NAME,Fusio,TI,Fusio,TI,5312,5323,12085,,03.04.2004,
NAME,Giumaglio,TI,Giumaglio,TI,5313,5317,12061,,03.04.2004,
NAME,Gordevio,TI,Gordevio,TI,5314,5324,12050,,19.04.2008,
NAME,Linescio,TI,Linescio,TI,5315,,12814,,,
NAME,Lodano,TI,Lodano,TI,5316,5317,12804,,03.04.2004,
NAME,Maggia,TI,Maggia,TI,5317,,14495,,,
NAME,Menzonio,TI,Menzonio,TI,5318,5323,12391,,03.04.2004,
NAME,Moghegno,TI,Moghegno,TI,5319,5317,12419,,03.04.2004,
NAME,Peccia,TI,Peccia,TI,5320,5323,13125,,03.04.2004,
NAME,Prato-Sornico,TI,Prato-Sornico,TI,5321,5323,13101,,03.04.2004,
NAME,Someo,TI,Someo,TI,5322,5317,10405,,03.04.2004,
MANUAL,Peccia,TI,Lavizzara,TI,5323,,14497,04.04.2004,,grösste Gemeinde
MANUAL,Gordevio,TI,Avegno Gordevio,TI,5324,,14940,20.04.2008,,beide Orte einzeln aufgeführt -> davon grössere Gemeinde
MANUAL,Verscio,TI,Terre di Pedemonte,TI,5396,,15627,14.04.2013,,grösste Gemeinde
MANUAL,Intragna,TI,Centovalli,TI,5397,,14973,25.10.2009,,grösste Gemeinde
MANUAL,Magadino,TI,Gambarogno,TI,5398,,15391,25.04.2010,,grösste Gemeinde
MANUAL,Gerra (Verzasca),TI,Verzasca,TI,5399,,16589,19.10.2020,,grösste Gemeinde
NAME,Aigle,VD,Aigle,VD,5401,,14540,,,
NAME,Bex,VD,Bex,VD,5402,,14541,,,
NAME,Chessel,VD,Chessel,VD,5403,,14808,,,
NAME,Corbeyrier,VD,Corbeyrier,VD,5404,,14793,,,
NAME,Gryon,VD,Gryon,VD,5405,,14747,,,
NAME_SUFFIX,Morcles,VD,Lavey-Morcles,VD,5406,,14645,,,
NAME,Leysin,VD,Leysin,VD,5407,,14625,,,
NAME,Noville,VD,Noville,VD,5408,,14620,,,
NAME,Ollon VD,VD,Ollon,VD,5409,,14663,,,
MANUAL,Le Sépey,VD,Ormont-Dessous,VD,5410,,14670,,,"""Hauptort der Gem. Ormont-Dessous VD"""
MANUAL,Vers-l'Eglise,VD,Ormont-Dessus,VD,5411,,14669,,,Hauptort
NAME,Rennaz,VD,Rennaz,VD,5412,,14616,,,
NAME,Roche VD,VD,Roche,VD,5413,,14603,,,
NAME,Villeneuve VD,VD,Villeneuve,VD,5414,,14914,,,
NAME,Yvorne,VD,Yvorne,VD,5415,,14911,,,
NAME,Apples,VD,Apples,VD,5421,7563,14780,,30.06.2021,
NAME,Aubonne,VD,Aubonne,VD,5422,,16600,,,
NAME,Ballens,VD,Ballens,VD,5423,,14784,,,
NAME,Berolle,VD,Berolle,VD,5424,,14763,,,
NAME,Bière,VD,Bière,VD,5425,,14757,,,
SUCCESSOR,Bougy-Villars,VD,Bougy,VD,5426,5426,,,31.12.1952,See placeOfOriginID=5426/placeOfOriginName=Bougy-Villars
NAME,Bougy-Villars,VD,Bougy-Villars,VD,5426,,14764,01.01.1953,,
NAME,Féchy,VD,Féchy,VD,5427,,14743,,,
NAME,Gimel,VD,Gimel,VD,5428,,14730,,,
NAME,Longirod,VD,Longirod,VD,5429,,14624,,,
NAME,Marchissy,VD,Marchissy,VD,5430,,14631,,,
NAME,Mollens VD,VD,Mollens,VD,5431,,14679,,,
NAME,Montherod,VD,Montherod,VD,5432,7560,14696,,31.12.2020,
NAME,Pizy,VD,Pizy,VD,5433,5422,14561,,30.06.2011,
MANUAL,St-George,VD,Saint-George,VD,5434,,14615,,,
MANUAL,St-Livres,VD,Saint-Livres,VD,5435,,14601,,,
MANUAL,St-Oyens,VD,Saint-Oyens,VD,5436,,14586,,,
NAME,Saubraz,VD,Saubraz,VD,5437,,14583,,,
NAME,Avenches,VD,Avenches,VD,5451,,15487,,,
NAME,Bellerive VD,VD,Bellerive,VD,5452,5464,14762,,30.06.2011,
NAME,Chabrey,VD,Chabrey,VD,5453,5464,14865,,30.06.2011,
SUCCESSOR,Cudrefin,VD,Champmartin,VD,5454,5456,11436,,31.12.2001,See placeOfOriginID=5456/placeOfOriginName=Cudrefin
NAME,Constantine,VD,Constantine,VD,5455,5464,14796,,30.06.2011,
NAME,Cudrefin,VD,Cudrefin,VD,5456,,14546,,,
NAME,Donatyre,VD,Donatyre,VD,5457,5451,12171,,30.06.2006,
NAME,Faoug,VD,Faoug,VD,5458,,14749,,,
NAME,Montmagny,VD,Montmagny,VD,5459,5464,14693,,30.06.2011,
SUCCESSOR,Bellerive VD,VD,Mur,VD,5460,5464,14688,,30.06.2011,See placeOfOriginID=5464/placeOfOriginName=Vully-les-Lacs
NAME,Oleyres,VD,Oleyres,VD,5461,5451,14664,,30.06.2011,
NAME,Vallamand,VD,Vallamand,VD,5462,5464,14867,,30.06.2011,
NAME,Villars-le-Grand,VD,Villars-le-Grand,VD,5463,5464,14891,,30.06.2011,
MANUAL,Bellerive VD,VD,Vully-les-Lacs,VD,5464,,15488,01.07.2011,,grösste Gemeinde
NAME,Bettens,VD,Bettens,VD,5471,,14755,,,
NAME,Bournens,VD,Bournens,VD,5472,,14766,,,
NAME,Boussens,VD,Boussens,VD,5473,,14765,,,
SUCCESSOR,La Chaux (Cossonay),VD,La Chaux,VD,5474,5474,,,31.12.1952,See placeOfOriginID=5474/placeOfOriginName=La Chaux (Cossonay)
NAME,La Chaux (Cossonay),VD,La Chaux (Cossonay),VD,5474,,14651,01.01.1953,,
NAME,Chavannes-le-Veyron,VD,Chavannes-le-Veyron,VD,5475,,14853,,,
NAME,Chevilly,VD,Chevilly,VD,5476,,14814,,,
MANUAL,Cossonay-Ville,VD,Cossonay,VD,5477,,14828,,,grösste Gemeinde
NAME,Cottens VD,VD,Cottens,VD,5478,7568,14826,,30.06.2021,
NAME,Cuarnens,VD,Cuarnens,VD,5479,,14830,,,
NAME,Daillens,VD,Daillens,VD,5480,,14819,,,
NAME,Dizy,VD,Dizy,VD,5481,,14854,,,
NAME,Eclépens,VD,Eclépens,VD,5482,,14716,,,
NAME,Ferreyres,VD,Ferreyres,VD,5483,,14746,,,
NAME,Gollion,VD,Gollion,VD,5484,,14734,,,
NAME,Grancy,VD,Grancy,VD,5485,,14736,,,
NAME,L'Isle,VD,L'Isle,VD,5486,,14652,,,
SUCCESSOR,Lussery-Villars,VD,Lussery,VD,5487,5487,12729,,31.12.1998,See placeOfOriginID=5487/placeOfOriginName=Lussery-Villars
NAME,Lussery-Villars,VD,Lussery-Villars,VD,5487,,14547,01.01.1999,,
NAME,Mauraz,VD,Mauraz,VD,5488,,14683,,,
NAME,Mex VD,VD,Mex,VD,5489,,14676,,,
NAME,Moiry VD,VD,Moiry,VD,5490,,14681,,,
NAME,Mont-la-Ville,VD,Mont-la-Ville,VD,5491,,14686,,,
NAME,Montricher,VD,Montricher,VD,5492,,14695,,,
NAME,Orny,VD,Orny,VD,5493,,14668,,,
NAME,Pampigny,VD,Pampigny,VD,5494,7569,14567,,30.06.2021,
NAME,Penthalaz,VD,Penthalaz,VD,5495,,14555,,,
NAME,Penthaz,VD,Penthaz,VD,5496,,14556,,,
NAME,Pompaples,VD,Pompaples,VD,5497,,14578,,,
NAME,La Sarraz,VD,La Sarraz,VD,5498,,14657,,,
NAME,Senarclens,VD,Senarclens,VD,5499,,14594,,,
NAME,Sévery,VD,Sévery,VD,5500,7571,14593,,30.06.2021,
NAME,Sullens,VD,Sullens,VD,5501,,14900,,,
SUCCESSOR,Lussery-Villars,VD,Villars-Lussery,VD,5502,5487,10771,,31.12.1998,See placeOfOriginID=5487/placeOfOriginName=Lussery-Villars
NAME,Vufflens-la-Ville,VD,Vufflens-la-Ville,VD,5503,,14908,,,
NAME,Assens,VD,Assens,VD,5511,,16613,,,
NAME,Bercher,VD,Bercher,VD,5512,,14552,,,
NAME,Bioley-Orjulaz,VD,Bioley-Orjulaz,VD,5513,7562,14758,,30.06.2021,
NAME,Bottens,VD,Bottens,VD,5514,,14771,,,
NAME,Bretigny-sur-Morrens,VD,Bretigny-sur-Morrens,VD,5515,,14772,,,
NAME,Cugy VD,VD,Cugy,VD,5516,,14825,,,
NAME,Dommartin,VD,Dommartin,VD,5517,5540,14714,,30.06.2011,
NAME,Echallens,VD,Echallens,VD,5518,,14717,,,
NAME,Eclagnens,VD,Eclagnens,VD,5519,5541,14719,,30.06.2011,
NAME,Essertines-sur-Yverdon,VD,Essertines-sur-Yverdon,VD,5520,,14708,,,
NAME,Etagnières,VD,Etagnières,VD,5521,,14702,,,
NAME,Fey,VD,Fey,VD,5522,,14744,,,
NAME,Froideville,VD,Froideville,VD,5523,,14748,,,
NAME,Goumoens-la-Ville,VD,Goumoens-la-Ville,VD,5524,5541,14738,,30.06.2011,
NAME,Goumoens-le-Jux,VD,Goumoens-le-Jux,VD,5525,5541,14737,,30.06.2011,
SUCCESSOR,Assens,VD,Malapalud,VD,5526,5511,14641,,31.12.2008,See placeOfOriginID=5511/placeOfOriginName=Assens
NAME,Morrens VD,VD,Morrens,VD,5527,,14687,,,
NAME,Naz,VD,Naz,VD,5528,5540,14660,,30.06.2011,
NAME,Oulens-sous-Echallens,VD,Oulens-sous-Echallens,VD,5529,,14562,,,
NAME,Pailly,VD,Pailly,VD,5530,,14565,,,
NAME,Penthéréaz,VD,Penthéréaz,VD,5531,,14557,,,
NAME,Poliez-le-Grand,VD,Poliez-le-Grand,VD,5532,5540,14576,,30.06.2011,
NAME,Poliez-Pittet,VD,Poliez-Pittet,VD,5533,,14577,,,
NAME,Rueyres,VD,Rueyres,VD,5534,,14619,,,
MANUAL,St-Barthélemy VD,VD,Saint-Barthélemy,VD,5535,,14612,,,
NAME,Sugnens,VD,Sugnens,VD,5536,5540,14893,,30.06.2011,
NAME,Villars-le-Terroir,VD,Villars-le-Terroir,VD,5537,,14887,,,
NAME,Villars-Tiercelin,VD,Villars-Tiercelin,VD,5538,5804,14915,,30.06.2011,
NAME,Vuarrens,VD,Vuarrens,VD,5539,,14910,,,
MANUAL,Poliez-le-Grand,VD,Montilliez,VD,5540,,15489,01.07.2011,,grösste Gemeinde
MANUAL,Goumoens-la-Ville,VD,Goumoëns,VD,5541,,15490,01.07.2011,,grösste Gemeinde
NAME,Bonvillars,VD,Bonvillars,VD,5551,,14777,,,
NAME,Bullet,VD,Bullet,VD,5552,,14843,,,
NAME,Champagne,VD,Champagne,VD,5553,,14848,,,
NAME,Concise,VD,Concise,VD,5554,,14798,,,
NAME,Corcelles-près-Concise,VD,Corcelles-près-Concise,VD,5555,,14804,,,
NAME,Fiez,VD,Fiez,VD,5556,,14742,,,
NAME,Fontaines-sur-Grandson,VD,Fontaines-sur-Grandson,VD,5557,,14751,,,
NAME,Fontanezier,VD,Fontanezier,VD,5558,5571,14752,,30.06.2011,
NAME,Giez,VD,Giez,VD,5559,,14741,,,
NAME,Grandevent,VD,Grandevent,VD,5560,,14732,,,
NAME,Grandson,VD,Grandson,VD,5561,,14725,,,
NAME,Mauborget,VD,Mauborget,VD,5562,,14633,,,
NAME,Mutrux,VD,Mutrux,VD,5563,,14661,,,
NAME,Novalles,VD,Novalles,VD,5564,,14617,,,
NAME,Onnens VD,VD,Onnens,VD,5565,,14672,,,
NAME,Provence,VD,Provence,VD,5566,,14572,,,
NAME,Romairon,VD,Romairon,VD,5567,5571,14600,,30.06.2011,
MANUAL,Ste-Croix,VD,Sainte-Croix,VD,5568,,14591,,,
NAME,Vaugondry,VD,Vaugondry,VD,5569,5571,14875,,30.06.2011,
NAME,Villars-Burquin,VD,Villars-Burquin,VD,5570,5571,14889,,30.06.2011,
MANUAL,Villars-Burquin,VD,Tévenon,VD,5571,,15492,01.07.2011,,grösste Gemeinde
NAME,Belmont-sur-Lausanne,VD,Belmont-sur-Lausanne,VD,5581,,14760,,,
NAME,Cheseaux-sur-Lausanne,VD,Cheseaux-sur-Lausanne,VD,5582,,14810,,,
NAME,Crissier,VD,Crissier,VD,5583,,14832,,,
NAME,Epalinges,VD,Epalinges,VD,5584,,14701,,,
NAME,Jouxtens-Mézery,VD,Jouxtens-Mézery,VD,5585,,14644,,,
NAME,Lausanne,VD,Lausanne,VD,5586,,14649,,,
NAME,Le Mont-sur-Lausanne,VD,Le Mont-sur-Lausanne,VD,5587,,14647,,,
NAME,Paudex,VD,Paudex,VD,5588,,14568,,,
NAME,Prilly,VD,Prilly,VD,5589,,14575,,,
NAME,Pully,VD,Pully,VD,5590,,14574,,,
NAME,Renens VD,VD,Renens,VD,5591,,14580,,,
NAME,Romanel-sur-Lausanne,VD,Romanel-sur-Lausanne,VD,5592,,14605,,,
NAME,Chexbres,VD,Chexbres,VD,5601,,14806,,,
NAME,Cully,VD,Cully,VD,5602,5613,14818,,30.06.2011,
NAME,Epesses,VD,Epesses,VD,5603,5613,14700,,30.06.2011,
NAME,Forel (Lavaux),VD,Forel (Lavaux),VD,5604,,14753,,,
NAME,Grandvaux,VD,Grandvaux,VD,5605,5613,14724,,30.06.2011,
NAME,Lutry,VD,Lutry,VD,5606,,14640,,,
NAME,Puidoux,VD,Puidoux,VD,5607,,14573,,,
NAME,Riex,VD,Riex,VD,5608,5613,14610,,30.06.2011,
NAME,Rivaz,VD,Rivaz,VD,5609,,14602,,,
MANUAL,St-Saphorin (Lavaux),VD,Saint-Saphorin (Lavaux),VD,5610,,14588,,,
NAME,Savigny,VD,Savigny,VD,5611,,14584,,,
NAME,Villette (Lavaux),VD,Villette (Lavaux),VD,5612,5613,14917,,30.06.2011,
MANUAL,Grandvaux,VD,Bourg-en-Lavaux,VD,5613,,15493,01.07.2011,,grösste Gemeinde
NAME,Aclens,VD,Aclens,VD,5621,,14781,,,
NAME,Bremblens,VD,Bremblens,VD,5622,,14770,,,
NAME,Buchillon,VD,Buchillon,VD,5623,,14844,,,
MANUAL,Bussigny,VD,Bussigny-sur-Morges,VD,5624,5624,,,31.12.1958,
MANUAL,Bussigny,VD,Bussigny-près-Lausanne,VD,5624,5624,14839,01.01.1959,30.04.2014,
NAME,Bussigny,VD,Bussigny,VD,5624,,15651,01.05.2014,,
NAME,Bussy-Chardonney,VD,Bussy-Chardonney,VD,5625,7572,14551,,30.06.2021,
NAME_SUFFIX,Morges,VD,Chardonney-sur-Morges,VD,5626,5625,11243,,31.12.1960,
NAME,Chavannes-près-Renens,VD,Chavannes-près-Renens,VD,5627,,14860,,,
NAME,Chigny,VD,Chigny,VD,5628,,14815,,,
NAME,Clarmont,VD,Clarmont,VD,5629,,14816,,,
NAME,Colombier VD,VD,Colombier,VD,5630,5634,14795,,30.06.2011,
NAME,Denens,VD,Denens,VD,5631,,14824,,,
NAME,Denges,VD,Denges,VD,5632,,14822,,,
NAME,Echandens,VD,Echandens,VD,5633,,14718,,,
NAME,Echichens,VD,Echichens,VD,5634,,15494,,,
NAME,Ecublens VD,VD,Ecublens,VD,5635,,14721,,,
NAME,Etoy,VD,Etoy,VD,5636,,14703,,,
NAME,Lavigny,VD,Lavigny,VD,5637,,14650,,,
NAME,Lonay,VD,Lonay,VD,5638,,14622,,,
NAME,Lully VD,VD,Lully,VD,5639,,14636,,,
SUCCESSOR,Lussy-sur-Morges,VD,Lussy,VD,5640,5640,,,31.12.1952,See placeOfOriginID=5640/placeOfOriginName=Lussy-sur-Morges
NAME,Lussy-sur-Morges,VD,Lussy-sur-Morges,VD,5640,,14637,01.01.1953,,
NAME,Monnaz,VD,Monnaz,VD,5641,5634,14677,,30.06.2011,
NAME,Morges,VD,Morges,VD,5642,,14690,,,
NAME,Préverenges,VD,Préverenges,VD,5643,,14570,,,
NAME,Reverolle,VD,Reverolle,VD,5644,7570,14608,,30.06.2021,
NAME,Romanel-sur-Morges,VD,Romanel-sur-Morges,VD,5645,,14606,,,
MANUAL,St-Prex,VD,Saint-Prex,VD,5646,,14587,,,
MANUAL,St-Saphorin-sur-Morges,VD,Saint-Saphorin-sur-Morges,VD,5647,5634,14589,,30.06.2011,
MANUAL,St-Sulpice VD,VD,Saint-Sulpice,VD,5648,,14590,,,
NAME,Tolochenaz,VD,Tolochenaz,VD,5649,,14880,,,
NAME,Vaux-sur-Morges,VD,Vaux-sur-Morges,VD,5650,,14874,,,
NAME,Villars-Ste-Croix,VD,Villars-Ste-Croix,VD,5651,,14885,,,
NAME,Villars-sous-Yens,VD,Villars-sous-Yens,VD,5652,,14882,,,
NAME,Vufflens-le-Château,VD,Vufflens-le-Château,VD,5653,,14907,,,
NAME,Vullierens,VD,Vullierens,VD,5654,,14901,,,
NAME,Yens,VD,Yens,VD,5655,,14913,,,
MANUAL,Apples,VD,Hautemorges,VD,5656,,16612,01.07.2021,,grösste Gemeinde
NAME,Boulens,VD,Boulens,VD,5661,,14767,,,
NAME,Brenles,VD,Brenles,VD,5662,7316,14768,,31.12.2016,
NAME,Bussy-sur-Moudon,VD,Bussy-sur-Moudon,VD,5663,,14841,,,
SUCCESSOR,Chapelle-sur-Moudon,VD,Chapelle,VD,5664,5664,,,31.12.1952,See placeOfOriginID=5664/placeOfOriginName=Chapelle-sur-Moudon
NAME,Chapelle-sur-Moudon,VD,Chapelle-sur-Moudon,VD,5664,5693,14847,01.01.1953,31.12.2012,
NAME,Chavannes-sur-Moudon,VD,Chavannes-sur-Moudon,VD,5665,,14856,,,
NAME,Chesalles-sur-Moudon,VD,Chesalles-sur-Moudon,VD,5666,7317,14813,,31.12.2016,
NAME,Correvon,VD,Correvon,VD,5667,5693,14803,,31.12.2012,
NAME,Cremin,VD,Cremin,VD,5668,7318,14834,,31.12.2016,
NAME,Curtilles,VD,Curtilles,VD,5669,,14821,,,
NAME,Denezy,VD,Denezy,VD,5670,5693,14823,,31.12.2012,
NAME,Dompierre VD,VD,Dompierre,VD,5671,,14715,,,
NAME,Forel-sur-Lucens,VD,Forel-sur-Lucens,VD,5672,7319,14754,,31.12.2016,
NAME,Hermenches,VD,Hermenches,VD,5673,,14698,,,
NAME,Lovatens,VD,Lovatens,VD,5674,,14623,,,
NAME,Lucens,VD,Lucens,VD,5675,,16073,,,
NAME,Martherenges,VD,Martherenges,VD,5676,5693,14635,,31.12.2012,
NAME,Montaubion-Chardonney,VD,Montaubion-Chardonney,VD,5677,5804,14692,,30.06.2011,
NAME,Moudon,VD,Moudon,VD,5678,,14685,,,
NAME,Neyruz-sur-Moudon,VD,Neyruz-sur-Moudon,VD,5679,5693,14662,,31.12.2012,
NAME,Ogens,VD,Ogens,VD,5680,,14665,,,
NAME,Oulens-sur-Lucens,VD,Oulens-sur-Lucens,VD,5681,5675,14564,,30.06.2011,
NAME,Peyres-Possens,VD,Peyres-Possens,VD,5682,5693,14559,,31.12.2012,
NAME,Prévonloup,VD,Prévonloup,VD,5683,,14571,,,
NAME,Rossenges,VD,Rossenges,VD,5684,,14611,,,
SUCCESSOR,Thierrens,VD,Saint-Cierges,VD,5685,5693,14614,,31.12.2012,See placeOfOriginID=5693/placeOfOriginName=Montanaire
NAME,Sarzens,VD,Sarzens,VD,5686,7320,14592,,31.12.2016,
NAME,Sottens,VD,Sottens,VD,5687,5804,14904,,30.06.2011,
NAME,Syens,VD,Syens,VD,5688,,14898,,,
NAME,Thierrens,VD,Thierrens,VD,5689,5693,14895,,31.12.2012,
NAME,Villars-le-Comte,VD,Villars-le-Comte,VD,5690,,14888,,,
NAME,Villars-Mendraz,VD,Villars-Mendraz,VD,5691,5804,14886,,30.06.2011,
NAME,Vucherens,VD,Vucherens,VD,5692,,14909,,,
MANUAL,Thierrens,VD,Montanaire,VD,5693,,15616,01.01.2013,,grösste Gemeinde
NAME,Arnex-sur-Nyon,VD,Arnex-sur-Nyon,VD,5701,,14779,,,
SUCCESSOR,Arzier-Le Muids,VD,Arzier,VD,5702,5702,14791,,30.04.2014,See placeOfOriginID=5702/placeOfOriginName=Arzier-Le Muids
NAME,Arzier-Le Muids,VD,Arzier-Le Muids,VD,5702,,15652,01.05.2014,,
NAME,Bassins,VD,Bassins,VD,5703,,14788,,,
NAME,Begnins,VD,Begnins,VD,5704,,14761,,,
NAME,Bogis-Bossey,VD,Bogis-Bossey,VD,5705,,14776,,,
NAME,Borex,VD,Borex,VD,5706,,14775,,,
NAME,Chavannes-de-Bogis,VD,Chavannes-de-Bogis,VD,5707,,14859,,,
NAME,Chavannes-des-Bois,VD,Chavannes-des-Bois,VD,5708,,14858,,,
NAME,Chéserex,VD,Chéserex,VD,5709,,14809,,,
NAME,Coinsins,VD,Coinsins,VD,5710,,14817,,,
NAME,Commugny,VD,Commugny,VD,5711,,14799,,,
NAME,Coppet,VD,Coppet,VD,5712,,14794,,,
SUCCESSOR,Crans VD,VD,Crans-près-Céligny,VD,5713,5713,14827,,31.12.2020,See placeOfOriginID=5713/placeOfOriginName=Crans
NAME,Crans VD,VD,Crans,VD,5713,,16609,01.01.2021,,
NAME,Crassier,VD,Crassier,VD,5714,,14835,,,
NAME,Duillier,VD,Duillier,VD,5715,,14711,,,
NAME,Eysins,VD,Eysins,VD,5716,,14706,,,
NAME,Founex,VD,Founex,VD,5717,,14750,,,
NAME,Genolier,VD,Genolier,VD,5718,,14726,,,
NAME,Gingins,VD,Gingins,VD,5719,,14731,,,
NAME,Givrins,VD,Givrins,VD,5720,,14735,,,
NAME,Gland,VD,Gland,VD,5721,,14733,,,
NAME,Grens,VD,Grens,VD,5722,,14728,,,
NAME,Mies,VD,Mies,VD,5723,,14680,,,
NAME,Nyon,VD,Nyon,VD,5724,,14659,,,
NAME,Prangins,VD,Prangins,VD,5725,,14582,,,
NAME,La Rippe,VD,La Rippe,VD,5726,,14658,,,
MANUAL,St-Cergue,VD,Saint-Cergue,VD,5727,,14613,,,"In locations.csv gibt es noch den zugehörigen Ort La Cure, aber dieser erscheint nicht in eCH-0135. Nach Wikipedia und Google Maps scheint St-Cergue der Hauptort zu sein."
MANUAL,Signy,VD,Signy-Avenex,VD,5728,,14598,,,
NAME,Tannay,VD,Tannay,VD,5729,,14897,,,
NAME,Trélex,VD,Trélex,VD,5730,,14879,,,
NAME,Le Vaud,VD,Le Vaud,VD,5731,,14639,,,
NAME,Vich,VD,Vich,VD,5732,,14892,,,
NAME,L'Abergement,VD,L'Abergement,VD,5741,,14653,,,
NAME,Agiez,VD,Agiez,VD,5742,,14783,,,
NAME,Arnex-sur-Orbe,VD,Arnex-sur-Orbe,VD,5743,,14778,,,
NAME,Ballaigues,VD,Ballaigues,VD,5744,,14785,,,
NAME,Baulmes,VD,Baulmes,VD,5745,,14787,,,
NAME,Bavois,VD,Bavois,VD,5746,,14786,,,
NAME,Bofflens,VD,Bofflens,VD,5747,,14773,,,
NAME,Bretonnières,VD,Bretonnières,VD,5748,,14769,,,
NAME,Chavornay,VD,Chavornay,VD,5749,,16074,,,
NAME,Les Clées,VD,Les Clées,VD,5750,,14627,,,
NAME,Corcelles-sur-Chavornay,VD,Corcelles-sur-Chavornay,VD,5751,7321,14797,,31.12.2016,
NAME,Croy,VD,Croy,VD,5752,,14831,,,
SUCCESSOR,Romainmôtier,VD,Envy,VD,5753,5761,11225,,31.12.1969,See placeOfOriginID=5761/placeOfOriginName=Romainmôtier-Envy
NAME,Juriens,VD,Juriens,VD,5754,,14643,,,
NAME,Lignerolle,VD,Lignerolle,VD,5755,,14621,,,
NAME,Montcherand,VD,Montcherand,VD,5756,,14689,,,
NAME,Orbe,VD,Orbe,VD,5757,,14673,,,
NAME,La Praz,VD,La Praz,VD,5758,,14655,,,
NAME,Premier,VD,Premier,VD,5759,,14569,,,
NAME,Rances,VD,Rances,VD,5760,,14553,,,
NAME,Romainmôtier,VD,Romainmôtier,VD,5761,5761,11268,,31.12.1969,
MANUAL,Romainmôtier,VD,Romainmôtier-Envy,VD,5761,,14549,01.01.1970,,
NAME,Sergey,VD,Sergey,VD,5762,,14595,,,
NAME,Valeyres-sous-Rances,VD,Valeyres-sous-Rances,VD,5763,,14868,,,
NAME,Vallorbe,VD,Vallorbe,VD,5764,,14866,,,
NAME,Vaulion,VD,Vaulion,VD,5765,,14873,,,
NAME,Vuiteboeuf,VD,Vuiteboeuf,VD,5766,,14903,,,
NAME,Bussigny-sur-Oron,VD,Bussigny-sur-Oron,VD,5781,5805,14838,,31.12.2011,
NAME,Carrouge VD,VD,Carrouge,VD,5782,7131,14861,,30.06.2016,
NAME,Châtillens,VD,Châtillens,VD,5783,5805,14850,,31.12.2011,
NAME,Chesalles-sur-Oron,VD,Chesalles-sur-Oron,VD,5784,5805,14812,,31.12.2011,
NAME,Corcelles-le-Jorat,VD,Corcelles-le-Jorat,VD,5785,,14792,,,
NAME,Les Cullayes,VD,Les Cullayes,VD,5786,5799,14626,,31.12.2011,
NAME,Ecoteaux,VD,Ecoteaux,VD,5787,5805,14720,,31.12.2011,
NAME,Essertes,VD,Essertes,VD,5788,,14705,,,
NAME,Ferlens VD,VD,Ferlens,VD,5789,7132,14745,,30.06.2016,
NAME,Maracon,VD,Maracon,VD,5790,,14545,,,
NAME,Mézières VD,VD,Mézières,VD,5791,7133,14674,,30.06.2016,
NAME,Montpreveyres,VD,Montpreveyres,VD,5792,,14697,,,
NAME,Oron-la-Ville,VD,Oron-la-Ville,VD,5793,5805,14667,,31.12.2011,
NAME,Oron-le-Châtel,VD,Oron-le-Châtel,VD,5794,5805,14684,,31.12.2011,
NAME,Palézieux,VD,Palézieux,VD,5795,5805,14566,,31.12.2011,
NAME,Peney-le-Jorat,VD,Peney-le-Jorat,VD,5796,5804,14554,,30.06.2011,
SUCCESSOR,Maracon,VD,La Rogivue,VD,5797,5790,12583,,31.12.2002,See placeOfOriginID=5790/placeOfOriginName=Maracon
NAME,Ropraz,VD,Ropraz,VD,5798,,14607,,,
NAME,Servion,VD,Servion,VD,5799,,15505,,,
NAME,Les Tavernes,VD,Les Tavernes,VD,5800,5805,14629,,31.12.2011,
NAME,Les Thioleyres,VD,Les Thioleyres,VD,5801,5805,14628,,31.12.2011,
NAME,Vuibroye,VD,Vuibroye,VD,5802,5805,14905,,31.12.2011,
NAME,Vulliens,VD,Vulliens,VD,5803,,14902,,,
MANUAL,Villars-Tiercelin,VD,Jorat-Menthue,VD,5804,,15491,01.07.2011,,grösste Gemeinde
MANUAL,Oron-la-Ville,VD,Oron,VD,5805,,15504,01.01.2012,,grösste Gemeinde
NAME,Cerniaz VD,VD,Cerniaz,VD,5811,5831,14863,,30.06.2011,
NAME,Champtauroz,VD,Champtauroz,VD,5812,,14852,,,
NAME,Chevroux,VD,Chevroux,VD,5813,,14807,,,
NAME,Combremont-le-Grand,VD,Combremont-le-Grand,VD,5814,5831,14801,,30.06.2011,
NAME,Combremont-le-Petit,VD,Combremont-le-Petit,VD,5815,5831,14800,,30.06.2011,
NAME,Corcelles-près-Payerne,VD,Corcelles-près-Payerne,VD,5816,,14805,,,
NAME,Grandcour,VD,Grandcour,VD,5817,,14729,,,
SUCCESSOR,Granges-près-Marnand,VD,Granges,VD,5818,5818,,,31.12.1952,See placeOfOriginID=5818/placeOfOriginName=Granges-près-Marnand
NAME,Granges-près-Marnand,VD,Granges-près-Marnand,VD,5818,5831,14723,01.01.1953,30.06.2011,
NAME,Henniez,VD,Henniez,VD,5819,,14707,,,
NAME,Marnand,VD,Marnand,VD,5820,5831,14630,,30.06.2011,
NAME,Missy,VD,Missy,VD,5821,,14682,,,
NAME,Payerne,VD,Payerne,VD,5822,,14560,,,
NAME,Rossens VD,VD,Rossens,VD,5823,5830,12843,,30.06.2006,
NAME,Sassel,VD,Sassel,VD,5824,5831,14585,,30.06.2011,
NAME,Sédeilles,VD,Sédeilles,VD,5825,5830,12954,,30.06.2006,
NAME,Seigneux,VD,Seigneux,VD,5826,5831,14597,,30.06.2011,
NAME,Trey,VD,Trey,VD,5827,,14877,,,
NAME,Treytorrens (Payerne),VD,Treytorrens (Payerne),VD,5828,,14881,,,
NAME,Villars-Bramard,VD,Villars-Bramard,VD,5829,5831,14890,,30.06.2011,
NAME,Villarzel,VD,Villarzel,VD,5830,,14542,,,
MANUAL,Granges-près-Marnand,VD,Valbroye,VD,5831,,15496,01.07.2011,,grösste Gemeinde
NAME,Château-d'Oex,VD,Château-d'Oex,VD,5841,,14845,,,
NAME,Rossinière,VD,Rossinière,VD,5842,,14609,,,
NAME,Rougemont,VD,Rougemont,VD,5843,,14618,,,
NAME,Allaman,VD,Allaman,VD,5851,,14782,,,
NAME,Bursinel,VD,Bursinel,VD,5852,,14837,,,
NAME,Bursins,VD,Bursins,VD,5853,,14840,,,
NAME,Burtigny,VD,Burtigny,VD,5854,,14842,,,
NAME,Dully,VD,Dully,VD,5855,,14712,,,
NAME,Essertines-sur-Rolle,VD,Essertines-sur-Rolle,VD,5856,,14704,,,
NAME,Gilly,VD,Gilly,VD,5857,,14739,,,
NAME,Luins,VD,Luins,VD,5858,,14638,,,
NAME,Mont-sur-Rolle,VD,Mont-sur-Rolle,VD,5859,,14694,,,
NAME,Perroy,VD,Perroy,VD,5860,,14558,,,
NAME,Rolle,VD,Rolle,VD,5861,,14604,,,
NAME,Tartegnin,VD,Tartegnin,VD,5862,,14894,,,
NAME,Vinzel,VD,Vinzel,VD,5863,,14916,,,
NAME,L'Abbaye,VD,L'Abbaye,VD,5871,,14654,,,
MANUAL,Le Sentier,VD,Le Chenit,VD,5872,,14646,,,grösste Gemeinde
NAME,Le Lieu,VD,Le Lieu,VD,5873,,14648,,,
NAME,Blonay,VD,Blonay,VD,5881,,14774,,,
NAME,Chardonne,VD,Chardonne,VD,5882,,14846,,,
NAME,Corseaux,VD,Corseaux,VD,5883,,14802,,,
SUCCESSOR,Corsier-sur-Vevey,VD,Corsier,VD,5884,5884,,,31.12.1952,See placeOfOriginID=5884/placeOfOriginName=Corsier-sur-Vevey
NAME,Corsier-sur-Vevey,VD,Corsier-sur-Vevey,VD,5884,,14833,01.01.1953,,
NAME,Jongny,VD,Jongny,VD,5885,,14642,,,
NAME,Montreux,VD,Montreux,VD,5886,,14550,,,
MANUAL,St-Légier-La Chiésaz,VD,Saint-Légier-La Chiésaz,VD,5888,,14599,,,
NAME,La Tour-de-Peilz,VD,La Tour-de-Peilz,VD,5889,,14656,,,
NAME,Vevey,VD,Vevey,VD,5890,,14872,,,
NAME,Veytaux,VD,Veytaux,VD,5891,,14876,,,
SUCCESSOR,Rovray,VD,Arrissoules,VD,5901,5928,11725,,31.12.2004,See placeOfOriginID=5928/placeOfOriginName=Rovray
NAME,Belmont-sur-Yverdon,VD,Belmont-sur-Yverdon,VD,5902,,14759,,,
NAME,Bioley-Magnoux,VD,Bioley-Magnoux,VD,5903,,14756,,,
NAME,Chamblon,VD,Chamblon,VD,5904,,14864,,,
NAME,Champvent,VD,Champvent,VD,5905,,15506,,,
NAME,Chanéaz,VD,Chanéaz,VD,5906,5693,14849,,31.12.2012,
NAME,Chavannes-le-Chêne,VD,Chavannes-le-Chêne,VD,5907,,14857,,,
SUCCESSOR,Chêne-Pâquier,VD,Chêne-Paquier,VD,5908,5908,,,31.12.1952,See placeOfOriginID=5908/placeOfOriginName=Chêne-Pâquier
NAME,Chêne-Pâquier,VD,Chêne-Pâquier,VD,5908,,14862,01.01.1953,,
NAME,Cheseaux-Noréaz,VD,Cheseaux-Noréaz,VD,5909,,14811,,,
NAME,Cronay,VD,Cronay,VD,5910,,14836,,,
NAME,Cuarny,VD,Cuarny,VD,5911,,14829,,,
NAME,Démoret,VD,Démoret,VD,5912,,14820,,,
NAME,Donneloye,VD,Donneloye,VD,5913,,15507,,,
NAME,Ependes VD,VD,Ependes,VD,5914,,14699,,,
NAME,Essert-Pittet,VD,Essert-Pittet,VD,5915,7322,14709,,31.12.2016,
NAME,Essert-sous-Champvent,VD,Essert-sous-Champvent,VD,5916,5905,14710,,31.12.2011,
NAME,Gossens,VD,Gossens,VD,5917,5913,14740,,31.12.2007,
NAME,Gressy,VD,Gressy,VD,5918,5938,14727,,30.06.2011,
NAME,Mathod,VD,Mathod,VD,5919,,14634,,,
NAME,Mézery-près-Donneloye,VD,Mézery-près-Donneloye,VD,5920,5913,14675,,31.12.2007,
NAME,Molondin,VD,Molondin,VD,5921,,14678,,,
NAME,Montagny-près-Yverdon,VD,Montagny-près-Yverdon,VD,5922,,14691,,,
NAME,Oppens,VD,Oppens,VD,5923,,14666,,,
NAME,Orges,VD,Orges,VD,5924,,14671,,,
NAME,Orzens,VD,Orzens,VD,5925,,14563,,,
NAME,Pomy,VD,Pomy,VD,5926,,14579,,,
NAME,Prahins,VD,Prahins,VD,5927,5913,14581,,31.12.2011,
NAME,Rovray,VD,Rovray,VD,5928,,14544,,,
NAME,Suchy,VD,Suchy,VD,5929,,14896,,,
NAME,Suscévaz,VD,Suscévaz,VD,5930,,14899,,,
NAME,Treycovagnes,VD,Treycovagnes,VD,5931,,14878,,,
NAME,Ursins,VD,Ursins,VD,5932,,14870,,,
NAME,Valeyres-sous-Montagny,VD,Valeyres-sous-Montagny,VD,5933,,14869,,,
NAME,Valeyres-sous-Ursins,VD,Valeyres-sous-Ursins,VD,5934,,14871,,,
NAME,Villars-Epeney,VD,Villars-Epeney,VD,5935,,14883,,,
NAME,Villars-sous-Champvent,VD,Villars-sous-Champvent,VD,5936,5905,14884,,31.12.2011,
NAME,Vugelles-La Mothe,VD,Vugelles-La Mothe,VD,5937,,14906,,,
SUCCESSOR,Yverdon-les-Bains,VD,Yverdon,VD,5938,5938,11339,,31.12.1981,See placeOfOriginID=5938/placeOfOriginName=Yverdon-les-Bains
NAME,Yverdon-les-Bains,VD,Yverdon-les-Bains,VD,5938,,15497,01.01.1982,,
NAME,Yvonand,VD,Yvonand,VD,5939,,14912,,,
NAME,Birgisch,VS,Birgisch,VS,6001,6007,11898,,31.12.2012,
NAME_PREFIX,Brig,VS,Brig-Glis,VS,6002,,13228,,,
NAME,Brigerbad,VS,Brigerbad,VS,6003,6002,11218,,30.09.1972,
NAME,Eggerberg,VS,Eggerberg,VS,6004,,12132,,,
NAME,Glis,VS,Glis,VS,6005,6002,11219,,30.09.1972,
NAME,Mund,VS,Mund,VS,6006,6007,12359,,31.12.2012,
NAME,Naters,VS,Naters,VS,6007,,15617,,,
SUCCESSOR,Ried-Brig,VS,Ried bei Brig,VS,6008,6008,12901,,17.10.1993,See placeOfOriginID=6008/placeOfOriginName=Ried-Brig
NAME,Ried-Brig,VS,Ried-Brig,VS,6008,,13759,18.10.1993,,
MANUAL,Simplon Dorf,VS,Simplon,VS,6009,,12984,,,grösste Gemeinde
NAME,Termen,VS,Termen,VS,6010,,10560,,,
MANUAL,Gondo,VS,Zwischbergen,VS,6011,,10159,,,
NAME,Ardon,VS,Ardon,VS,6021,,11763,,,
NAME,Chamoson,VS,Chamoson,VS,6022,,11418,,,
NAME,Conthey,VS,Conthey,VS,6023,,11635,,,
MANUAL,Basse-Nendaz,VS,Nendaz,VS,6024,,12518,,,Hauptort
NAME,Vétroz,VS,Vétroz,VS,6025,,10923,,,
SUCCESSOR,Le Châble VS,VS,Bagnes,VS,6031,6037,11705,,31.12.2020,See placeOfOriginID=6037/placeOfOriginName=Val de Bagnes
NAME,Bourg-St-Pierre,VS,Bourg-St-Pierre,VS,6032,,11846,,,
NAME,Liddes,VS,Liddes,VS,6033,,12790,,,
NAME,Orsières,VS,Orsières,VS,6034,,13134,,,
NAME,Sembrancher,VS,Sembrancher,VS,6035,,13002,,,
NAME,Vollèges,VS,Vollèges,VS,6036,6037,10369,,31.12.2020,
MANUAL,Le Châble VS,VS,Val de Bagnes,VS,6037,,16601,01.01.2021,,Hauptort
NAME,Ausserbinn,VS,Ausserbinn,VS,6051,6051,11653,,30.09.2004,
NAME,Ausserbinn,VS,Ausserbinn,VS,6051,6056,,01.10.2004,31.12.2007,
NAME,Bellwald,VS,Bellwald,VS,6052,,11883,,,
NAME,Biel VS,VS,Biel,VS,6053,6073,11896,,30.09.2000,
NAME,Binn,VS,Binn,VS,6054,,11892,,,
NAME,Blitzingen,VS,Blitzingen,VS,6055,6077,11812,,31.12.2016,
NAME,Ernen,VS,Ernen,VS,6056,,14504,,,
NAME,Fiesch,VS,Fiesch,VS,6057,,12018,,,
NAME,Fieschertal,VS,Fieschertal,VS,6058,,12017,,,
NAME,Geschinen,VS,Geschinen,VS,6059,6074,12031,,30.09.2004,
NAME,Gluringen,VS,Gluringen,VS,6060,6075,12053,,30.09.2004,
NAME,Lax,VS,Lax,VS,6061,,12609,,,
SUCCESSOR,Ernen,VS,Mühlebach,VS,6062,6062,12356,,30.09.2004,See placeOfOriginID=6062/placeOfOriginName=Mühlebach
SUCCESSOR,Ernen,VS,Mühlebach,VS,6062,6056,,01.10.2004,31.12.2007,See placeOfOriginID=6056/placeOfOriginName=Ernen
NAME,Münster VS,VS,Münster,VS,6063,6074,12360,,30.09.2004,
NAME,Niederwald,VS,Niederwald,VS,6064,6077,12567,,31.12.2016,
NAME,Obergesteln,VS,Obergesteln,VS,6065,6076,12477,,31.12.2008,
NAME,Oberwald,VS,Oberwald,VS,6066,6076,12479,,31.12.2008,
NAME,Reckingen VS,VS,Reckingen,VS,6067,6075,13167,,30.09.2004,
NAME,Ritzingen,VS,Ritzingen,VS,6068,6073,12933,,30.09.2000,
NAME,Selkingen,VS,Selkingen,VS,6069,6073,13004,,30.09.2000,
NAME,Steinhaus,VS,Steinhaus,VS,6070,6070,10599,,30.09.2004,
NAME,Steinhaus,VS,Steinhaus,VS,6070,6056,,01.10.2004,31.12.2007,
NAME,Ulrichen,VS,Ulrichen,VS,6071,6076,10872,,31.12.2008,
SUCCESSOR,Münster VS,VS,Grafschaft,VS,6073,6077,14132,01.10.2000,31.12.2016,See placeOfOriginID=6077/placeOfOriginName=Goms
MANUAL,Münster VS,VS,Münster-Geschinen,VS,6074,6077,14502,01.10.2004,31.12.2016,
MANUAL,Reckingen VS,VS,Reckingen-Gluringen,VS,6075,6077,14503,01.10.2004,31.12.2016,
MANUAL,Oberwald,VS,Obergoms,VS,6076,,14958,01.01.2009,,grösste Gemeinde
MANUAL,Münster VS,VS,Goms,VS,6077,,16075,01.01.2017,,Hauptort und meisten Einwohner
SUCCESSOR,Les Agettes,VS,Agettes,VS,6081,6081,11274,,31.12.1964,See placeOfOriginID=6081/placeOfOriginName=Les Agettes
NAME,Les Agettes,VS,Les Agettes,VS,6081,6266,13202,01.01.1965,31.12.2016,
MANUAL,St-Romain (Ayent),VS,Ayent,VS,6082,,11666,,,"mehrere Orte; nach genauer Prüfung (LK, Netzrecherche) scheiden manche davon aus; andere sind aneinandergebaut u. ähnlich gross; St. Romain liegt zentral und hat die Kirche."
NAME,Evolène,VS,Evolène,VS,6083,,12255,,,
NAME,Hérémence,VS,Hérémence,VS,6084,,12298,,,
NAME,Mase,VS,Mase,VS,6085,6090,12739,,31.12.2010,
NAME,Nax,VS,Nax,VS,6086,6090,12526,,31.12.2010,
MANUAL,St-Martin VS,VS,Saint-Martin,VS,6087,,13032,,,
NAME,Vernamiège,VS,Vernamiège,VS,6088,6090,10914,,31.12.2010,
NAME,Vex,VS,Vex,VS,6089,,10925,,,
MANUAL,Nax,VS,Mont-Noble,VS,6090,,15485,01.01.2011,,grösste Gemeinde
NAME,Agarn,VS,Agarn,VS,6101,,11720,,,
NAME,Albinen,VS,Albinen,VS,6102,,11730,,,
NAME,Bratsch,VS,Bratsch,VS,6103,6118,11828,,31.12.2008,
NAME,Ergisch,VS,Ergisch,VS,6104,,12307,,,
NAME,Erschmatt,VS,Erschmatt,VS,6105,6110,12244,,31.12.2012,
SUCCESSOR,Guttet-Feschel,VS,Feschel,VS,6106,6117,11976,,30.09.2000,See placeOfOriginID=6117/placeOfOriginName=Guttet-Feschel
NAME,Gampel,VS,Gampel,VS,6107,6118,12082,,31.12.2008,
SUCCESSOR,Guttet-Feschel,VS,Guttet,VS,6108,6117,11972,,30.09.2000,See placeOfOriginID=6117/placeOfOriginName=Guttet-Feschel
NAME,Inden,VS,Inden,VS,6109,,12656,,,
MANUAL,Leuk Stadt,VS,Leuk,VS,6110,,15618,,,
NAME,Leukerbad,VS,Leukerbad,VS,6111,,12777,,,
NAME,Oberems,VS,Oberems,VS,6112,,12464,,,
NAME,Salgesch,VS,Salgesch,VS,6113,,13035,,,
NAME,Turtmann,VS,Turtmann,VS,6114,6119,10846,,31.12.2012,
NAME,Unterems,VS,Unterems,VS,6115,6119,10908,,31.12.2012,
NAME,Varen,VS,Varen,VS,6116,,10938,,,
NAME,Guttet-Feschel,VS,Guttet-Feschel,VS,6117,,14133,01.10.2000,,
NAME_PREFIX,Gampel,VS,Gampel-Bratsch,VS,6118,,14959,01.01.2009,,
NAME_PREFIX,Turtmann,VS,Turtmann-Unterems,VS,6119,,15619,01.01.2013,,
NAME,Bovernier,VS,Bovernier,VS,6131,,11850,,,
NAME,Charrat,VS,Charrat,VS,6132,6136,11448,,31.12.2020,
NAME,Fully,VS,Fully,VS,6133,,12089,,,
NAME,Isérables,VS,Isérables,VS,6134,,12663,,,
NAME,Leytron,VS,Leytron,VS,6135,,12767,,,
NAME_PREFIX,Martigny,VS,Martigny-Bourg,VS,6136,6136,11277,,31.07.1964,
NAME,Martigny,VS,Martigny,VS,6136,,16602,01.08.1964,,
MANUAL,Martigny-Croix,VS,Martigny-Combe,VS,6137,,12756,,,Hauptort
NAME_PREFIX,Martigny,VS,Martigny-Ville,VS,6138,6136,11278,,31.07.1964,
NAME,Riddes,VS,Riddes,VS,6139,,12917,,,
NAME,Saillon,VS,Saillon,VS,6140,,12871,,,
NAME,Saxon,VS,Saxon,VS,6141,,13058,,,
NAME,Trient,VS,Trient,VS,6142,,10891,,,
NAME,Champéry,VS,Champéry,VS,6151,,11415,,,
MANUAL,Collombey,VS,Collombey-Muraz,VS,6152,,11596,,,grösste Gemeinde
NAME,Monthey,VS,Monthey,VS,6153,,12323,,,
MANUAL,Bouveret,VS,Port-Valais,VS,6154,,13075,,,grösste Gemeinde
MANUAL,St-Gingolph,VS,Saint-Gingolph,VS,6155,,12863,,,
NAME,Troistorrents,VS,Troistorrents,VS,6156,,10897,,,
NAME,Val-d'Illiez,VS,Val-d'Illiez,VS,6157,,10933,,,
NAME,Vionnaz,VS,Vionnaz,VS,6158,,10078,,,
NAME,Vouvry,VS,Vouvry,VS,6159,,10372,,,
NAME,Betten,VS,Betten,VS,6171,6205,11905,,31.12.2013,
NAME,Bister,VS,Bister,VS,6172,,11807,,,
NAME,Bitsch,VS,Bitsch,VS,6173,,11808,,,
NAME,Filet,VS,Filet,VS,6174,6203,12015,,31.12.2008,
NAME,Goppisberg,VS,Goppisberg,VS,6175,6175,12049,,31.10.2003,
NAME,Goppisberg,VS,Goppisberg,VS,6175,6181,,01.11.2003,31.12.2007,
NAME,Greich,VS,Greich,VS,6176,6176,12084,,31.10.2003,
NAME,Greich,VS,Greich,VS,6176,6181,,01.11.2003,31.12.2007,
NAME,Grengiols,VS,Grengiols,VS,6177,,12079,,,
NAME,Martisberg,VS,Martisberg,VS,6178,6205,12736,,31.12.2013,
NAME,Mörel,VS,Mörel,VS,6179,6203,12351,,31.12.2008,
SUCCESSOR,Ried-Mörel,VS,Ried bei Mörel,VS,6180,6180,12899,,17.10.1993,See placeOfOriginID=6180/placeOfOriginName=Ried-Mörel
NAME,Ried-Mörel,VS,Ried-Mörel,VS,6180,6180,13760,18.10.1993,31.10.2003,
NAME,Ried-Mörel,VS,Ried-Mörel,VS,6180,6181,,01.11.2003,31.12.2007,
NAME,Riederalp,VS,Riederalp,VS,6181,6181,14468,01.11.2003,31.12.2007,
NAME,Riederalp,VS,Riederalp,VS,6181,,14468,01.01.2008,,
NAME,Ausserberg,VS,Ausserberg,VS,6191,,11675,,,
MANUAL,Blatten (Lötschen),VS,Blatten,VS,6192,,11818,,,
NAME,Bürchen,VS,Bürchen,VS,6193,,11485,,,
NAME,Eischoll,VS,Eischoll,VS,6194,,12151,,,
NAME,Ferden,VS,Ferden,VS,6195,,11995,,,
NAME,Hohtenn,VS,Hohtenn,VS,6196,6204,12138,,31.12.2008,
NAME,Kippel,VS,Kippel,VS,6197,,12686,,,
NAME,Niedergesteln,VS,Niedergesteln,VS,6198,,12511,,,
NAME,Raron,VS,Raron,VS,6199,,13162,,,
NAME,Steg VS,VS,Steg,VS,6200,6204,10581,,31.12.2008,
NAME,Unterbäch VS,VS,Unterbäch,VS,6201,,10860,,,
NAME,Wiler (Lötschen),VS,Wiler (Lötschen),VS,6202,,10337,,,
NAME_PREFIX,Mörel,VS,Mörel-Filet,VS,6203,,14960,01.01.2009,,
MANUAL,Steg VS,VS,Steg-Hohtenn,VS,6204,,14961,01.01.2009,,
NAME,Bettmeralp,VS,Bettmeralp,VS,6205,,15649,01.01.2014,,
NAME,Collonges,VS,Collonges,VS,6211,,11598,,,
NAME,Dorénaz,VS,Dorénaz,VS,6212,,12207,,,
NAME,Evionnaz,VS,Evionnaz,VS,6213,,12256,,,
NAME,Finhaut,VS,Finhaut,VS,6214,,12010,,,
NAME,Massongex,VS,Massongex,VS,6215,,12741,,,
NAME,Mex VS,VS,Mex,VS,6216,6217,12445,,31.12.2012,
MANUAL,St-Maurice,VS,Saint-Maurice,VS,6217,,15620,,,
NAME,Salvan,VS,Salvan,VS,6218,,13016,,,
NAME,Vernayaz,VS,Vernayaz,VS,6219,,10917,,,
NAME,Vérossaz,VS,Vérossaz,VS,6220,,10919,,,
NAME,Ayer,VS,Ayer,VS,6231,6252,11686,,31.12.2008,
NAME,Chalais,VS,Chalais,VS,6232,,11396,,,
NAME,Chandolin,VS,Chandolin,VS,6233,6252,11440,,31.12.2008,
NAME,Chermignon,VS,Chermignon,VS,6234,6253,11602,,31.12.2016,
NAME,Chippis,VS,Chippis,VS,6235,,11610,,,
NAME,Granges VS,VS,Granges,VS,6236,6248,11221,,21.06.1972,
NAME,Grimentz,VS,Grimentz,VS,6237,6252,12093,,31.12.2008,
NAME,Grône,VS,Grône,VS,6238,,12044,,,
NAME,Icogne,VS,Icogne,VS,6239,,12187,,,
NAME,Lens,VS,Lens,VS,6240,,12797,,,
NAME,Miège,VS,Miège,VS,6241,6254,12444,,31.12.2020,
NAME,Mollens VS,VS,Mollens,VS,6242,6253,12424,,31.12.2016,
NAME,Montana,VS,Montana,VS,6243,6253,12341,,31.12.2016,
NAME,Randogne,VS,Randogne,VS,6244,6253,13179,,31.12.2016,
SUCCESSOR,Ayer,VS,Saint-Jean,VS,6245,6252,12861,,31.12.2008,See placeOfOriginID=6252/placeOfOriginName=Anniviers
MANUAL,St-Léonard,VS,Saint-Léonard,VS,6246,,12857,,,
SUCCESSOR,Ayer,VS,Saint-Luc,VS,6247,6252,13034,,31.12.2008,See placeOfOriginID=6252/placeOfOriginName=Anniviers
NAME,Sierre,VS,Sierre,VS,6248,,13227,,,
NAME,Venthône,VS,Venthône,VS,6249,6254,10912,,31.12.2020,
NAME,Veyras,VS,Veyras,VS,6250,6254,10926,,31.12.2020,
NAME,Vissoie,VS,Vissoie,VS,6251,6252,10376,,31.12.2008,
MANUAL,Ayer,VS,Anniviers,VS,6252,,14962,01.01.2009,,grösste Gemeinde
NAME,Crans-Montana,VS,Crans-Montana,VS,6253,,16077,01.01.2017,,
MANUAL,Veyras,VS,Noble-Contrée,VS,6254,,16603,01.01.2021,,grösste Gemeinde
NAME,Arbaz,VS,Arbaz,VS,6261,,11758,,,
NAME,Bramois,VS,Bramois,VS,6262,6266,11265,,12.11.1968,
NAME,Grimisuat,VS,Grimisuat,VS,6263,,12094,,,
NAME,Salins,VS,Salins,VS,6264,6266,13019,,31.12.2012,
NAME,Savièse,VS,Savièse,VS,6265,,13061,,,
NAME,Sion,VS,Sion,VS,6266,,16076,,,
NAME,Veysonnaz,VS,Veysonnaz,VS,6267,,10907,,,
NAME,Baltschieder,VS,Baltschieder,VS,6281,,11714,,,
NAME,Eisten,VS,Eisten,VS,6282,,12150,,,
NAME,Embd,VS,Embd,VS,6283,,12293,,,
NAME,Eyholz,VS,Eyholz,VS,6284,6297,11223,,30.09.1972,
NAME,Grächen,VS,Grächen,VS,6285,,12040,,,
NAME,Lalden,VS,Lalden,VS,6286,,12598,,,
NAME,Randa,VS,Randa,VS,6287,,13180,,,
SUCCESSOR,Saas-Almagell,VS,Saas Almagell,VS,6288,6288,12878,,31.12.2006,See placeOfOriginID=6288/placeOfOriginName=Saas-Almagell
NAME,Saas-Almagell,VS,Saas-Almagell,VS,6288,,14927,01.01.2007,,
SUCCESSOR,Saas-Balen,VS,Saas Balen,VS,6289,6289,12877,,31.12.2006,See placeOfOriginID=6289/placeOfOriginName=Saas-Balen
NAME,Saas-Balen,VS,Saas-Balen,VS,6289,,14928,01.01.2007,,
SUCCESSOR,Saas-Fee,VS,Saas Fee,VS,6290,6290,12876,,31.12.2006,See placeOfOriginID=6290/placeOfOriginName=Saas-Fee
NAME,Saas-Fee,VS,Saas-Fee,VS,6290,,14929,01.01.2007,,
SUCCESSOR,Saas-Grund,VS,Saas Grund,VS,6291,6291,12875,,31.12.2006,See placeOfOriginID=6291/placeOfOriginName=Saas-Grund
NAME,Saas-Grund,VS,Saas-Grund,VS,6291,,14930,01.01.2007,,
NAME,St. Niklaus VS,VS,St. Niklaus,VS,6292,,10375,,,
NAME,Stalden VS,VS,Stalden,VS,6293,,10573,,,
NAME,Staldenried,VS,Staldenried,VS,6294,,10574,,,
NAME,Täsch,VS,Täsch,VS,6295,,10555,,,
NAME,Törbel,VS,Törbel,VS,6296,,10877,,,
NAME,Visp,VS,Visp,VS,6297,,13226,,,
NAME,Visperterminen,VS,Visperterminen,VS,6298,,10419,,,
NAME,Zeneggen,VS,Zeneggen,VS,6299,,10330,,,
NAME,Zermatt,VS,Zermatt,VS,6300,,10315,,,
NAME,Auvernier,NE,Auvernier,NE,6401,7923,11667,,31.12.2012,
NAME,Bevaix,NE,Bevaix,NE,6402,7514,11920,,31.12.2017,
NAME,Bôle,NE,Bôle,NE,6403,7924,11809,,31.12.2012,
NAME,Boudry,NE,Boudry,NE,6404,,16089,,,
NAME,Brot-Dessous,NE,Brot-Dessous,NE,6405,7098,11469,,31.12.2015,
NAME,Colombier NE,NE,Colombier,NE,6406,7925,11619,,31.12.2012,
NAME_SUFFIX,Cormondrèche,NE,Corcelles-Cormondrèche,NE,6407,7556,16090,,31.12.2020,
NAME,Cortaillod,NE,Cortaillod,NE,6408,,16091,,,
NAME,Fresens,NE,Fresens,NE,6409,7515,11955,,31.12.2017,
NAME,Gorgier,NE,Gorgier,NE,6410,7516,12067,,31.12.2017,
NAME,Montalchez,NE,Montalchez,NE,6411,7517,12349,,31.12.2017,
NAME,Peseux,NE,Peseux,NE,6412,7555,16092,,31.12.2020,
NAME,Rochefort,NE,Rochefort,NE,6413,,16093,,,
SUCCESSOR,St-Aubin-Sauges,NE,Saint-Aubin-Sauges,NE,6414,7518,12869,,31.12.2017,See placeOfOriginID=7518/placeOfOriginName=Saint-Aubin-Sauges (La Grande Béroche)
NAME_PREFIX,Vaumarcus,NE,Vaumarcus-Vernéaz,NE,6415,6415,11273,,31.12.1965,
NAME,Vaumarcus,NE,Vaumarcus,NE,6415,7519,13203,01.01.1966,31.12.2017,
NAME,La Chaux-de-Fonds,NE,La Chaux-de-Fonds,NE,6421,,16095,,,
NAME,Les Planchettes,NE,Les Planchettes,NE,6422,,16096,,,
NAME,La Sagne NE,NE,La Sagne,NE,6423,,16097,,,
NAME,Les Brenets,NE,Les Brenets,NE,6431,7558,16098,,31.12.2020,
NAME,La Brévine,NE,La Brévine,NE,6432,,16099,,,
NAME,Brot-Plamboz,NE,Brot-Plamboz,NE,6433,,16100,,,
NAME,Le Cerneux-Péquignot,NE,Le Cerneux-Péquignot,NE,6434,,16101,,,
NAME,La Chaux-du-Milieu,NE,La Chaux-du-Milieu,NE,6435,,16102,,,
NAME,Le Locle,NE,Le Locle,NE,6436,,16605,,,
NAME,Les Ponts-de-Martel,NE,Les Ponts-de-Martel,NE,6437,,16104,,,
NAME,Cornaux NE,NE,Cornaux,NE,6451,,16105,,,
NAME,Cressier NE,NE,Cressier,NE,6452,,16106,,,
NAME,Enges,NE,Enges,NE,6453,,16107,,,
NAME,Hauterive NE,NE,Hauterive,NE,6454,,16108,,,
SUCCESSOR,Le Landeron,NE,Landeron-Combes,NE,6455,6455,11272,,31.12.1965,See placeOfOriginID=6455/placeOfOriginName=Le Landeron
NAME,Le Landeron,NE,Le Landeron,NE,6455,,16109,01.01.1966,,
NAME,Lignières,NE,Lignières,NE,6456,,16110,,,
NAME,Marin-Epagnier,NE,Marin-Epagnier,NE,6457,6461,12760,,31.12.2008,
NAME,Neuchâtel,NE,Neuchâtel,NE,6458,,16604,,,
MANUAL,St-Blaise,NE,Saint-Blaise,NE,6459,,16112,,,
NAME_PREFIX,Thielle,NE,Thielle-Wavre,NE,6460,6461,10567,,31.12.2008,
MANUAL,Marin-Epagnier,NE,La Tène,NE,6461,,16113,01.01.2009,,grösste Gemeinde
NAME,Boudevilliers,NE,Boudevilliers,NE,6471,7926,11841,,31.12.2012,
NAME,Cernier,NE,Cernier,NE,6472,7927,11391,,31.12.2012,
SUCCESSOR,Chézard-St-Martin,NE,Chézard-Saint-Martin,NE,6473,7928,11614,,31.12.2012,See placeOfOriginID=7928/placeOfOriginName=Chézard-Saint-Martin (Val-de-Ruz)
NAME,Coffrane,NE,Coffrane,NE,6474,7929,11600,,31.12.2012,
NAME,Dombresson,NE,Dombresson,NE,6475,7930,12194,,31.12.2012,
NAME,Engollon,NE,Engollon,NE,6476,7931,12295,,31.12.2012,
MANUAL,Fenin,NE,Fenin-Vilars-Saules,NE,6477,7932,11983,,31.12.2012,
NAME,Fontainemelon,NE,Fontainemelon,NE,6478,7933,11945,,31.12.2012,
NAME,Fontaines NE,NE,Fontaines,NE,6479,7934,11931,,31.12.2012,
NAME,Les Geneveys-sur-Coffrane,NE,Les Geneveys-sur-Coffrane,NE,6480,7935,12772,,31.12.2012,
NAME,Les Hauts-Geneveys,NE,Les Hauts-Geneveys,NE,6481,7936,12788,,31.12.2012,
NAME,Montmollin,NE,Montmollin,NE,6482,7937,12325,,31.12.2012,
NAME,Le Pâquier NE,NE,Le Pâquier,NE,6483,7938,12619,,31.12.2012,
NAME,Savagnier,NE,Savagnier,NE,6484,7939,13062,,31.12.2012,
NAME,Valangin,NE,Valangin,NE,6485,7557,16114,,31.12.2020,
NAME,Villiers,NE,Villiers,NE,6486,7940,10037,,31.12.2012,
NAME,Les Bayards,NE,Les Bayards,NE,6501,6512,12792,,31.12.2008,
NAME,Boveresse,NE,Boveresse,NE,6502,6512,11849,,31.12.2008,
NAME,Buttes,NE,Buttes,NE,6503,6512,11487,,31.12.2008,
NAME,La Côte-aux-Fées,NE,La Côte-aux-Fées,NE,6504,,16116,,,
NAME,Couvet,NE,Couvet,NE,6505,6512,11526,,31.12.2008,
NAME,Fleurier,NE,Fleurier,NE,6506,6512,11943,,31.12.2008,
NAME,Môtiers NE,NE,Môtiers,NE,6507,6512,12375,,31.12.2008,
NAME,Noiraigue,NE,Noiraigue,NE,6508,6512,12572,,31.12.2008,
SUCCESSOR,Travers,NE,Saint-Sulpice,NE,6509,6512,13026,,31.12.2008,See placeOfOriginID=6512/placeOfOriginName=Val-de-Travers
NAME,Travers,NE,Travers,NE,6510,6512,10883,,31.12.2008,
NAME,Les Verrières,NE,Les Verrières,NE,6511,,16117,,,
NAME_SUFFIX,Travers,NE,Val-de-Travers,NE,6512,,16118,01.01.2009,,
NAME,Aire-la-Ville,GE,Aire-la-Ville,GE,6601,,11726,,,
NAME,Anières,GE,Anières,GE,6602,,11776,,,
NAME,Avully,GE,Avully,GE,6603,,11664,,,
MANUAL,Athenaz (Avusy),GE,Avusy,GE,6604,,11665,,,
MANUAL,La Croix-de-Rozon,GE,Bardonnex,GE,6605,,11692,,,
NAME,Bellevue,GE,Bellevue,GE,6606,,11880,,,
NAME,Bernex,GE,Bernex,GE,6607,,11853,,,
NAME,Carouge GE,GE,Carouge,GE,6608,,11400,,,
NAME,Cartigny,GE,Cartigny,GE,6609,,11411,,,
NAME,Céligny,GE,Céligny,GE,6610,,11387,,,
NAME,Chancy,GE,Chancy,GE,6611,,11439,,,
NAME,Chêne-Bougeries,GE,Chêne-Bougeries,GE,6612,,11431,,,
NAME,Chêne-Bourg,GE,Chêne-Bourg,GE,6613,,11535,,,
NAME,Choulex,GE,Choulex,GE,6614,,11586,,,
MANUAL,Collex,GE,Collex-Bossy,GE,6615,,11595,,,
NAME,Collonge-Bellerive,GE,Collonge-Bellerive,GE,6616,,11597,,,
NAME,Cologny,GE,Cologny,GE,6617,,11599,,,
NAME,Confignon,GE,Confignon,GE,6618,,11651,,,
NAME,Corsier GE,GE,Corsier,GE,6619,,11569,,,
NAME,Dardagny,GE,Dardagny,GE,6620,,11582,,,
NAME,Genève,GE,Genève,GE,6621,,12099,,,
NAME,Genthod,GE,Genthod,GE,6622,,12097,,,
NAME,Le Grand-Saconnex,GE,Le Grand-Saconnex,GE,6623,,12606,,,
NAME,Gy,GE,Gy,GE,6624,,11959,,,
NAME,Hermance,GE,Hermance,GE,6625,,12296,,,
NAME,Jussy,GE,Jussy,GE,6626,,12642,,,
NAME,Laconnex,GE,Laconnex,GE,6627,,12575,,,
MANUAL,Grand-Lancy,GE,Lancy,GE,6628,,12624,,,grösste Gemeinde
NAME,Meinier,GE,Meinier,GE,6629,,12409,,,
NAME,Meyrin,GE,Meyrin,GE,6630,,12430,,,
NAME,Onex,GE,Onex,GE,6631,,12484,,,
MANUAL,Perly,GE,Perly-Certoux,GE,6632,,13155,,,
NAME,Plan-les-Ouates,GE,Plan-les-Ouates,GE,6633,,13114,,,
SUCCESSOR,Chambésy,GE,Pregny,GE,6634,6634,,,31.12.1959,See placeOfOriginID=6634/placeOfOriginName=Pregny-Chambésy
NAME_SUFFIX,Chambésy,GE,Pregny-Chambésy,GE,6634,,13110,01.01.1960,,
NAME,Presinge,GE,Presinge,GE,6635,,13107,,,
NAME,Puplinge,GE,Puplinge,GE,6636,,13094,,,
NAME,Russin,GE,Russin,GE,6637,,12872,,,
NAME,Satigny,GE,Satigny,GE,6638,,13051,,,
NAME,Soral,GE,Soral,GE,6639,,10414,,,
NAME,Thônex,GE,Thônex,GE,6640,,10569,,,
NAME,Troinex,GE,Troinex,GE,6641,,10896,,,
NAME,Vandoeuvres,GE,Vandoeuvres,GE,6642,,10942,,,
NAME,Vernier,GE,Vernier,GE,6643,,10918,,,
NAME,Versoix,GE,Versoix,GE,6644,,10921,,,
NAME,Veyrier,GE,Veyrier,GE,6645,,10902,,,
NAME,Bassecourt,JU,Bassecourt,BE,6701,6701,10982,,31.12.1978,
NAME,Bassecourt,JU,Bassecourt,JU,6701,6729,13272,01.01.1979,31.12.2012,
NAME,Boécourt,JU,Boécourt,BE,6702,6702,10983,,31.12.1978,
NAME,Boécourt,JU,Boécourt,JU,6702,,13273,01.01.1979,,
NAME,Bourrignon,JU,Bourrignon,BE,6703,6703,,,31.12.1978,
NAME,Bourrignon,JU,Bourrignon,JU,6703,,13274,01.01.1979,,
SUCCESSOR,Châtillon JU,JU,Châtillon,BE,6704,6704,,,31.12.1978,See placeOfOriginID=6704/placeOfOriginName=Châtillon
NAME,Châtillon JU,JU,Châtillon,JU,6704,,13275,01.01.1979,,
NAME,Corban,JU,Corban,BE,6705,6705,,,31.12.1978,
NAME,Corban,JU,Corban,JU,6705,7324,13276,01.01.1979,31.12.2017,
NAME,Courchapoix,JU,Courchapoix,BE,6706,6706,,,31.12.1978,
NAME,Courchapoix,JU,Courchapoix,JU,6706,,13277,01.01.1979,,
NAME,Courfaivre,JU,Courfaivre,BE,6707,6707,,,31.12.1978,
NAME,Courfaivre,JU,Courfaivre,JU,6707,6729,13278,01.01.1979,31.12.2012,
NAME,Courrendlin,JU,Courrendlin,BE,6708,6708,,,31.12.1978,
NAME,Courrendlin,JU,Courrendlin,JU,6708,,16127,01.01.1979,,
NAME,Courroux,JU,Courroux,BE,6709,6709,,,31.12.1978,
NAME,Courroux,JU,Courroux,JU,6709,,13280,01.01.1979,,
NAME,Courtételle,JU,Courtételle,BE,6710,6710,10991,,31.12.1978,
NAME,Courtételle,JU,Courtételle,JU,6710,,13281,01.01.1979,,
NAME,Delémont,JU,Delémont,BE,6711,6711,,,31.12.1978,
NAME,Delémont,JU,Delémont,JU,6711,,13282,01.01.1979,,
NAME,Develier,JU,Develier,BE,6712,6712,,,31.12.1978,
NAME,Develier,JU,Develier,JU,6712,,13283,01.01.1979,,
NAME,Ederswiler,JU,Ederswiler,BE,6713,6713,,,31.12.1978,
NAME,Ederswiler,JU,Ederswiler,JU,6713,,13284,01.01.1979,,
NAME,Glovelier,JU,Glovelier,BE,6714,6714,10995,,31.12.1978,
NAME,Glovelier,JU,Glovelier,JU,6714,6729,13285,01.01.1979,31.12.2012,
NAME,Mervelier,JU,Mervelier,BE,6715,6715,,,31.12.1978,
NAME,Mervelier,JU,Mervelier,JU,6715,,13286,01.01.1979,,
NAME,Mettembert,JU,Mettembert,BE,6716,6716,,,31.12.1978,
NAME,Mettembert,JU,Mettembert,JU,6716,,13680,01.01.1979,,
NAME,Montsevelier,JU,Montsevelier,BE,6717,6717,,,31.12.1978,
NAME,Montsevelier,JU,Montsevelier,JU,6717,6730,13288,01.01.1979,31.12.2012,
NAME,Movelier,JU,Movelier,BE,6718,6718,,,31.12.1978,
NAME,Movelier,JU,Movelier,JU,6718,,13289,01.01.1979,,
NAME,Pleigne,JU,Pleigne,BE,6719,6719,,,31.12.1978,
NAME,Pleigne,JU,Pleigne,JU,6719,,13290,01.01.1979,,
NAME,Rebeuvelier,JU,Rebeuvelier,BE,6720,6720,,,31.12.1978,
NAME,Rebeuvelier,JU,Rebeuvelier,JU,6720,7467,13291,01.01.1979,31.12.2018,
NAME,Rossemaison,JU,Rossemaison,BE,6721,6721,,,31.12.1978,
NAME,Rossemaison,JU,Rossemaison,JU,6721,,13292,01.01.1979,,
NAME,Saulcy,JU,Saulcy,BE,6722,6722,,,31.12.1978,
NAME,Saulcy,JU,Saulcy,JU,6722,,13293,01.01.1979,,
NAME,Soulce,JU,Soulce,BE,6723,6723,,,31.12.1978,
NAME,Soulce,JU,Soulce,JU,6723,6729,13294,01.01.1979,31.12.2012,
NAME,Soyhières,JU,Soyhières,BE,6724,6724,,,31.12.1978,
NAME,Soyhières,JU,Soyhières,JU,6724,,13295,01.01.1979,,
NAME,Undervelier,JU,Undervelier,BE,6725,6725,,,31.12.1978,
NAME,Undervelier,JU,Undervelier,JU,6725,6729,13296,01.01.1979,31.12.2012,
NAME,Vermes,JU,Vermes,BE,6726,6726,,,31.12.1978,
NAME,Vermes,JU,Vermes,JU,6726,6730,13297,01.01.1979,31.12.2012,
NAME,Vicques,JU,Vicques,BE,6727,6727,,,31.12.1978,
NAME,Vicques,JU,Vicques,JU,6727,6730,13298,01.01.1979,31.12.2012,
NAME,Vellerat,JU,Vellerat,BE,6728,6728,,,31.12.1995,
NAME,Vellerat,JU,Vellerat,JU,6728,7466,14087,01.01.1996,31.12.2018,
MANUAL,Bassecourt,JU,Haute-Sorne,JU,6729,,15624,01.01.2013,,grösste Gemeinde
MANUAL,Vicques,JU,Val Terbi,JU,6730,,16119,01.01.2013,,grösste Gemeinde
SUCCESSOR,Le Bémont JU,JU,Le Bémont,BE,6741,6741,,,31.12.1978,See placeOfOriginID=6741/placeOfOriginName=Le Bémont
NAME,Le Bémont JU,JU,Le Bémont,JU,6741,,13299,01.01.1979,,
NAME,Les Bois,JU,Les Bois,BE,6742,6742,,,31.12.1978,
NAME,Les Bois,JU,Les Bois,JU,6742,,13300,01.01.1979,,
NAME,Les Breuleux,JU,Les Breuleux,BE,6743,6743,,,31.12.1978,
NAME,Les Breuleux,JU,Les Breuleux,JU,6743,,13301,01.01.1979,,
NAME,La Chaux-des-Breuleux,JU,La Chaux-des-Breuleux,BE,6744,6744,,,31.12.1978,
NAME,La Chaux-des-Breuleux,JU,La Chaux-des-Breuleux,JU,6744,,13302,01.01.1979,,
NAME,Les Enfers,JU,Les Enfers,BE,6745,6745,,,31.12.1978,
NAME,Les Enfers,JU,Les Enfers,JU,6745,,13303,01.01.1979,,
NAME,Epauvillers,JU,Epauvillers,BE,6746,6746,,,31.12.1978,
NAME,Epauvillers,JU,Epauvillers,JU,6746,6808,13304,01.01.1979,31.12.2008,
NAME,Epiquerez,JU,Epiquerez,BE,6747,6747,,,31.12.1978,
NAME,Epiquerez,JU,Epiquerez,JU,6747,6808,13305,01.01.1979,31.12.2008,
SUCCESSOR,Les Genevez JU,JU,Les Genevez,BE,6748,6748,,,31.12.1978,See placeOfOriginID=6748/placeOfOriginName=Les Genevez
NAME,Les Genevez JU,JU,Les Genevez,JU,6748,,13306,01.01.1979,,
NAME,Goumois,JU,Goumois,BE,6749,6749,10961,,31.12.1978,
NAME,Goumois,JU,Goumois,JU,6749,6757,13307,01.01.1979,31.12.2008,
SUCCESSOR,Lajoux JU,JU,Lajoux,BE,6750,6750,,,31.12.1978,See placeOfOriginID=6750/placeOfOriginName=Lajoux
NAME,Lajoux JU,JU,Lajoux,JU,6750,,13308,01.01.1979,,
NAME,Montfaucon,JU,Montfaucon,BE,6751,6751,,,31.12.1978,
NAME,Montfaucon,JU,Montfaucon,JU,6751,,14967,01.01.1979,,
NAME,Montfavergier,JU,Montfavergier,BE,6752,6752,,,31.12.1978,
NAME,Montfavergier,JU,Montfavergier,JU,6752,6751,13310,01.01.1979,31.12.2008,
NAME,Muriaux,JU,Muriaux,BE,6753,6753,,,31.12.1978,
NAME,Muriaux,JU,Muriaux,JU,6753,,14968,01.01.1979,,
NAME,Le Noirmont,JU,Le Noirmont,BE,6754,6754,,,31.12.1978,
NAME,Le Noirmont,JU,Le Noirmont,JU,6754,,13312,01.01.1979,,
SUCCESSOR,Muriaux,JU,Le Peuchapatte,BE,6755,6755,,,31.12.1978,See placeOfOriginID=6755/placeOfOriginName=Le Peuchapatte
SUCCESSOR,Muriaux,JU,Le Peuchapatte,JU,6755,6753,13313,01.01.1979,31.12.2008,See placeOfOriginID=6753/placeOfOriginName=Muriaux
NAME,Les Pommerats,JU,Les Pommerats,BE,6756,6756,10968,,31.12.1978,
NAME,Les Pommerats,JU,Les Pommerats,JU,6756,6757,13314,01.01.1979,31.12.2008,
NAME,Saignelégier,JU,Saignelégier,BE,6757,6757,10969,,31.12.1978,
NAME,Saignelégier,JU,Saignelégier,JU,6757,,14966,01.01.1979,,
MANUAL,St-Brais,JU,Saint-Brais,JU,6758,,13316,01.01.1979,,
NAME,Soubey,JU,Soubey,BE,6759,6759,,,31.12.1978,
NAME,Soubey,JU,Soubey,JU,6759,,13317,01.01.1979,,
NAME,Alle,JU,Alle,BE,6771,6771,,,31.12.1978,
NAME,Alle,JU,Alle,JU,6771,,13318,01.01.1979,,
NAME,Asuel,JU,Asuel,BE,6772,6772,,,31.12.1978,
NAME,Asuel,JU,Asuel,JU,6772,6810,13319,01.01.1979,31.12.2008,
NAME,Beurnevésin,JU,Beurnevésin,BE,6773,6773,,,31.12.1978,
NAME,Beurnevésin,JU,Beurnevésin,JU,6773,,13320,01.01.1979,,
NAME,Boncourt,JU,Boncourt,BE,6774,6774,10975,,31.12.1978,
NAME,Boncourt,JU,Boncourt,JU,6774,,13321,01.01.1979,,
NAME,Bonfol,JU,Bonfol,BE,6775,6775,,,31.12.1978,
NAME,Bonfol,JU,Bonfol,JU,6775,,13322,01.01.1979,,
NAME,Bressaucourt,JU,Bressaucourt,BE,6776,6776,,,31.12.1978,
NAME,Bressaucourt,JU,Bressaucourt,JU,6776,6790,13323,01.01.1979,31.12.2012,
NAME,Buix,JU,Buix,BE,6777,6777,,,31.12.1978,
NAME,Buix,JU,Buix,JU,6777,6807,13324,01.01.1979,31.12.2008,
NAME,Bure,JU,Bure,BE,6778,6778,,,31.12.1978,
NAME,Bure,JU,Bure,JU,6778,,13325,01.01.1979,,
NAME,Charmoille,JU,Charmoille,BE,6779,6779,,,31.12.1978,
NAME,Charmoille,JU,Charmoille,JU,6779,6810,13326,01.01.1979,31.12.2008,
NAME,Chevenez,JU,Chevenez,BE,6780,6780,,,31.12.1978,
NAME,Chevenez,JU,Chevenez,JU,6780,6809,13327,01.01.1979,31.12.2008,
NAME,Coeuve,JU,Coeuve,BE,6781,6781,,,31.12.1978,
NAME,Coeuve,JU,Coeuve,JU,6781,,13328,01.01.1979,,
NAME,Cornol,JU,Cornol,BE,6782,6782,,,31.12.1978,
NAME,Cornol,JU,Cornol,JU,6782,,13329,01.01.1979,,
NAME,Courchavon,JU,Courchavon,BE,6783,6783,,,31.12.1978,
NAME,Courchavon,JU,Courchavon,JU,6783,,13330,01.01.1979,,
NAME,Courgenay,JU,Courgenay,BE,6784,6784,,,31.12.1978,
NAME,Courgenay,JU,Courgenay,JU,6784,,13331,01.01.1979,,
NAME,Courtedoux,JU,Courtedoux,BE,6785,6785,,,31.12.1978,
NAME,Courtedoux,JU,Courtedoux,JU,6785,,13332,01.01.1979,,
NAME,Courtemaîche,JU,Courtemaîche,BE,6786,6786,,,31.12.1978,
NAME,Courtemaîche,JU,Courtemaîche,JU,6786,6807,13333,01.01.1979,31.12.2008,
NAME,Damphreux,JU,Damphreux,BE,6787,6787,,,31.12.1978,
NAME,Damphreux,JU,Damphreux,JU,6787,,13334,01.01.1979,,
NAME,Damvant,JU,Damvant,BE,6788,6788,,,31.12.1978,
NAME,Damvant,JU,Damvant,JU,6788,6809,13335,01.01.1979,31.12.2008,
NAME,Fahy,JU,Fahy,BE,6789,6789,11061,,31.12.1978,
NAME,Fahy,JU,Fahy,JU,6789,,13336,01.01.1979,,
NAME,Fontenais,JU,Fontenais,BE,6790,6790,,,31.12.1978,
NAME,Fontenais,JU,Fontenais,JU,6790,,15626,01.01.1979,,
NAME,Fregiécourt,JU,Fregiécourt,BE,6791,6791,,,31.12.1978,
NAME,Fregiécourt,JU,Fregiécourt,JU,6791,6810,13338,01.01.1979,31.12.2008,
NAME,Grandfontaine,JU,Grandfontaine,BE,6792,6792,,,31.12.1978,
NAME,Grandfontaine,JU,Grandfontaine,JU,6792,,13339,01.01.1979,,
NAME,Lugnez,JU,Lugnez,BE,6793,6793,,,31.12.1978,
NAME,Lugnez,JU,Lugnez,JU,6793,,13340,01.01.1979,,
NAME,Miécourt,JU,Miécourt,BE,6794,6794,,,31.12.1978,
NAME,Miécourt,JU,Miécourt,JU,6794,6810,13341,01.01.1979,31.12.2008,
NAME,Montenol,JU,Montenol,BE,6795,6795,,,31.12.1978,
NAME,Montenol,JU,Montenol,JU,6795,6808,13342,01.01.1979,31.12.2008,
NAME,Montignez,JU,Montignez,BE,6796,6796,,,31.12.1978,
NAME,Montignez,JU,Montignez,JU,6796,6807,13343,01.01.1979,31.12.2008,
NAME,Montmelon,JU,Montmelon,BE,6797,6797,,,31.12.1978,
NAME,Montmelon,JU,Montmelon,JU,6797,6808,13344,01.01.1979,31.12.2008,
NAME,Ocourt,JU,Ocourt,BE,6798,6798,,,31.12.1978,
NAME,Ocourt,JU,Ocourt,JU,6798,6808,13345,01.01.1979,31.12.2008,
NAME,Pleujouse,JU,Pleujouse,BE,6799,6799,,,31.12.1978,
NAME,Pleujouse,JU,Pleujouse,JU,6799,6810,13346,01.01.1979,31.12.2008,
NAME,Porrentruy,JU,Porrentruy,BE,6800,6800,11057,,31.12.1978,
NAME,Porrentruy,JU,Porrentruy,JU,6800,,13347,01.01.1979,,
NAME,Réclère,JU,Réclère,BE,6801,6801,,,31.12.1978,
NAME,Réclère,JU,Réclère,JU,6801,6809,13348,01.01.1979,31.12.2008,
NAME,Roche-d'Or,JU,Roche-d'Or,BE,6802,6802,,,31.12.1978,
NAME,Roche-d'Or,JU,Roche-d'Or,JU,6802,6809,13349,01.01.1979,31.12.2008,
NAME,Rocourt,JU,Rocourt,BE,6803,6803,,,31.12.1978,
NAME,Rocourt,JU,Rocourt,JU,6803,7323,13350,01.01.1979,31.12.2017,
SUCCESSOR,St-Ursanne,JU,Saint-Ursanne,BE,6804,6804,11020,,31.12.1978,See placeOfOriginID=6804/placeOfOriginName=Saint-Ursanne
SUCCESSOR,St-Ursanne,JU,Saint-Ursanne,JU,6804,6808,13351,01.01.1979,31.12.2008,See placeOfOriginID=6808/placeOfOriginName=Clos du Doubs
NAME,Seleute,JU,Seleute,BE,6805,6805,,,31.12.1978,
NAME,Seleute,JU,Seleute,JU,6805,6808,13352,01.01.1979,31.12.2008,
NAME,Vendlincourt,JU,Vendlincourt,BE,6806,6806,,,31.12.1978,
NAME,Vendlincourt,JU,Vendlincourt,JU,6806,,13353,01.01.1979,,
MANUAL,Courtemaîche,JU,Basse-Allaine,JU,6807,,14970,01.01.2009,,mehrere Orte
MANUAL,St-Ursanne,JU,Clos du Doubs,JU,6808,,14965,01.01.2009,,grösste Gemeinde
MANUAL,Chevenez,JU,Haute-Ajoie,JU,6809,,16120,01.01.2009,,grösste Gemeinde
MANUAL,Miécourt,JU,La Baroche,JU,6810,,14969,01.01.2009,,grösste Gemeinde
SUCCESSOR,Bussy-Chardonney,VD,Bussy-Chardonney (Bussy-sur-Morges),VD,7015,7573,,01.01.2016,30.06.2021,"See placeOfOriginID=7573/placeOfOriginName=Hautemorges (Bussy-Chardonney, Bussy-sur-Morges)"
SUCCESSOR,Bussy-Chardonney,VD,Bussy-Chardonney (Chardonney-sur-Morges),VD,7016,7574,,01.01.2016,30.06.2021,"See placeOfOriginID=7574/placeOfOriginName=Hautemorges (Bussy-Chardonney, Chardonney-sur-Morges)"
MANUAL,Montreux,VD,Montreux (Montreux-Châtelard),VD,7017,,,01.01.2016,,
MANUAL,Montreux,VD,Montreux (Montreux-Planches),VD,7018,,,01.01.2016,,
NAME_SUFFIX,Romainmôtier,VD,Romainmôtier-Envy (Romainmôtier),VD,7019,,,01.01.2016,,
MANUAL,Romainmôtier,VD,Romainmôtier-Envy (Envy),VD,7020,,,01.01.2016,,
MANUAL,Lussery-Villars,VD,Lussery-Villars (Villars-Lussery),VD,7021,,,01.01.2016,,
MANUAL,Lussery-Villars,VD,Lussery-Villars (Lussery),VD,7022,,,01.01.2016,,
MANUAL,Cudrefin,VD,Cudrefin (Champmartin),VD,7023,,,01.01.2016,,
MANUAL,Maracon,VD,Maracon (La Rogivue),VD,7024,,,01.01.2016,,
MANUAL,Rovray,VD,Rovray (Arrissoules),VD,7025,,,01.01.2016,,
NAME_SUFFIX,Rossens VD,VD,Villarzel (Rossens),VD,7026,,,01.01.2016,,
NAME_SUFFIX,Sédeilles,VD,Villarzel (Sédeilles),VD,7027,,,01.01.2016,,
NAME_SUFFIX,Donatyre,VD,Avenches (Donatyre),VD,7028,,,01.01.2016,,
NAME_SUFFIX,Mézery-près-Donneloye,VD,Donneloye (Mézery-près-Donneloye),VD,7029,,,01.01.2016,,
NAME_SUFFIX,Gossens,VD,Donneloye (Gossens),VD,7030,,,01.01.2016,,
MANUAL,Assens,VD,Assens (Malapalud),VD,7031,,,01.01.2016,,
NAME_SUFFIX,Cully,VD,Bourg-en-Lavaux (Cully),VD,7032,,,01.01.2016,,
NAME_SUFFIX,Epesses,VD,Bourg-en-Lavaux (Epesses),VD,7033,,,01.01.2016,,
NAME_SUFFIX,Grandvaux,VD,Bourg-en-Lavaux (Grandvaux),VD,7034,,,01.01.2016,,
NAME_SUFFIX,Riex,VD,Bourg-en-Lavaux (Riex),VD,7035,,,01.01.2016,,
MANUAL,Villette (Lavaux),VD,Bourg-en-Lavaux (Villette),VD,7036,,,01.01.2016,,
NAME_SUFFIX,Colombier VD,VD,Echichens (Colombier),VD,7037,,,01.01.2016,,
NAME_SUFFIX,Monnaz,VD,Echichens (Monnaz),VD,7038,,,01.01.2016,,
MANUAL,St-Saphorin-sur-Morges,VD,Echichens (Saint-Saphorin-sur-Morges),VD,7039,,,01.01.2016,,
NAME_SUFFIX,Fontanezier,VD,Tévenon (Fontanezier),VD,7040,,,01.01.2016,,
NAME_SUFFIX,Romairon,VD,Tévenon (Romairon),VD,7041,,,01.01.2016,,
NAME_SUFFIX,Vaugondry,VD,Tévenon (Vaugondry),VD,7042,,,01.01.2016,,
NAME_SUFFIX,Villars-Burquin,VD,Tévenon (Villars-Burquin),VD,7043,,,01.01.2016,,
NAME_SUFFIX,Bellerive VD,VD,Vully-les-Lacs (Bellerive),VD,7044,,,01.01.2016,,
NAME_SUFFIX,Chabrey,VD,Vully-les-Lacs (Chabrey),VD,7045,,,01.01.2016,,
NAME_SUFFIX,Constantine,VD,Vully-les-Lacs (Constantine),VD,7046,,,01.01.2016,,
NAME_SUFFIX,Montmagny,VD,Vully-les-Lacs (Montmagny),VD,7047,,,01.01.2016,,
MANUAL,Mur (Vully) VD,VD,Vully-les-Lacs (Mur),VD,7048,,,01.01.2016,,
NAME_SUFFIX,Vallamand,VD,Vully-les-Lacs (Vallamand),VD,7049,,,01.01.2016,,
NAME_SUFFIX,Villars-le-Grand,VD,Vully-les-Lacs (Villars-le-Grand),VD,7050,,,01.01.2016,,
NAME_SUFFIX,Pizy,VD,Aubonne (Pizy),VD,7051,,,01.01.2016,,
NAME_SUFFIX,Eclagnens,VD,Goumoëns (Eclagnens),VD,7052,,,01.01.2016,,
NAME_SUFFIX,Goumoens-la-Ville,VD,Goumoëns (Goumoens-la-Ville),VD,7053,,,01.01.2016,,
NAME_SUFFIX,Goumoens-le-Jux,VD,Goumoëns (Goumoens-le-Jux),VD,7054,,,01.01.2016,,
NAME_SUFFIX,Dommartin,VD,Montilliez (Dommartin),VD,7055,,,01.01.2016,,
NAME_SUFFIX,Naz,VD,Montilliez (Naz),VD,7056,,,01.01.2016,,
NAME_SUFFIX,Poliez-le-Grand,VD,Montilliez (Poliez-le-Grand),VD,7057,,,01.01.2016,,
NAME_SUFFIX,Sugnens,VD,Montilliez (Sugnens),VD,7058,,,01.01.2016,,
NAME_SUFFIX,Gressy,VD,Yverdon-les-Bains (Gressy),VD,7059,,,01.01.2016,,
NAME_SUFFIX,Oulens-sur-Lucens,VD,Lucens (Oulens-sur-Lucens),VD,7060,,,01.01.2016,,
NAME_SUFFIX,Montaubion-Chardonney,VD,Jorat-Menthue (Montaubion-Chardonney),VD,7061,,,01.01.2016,,
NAME_SUFFIX,Peney-le-Jorat,VD,Jorat-Menthue (Peney-le-Jorat),VD,7062,,,01.01.2016,,
NAME_SUFFIX,Sottens,VD,Jorat-Menthue (Sottens),VD,7063,,,01.01.2016,,
NAME_SUFFIX,Villars-Tiercelin,VD,Jorat-Menthue (Villars-Tiercelin),VD,7064,,,01.01.2016,,
NAME_SUFFIX,Villars-Mendraz,VD,Jorat-Menthue (Villars-Mendraz),VD,7065,,,01.01.2016,,
NAME_SUFFIX,Cerniaz VD,VD,Valbroye (Cerniaz),VD,7066,,,01.01.2016,,
NAME_SUFFIX,Combremont-le-Grand,VD,Valbroye (Combremont-le-Grand),VD,7067,,,01.01.2016,,
NAME_SUFFIX,Combremont-le-Petit,VD,Valbroye (Combremont-le-Petit),VD,7068,,,01.01.2016,,
NAME_SUFFIX,Granges-près-Marnand,VD,Valbroye (Granges-près-Marnand),VD,7069,,,01.01.2016,,
NAME_SUFFIX,Marnand,VD,Valbroye (Marnand),VD,7070,,,01.01.2016,,
NAME_SUFFIX,Sassel,VD,Valbroye (Sassel),VD,7071,,,01.01.2016,,
NAME_SUFFIX,Seigneux,VD,Valbroye (Seigneux),VD,7072,,,01.01.2016,,
NAME_SUFFIX,Villars-Bramard,VD,Valbroye (Villars-Bramard),VD,7073,,,01.01.2016,,
NAME_SUFFIX,Oleyres,VD,Avenches (Oleyres),VD,7074,,,01.01.2016,,
NAME_SUFFIX,Bussigny-sur-Oron,VD,Oron (Bussigny-sur-Oron),VD,7075,,,01.01.2016,,
NAME_SUFFIX,Châtillens,VD,Oron (Châtillens),VD,7076,,,01.01.2016,,
NAME_SUFFIX,Chesalles-sur-Oron,VD,Oron (Chesalles-sur-Oron),VD,7077,,,01.01.2016,,
NAME_SUFFIX,Ecoteaux,VD,Oron (Ecoteaux),VD,7078,,,01.01.2016,,
NAME_SUFFIX,Les Tavernes,VD,Oron (Les Tavernes),VD,7079,,,01.01.2016,,
NAME_SUFFIX,Les Thioleyres,VD,Oron (Les Thioleyres),VD,7080,,,01.01.2016,,
NAME_SUFFIX,Oron-la-Ville,VD,Oron (Oron-la-Ville),VD,7081,,,01.01.2016,,
NAME_SUFFIX,Oron-le-Châtel,VD,Oron (Oron-le-Châtel),VD,7082,,,01.01.2016,,
NAME_SUFFIX,Palézieux,VD,Oron (Palézieux),VD,7083,,,01.01.2016,,
NAME_SUFFIX,Vuibroye,VD,Oron (Vuibroye),VD,7084,,,01.01.2016,,
NAME_SUFFIX,Essert-sous-Champvent,VD,Champvent (Essert-sous-Champvent),VD,7085,,,01.01.2016,,
NAME_SUFFIX,Villars-sous-Champvent,VD,Champvent (Villars-sous-Champvent),VD,7086,,,01.01.2016,,
NAME_SUFFIX,Les Cullayes,VD,Servion (Les Cullayes),VD,7087,,,01.01.2016,,
NAME_SUFFIX,Prahins,VD,Donneloye (Prahins),VD,7088,,,01.01.2016,,
NAME_SUFFIX,Chanéaz,VD,Montanaire (Chanéaz),VD,7089,,,01.01.2016,,
NAME_SUFFIX,Chapelle-sur-Moudon,VD,Montanaire (Chapelle-sur-Moudon),VD,7090,,,01.01.2016,,
NAME_SUFFIX,Correvon,VD,Montanaire (Correvon),VD,7091,,,01.01.2016,,
NAME_SUFFIX,Denezy,VD,Montanaire (Denezy),VD,7092,,,01.01.2016,,
NAME_SUFFIX,Neyruz-sur-Moudon,VD,Montanaire (Neyruz-sur-Moudon),VD,7093,,,01.01.2016,,
NAME_SUFFIX,Martherenges,VD,Montanaire (Martherenges),VD,7094,,,01.01.2016,,
NAME_SUFFIX,Peyres-Possens,VD,Montanaire (Peyres-Possens),VD,7095,,,01.01.2016,,
MANUAL,St-Cierges,VD,Montanaire (Saint-Cierges),VD,7096,,,01.01.2016,,
NAME_SUFFIX,Thierrens,VD,Montanaire (Thierrens),VD,7097,,,01.01.2016,,
NAME_SUFFIX,Rochefort,NE,Brot-Dessous (Rochefort),NE,7098,,,01.01.2016,,
NAME_SUFFIX,Montfaucon,JU,Montfavergier (Montfaucon),JU,7099,,,01.03.2016,,
NAME_SUFFIX,Muriaux,JU,Le Peuchapatte (Muriaux),JU,7100,,,01.03.2016,,
NAME_SUFFIX,Saignelégier,JU,Goumois (Saignelégier),JU,7101,,,01.03.2016,,
NAME_SUFFIX,Saignelégier,JU,Les Pommerats (Saignelégier),JU,7102,,,01.03.2016,,
MANUAL,Asuel,JU,Asuel (La Baroche),JU,7103,,,01.03.2016,,
MANUAL,Charmoille,JU,Charmoille (La Baroche),JU,7104,,,01.03.2016,,
MANUAL,Fregiécourt,JU,Fregiécourt (La Baroche),JU,7105,,,01.03.2016,,
MANUAL,Miécourt,JU,Miécourt (La Baroche),JU,7106,,,01.03.2016,,
MANUAL,Pleujouse,JU,Pleujouse (La Baroche),JU,7107,,,01.03.2016,,
MANUAL,Buix,JU,Buix (Basse-Allaine),JU,7108,,,01.03.2016,,
MANUAL,Courtemaîche,JU,Courtemaîche (Basse-Allaine),JU,7109,,,01.03.2016,,
MANUAL,Montignez,JU,Montignez (Basse-Allaine),JU,7110,,,01.03.2016,,
MANUAL,Epauvillers,JU,Epauvillers (Clos du Doubs),JU,7111,,,01.03.2016,,
MANUAL,Epiquerez,JU,Epiquerez (Clos du Doubs),JU,7112,,,01.03.2016,,
MANUAL,Montenol,JU,Montenol (Clos du Doubs),JU,7113,,,01.03.2016,,
MANUAL,Montmelon,JU,Montmelon (Clos du Doubs),JU,7114,,,01.03.2016,,
MANUAL,Ocourt,JU,Ocourt (Clos du Doubs),JU,7115,,,01.03.2016,,
MANUAL,St-Ursanne,JU,Saint-Ursanne (Clos du Doubs),JU,7116,,,01.03.2016,,
MANUAL,Seleute,JU,Seleute (Clos du Doubs),JU,7117,,,01.03.2016,,
MANUAL,Chevenez,JU,Chevenez (Haute-Ajoie),JU,7118,,,01.03.2016,,
MANUAL,Damvant,JU,Damvant (Haute-Ajoie),JU,7119,,,01.03.2016,,"""@LOC:NAME"" ist der einzige in Frage kommende Ort in locations.csv"
MANUAL,Réclère,JU,Réclère (Haute-Ajoie),JU,7120,,,01.03.2016,,
MANUAL,Roche-d'Or,JU,Roche-d'Or (Haute-Ajoie),JU,7121,,,01.03.2016,,
MANUAL,Bassecourt,JU,Bassecourt (Haute-Sorne),JU,7122,,,01.03.2016,,
MANUAL,Courfaivre,JU,Courfaivre (Haute-Sorne),JU,7123,,,01.03.2016,,
MANUAL,Glovelier,JU,Glovelier (Haute-Sorne),JU,7124,,,01.03.2016,,
MANUAL,Soulce,JU,Soulce (Haute-Sorne),JU,7125,,,01.03.2016,,
MANUAL,Undervelier,JU,Undervelier (Haute-Sorne),JU,7126,,,01.03.2016,,
MANUAL,Montsevelier,JU,Montsevelier (Val Terbi),JU,7127,,,01.03.2016,,
MANUAL,Vermes,JU,Vermes (Val Terbi),JU,7128,,,01.03.2016,,
MANUAL,Vicques,JU,Vicques (Val Terbi),JU,7129,,,01.03.2016,,
NAME_SUFFIX,Fontenais,JU,Bressaucourt (Fontenais),JU,7130,,,01.03.2016,,
NAME_SUFFIX,Carrouge VD,VD,Jorat-Mézières (Carrouge),VD,7131,,,01.07.2016,,
NAME_SUFFIX,Ferlens VD,VD,Jorat-Mézières (Ferlens),VD,7132,,,01.07.2016,,
NAME_SUFFIX,Mézières VD,VD,Jorat-Mézières (Mézières),VD,7133,,,01.07.2016,,
NAME_SUFFIX,Chapelle (Broye),FR,Cheiry (Chapelle (Broye)),FR,7134,7538,,01.01.2017,31.12.2020,
NAME_SUFFIX,Vesin,FR,Cugy (Vesin),FR,7135,,,01.01.2017,,
MANUAL,Bussy FR,FR,Estavayer (Bussy (FR)),FR,7136,,,01.01.2017,,
NAME_SUFFIX,Estavayer-le-Lac,FR,Estavayer (Estavayer-le-Lac),FR,7137,,,01.01.2017,,
MANUAL,Morens FR,FR,Estavayer (Morens (FR)),FR,7138,,,01.01.2017,,
NAME_SUFFIX,Murist,FR,Estavayer (Murist),FR,7139,,,01.01.2017,,
NAME_SUFFIX,Rueyres-les-Prés,FR,Estavayer (Rueyres-les-Prés),FR,7140,,,01.01.2017,,
MANUAL,Forel FR,FR,Estavayer (Vernay),FR,7141,,,01.01.2017,,Sitz der Verwaltung vor der Fusion in Forel FR
NAME_SUFFIX,Vuissens,FR,Estavayer (Vuissens),FR,7142,,,01.01.2017,,
NAME_SUFFIX,Font,FR,Estavayer (Font),FR,7143,,,01.01.2017,,
NAME_SUFFIX,Autavaux,FR,Estavayer (Autavaux),FR,7144,,,01.01.2017,,
MANUAL,Forel FR,FR,Estavayer (Forel (FR)),FR,7145,,,01.01.2017,,
NAME_SUFFIX,Montbrelloz,FR,Estavayer (Montbrelloz),FR,7146,,,01.01.2017,,
MANUAL,Murist,FR,Estavayer (Franex),FR,7147,,,01.01.2017,,"""Am 1. Januar 1992 wurde Franex nach Murist eingemeindet. Seit 2017 gehört das Dorf zur Gemeinde Estavayer."""
MANUAL,Murist,FR,Estavayer (Montborget),FR,7148,,,01.01.2017,,
MANUAL,Murist,FR,Estavayer (La Vounaise),FR,7149,,,01.01.2017,,
NAME_SUFFIX,Bollion,FR,Lully (Bollion),FR,7150,,,01.01.2017,,
NAME_SUFFIX,Seiry,FR,Lully (Seiry),FR,7151,,,01.01.2017,,
MANUAL,Mannens,FR,Montagny (Mannens-Grandsivaz),FR,7152,,,01.01.2017,,
NAME_SUFFIX,Montagny-la-Ville,FR,Montagny (Montagny-la-Ville),FR,7153,,,01.01.2017,,
NAME_SUFFIX,Montagny-les-Monts,FR,Montagny (Montagny-les-Monts),FR,7154,,,01.01.2017,,
NAME_SUFFIX,Les Friques,FR,Saint-Aubin (FR) (Les Friques),FR,7155,,,01.01.2017,,
NAME_SUFFIX,Praratoud,FR,Surpierre (Praratoud),FR,7156,,,01.01.2017,,
MANUAL,Villeneuve FR,FR,Surpierre (Villeneuve (FR)),FR,7157,,,01.01.2017,,
NAME_SUFFIX,Aumont,FR,Les Montets (Aumont),FR,7158,,,01.01.2017,,
NAME_SUFFIX,Frasses,FR,Les Montets (Frasses),FR,7159,,,01.01.2017,,
NAME_SUFFIX,Granges-de-Vesin,FR,Les Montets (Granges-de-Vesin),FR,7160,,,01.01.2017,,
NAME_SUFFIX,Montet (Broye),FR,Les Montets (Montet (Broye)),FR,7161,,,01.01.2017,,
NAME_SUFFIX,Delley,FR,Delley-Portalban (Delley),FR,7162,,,01.01.2017,,
NAME_SUFFIX,Portalban,FR,Delley-Portalban (Portalban),FR,7163,,,01.01.2017,,
NAME_SUFFIX,Domdidier,FR,Belmont-Broye (Domdidier),FR,7164,,,01.01.2017,,
MANUAL,Dompierre FR,FR,Belmont-Broye (Dompierre (FR)),FR,7165,,,01.01.2017,,
NAME_SUFFIX,Léchelles,FR,Belmont-Broye (Léchelles),FR,7166,,,01.01.2017,,
NAME_SUFFIX,Russy,FR,Belmont-Broye (Russy),FR,7167,,,01.01.2017,,
NAME_SUFFIX,Chandon,FR,Belmont-Broye (Chandon),FR,7168,,,01.01.2017,,
NAME_SUFFIX,Châbles FR,FR,Cheyres-Châbles (Châbles),FR,7169,,,01.01.2017,,
NAME_SUFFIX,Cheyres,FR,Cheyres-Châbles (Cheyres),FR,7170,,,01.01.2017,,
NAME_SUFFIX,Billens,FR,Billens-Hennens (Billens),FR,7171,,,01.01.2017,,
NAME_SUFFIX,Hennens,FR,Billens-Hennens (Hennens),FR,7172,,,01.01.2017,,
MANUAL,Ecublens FR,FR,Ecublens (FR) (Eschiens),FR,7173,,,01.01.2017,,
MANUAL,Ecublens FR,FR,Ecublens (FR) (Villangeaux),FR,7174,,,01.01.2017,,
NAME_SUFFIX,Berlens,FR,Mézières (FR) (Berlens),FR,7175,,,01.01.2017,,
MANUAL,Romont FR,FR,Romont (FR) (Les Glânes),FR,7176,,,01.01.2017,,
MANUAL,Romont FR,FR,Romont (FR) (Arruffens),FR,7177,,,01.01.2017,,
NAME_SUFFIX,Gillarens,FR,Rue (Gillarens),FR,7178,,,01.01.2017,,
NAME_SUFFIX,Promasens,FR,Rue (Promasens),FR,7179,,,01.01.2017,,
NAME_SUFFIX,Blessens,FR,Rue (Blessens),FR,7180,,,01.01.2017,,
NAME_SUFFIX,Chavannes-les-Forts,FR,Siviriez (Chavannes-les-Forts),FR,7181,,,01.01.2017,,
NAME_SUFFIX,Prez-vers-Siviriez,FR,Siviriez (Prez-vers-Siviriez),FR,7182,,,01.01.2017,,
NAME_SUFFIX,Villaraboud,FR,Siviriez (Villaraboud),FR,7183,,,01.01.2017,,
MANUAL,Siviriez,FR,Siviriez (Le Saulgy),FR,7184,,,01.01.2017,,"""Am 1. Januar 1978 wurde Le Saulgy nach Siviriez eingemeindet."""
MANUAL,Siviriez,FR,Siviriez (Villaranon),FR,7185,,,01.01.2017,,"Villaranon hat nur 60 Einwohner und liegt geografisch »nahe« bei Siviriez, weswegen ich Siviriez eingetragen habe."
NAME_SUFFIX,Vuarmarens,FR,Ursy (Vuarmarens),FR,7186,,,01.01.2017,,
NAME_SUFFIX,Esmonts,FR,Ursy (Esmonts),FR,7187,,,01.01.2017,,
NAME_SUFFIX,Bionnens,FR,Ursy (Bionnens),FR,7188,,,01.01.2017,,
NAME_SUFFIX,Mossel,FR,Ursy (Mossel),FR,7189,,,01.01.2017,,
NAME_SUFFIX,Morlens,FR,Ursy (Morlens),FR,7190,,,01.01.2017,,
NAME_SUFFIX,Vauderens,FR,Ursy (Vauderens),FR,7191,,,01.01.2017,,
SUCCESSOR,Villaz-St-Pierre,FR,Villaz-Saint-Pierre (Fuyens),FR,7192,7534,,01.01.2017,31.12.2019,See placeOfOriginID=7534/placeOfOriginName=Villaz (Fuyens)
NAME_SUFFIX,La Neirigue,FR,Vuisternens-devant-Romont (La Neirigue),FR,7193,,,01.01.2017,,
NAME_SUFFIX,Les Ecasseys,FR,Vuisternens-devant-Romont (Les Ecasseys),FR,7194,,,01.01.2017,,
NAME_SUFFIX,Estévenens,FR,Vuisternens-devant-Romont (Estévenens),FR,7195,,,01.01.2017,,
NAME_SUFFIX,La Joux FR,FR,Vuisternens-devant-Romont (La Joux),FR,7196,,,01.01.2017,,
NAME_SUFFIX,Lieffrens,FR,Vuisternens-devant-Romont (Lieffrens),FR,7197,,,01.01.2017,,
NAME_SUFFIX,La Magne,FR,Vuisternens-devant-Romont (La Magne),FR,7198,,,01.01.2017,,
NAME_SUFFIX,Sommentier,FR,Vuisternens-devant-Romont (Sommentier),FR,7199,,,01.01.2017,,
NAME_SUFFIX,Villariaz,FR,Vuisternens-devant-Romont (Villariaz),FR,7200,,,01.01.2017,,
NAME_SUFFIX,Chavannes-sous-Orsonnens,FR,Villorsonnens (Chavannes-sous-Orsonnens),FR,7201,,,01.01.2017,,
NAME_SUFFIX,Orsonnens,FR,Villorsonnens (Orsonnens),FR,7202,,,01.01.2017,,
NAME_SUFFIX,Villargiroud,FR,Villorsonnens (Villargiroud),FR,7203,,,01.01.2017,,
NAME_SUFFIX,Villarsiviriaux,FR,Villorsonnens (Villarsiviriaux),FR,7204,,,01.01.2017,,
MANUAL,Chavannes-sous-Orsonnens,FR,Villorsonnens (Granges-la-Battiaz),FR,7205,,,01.01.2017,,
NAME_SUFFIX,Middes,FR,Torny (Middes),FR,7206,,,01.01.2017,,
NAME_SUFFIX,Torny-le-Grand,FR,Torny (Torny-le-Grand),FR,7207,,,01.01.2017,,
NAME_SUFFIX,Lussy FR,FR,La Folliaz (Lussy),FR,7208,7535,,01.01.2017,31.12.2019,
NAME_SUFFIX,Villarimboud,FR,La Folliaz (Villarimboud),FR,7209,7536,,01.01.2017,31.12.2019,
SUCCESSOR,Villarimboud,FR,La Folliaz (Macconnens),FR,7210,7537,,01.01.2017,31.12.2019,See placeOfOriginID=7537/placeOfOriginName=Villaz (Macconnens)
NAME_SUFFIX,Albeuve,FR,Haut-Intyamon (Albeuve),FR,7211,,,01.01.2017,,
NAME_SUFFIX,Lessoc,FR,Haut-Intyamon (Lessoc),FR,7212,,,01.01.2017,,
NAME_SUFFIX,Montbovon,FR,Haut-Intyamon (Montbovon),FR,7213,,,01.01.2017,,
NAME_SUFFIX,Neirivue,FR,Haut-Intyamon (Neirivue),FR,7214,,,01.01.2017,,
NAME_SUFFIX,Avry-devant-Pont,FR,Pont-en-Ogoz (Avry-devant-Pont),FR,7215,,,01.01.2017,,
NAME_SUFFIX,Le Bry,FR,Pont-en-Ogoz (Le Bry),FR,7216,,,01.01.2017,,
NAME_SUFFIX,Gumefens,FR,Pont-en-Ogoz (Gumefens),FR,7217,,,01.01.2017,,
MANUAL,Le Bry,FR,Pont-en-Ogoz (Villars-d'Affry),FR,7218,,,01.01.2017,,
NAME_SUFFIX,Villarbeney,FR,Botterens (Villarbeney),FR,7219,,,01.01.2017,,
NAME_SUFFIX,La Tour-de-Trême,FR,Bulle (La Tour-de-Trême),FR,7220,,,01.01.2017,,
NAME_SUFFIX,Villarvolard,FR,Corbières (Villarvolard),FR,7221,,,01.01.2017,,
NAME_SUFFIX,Vuippens,FR,Marsens (Vuippens),FR,7222,,,01.01.2017,,
NAME_SUFFIX,Maules,FR,Sâles (Maules),FR,7223,,,01.01.2017,,
NAME_SUFFIX,Romanens,FR,Sâles (Romanens),FR,7224,,,01.01.2017,,
NAME_SUFFIX,Rueyres-Treyfayes,FR,Sâles (Rueyres-Treyfayes),FR,7225,,,01.01.2017,,
NAME_SUFFIX,Enney,FR,Bas-Intyamon (Enney),FR,7226,,,01.01.2017,,
NAME_SUFFIX,Estavannens,FR,Bas-Intyamon (Estavannens),FR,7227,,,01.01.2017,,
NAME_SUFFIX,Villars-sous-Mont,FR,Bas-Intyamon (Villars-sous-Mont),FR,7228,,,01.01.2017,,
MANUAL,Cerniat FR,FR,Val-de-Charmey (Cerniat (FR)),FR,7229,,,01.01.2017,,
MANUAL,Charmey (Gruyère),FR,Val-de-Charmey (Charmey),FR,7230,,,01.01.2017,,
NAME_SUFFIX,Avry-sur-Matran,FR,Avry (Avry-sur-Matran),FR,7231,,,01.01.2017,,
NAME_SUFFIX,Corjolens,FR,Avry (Corjolens),FR,7232,,,01.01.2017,,
NAME_SUFFIX,Autafond,FR,Belfaux (Autafond),FR,7233,,,01.01.2017,,
MANUAL,Belfaux,FR,Belfaux (Cutterwil),FR,7234,,,01.01.2017,,
NAME_SUFFIX,Chésopelloz,FR,Corminboeuf (Chésopelloz),FR,7235,,,01.01.2017,,
SUCCESSOR,Ependes FR,FR,Ependes (FR) (Sales),FR,7236,7541,,01.01.2017,31.12.2020,See placeOfOriginID=7541/placeOfOriginName=Bois-d'Amont (Sales)
MANUAL,Grolley,FR,Grolley (Corsalettes (Lac)),FR,7237,,,01.01.2017,,
MANUAL,Marly,FR,Marly (Chésalles),FR,7238,,,01.01.2017,,
MANUAL,Marly,FR,Marly (Marly-le-Grand),FR,7239,,,01.01.2017,,
MANUAL,Marly,FR,Marly (Marly-le-Petit),FR,7240,,,01.01.2017,,
NAME_SUFFIX,Nierlet-les-Bois,FR,Ponthaux (Nierlet-les-Bois),FR,7241,,,01.01.2017,,
NAME_SUFFIX,Bonnefontaine,FR,Le Mouret (Bonnefontaine),FR,7242,,,01.01.2017,,
NAME_SUFFIX,Essert FR,FR,Le Mouret (Essert),FR,7243,,,01.01.2017,,
NAME_SUFFIX,Montévraz,FR,Le Mouret (Montévraz),FR,7244,,,01.01.2017,,
NAME_SUFFIX,Oberried FR,FR,Le Mouret (Oberried),FR,7245,,,01.01.2017,,
MANUAL,Le Mouret,FR,Le Mouret (Praroman),FR,7246,,,01.01.2017,,
NAME_SUFFIX,Zénauva,FR,Le Mouret (Zénauva),FR,7247,,,01.01.2017,,
MANUAL,Le Mouret,FR,Le Mouret (Montécu),FR,7248,,,01.01.2017,,
NAME_SUFFIX,Ecuvillens,FR,Hauterive (FR) (Ecuvillens),FR,7249,,,01.01.2017,,
NAME_SUFFIX,Posieux,FR,Hauterive (FR) (Posieux),FR,7250,,,01.01.2017,,
NAME_SUFFIX,Lentigny,FR,La Brillaz (Lentigny),FR,7251,,,01.01.2017,,
NAME_SUFFIX,Lovens,FR,La Brillaz (Lovens),FR,7252,,,01.01.2017,,
NAME_SUFFIX,Onnens FR,FR,La Brillaz (Onnens),FR,7253,,,01.01.2017,,
NAME_SUFFIX,La Corbaz,FR,La Sonnaz (La Corbaz),FR,7254,,,01.01.2017,,
NAME_SUFFIX,Cormagens,FR,La Sonnaz (Cormagens),FR,7255,,,01.01.2017,,
MANUAL,Lossy,FR,La Sonnaz (Lossy-Formangueires),FR,7256,,,01.01.2017,,"Lossy Formanguelres besteht aus zwei Gemeinden, die Einwohnerzahlen sind gering, weswegen die erste Gemeinde ausgewählt wurde"
NAME_SUFFIX,Formangueires,FR,La Sonnaz (Formangueires),FR,7257,,,01.01.2017,,
NAME_SUFFIX,Lossy,FR,La Sonnaz (Lossy),FR,7258,,,01.01.2017,,
MANUAL,Corpataux,FR,Gibloux (Corpataux-Magnedens),FR,7259,,,01.01.2017,,grösste Gemeinde
MANUAL,Farvagny-le-Grand,FR,Gibloux (Farvagny),FR,7260,,,01.01.2017,,grössere Farvagny Gemeinde gewählt
MANUAL,Farvagny-le-Grand,FR,Gibloux (Le Glèbe),FR,7261,,,01.01.2017,,grösste Gemeinde
MANUAL,Rossens FR,FR,Gibloux (Rossens (FR)),FR,7262,,,01.01.2017,,
NAME_SUFFIX,Vuisternens-en-Ogoz,FR,Gibloux (Vuisternens-en-Ogoz),FR,7263,,,01.01.2017,,
NAME_SUFFIX,Estavayer-le-Gibloux,FR,Gibloux (Estavayer-le-Gibloux),FR,7264,,,01.01.2017,,
MANUAL,Rueyres-St-Laurent,FR,Gibloux (Rueyres-Saint-Laurent),FR,7265,,,01.01.2017,,
NAME_SUFFIX,Villarlod,FR,Gibloux (Villarlod),FR,7266,,,01.01.2017,,
NAME_SUFFIX,Villarsel-le-Gibloux,FR,Gibloux (Villarsel-le-Gibloux),FR,7267,,,01.01.2017,,
NAME_SUFFIX,Corpataux,FR,Gibloux (Corpataux),FR,7268,,,01.01.2017,,
NAME_SUFFIX,Magnedens,FR,Gibloux (Magnedens),FR,7269,,,01.01.2017,,
NAME_SUFFIX,Farvagny-le-Grand,FR,Gibloux (Farvagny-le-Grand),FR,7270,,,01.01.2017,,
NAME_SUFFIX,Farvagny-le-Petit,FR,Gibloux (Farvagny-le-Petit),FR,7271,,,01.01.2017,,
NAME_SUFFIX,Grenilles,FR,Gibloux (Grenilles),FR,7272,,,01.01.2017,,
NAME_SUFFIX,Posat,FR,Gibloux (Posat),FR,7273,,,01.01.2017,,
MANUAL,Rossens FR,FR,Gibloux (Illens),FR,7274,,,01.01.2017,,"""Vor ihrer Fusion mit der Gemeinde Rossens per 1. Januar 1972 galt sie mit ihren rund einem Dutzend Einwohnern als die kleinste Gemeinde der Schweiz."""
NAME_SUFFIX,Barberêche,FR,Courtepin (Barberêche),FR,7275,,,01.01.2017,,
NAME_SUFFIX,Villarepos,FR,Courtepin (Villarepos),FR,7276,,,01.01.2017,,
NAME_SUFFIX,Wallenried,FR,Courtepin (Wallenried),FR,7277,,,01.01.2017,,
NAME_SUFFIX,Courtaman,FR,Courtepin (Courtaman),FR,7278,,,01.01.2017,,
MANUAL,Villarepos,FR,Courtepin (Chandossel),FR,7279,,,01.01.2017,,
NAME_SUFFIX,Cordast,FR,Gurmels (Cordast),FR,7280,,,01.01.2017,,
NAME_SUFFIX,Guschelmuth,FR,Gurmels (Guschelmuth),FR,7281,,,01.01.2017,,
NAME_SUFFIX,Liebistorf,FR,Gurmels (Liebistorf),FR,7282,,,01.01.2017,,
NAME_SUFFIX,Wallenbuch,FR,Gurmels (Wallenbuch),FR,7283,,,01.01.2017,,
NAME_SUFFIX,Kleingurmels,FR,Gurmels (Kleingurmels),FR,7284,,,01.01.2017,,
MANUAL,Gurmels,FR,Gurmels (Grossgurmels),FR,7285,,,01.01.2017,,
MANUAL,Gurmels,FR,Gurmels (Monterschu),FR,7286,,,01.01.2017,,"""Am 1. Januar 1978 fusionierte Monterschu mit dem damaligen Grossgurmels zur neuen Gemeinde Gurmels."""
MANUAL,Guschelmuth,FR,Gurmels (Grossguschelmuth),FR,7287,,,01.01.2017,,
MANUAL,Guschelmuth,FR,Gurmels (Kleinguschelmuth),FR,7288,,,01.01.2017,,
NAME_SUFFIX,Cormérod,FR,Misery-Courtion (Cormérod),FR,7289,,,01.01.2017,,
NAME_SUFFIX,Cournillens,FR,Misery-Courtion (Cournillens),FR,7290,,,01.01.2017,,
NAME_SUFFIX,Courtion,FR,Misery-Courtion (Courtion),FR,7291,,,01.01.2017,,
NAME_SUFFIX,Misery,FR,Misery-Courtion (Misery),FR,7292,,,01.01.2017,,
NAME_SUFFIX,Courlevon,FR,Murten (Courlevon),FR,7293,,,01.01.2017,,
NAME_SUFFIX,Jeuss,FR,Murten (Jeuss),FR,7294,,,01.01.2017,,
NAME_SUFFIX,Lurtigen,FR,Murten (Lurtigen),FR,7295,,,01.01.2017,,
NAME_SUFFIX,Salvenach,FR,Murten (Salvenach),FR,7296,,,01.01.2017,,
NAME_SUFFIX,Büchslen,FR,Murten (Büchslen),FR,7297,,,01.01.2017,,
MANUAL,Murten,FR,Murten (Altavilla),FR,7298,,,01.01.2017,,
MANUAL,Murten,FR,Murten (Burg),FR,7299,,,01.01.2017,,"""Am 1. Januar 1975 wurde Burg nach Murten eingemeindet. """
MANUAL,Courlevon,FR,Murten (Coussiberlé),FR,7300,,,01.01.2017,,"""Am 15. Februar 1974 wurde Coussiberlé nach Courlevon eingemeindet. Seit 2016 gehört das Dorf zur Gemeinde Murten."""
NAME_SUFFIX,Agriswil,FR,Ried bei Kerzers (Agriswil),FR,7301,,,01.01.2017,,
MANUAL,Praz (Vully),FR,Mont-Vully (Bas-Vully),FR,7302,,,01.01.2017,,"Bas-Vully wurde zu Mont-Vully (Hauptort), als einzelne Gemeinde nicht in Liste aufgeführt. Praz (Vully) ist die grösste Gemeinde von Bas-Vully"
MANUAL,Môtier (Vully),FR,Mont-Vully (Haut-Vully),FR,7303,,,01.01.2017,,"Haut-Vully wurde zu Mont-Vully (Hauptort), als einzelne Gemeinde nicht in Liste aufgeführt. Môtier (Vully) ist die grösste Gemeinde von Haut-Vully."
NAME_SUFFIX,Oberschrot,FR,Plaffeien (Oberschrot),FR,7304,,,01.01.2017,,
NAME_SUFFIX,Zumholz,FR,Plaffeien  (Zumholz),FR,7305,,,01.01.2017,,
MANUAL,Plasselb,FR,Plasselb (Neuhaus),FR,7306,,,01.01.2017,,
NAME_SUFFIX,Besencens,FR,Saint-Martin (FR) (Besencens),FR,7307,,,01.01.2017,,
NAME_SUFFIX,Fiaugères,FR,Saint-Martin (FR) (Fiaugères),FR,7308,,,01.01.2017,,
MANUAL,Semsales,FR,Semsales (La Rougève),FR,7309,,,01.01.2017,,
NAME_SUFFIX,Bouloz,FR,Le Flon (Bouloz),FR,7310,,,01.01.2017,,
MANUAL,Pont (Veveyse),FR,Le Flon (Pont),FR,7311,,,01.01.2017,,
NAME_SUFFIX,Porsel,FR,Le Flon (Porsel),FR,7312,,,01.01.2017,,
NAME_SUFFIX,Grattavache,FR,La Verrerie (Grattavache),FR,7314,,,01.01.2017,,
NAME_SUFFIX,Progens,FR,La Verrerie (Progens),FR,7315,,,01.01.2017,,
NAME_SUFFIX,Brenles,VD,Lucens (Brenles),VD,7316,,,01.01.2017,,
NAME_SUFFIX,Chesalles-sur-Moudon,VD,Lucens (Chesalles-sur-Moudon),VD,7317,,,01.01.2017,,
NAME_SUFFIX,Cremin,VD,Lucens (Cremin),VD,7318,,,01.01.2017,,
NAME_SUFFIX,Forel-sur-Lucens,VD,Lucens (Forel-sur-Lucens),VD,7319,,,01.01.2017,,
NAME_SUFFIX,Sarzens,VD,Lucens (Sarzens),VD,7320,,,01.01.2017,,
NAME_SUFFIX,Corcelles-sur-Chavornay,VD,Chavornay (Corcelles-sur-Chavornay),VD,7321,,,01.01.2017,,
NAME_SUFFIX,Essert-Pittet,VD,Chavornay (Essert-Pittet),VD,7322,,,01.01.2017,,
MANUAL,Rocourt,JU,Rocourt (Haute-Ajoie),JU,7323,,,01.01.2018,,
MANUAL,Corban,JU,Corban (Val Terbi),JU,7324,,,01.01.2018,,
MANUAL,Alvaneu Dorf,GR,Albula/Alvra (Alvaneu),GR,7325,,,01.01.2018,,grösste Gemeinde
NAME_SUFFIX,Alvaschein,GR,Albula/Alvra (Alvaschein),GR,7326,,,01.01.2018,,
NAME_SUFFIX,Brienz/Brinzauls GR,GR,Albula/Alvra (Brienz/Brinzauls),GR,7327,,,01.01.2018,,
NAME_SUFFIX,Mon,GR,Albula/Alvra (Mon),GR,7328,,,01.01.2018,,
NAME_SUFFIX,Stierva,GR,Albula/Alvra (Stierva),GR,7329,,,01.01.2018,,
NAME_SUFFIX,Surava,GR,Albula/Alvra (Surava),GR,7330,,,01.01.2018,,
NAME_SUFFIX,Tiefencastel,GR,Albula/Alvra (Tiefencastel),GR,7331,,,01.01.2018,,
NAME_SUFFIX,Bivio,GR,Surses (Bivio),GR,7332,,,01.01.2018,,
NAME_SUFFIX,Cunter,GR,Surses (Cunter),GR,7333,,,01.01.2018,,
NAME_SUFFIX,Marmorera,GR,Surses (Marmorera),GR,7334,,,01.01.2018,,
NAME_SUFFIX,Mulegns,GR,Surses (Mulegns),GR,7335,,,01.01.2018,,
NAME_SUFFIX,Salouf,GR,Surses (Salouf),GR,7336,,,01.01.2018,,
NAME_SUFFIX,Savognin,GR,Surses (Savognin),GR,7337,,,01.01.2018,,
NAME_SUFFIX,Sur,GR,Surses (Sur),GR,7338,,,01.01.2018,,
MANUAL,Riom,GR,Surses (Riom-Parsonz),GR,7339,,,01.01.2018,,Riom & parsonz einzeln aufgeführt -> davon grössere Gemeinde
NAME_SUFFIX,Riom,GR,Surses (Riom),GR,7340,,,01.01.2018,,
NAME_SUFFIX,Parsonz,GR,Surses (Parsonz),GR,7341,,,01.01.2018,,
MANUAL,Tinizong,GR,Surses (Tinizong-Rona),GR,7342,,,01.01.2018,,grösste Gemeinde
NAME_SUFFIX,Rona,GR,Surses (Rona),GR,7343,,,01.01.2018,,
NAME_SUFFIX,Tinizong,GR,Surses (Tinizong),GR,7344,,,01.01.2018,,
NAME_SUFFIX,St. Antönien,GR,Luzein (St. Antönien),GR,7345,,,01.01.2018,,
MANUAL,St. Antönien,GR,Luzein (St. Antönien-Ascharina),GR,7346,,,01.01.2018,,beide Orte erhalten
MANUAL,St. Antönien,GR,Luzein (St. Antönien-Castels),GR,7347,,,01.01.2018,,
MANUAL,St. Antönien,GR,Luzein (St. Antönien-Rüti),GR,7348,,,01.01.2018,,
MANUAL,Davos Wiesen,GR,Davos (Wiesen),GR,7349,,,01.01.2018,,
NAME_SUFFIX,Fanas,GR,Grüsch (Fanas),GR,7350,,,01.01.2018,,
NAME_SUFFIX,Valzeina,GR,Grüsch (Valzeina),GR,7351,,,01.01.2018,,
NAME_PREFIX,Klosters,GR,Klosters-Serneus (Saas),GR,7352,7561,,01.01.2018,19.02.2021,
NAME_SUFFIX,Calfreisen,GR,Arosa (Calfreisen),GR,7353,,,01.01.2018,,
NAME_SUFFIX,Castiel,GR,Arosa (Castiel),GR,7354,,,01.01.2018,,
NAME_SUFFIX,Langwies,GR,Arosa (Langwies),GR,7355,,,01.01.2018,,
NAME_SUFFIX,Lüen,GR,Arosa (Lüen),GR,7356,,,01.01.2018,,
NAME_SUFFIX,Molinis,GR,Arosa (Molinis),GR,7357,,,01.01.2018,,
NAME_SUFFIX,Peist,GR,Arosa (Peist),GR,7358,,,01.01.2018,,
MANUAL,St. Peter,GR,Arosa (St. Peter-Pagig),GR,7359,,,01.01.2018,,St. Peter & Pagig einzeln aufgeführt -> davon grössere Gemeinde
NAME_SUFFIX,Pagig,GR,Arosa (Pagig),GR,7360,,,01.01.2018,,
NAME_SUFFIX,St. Peter,GR,Arosa (St. Peter),GR,7361,,,01.01.2018,,
NAME_SUFFIX,Malix,GR,Churwalden (Malix),GR,7362,,,01.01.2018,,
NAME_SUFFIX,Parpan,GR,Churwalden (Parpan),GR,7363,,,01.01.2018,,
NAME_SUFFIX,Tschiertschen,GR,Tschiertschen-Praden (Tschiertschen),GR,7364,,,01.01.2018,,
NAME_SUFFIX,Praden,GR,Tschiertschen-Praden (Praden),GR,7365,,,01.01.2018,,
NAME_SUFFIX,Ardez,GR,Scuol (Ardez),GR,7366,,,01.01.2018,,
NAME_SUFFIX,Ftan,GR,Scuol (Ftan),GR,7367,,,01.01.2018,,
NAME_SUFFIX,Guarda,GR,Scuol (Guarda),GR,7368,,,01.01.2018,,
NAME_SUFFIX,Sent,GR,Scuol (Sent),GR,7369,,,01.01.2018,,
NAME_SUFFIX,Tarasp,GR,Scuol (Tarasp),GR,7370,,,01.01.2018,,
NAME_SUFFIX,Lavin,GR,Zernez (Lavin),GR,7371,,,01.01.2018,,
NAME_SUFFIX,Susch,GR,Zernez (Susch),GR,7372,,,01.01.2018,,
NAME_SUFFIX,Ramosch,GR,Valsot (Ramosch),GR,7373,,,01.01.2018,,
NAME_SUFFIX,Tschlin,GR,Valsot (Tschlin),GR,7374,,,01.01.2018,,
NAME_SUFFIX,Fuldera,GR,Val Müstair (Fuldera),GR,7375,,,01.01.2018,,
NAME_SUFFIX,Lü,GR,Val Müstair (Lü),GR,7376,,,01.01.2018,,
NAME_SUFFIX,Müstair,GR,Val Müstair (Müstair),GR,7377,,,01.01.2018,,
MANUAL,Sta. Maria Val Müstair,GR,Val Müstair (Sta. Maria),GR,7378,,,01.01.2018,,
NAME_SUFFIX,Tschierv,GR,Val Müstair (Tschierv),GR,7379,,,01.01.2018,,
NAME_SUFFIX,Valchava,GR,Val Müstair (Valchava),GR,7380,,,01.01.2018,,
NAME_SUFFIX,Igis,GR,Landquart (Igis),GR,7381,,,01.01.2018,,
NAME_SUFFIX,Mastrils,GR,Landquart (Mastrils),GR,7382,,,01.01.2018,,
NAME_SUFFIX,Says,GR,Trimmis (Says),GR,7383,,,01.01.2018,,
NAME_SUFFIX,Bondo,GR,Bregaglia (Bondo),GR,7384,,,01.01.2018,,
NAME_SUFFIX,Castasegna,GR,Bregaglia (Castasegna),GR,7385,,,01.01.2018,,
NAME_SUFFIX,Soglio,GR,Bregaglia (Soglio),GR,7386,,,01.01.2018,,
NAME_SUFFIX,Stampa,GR,Bregaglia (Stampa),GR,7387,,,01.01.2018,,
NAME_SUFFIX,Vicosoprano,GR,Bregaglia (Vicosoprano),GR,7388,,,01.01.2018,,
NAME_SUFFIX,Casaccia,GR,Bregaglia (Casaccia),GR,7389,,,01.01.2018,,
NAME_SUFFIX,Leggia,GR,Grono (Leggia),GR,7390,,,01.01.2018,,
NAME_SUFFIX,Verdabbio,GR,Grono (Verdabbio),GR,7391,,,01.01.2018,,
NAME_SUFFIX,Arvigo,GR,Calanca (Arvigo),GR,7392,,,01.01.2018,,
MANUAL,Arvigo,GR,Calanca (Landarenca),GR,7393,,,01.01.2018,,
NAME_SUFFIX,Braggio,GR,Calanca (Braggio),GR,7394,,,01.01.2018,,
NAME_SUFFIX,Cauco,GR,Calanca (Cauco),GR,7395,,,01.01.2018,,
NAME_SUFFIX,Selma,GR,Calanca (Selma),GR,7396,,,01.01.2018,,
NAME_SUFFIX,Sta. Domenica,GR,Rossa (Sta. Domenica),GR,7397,,,01.01.2018,,
NAME_SUFFIX,Augio,GR,Rossa (Augio),GR,7398,,,01.01.2018,,
NAME_SUFFIX,Obersaxen,GR,Obersaxen Mundaun (Obersaxen),GR,7399,,,01.01.2018,,
MANUAL,Obersaxen,GR,Obersaxen Mundaun (Mundaun),GR,7400,,,01.01.2018,,
NAME_SUFFIX,Flond,GR,Obersaxen Mundaun (Flond),GR,7401,,,01.01.2018,,
NAME_SUFFIX,Surcuolm,GR,Obersaxen Mundaun (Surcuolm),GR,7402,,,01.01.2018,,
MANUAL,St. Martin (Lugnez),GR,Vals (St. Martin),GR,7403,,,01.01.2018,,
NAME_SUFFIX,Ilanz,GR,Ilanz/Glion (Ilanz),GR,7404,,,01.01.2018,,
NAME_SUFFIX,Strada,GR,Ilanz/Glion (Strada),GR,7405,,,01.01.2018,,
NAME_SUFFIX,Castrisch,GR,Ilanz/Glion (Castrisch),GR,7406,,,01.01.2018,,
NAME_SUFFIX,Duvin,GR,Ilanz/Glion (Duvin),GR,7407,,,01.01.2018,,
NAME_SUFFIX,Ladir,GR,Ilanz/Glion (Ladir),GR,7408,,,01.01.2018,,
NAME_SUFFIX,Luven,GR,Ilanz/Glion (Luven),GR,7409,,,01.01.2018,,
NAME_SUFFIX,Pigniu,GR,Ilanz/Glion (Pigniu),GR,7410,,,01.01.2018,,
NAME_SUFFIX,Pitasch,GR,Ilanz/Glion (Pitasch),GR,7411,,,01.01.2018,,
NAME_SUFFIX,Riein,GR,Ilanz/Glion (Riein),GR,7412,,,01.01.2018,,
NAME_SUFFIX,Rueun,GR,Ilanz/Glion (Rueun),GR,7413,,,01.01.2018,,
NAME_SUFFIX,Ruschein,GR,Ilanz/Glion (Ruschein),GR,7414,,,01.01.2018,,
NAME_SUFFIX,Schnaus,GR,Ilanz/Glion (Schnaus),GR,7415,,,01.01.2018,,
NAME_SUFFIX,Sevgein,GR,Ilanz/Glion (Sevgein),GR,7416,,,01.01.2018,,
NAME_SUFFIX,Siat,GR,Ilanz/Glion (Siat),GR,7417,,,01.01.2018,,
NAME_SUFFIX,Cumbel,GR,Lumnezia (Cumbel),GR,7418,,,01.01.2018,,
NAME_SUFFIX,Degen,GR,Lumnezia (Degen),GR,7419,,,01.01.2018,,
NAME_SUFFIX,Lumbrein,GR,Lumnezia (Lumbrein),GR,7420,,,01.01.2018,,
NAME_SUFFIX,Morissen,GR,Lumnezia (Morissen),GR,7421,,,01.01.2018,,
NAME_SUFFIX,Vella,GR,Lumnezia (Vella),GR,7422,,,01.01.2018,,
NAME_SUFFIX,Vignogn,GR,Lumnezia (Vignogn),GR,7423,,,01.01.2018,,
NAME_SUFFIX,Vrin,GR,Lumnezia (Vrin),GR,7424,,,01.01.2018,,
MANUAL,Uors (Lumnezia),GR,Lumnezia (Suraua),GR,7425,,,01.01.2018,,"""2002 hervorgegangen aus der Fusion von Camuns, Surcasti, Tersnaus und Uors-Peiden."" -> davon grösste Gemeinde"
NAME_SUFFIX,Camuns,GR,Lumnezia (Camuns),GR,7426,,,01.01.2018,,
NAME_SUFFIX,Surcasti,GR,Lumnezia (Surcasti),GR,7427,,,01.01.2018,,
NAME_SUFFIX,Tersnaus,GR,Lumnezia (Tersnaus),GR,7428,,,01.01.2018,,
MANUAL,Peiden,GR,Lumnezia (Uors-Peiden),GR,7429,,,01.01.2018,,grösste Gemeinde (91 Einwohner)
MANUAL,Uors (Lumnezia),GR,Lumnezia (Uors),GR,7430,,,01.01.2018,,
NAME_SUFFIX,Peiden,GR,Lumnezia (Peiden),GR,7431,,,01.01.2018,,
NAME_SUFFIX,Valendas,GR,Safiental (Valendas),GR,7432,,,01.01.2018,,
NAME_SUFFIX,Versam,GR,Safiental (Versam),GR,7433,,,01.01.2018,,
MANUAL,Safien Platz,GR,Safiental (Safien),GR,7434,,,01.01.2018,,
NAME_SUFFIX,Tenna,GR,Safiental (Tenna),GR,7435,,,01.01.2018,,
NAME_SUFFIX,Schlans,GR,Trun (Schlans),GR,7436,,,01.01.2018,,
NAME_SUFFIX,Almens,GR,Domleschg (Almens),GR,7437,,,01.01.2018,,
NAME_SUFFIX,Paspels,GR,Domleschg (Paspels),GR,7438,,,01.01.2018,,
NAME_SUFFIX,Pratval,GR,Domleschg (Pratval),GR,7439,,,01.01.2018,,
NAME_SUFFIX,Rodels,GR,Domleschg (Rodels),GR,7440,,,01.01.2018,,
MANUAL,Tumegl/Tomils,GR,Domleschg (Tomils),GR,7441,,,01.01.2018,,"Ehemalige Gemeinde Tomils nach der Fusion zu Domleschg. Siehe 3671/Tomils für die Begründung, warum die Tokens zu Tumegl/Tomils gezählt werden"
NAME_SUFFIX,Tumegl/Tomils,GR,Domleschg (Tumegl/Tomils),GR,7442,,,01.01.2018,,
NAME_SUFFIX,Feldis/Veulden,GR,Domleschg (Feldis/Veulden),GR,7443,,,01.01.2018,,
NAME_SUFFIX,Scheid,GR,Domleschg (Scheid),GR,7444,,,01.01.2018,,
NAME_SUFFIX,Trans,GR,Domleschg (Trans),GR,7445,,,01.01.2018,,
NAME_SUFFIX,Portein,GR,Cazis (Portein),GR,7446,,,01.01.2018,,
NAME_SUFFIX,Präz,GR,Cazis (Präz),GR,7447,,,01.01.2018,,
NAME_SUFFIX,Sarn,GR,Cazis (Sarn),GR,7448,,,01.01.2018,,
NAME_SUFFIX,Tartar,GR,Cazis (Tartar),GR,7449,,,01.01.2018,,
NAME_SUFFIX,Clugin,GR,Andeer (Clugin),GR,7450,,,01.01.2018,,
NAME_SUFFIX,Pignia,GR,Andeer (Pignia),GR,7451,,,01.01.2018,,
MANUAL,Medels im Rheinwald,GR,Splügen (Medels i. Rh.),GR,7452,,,01.01.2018,,
SUCCESSOR,Donat,GR,Donat (Donath),GR,7453,7550,,01.01.2018,31.12.2020,See placeOfOriginID=7550/placeOfOriginName=Muntogna da Schons (Donath)
SUCCESSOR,Donat,GR,Donat (Patzen-Fardün),GR,7454,7551,,01.01.2018,31.12.2020,See placeOfOriginID=7551/placeOfOriginName=Muntogna da Schons (Patzen-Fardün)
SUCCESSOR,Wergenstein,GR,Casti-Wergenstein (Casti),GR,7455,7547,,01.01.2018,31.12.2020,See placeOfOriginID=7547/placeOfOriginName=Muntogna da Schons (Casti)
NAME_SUFFIX,Wergenstein,GR,Casti-Wergenstein (Wergenstein),GR,7456,7548,,01.01.2018,31.12.2020,
NAME_SUFFIX,Ausserferrera,GR,Ferrera (Ausserferrera),GR,7457,,,01.01.2018,,
NAME_SUFFIX,Innerferrera,GR,Ferrera (Innerferrera),GR,7458,,,01.01.2018,,
NAME_SUFFIX,Mutten,GR,Thusis (Mutten),GR,7459,,,01.01.2018,,
NAME_SUFFIX,Filisur,GR,Bergün Filisur (Filisur),GR,7460,,,01.01.2018,,
NAME_SUFFIX,Bergün/Bravuogn,GR,Bergün Filisur (Bergün/Bravuogn),GR,7461,,,01.01.2018,,
NAME_SUFFIX,Stugl/Stuls,GR,Bergün Filisur (Stugl/Stuls),GR,7462,,,01.01.2018,,
NAME_SUFFIX,Latsch,GR,Bergün Filisur (Latsch),GR,7463,,,01.01.2018,,
NAME_SUFFIX,Andiast,GR,Breil/Brigels (Andiast),GR,7464,,,01.01.2018,,
NAME_SUFFIX,Waltensburg/Vuorz,GR,Breil/Brigels (Waltensburg/Vuorz),GR,7465,,,01.01.2018,,
NAME_SUFFIX,Courrendlin,JU,Vellerat (Courrendlin),JU,7466,,,01.01.2019,,
NAME_SUFFIX,Courrendlin,JU,Rebeuvelier (Courrendlin),JU,7467,,,01.01.2019,,
NAME_SUFFIX,Golaten,BE,Kallnach (Golaten),BE,7468,,,01.01.2019,,
NAME_SUFFIX,Maladers,GR,Chur (Maladers),GR,7469,,,01.01.2020,,
NAME_SUFFIX,Büren zum Hof,BE,Fraubrunnen (Büren zum Hof),BE,7470,,,01.01.2018,,
NAME_SUFFIX,Etzelkofen,BE,Fraubrunnen  (Etzelkofen),BE,7471,,,01.01.2018,,
NAME_SUFFIX,Grafenried,BE,Fraubrunnen (Grafenried),BE,7472,,,01.01.2018,,
NAME_SUFFIX,Limpach,BE,Fraubrunnen (Limpach),BE,7473,,,01.01.2018,,
NAME_SUFFIX,Mülchi,BE,Fraubrunnen (Mülchi),BE,7474,,,01.01.2018,,
NAME_SUFFIX,Schalunen,BE,Fraubrunnen (Schalunen),BE,7475,,,01.01.2018,,
NAME_SUFFIX,Zauggenried,BE,Fraubrunnen (Zauggenried),BE,7476,,,01.01.2018,,
MANUAL,Bleiken b. Oberdiessbach,BE,Oberdiessbach (Bleiken bei Oberdiessbach),BE,7477,,,01.01.2018,,
NAME_SUFFIX,Plagne,BE,Sauge (Plagne),BE,7478,,,01.01.2018,,
NAME_SUFFIX,Vauffelin,BE,Sauge (Vauffelin),BE,7479,,,01.01.2018,,
MANUAL,Uttigen,BE,Uttigen (Kienersrüti),BE,7480,,,01.01.2018,,
MANUAL,Höfen b. Thun,BE,Stocken-Höfen (Höfen),BE,7481,,,01.01.2018,,
NAME_SUFFIX,Oberstocken,BE,Stocken-Höfen (Oberstocken),BE,7482,,,01.01.2018,,
NAME_SUFFIX,Niederstocken,BE,Stocken-Höfen (Niederstocken),BE,7483,,,01.01.2018,,
NAME_SUFFIX,Gadmen,BE,Innertkirchen (Gadmen),BE,7484,,,01.01.2018,,
NAME_SUFFIX,Diesse,BE,Plateau de Diesse (Diesse),BE,7485,,,01.01.2018,,
NAME_SUFFIX,Lamboing,BE,Plateau de Diesse (Lamboing),BE,7486,,,01.01.2018,,
NAME_SUFFIX,Prêles,BE,Plateau de Diesse (Prêles),BE,7487,,,01.01.2018,,
NAME_SUFFIX,Scheunen,BE,Jegenstorf (Scheunen),BE,7488,,,01.01.2018,,
NAME_SUFFIX,Münchringen,BE,Jegenstorf (Münchringen),BE,7489,,,01.01.2018,,
NAME_SUFFIX,Châtelat,BE,Petit-Val (Châtelat),BE,7490,,,01.01.2018,,
NAME_SUFFIX,Monible,BE,Petit-Val (Monible),BE,7491,,,01.01.2018,,
NAME_SUFFIX,Sornetan,BE,Petit-Val (Sornetan),BE,7492,,,01.01.2018,,
NAME_SUFFIX,Souboz,BE,Petit-Val (Souboz),BE,7493,,,01.01.2018,,
NAME_SUFFIX,Péry,BE,Péry-La Heutte (Péry),BE,7494,,,01.01.2018,,
NAME_SUFFIX,La Heutte,BE,Péry-La Heutte (La Heutte),BE,7495,,,01.01.2018,,
NAME_SUFFIX,Bévilard,BE,Valbirse (Bévilard),BE,7496,,,01.01.2018,,
NAME_SUFFIX,Malleray,BE,Valbirse (Malleray),BE,7497,,,01.01.2018,,
NAME_SUFFIX,Pontenet,BE,Valbirse (Pontenet),BE,7498,,,01.01.2018,,
NAME_SUFFIX,Niederösch,BE,Ersigen (Niederösch),BE,7499,,,01.01.2018,,
NAME,Au TG,TG,Au,TG,7500,4726,11179,,31.12.1971,
SUCCESSOR,Wuppenau,TG,Heiligkreuz,TG,7501,4791,13220,,31.12.1999,See placeOfOriginID=4791/placeOfOriginName=Wuppenau
NAME,Kaltenbach,TG,Kaltenbach,TG,7502,4871,12648,,31.12.1994,
SUCCESSOR,Müllheim Dorf,TG,Langenhart,TG,7503,4831,11271,,31.12.1966,See placeOfOriginID=4831/placeOfOriginName=Müllheim
NAME,Insone,TI,Insone,TI,7504,5229,,,31.12.1955,
SUCCESSOR,Urdorf,ZH,Niederurdorf,ZH,7505,250,,,31.12.1930,See placeOfOriginID=250/placeOfOriginName=Urdorf
NAME_SUFFIX,Oberösch,BE,Ersigen (Oberösch),BE,7506,,,01.01.2018,,
MANUAL,Bangerten b. Dieterswil,BE,Rapperswil (Bangerten),BE,7507,,,01.01.2018,,
NAME_SUFFIX,Hermiswil,BE,Seeberg (Hermiswil),BE,7508,,,01.01.2018,,
NAME_SUFFIX,Tägertschi,BE,Münsingen (Tägertschi),BE,7509,,,01.01.2018,,
NAME_SUFFIX,Gelterfingen,BE,Kirchdorf (Gelterfingen),BE,7510,,,01.01.2018,,
NAME_SUFFIX,Noflen BE,BE,Kirchdorf (Noflen),BE,7511,,,01.01.2018,,
NAME_SUFFIX,Mühledorf BE,BE,Kirchdorf (Mühledorf),BE,7512,,,01.01.2018,,
NAME_SUFFIX,Schlosswil,BE,Grosshöchstetten (Schlosswil),BE,7513,,,01.01.2018,,
MANUAL,Bevaix,NE,Bevaix (La Grande Béroche),NE,7514,,,01.01.2018,,
MANUAL,Fresens,NE,Fresens (La Grande Béroche),NE,7515,,,01.01.2018,,
MANUAL,Gorgier,NE,Gorgier (La Grande Béroche),NE,7516,,,01.01.2018,,
MANUAL,Montalchez,NE,Montalchez (La Grande Béroche),NE,7517,,,01.01.2018,,
MANUAL,St-Aubin-Sauges,NE,Saint-Aubin-Sauges (La Grande Béroche),NE,7518,,,01.01.2018,,
MANUAL,Vaumarcus,NE,Vaumarcus (La Grande Béroche),NE,7519,,,01.01.2018,,
NAME_SUFFIX,Hinterrhein,GR,Rheinwald (Hinterrhein),GR,7520,,,01.01.2019,,
NAME_SUFFIX,Nufenen,GR,Rheinwald (Nufenen),GR,7521,,,01.01.2019,,
NAME_SUFFIX,Splügen,GR,Rheinwald (Splügen),GR,7522,,,01.01.2019,,
MANUAL,Medels im Rheinwald,GR,Rheinwald (Medels i. Rh.),GR,7523,,,01.01.2019,,
MANUAL,Villaz-St-Pierre,FR,Villaz (Villaz-Saint-Pierre),FR,7524,,,01.01.2020,,
NAME_SUFFIX,Corserey,FR,Prez (Corserey),FR,7525,,,01.01.2020,,
NAME_SUFFIX,Noréaz,FR,Prez (Noréaz),FR,7526,,,01.01.2020,,
NAME_SUFFIX,Prez-vers-Noréaz,FR,Prez (Prez-vers-Noréaz),FR,7527,,,01.01.2020,,
NAME_SUFFIX,Kirchenthurnen,BE,Thurnen (Kirchenthurnen),BE,7528,,,01.01.2020,,
NAME_SUFFIX,Mühlethurnen,BE,Thurnen (Mühlethurnen),BE,7529,,,01.01.2020,,
NAME_SUFFIX,Lohnstorf,BE,Thurnen (Lohnstorf),BE,7530,,,01.01.2020,,
NAME_SUFFIX,Wolfisberg,BE,Niederbipp (Wolfisberg),BE,7531,,,01.01.2020,,
NAME_SUFFIX,Schwendibach,BE,Steffisburg (Schwendibach),BE,7532,,,01.01.2020,,
MANUAL,Villaz-St-Pierre,FR,Villaz (La Folliaz),FR,7533,,,01.01.2020,,
MANUAL,Villaz-St-Pierre,FR,Villaz (Fuyens),FR,7534,,,01.01.2020,,"""Am 1. Januar 1978 wurde Fuyens nach Villaz-Saint-Pierre eingemeindet."""
NAME_SUFFIX,Lussy FR,FR,Villaz (Lussy),FR,7535,,,01.01.2020,,
NAME_SUFFIX,Villarimboud,FR,Villaz (Villarimboud),FR,7536,,,01.01.2020,,
MANUAL,Villarimboud,FR,Villaz (Macconnens),FR,7537,,,01.01.2020,,"""Mit Wirkung auf den 1. Januar 1973 wurde Macconnens nach Villarimboud eingemeindet."""
NAME_SUFFIX,Chapelle (Broye),FR,Surpierre (Chapelle (Broye)),FR,7538,,,01.01.2021,,
NAME_SUFFIX,Arconciel,FR,Bois-d'Amont (Arconciel),FR,7539,,,01.01.2021,,
MANUAL,Ependes FR,FR,Bois-d'Amont (Ependes (FR)),FR,7540,,,01.01.2021,,
MANUAL,Ependes FR,FR,Bois-d'Amont (Sales),FR,7541,,,01.01.2021,,
NAME_SUFFIX,Senèdes,FR,Bois-d'Amont (Senèdes),FR,7542,,,01.01.2021,,
NAME_SUFFIX,Alterswil FR,FR,Tafers (Alterswil),FR,7543,,,01.01.2021,,
NAME_SUFFIX,St. Antoni,FR,Tafers (St. Antoni),FR,7544,,,01.01.2021,,
NAME_SUFFIX,Cheiry,FR,Surpierre (Cheiry),FR,7545,,,01.01.2021,,
MANUAL,Wergenstein,GR,Muntogna da Schons (Casti-Wergenstein),GR,7546,,,01.01.2021,,
MANUAL,Wergenstein,GR,Muntogna da Schons (Casti),GR,7547,,,01.01.2021,,
NAME_SUFFIX,Wergenstein,GR,Muntogna da Schons (Wergenstein),GR,7548,,,01.01.2021,,
NAME_SUFFIX,Donat,GR,Muntogna da Schons (Donat),GR,7549,,,01.01.2021,,
MANUAL,Donat,GR,Muntogna da Schons (Donath),GR,7550,,,01.01.2021,,
MANUAL,Donat,GR,Muntogna da Schons (Patzen-Fardün),GR,7551,,,01.01.2021,,
NAME_SUFFIX,Lohn GR,GR,Muntogna da Schons (Lohn),GR,7552,,,01.01.2021,,
NAME_SUFFIX,Mathon,GR,Muntogna da Schons (Mathon),GR,7553,,,01.01.2021,,
NAME_SUFFIX,Haldenstein,GR,Chur (Haldenstein),GR,7554,,,01.01.2021,,
NAME_SUFFIX,Neuchâtel,NE,Peseux (Neuchâtel),NE,7555,,,01.01.2021,,
NAME_SUFFIX,Neuchâtel,NE,Corcelles-Cormondrèche (Neuchâtel),NE,7556,,,01.01.2021,,
NAME_SUFFIX,Neuchâtel,NE,Valangin (Neuchâtel),NE,7557,,,01.01.2021,,
NAME_SUFFIX,Le Locle,NE,Les Brenets (Le Locle),NE,7558,,,01.01.2021,,
NAME,Welschenrohr,SO,Welschenrohr,SO,7559,,,01.01.2021,,
NAME_SUFFIX,Montherod,VD,Aubonne (Montherod),VD,7560,,,01.01.2021,,
MANUAL,Saas im Prättigau,GR,Klosters (Saas),GR,7561,,,20.02.2021,,
NAME_SUFFIX,Bioley-Orjulaz,VD,Assens (Bioley-Orjulaz),VD,7562,,,01.07.2021,,
NAME_SUFFIX,Apples,VD,Hautemorges (Apples),VD,7563,,,01.07.2021,,
NAME_SUFFIX,Mötschwil,BE,Hindelbank (Mötschwil),BE,7564,,,01.01.2021,,
NAME_SUFFIX,Obersteckholz,BE,Langenthal (Obersteckholz),BE,7565,,,01.01.2021,,
NAME_SUFFIX,Rümligen,BE,Riggisberg (Rümligen),BE,7566,,,01.01.2021,,
NAME_SUFFIX,Cottens VD,VD,Hautemorges (Cottens),VD,7568,,,01.07.2021,,
NAME_SUFFIX,Pampigny,VD,Hautemorges (Pampigny),VD,7569,,,01.07.2021,,
NAME_SUFFIX,Reverolle,VD,Hautemorges (Reverolle),VD,7570,,,01.07.2021,,
NAME_SUFFIX,Sévery,VD,Hautemorges (Sévery),VD,7571,,,01.07.2021,,
NAME_SUFFIX,Bussy-Chardonney,VD,Hautemorges (Bussy-Chardonney),VD,7572,,,01.07.2021,,
MANUAL,Bussy-Chardonney,VD,"Hautemorges (Bussy-Chardonney, Bussy-sur-Morges)",VD,7573,,,01.07.2021,,
MANUAL,Bussy-Chardonney,VD,"Hautemorges (Bussy-Chardonney, Chardonney-sur-Morges)",VD,7574,,,01.07.2021,,
MANUAL,Langenthal,BE,Schoren,BE,7850,,,,,"""Schoren ist eine Ortschaft der Gemeinde Langenthal im Verwaltungskreis Oberaargau des Kantons Bern in der Schweiz. Am 1. Januar 1898 wurde die ehemalige Gemeinde mit der Gemeinde Langenthal fusioniert und ist seither mit Langenthal zusammengewachsen."""
MANUAL,Biel/Bienne,BE,Bözingen,BE,7851,,,,,"""Bözingen (französisch Boujean) ist das flächenmässig grösste Quartier (Ortsteil) der Stadt Biel/Bienne. Die ehemals selbständige Gemeinde Bözingen wurde 1917 nach Biel eingemeindet."""
MANUAL,Biel/Bienne,BE,Madretsch,BE,7852,,,,,"""Madretsch, früher Mardrez, ist eine ehemalige Gemeinde des Kantons Bern in der Schweiz. Sie wurde 1920 in die Stadt Biel (BE) eingemeindet und ist heute Teil von Biel/Bienne."""
MANUAL,Biel/Bienne,BE,Mett,BE,7853,,,,,"""Mett ist eine ehemalige politische Gemeinde und wurde 1920 in Biel eingemeindet."""
MANUAL,Heiligenschwendi,BE,Schwendi,BE,7854,,,,,"unklar: ""Schwendi, Weiler der Gemeinde Graben im Kanton Bern, Schweiz oder Schwendi, Vorort von Grindelwald im Kanton Bern, Schweiz""//LK: Weder noch. In eCH-0135 findet sich 7854 Schwendi neben 7855 Strättligen (Oft sind die Orte ähnlicher Laufnummern auch geogr. benachbart). Strättligen wurde Thun eingemeindet. In der Nähe von Thun findet sich Heiligenschwendi: ""Die Ortschaft Schwendi, auf einigen Karten auch Heiligenschwendi genannt, ist ein Kurort hoch über dem Thunersee im Kanton Bern."" https://www.quaeldich.de/paesse/schwendi-pass/; Histor. Karten auf https://map.geo.admin.ch/ bestätigen dies."
MANUAL,Thun,BE,Strättligen,BE,7855,,,,,"""Strättligen ist eine ehemalige Gemeinde im Kanton Bern. 1920 wurde sie in die Stadt Thun eingemeindet."""
MANUAL,Lohn-Ammannsegg,SO,Ammannsegg,SO,7858,,,,,
MANUAL,Lohn-Ammannsegg,SO,Lohn,SO,7859,,,,,
NAME,Heinrichswil,SO,Heinrichswil,SO,7860,2535,,,31.12.2012,
NAME,Winistorf,SO,Winistorf,SO,7861,,,01.01.1993,,
MANUAL,Laufen,BL,Laufen-Stadt,BL,7862,,,01.01.1994,,"""1852 wurden die beiden Gemeinden Laufen Stadt und Laufen Vorstadt vereinigt."""
MANUAL,Laufen,BL,Laufen-Vorstadt,BL,7863,,,01.01.1994,,"""1852 wurden die beiden Gemeinden Laufen Stadt und Laufen Vorstadt vereinigt."""
MANUAL,Arisdorf,BL,Olsberg,BL,7864,,,,,"Wird von der Automatik falsch zu Olsberg AG zugeordnet, ist aber die ehemalige Gemeinde Olsberg BL, die 1882 mit Arisdorf BL fusioniert wurde."
NAME_PREFIX,St. Gallen,SG,St. Gallen-Rotmonten,SG,7865,3203,,,31.12.2008,
NAME_PREFIX,St. Gallen,SG,St. Gallen-Straubenzell,SG,7866,3203,,,31.12.2014,
MANUAL,St. Gallen,SG,St. Gallen-Tablat,SG,7867,,,,,
NAME_PREFIX,Eggersriet,SG,Eggersriet-Grub,SG,7868,,,,,
MANUAL,Diepoldsau,SG,Diepoldsau-Schmitter,SG,7869,,,,,
NAME_PREFIX,Thal,SG,Thal-Altenrhein,SG,7870,,,,,
MANUAL,Oberriet SG,SG,Oberriet-Eichenwies,SG,7871,,,,,
MANUAL,Oberriet SG,SG,Oberriet-Holzrhode,SG,7872,,,,,"nicht in Liste, nächste Gemeinde = Oberriet"
NAME_SUFFIX,Kriessern,SG,Oberriet-Kriessern,SG,7873,,,,,
NAME_SUFFIX,Montlingen,SG,Oberriet-Montlingen,SG,7874,,,,,
MANUAL,Frümsen,SG,Sennwald-Frümsen,SG,7875,,,,,Wird von der Automatik per NAME_PREFIX falsch zugeordnet
MANUAL,Haag (Rheintal),SG,Sennwald-Haag,SG,7876,,,,,
MANUAL,Salez,SG,Sennwald-Salez,SG,7877,,,,,Wird von der Automatik per NAME_PREFIX falsch zugeordnet
MANUAL,Sax,SG,Sennwald-Sax,SG,7878,,,,,Wird von der Automatik per NAME_PREFIX falsch zugeordnet
MANUAL,Flums,SG,Flums-Dorf,SG,7879,,,,,"In locations.csv gibt es 7 Orte zur Gemeinde Flums.Flums-Hochwiese und Flums gehören zu Flums-Dorf, Flums ist der Hauptort (Internetrecherche und swisstopo-App)"
MANUAL,Flumserberg Tannenheim,SG,Flums-Grossberg,SG,7880,,,,,"In locations.csv gibt es 7 Orte zur Gemeinde Flums. 3 gehören zu Flums-Grossberg, Tannenheim scheint davon der grösste Ort zu sein (Google Maps, swisstopo-App)"
MANUAL,Flumserberg Portels,SG,Flums-Kleinberg,SG,7881,,,,,"In locations.csv gibt es 7 Orte zur Gemeinde Flums. 2 gehören zu Flums-Kleinberg, Portels scheint davon der grössere Ort zu sein (Google Maps, swisstopo-App)"
NAME_PREFIX,Mels,SG,Mels-Weisstannen,SG,7882,,,,,
MANUAL,Vättis,SG,Pfäfers-Vättis,SG,7883,,,,,Wird von der Automatik per NAME_PREFIX falsch zugeordnet
MANUAL,Valens,SG,Pfäfers-Valens,SG,7884,7922,,30.04.2012,,Wird von der Automatik per NAME_PREFIX falsch zugeordnet
MANUAL,Vasön,SG,Pfäfers-Vasön,SG,7885,7922,,30.04.2012,,Wird von der Automatik per NAME_PREFIX falsch zugeordnet
MANUAL,Mols,SG,Quarten-Mols,SG,7886,,,,,Wird von der Automatik per NAME_PREFIX falsch zugeordnet
MANUAL,Murg,SG,Quarten-Murg,SG,7887,,,,,Wird von der Automatik per NAME_PREFIX falsch zugeordnet
MANUAL,Oberterzen,SG,Quarten-Oberterzen,SG,7888,,,,,Wird von der Automatik per NAME_PREFIX falsch zugeordnet
MANUAL,Quinten,SG,Quarten-Quinten,SG,7889,,,,,Wird von der Automatik per NAME_PREFIX falsch zugeordnet
NAME_SUFFIX,Vilters,SG,"Vilters-Wangs, Vilters",SG,7890,,,,,
NAME_SUFFIX,Wangs,SG,"Vilters-Wangs, Wangs",SG,7891,,,,,
MANUAL,Berschis,SG,Walenstadt-Berschis,SG,7892,,,,,Wird von der Automatik per NAME_PREFIX falsch zugeordnet
MANUAL,Tscherlach,SG,Walenstadt-Tscherlach,SG,7893,,,,,Wird von der Automatik per NAME_PREFIX falsch zugeordnet
MANUAL,Walenstadtberg,SG,Walenstadt-Walenstadtberg,SG,7894,,,,,Wird von der Automatik per NAME_PREFIX falsch zugeordnet
MANUAL,Schänis,SG,Schänis-Dorf,SG,7895,,,,,
MANUAL,Maseltrangen,SG,Schänis-Maseltrangen,SG,7896,,,,,Wird von der Automatik per NAME_PREFIX falsch zugeordnet
MANUAL,Rufi,SG,Schänis-Rufi,SG,7897,,,,,Wird von der Automatik per NAME_PREFIX falsch zugeordnet
MANUAL,Schänis,SG,Schänis-Rüttiberg,SG,7898,,,,,
SUCCESSOR,Ebnat-Kappel,SG,"Ebnat-Kappel, Ebnat",SG,7899,3352,,,31.12.2010,See placeOfOriginID=3352/placeOfOriginName=Ebnat-Kappel
MANUAL,Ebnat-Kappel,SG,"Ebnat-Kappel, Kappel",SG,7900,,,,,
NAME_PREFIX,Krummenau,SG,Krummenau-Ennetbühl,SG,7901,7901,,,31.12.2004,
NAME_SUFFIX,Ennetbühl,SG,"Nesslau-Krummenau, Ennetbühl",SG,7901,7958,,01.01.2005,31.12.2012,
NAME_PREFIX,Degersheim,SG,Degersheim-Magdenau,SG,7902,3401,,,01.06.2014,
MANUAL,Bichwil,SG,Oberuzwil-Bichwil,SG,7903,3407,,30.06.2020,,Wird von der Automatik per NAME_PREFIX falsch zugeordnet
MANUAL,Niederglatt SG,SG,Oberuzwil-Niederglatt,SG,7904,3407,,09.11.2009,,Wird von der Automatik per NAME_PREFIX falsch zugeordnet
NAME_PREFIX,Uzwil,SG,Uzwil-Henau,SG,7905,3408,,,31.12.2002,
MANUAL,Bernhardzell,SG,Waldkirch-Bernhardzell,SG,7906,,,,,Wird von der Automatik per NAME_PREFIX falsch zugeordnet
MANUAL,Oberuzwil,SG,Oberuzwil-Dorf,SG,7907,,,,,
MANUAL,Oron-la-Ville,VD,Oron,VD,7908,5793,,,13.07.2004,grösste Gemeinde
MANUAL,Boécourt,JU,Boécourt-Séprais,JU,7909,,,,,
NAME,Montavon,JU,Montavon,BE,7910,7910,,,31.12.1978,
NAME,Montavon,JU,Montavon,JU,7910,,,01.01.1979,,
MANUAL,Glovelier,JU,Sceut,JU,7911,,,01.01.1979,,
MANUAL,Soyhières,JU,Riedes-Dessus,JU,7912,,,,,
NAME_SUFFIX,Nesslau,SG,"Nesslau-Krummenau, Nesslau",SG,7915,3360,,01.01.2005,31.12.2012,
NAME_SUFFIX,Krummenau,SG,"Nesslau-Krummenau, Krummenau",SG,7916,7957,,01.01.2005,31.12.2012,
NAME_SUFFIX,Brunnadern,SG,Neckertal-Brunnadern,SG,7917,,,01.01.2009,,
NAME_SUFFIX,St. Peterzell,SG,Neckertal-St. Peterzell,SG,7918,,,01.01.2009,,
MANUAL,Messen,SO,Alt Messen,SO,7919,,,01.01.2010,,
NAME_SUFFIX,Wildhaus,SG,"Wildhaus-Alt St. Johann, Wildhaus",SG,7920,,,01.01.2010,,
NAME_SUFFIX,Alt St. Johann,SG,"Wildhaus-Alt St. Johann, Alt St. Johann",SG,7921,,,01.01.2010,,
MANUAL,Valens,SG,"Pfäfers, Valens-Vasön",SG,7922,,,01.05.2012,,beide Orte einzeln aufgeführt -> davon grössere Gemeinde
MANUAL,Auvernier,NE,Auvernier (Milvignes),NE,7923,,,01.01.2013,,
MANUAL,Bôle,NE,Bôle (Milvignes),NE,7924,,,01.01.2013,,
MANUAL,Colombier NE,NE,Colombier (Milvignes),NE,7925,,,01.01.2013,,
MANUAL,Boudevilliers,NE,Boudevilliers (Val-de-Ruz),NE,7926,,,01.01.2013,,
MANUAL,Cernier,NE,Cernier (Val-de-Ruz),NE,7927,,,01.01.2013,,
MANUAL,Chézard-St-Martin,NE,Chézard-Saint-Martin (Val-de-Ruz),NE,7928,,,01.01.2013,,
MANUAL,Coffrane,NE,Coffrane (Val-de-Ruz),NE,7929,,,01.01.2013,,
MANUAL,Dombresson,NE,Dombresson (Val-de-Ruz),NE,7930,,,01.01.2013,,
MANUAL,Engollon,NE,Engollon (Val-de-Ruz),NE,7931,,,01.01.2013,,
MANUAL,Fenin,NE,Fenin-Vilars-Saules (Val-de-Ruz),NE,7932,,,01.01.2013,,als Einzelorte aufgeführt -> davon grösste Gemeinde (Stand vor Fusion)
MANUAL,Fontainemelon,NE,Fontainemelon (Val-de-Ruz),NE,7933,,,01.01.2013,,
MANUAL,Fontaines NE,NE,Fontaines (Val-de-Ruz),NE,7934,,,01.01.2013,,
MANUAL,Les Geneveys-sur-Coffrane,NE,Les Geneveys-sur-Coffrane (Val-de-Ruz),NE,7935,,,01.01.2013,,
MANUAL,Les Hauts-Geneveys,NE,Les Hauts-Geneveys (Val-de-Ruz),NE,7936,,,01.01.2013,,
MANUAL,Montmollin,NE,Montmollin (Val-de-Ruz),NE,7937,,,01.01.2013,,
MANUAL,Le Pâquier NE,NE,Le Pâquier (Val-de-Ruz),NE,7938,,,01.01.2013,,
MANUAL,Savagnier,NE,Savagnier (Val-de-Ruz),NE,7939,,,01.01.2013,,
MANUAL,Villiers,NE,Villiers (Val-de-Ruz),NE,7940,,,01.01.2013,,
MANUAL,Marin-Epagnier,NE,Marin-Epagnier (La Tène),NE,7941,,,01.01.2013,,
MANUAL,Thielle,NE,Thielle-Wavre (La Tène),NE,7942,,,01.01.2013,,als Einzelorte aufgeführt -> davon grösste Gemeinde (Stand vor Fusion)
MANUAL,Môtiers NE,NE,Môtiers (Val-de-Travers),NE,7943,,,01.01.2013,,
MANUAL,Couvet,NE,Couvet (Val-de-Travers),NE,7944,,,01.01.2013,,
MANUAL,Travers,NE,Travers (Val-de-Travers),NE,7945,,,01.01.2013,,
MANUAL,Noiraigue,NE,Noiraigue (Val-de-Travers),NE,7946,,,01.01.2013,,
MANUAL,Boveresse,NE,Boveresse (Val-de-Travers),NE,7947,,,01.01.2013,,
MANUAL,Fleurier,NE,Fleurier (Val-de-Travers),NE,7948,,,01.01.2013,,
MANUAL,Buttes,NE,Buttes (Val-de-Travers),NE,7949,,,01.01.2013,,
MANUAL,Les Bayards,NE,Les Bayards (Val-de-Travers),NE,7950,,,01.01.2013,,
MANUAL,St-Sulpice NE,NE,Saint-Sulpice (Val-de-Travers),NE,7951,,,01.01.2013,,
NAME,Lüsslingen,SO,Lüsslingen,SO,7952,,,01.01.2013,,
NAME,Nennigkofen,SO,Nennigkofen,SO,7953,,,01.01.2013,,
MANUAL,Gommiswald,SG,Gommiswald-Dorf,SG,7954,,,01.01.2013,,
MANUAL,Rieden SG,SG,Gommiswald-Rieden,SG,7955,,,01.01.2013,,
MANUAL,Stein SG,SG,Nesslau-Stein,SG,7956,,,01.01.2013,,Wird von der Automatik per NAME_PREFIX falsch zugeordnet
MANUAL,Krummenau,SG,Nesslau-Krummenau,SG,7957,,,01.01.2013,,Wird von der Automatik per NAME_PREFIX falsch zugeordnet
MANUAL,Ennetbühl,SG,Nesslau-Ennetbühl,SG,7958,,,01.01.2013,,Wird von der Automatik per NAME_PREFIX falsch zugeordnet
NAME_SUFFIX,Bütschwil,SG,"Bütschwil-Ganterschwil, Bütschwil",SG,7959,,,01.01.2013,,
NAME_SUFFIX,Ganterschwil,SG,"Bütschwil-Ganterschwil, Ganterschwil",SG,7960,,,01.01.2013,,
NAME,Aetigkofen,SO,Aetigkofen,SO,7961,,,01.01.2014,,
NAME,Aetingen,SO,Aetingen,SO,7962,,,01.01.2014,,
NAME,Bibern SO,SO,Bibern,SO,7963,,,01.01.2014,,
NAME,Brügglen,SO,Brügglen,SO,7964,,,01.01.2014,,
NAME,Gossliwil,SO,Gossliwil,SO,7965,,,01.01.2014,,
NAME,Hessigkofen,SO,Hessigkofen,SO,7966,,,01.01.2014,,
NAME,Küttigkofen,SO,Küttigkofen,SO,7967,,,01.01.2014,,
NAME,Mühledorf SO,SO,Mühledorf,SO,7968,,,01.01.2014,,
NAME,Tscheppach,SO,Tscheppach,SO,7969,,,01.01.2014,,
MANUAL,Degersheim,SG,Degersheim-Dorf,SG,7970,,,30.05.2014,,
SUCCESSOR,Schaffhausen,SH,Bruchthalen,SH,9001,2939,,,31.12.1946,See placeOfOriginID=2939/placeOfOriginName=Schaffhausen
NAME,Gysenstein,BE,Gysenstein,BE,9002,612,,,31.12.1932,
SUCCESSOR,Konolfingen,BE,Stalden im Emmental,BE,9003,612,,,31.12.1932,See placeOfOriginID=612/placeOfOriginName=Konolfingen
SUCCESSOR,Linden,BE,Ausserbirrmoos,BE,9004,614,,,31.12.1945,See placeOfOriginID=614/placeOfOriginName=Linden
SUCCESSOR,Linden,BE,Innerbirrmoos,BE,9005,614,,,31.12.1945,See placeOfOriginID=614/placeOfOriginName=Linden
SUCCESSOR,Tschugg,BE,Mullen,BE,9006,501,,,31.12.1945,See placeOfOriginID=501/placeOfOriginName=Tschugg
SUCCESSOR,Linden,BE,Otterbach,BE,9007,614,,,31.12.1945,See placeOfOriginID=614/placeOfOriginName=Linden
NAME_PREFIX,Tramelan,BE,Tramelan-Dessous,BE,9008,446,,,31.12.1951,
NAME_PREFIX,Tramelan,BE,Tramelan-Dessus,BE,9009,446,,,31.12.1951,
MANUAL,Arni AG,AG,Arni-Islisberg,AG,9010,4084,11320,,31.12.1982,
NAME,Avry-sur-Matran,FR,Avry-sur-Matran,FR,9011,2174,11663,,31.12.2000,
NAME,Tesserete,TI,Tesserete,TI,9012,5226,13253,,14.10.2001,
NAME,Waldhäusern AG,AG,Waldhäusern,AG,9013,4240,,,31.12.1939,
SUCCESSOR,Guschelmuth,FR,Grossguschelmuth,FR,9014,2263,11335,,31.12.1977,See placeOfOriginID=2263/placeOfOriginName=Guschelmuth
SUCCESSOR,Gurmels,FR,Grossgurmels,FR,9015,2262,11337,,31.12.1977,See placeOfOriginID=2262/placeOfOriginName=Gurmels
NAME,Lossy,FR,Lossy,FR,9016,2203,11302,,31.12.1981,
NAME,Farvagny-le-Grand,FR,Farvagny-le-Grand,FR,9017,2192,12109,,31.12.1995,
NAME,Misery,FR,Misery,FR,9018,2272,12416,,31.12.1996,
NAME,Billens,FR,Billens,FR,9019,2063,11890,,31.12.1997,
NAME,Corpataux,FR,Corpataux,FR,9020,2184,11629,,31.12.1998,
NAME,Vairano,TI,Vairano,TI,9021,5127,,,31.12.1929,
SUCCESSOR,Genève,GE,Eaux-Vives,GE,9022,6621,,,30.06.1931,See placeOfOriginID=6621/placeOfOriginName=Genève
SUCCESSOR,Genève,GE,Plainpalais,GE,9023,6621,,,30.06.1931,See placeOfOriginID=6621/placeOfOriginName=Genève
SUCCESSOR,Genève,GE,Le Petit-Saconnex,GE,9024,6621,,,30.06.1931,See placeOfOriginID=6621/placeOfOriginName=Genève
SUCCESSOR,St. Antönien,GR,Castels,GR,9025,9026,,,31.12.1952,See placeOfOriginID=9026/placeOfOriginName=St. Antönien Castels
SUCCESSOR,St. Antönien,GR,St. Antönien Castels,GR,9026,3893,11375,,31.12.1978,See placeOfOriginID=3893/placeOfOriginName=St. Antönien
SUCCESSOR,Peiden,GR,Furth,GR,9027,3602,,,31.12.1942,See placeOfOriginID=3602/placeOfOriginName=Uors-Peiden
SUCCESSOR,Surcasti,GR,Obercastels,GR,9028,9028,,,31.12.1942,See placeOfOriginID=9028/placeOfOriginName=Surcasti
NAME,Surcasti,GR,Surcasti,GR,9028,3599,14192,01.01.1943,31.12.2001,
SUCCESSOR,Rona,GR,Roffna,GR,9029,3537,,,31.12.1942,See placeOfOriginID=3537/placeOfOriginName=Rona
SUCCESSOR,St. Antönien,GR,St. Antönien Rüti,GR,9030,3893,11375,01.01.1953,31.12.1978,See placeOfOriginID=3893/placeOfOriginName=St. Antönien
NAME,La Coudre,VD,La Coudre,NE,9035,6458,,,31.12.1929,
SUCCESSOR,Amlikon-Bissegg,TG,Amlikon,TG,9036,4881,11782,,31.12.1994,See placeOfOriginID=4881/placeOfOriginName=Amlikon-Bissegg
NAME,Andhausen,TG,Andhausen,TG,9037,4891,11761,,31.12.1992,
NAME,Andwil TG,TG,Andwil,TG,9038,4901,11759,,31.12.1994,
SUCCESSOR,Wängi,TG,Anetswil,TG,9039,4781,11261,,31.12.1968,See placeOfOriginID=4781/placeOfOriginName=Wängi
NAME,Balterswil,TG,Balterswil,TG,9041,4721,11713,,31.12.1995,
SUCCESSOR,Sulgen,TG,Bleiken,TG,9042,4506,,,31.12.1995,See placeOfOriginID=4506/placeOfOriginName=Sulgen
SUCCESSOR,Uesslingen,TG,Buch bei Frauenfeld,TG,9043,4616,11481,,31.12.1994,See placeOfOriginID=4616/placeOfOriginName=Uesslingen-Buch
NAME,Buchackern,TG,Buchackern,TG,9044,4476,11476,,31.12.1994,
NAME,Busswil TG,TG,Busswil,TG,9045,4761,11515,,31.12.1996,
NAME,Engwilen,TG,Engwilen,TG,9046,4701,12280,,31.12.1994,
SUCCESSOR,Felben-Wellhausen,TG,Felben,TG,9047,4561,11281,,31.12.1982,See placeOfOriginID=4561/placeOfOriginName=Felben-Wellhausen
NAME,Fruthwilen,TG,Fruthwilen,TG,9048,4851,13657,,31.12.1999,
SUCCESSOR,Wilen (Gottshaus),TG,Gottshaus,TG,9049,4486,12036,,31.12.1995,See placeOfOriginID=4486/placeOfOriginName=Hauptwil-Gottshaus
NAME,Hauptwil,TG,Hauptwil,TG,9050,4486,12036,,31.12.1995,
NAME,Lustdorf,TG,Lustdorf,TG,9054,4611,12710,,31.12.1994,
NAME,Mauren TG,TG,Mauren,TG,9055,4891,,,31.12.1994,
SUCCESSOR,Amriswil,TG,Mühlebach bei Amriswil,TG,9056,4461,,,31.12.1931,See placeOfOriginID=4461/placeOfOriginName=Amriswil
NAME,Neukirch an der Thur,TG,Neukirch an der Thur,TG,9057,4501,12510,,31.12.1995,
SUCCESSOR,Sommeri,TG,Niedersommeri,TG,9058,4446,11254,,31.12.1966,See placeOfOriginID=4446/placeOfOriginName=Sommeri
SUCCESSOR,Münchwilen TG,TG,Oberhofen bei Münchwilen,TG,9059,4746,,,31.12.1949,See placeOfOriginID=4746/placeOfOriginName=Münchwilen
NAME,St. Margarethen TG,TG,St. Margarethen,TG,9061,4746,,,31.12.1949,
NAME,Albeuve,FR,Albeuve,FR,9066,2121,11729,,31.12.2001,
SUCCESSOR,Paradiso,TI,Calprino,TI,9068,5210,,,31.12.1928,See placeOfOriginID=5210/placeOfOriginName=Paradiso
SUCCESSOR,Magadino,TI,Casenzano,TI,9069,5127,,,31.12.1929,See placeOfOriginID=5127/placeOfOriginName=San Nazzaro
NAME,Colla,TI,Colla,TI,9070,5229,,,31.12.1955,
MANUAL,Sessa,TI,Croglio,TI,9071,9072,,,31.12.1952,"Gemeinde Tresa, Ort nicht vorhanden, Kreis Sessa"
NAME_SUFFIX,Castelrotto,TI,Croglio-Castelrotto,TI,9072,5178,,,01.01.1953,
SUCCESSOR,Lugano,TI,Piandera,TI,9074,5229,,,31.12.1955,See placeOfOriginID=5229/placeOfOriginName=Valcolla
SUCCESSOR,Prato (Leventina),TI,Prato-Fiesso,TI,9075,5078,,,31.12.1938,See placeOfOriginID=5078/placeOfOriginName=Prato (Leventina)
NAME,Scareglia,TI,Scareglia,TI,9076,5229,,,31.12.1955,
NAME,Signôra,TI,Signôra,TI,9077,5229,,,31.12.1955,
MANUAL,Apples,VD,Bussy-sur-Morges,VD,9078,5625,11242,,31.12.1960,
NAME_SUFFIX,Montreux,VD,Le Châtelard-Montreux,VD,9079,9080,,,31.12.1952,
NAME_PREFIX,Montreux,VD,Montreux-Châtelard,VD,9080,5886,,,01.01.1953,
SUCCESSOR,Lussery-Villars,VD,Lussery,VD,9081,5487,12729,,31.12.1998,See placeOfOriginID=5487/placeOfOriginName=Lussery-Villars
NAME_PREFIX,Montreux,VD,Montreux-Planches,VD,9082,5886,11238,,31.12.1961,
SUCCESSOR,Neyruz-sur-Moudon,VD,Neyruz,VD,9083,5679,,,31.12.1952,See placeOfOriginID=5679/placeOfOriginName=Neyruz-sur-Moudon
SUCCESSOR,Montreux,VD,Les Planches,VD,9084,9082,,,31.12.1952,See placeOfOriginID=9082/placeOfOriginName=Montreux-Planches
SUCCESSOR,Zürich,ZH,Affoltern bei Zürich,ZH,9085,261,,,31.12.1933,See placeOfOriginID=261/placeOfOriginName=Zürich
SUCCESSOR,Zürich,ZH,Albisrieden,ZH,9086,261,,,31.12.1933,See placeOfOriginID=261/placeOfOriginName=Zürich
SUCCESSOR,Zürich,ZH,Altstetten,ZH,9087,261,,,31.12.1933,See placeOfOriginID=261/placeOfOriginName=Zürich
SUCCESSOR,Zürich,ZH,Höngg,ZH,9088,261,,,31.12.1933,See placeOfOriginID=261/placeOfOriginName=Zürich
SUCCESSOR,Urdorf,ZH,Oberurdorf,ZH,9090,250,,,31.12.1930,See placeOfOriginID=250/placeOfOriginName=Urdorf
SUCCESSOR,Zürich,ZH,Oerlikon,ZH,9091,261,,,31.12.1933,See placeOfOriginID=261/placeOfOriginName=Zürich
SUCCESSOR,Zürich,ZH,Schwamendingen,ZH,9092,261,,,31.12.1933,See placeOfOriginID=261/placeOfOriginName=Zürich
SUCCESSOR,Zürich,ZH,Seebach,ZH,9093,261,,,31.12.1933,See placeOfOriginID=261/placeOfOriginName=Zürich
SUCCESSOR,Zürich,ZH,Witikon,ZH,9094,261,,,31.12.1933,See placeOfOriginID=261/placeOfOriginName=Zürich
SUCCESSOR,Martigny,VS,La Bâtiaz,VS,9095,6138,,,30.06.1956,See placeOfOriginID=6138/placeOfOriginName=Martigny-Ville
NAME,Brig,VS,Brig,VS,9096,6002,11217,,30.09.1972,
SUCCESSOR,Le Mouret,FR,Praroman,FR,9098,2220,13067,,31.12.2002,See placeOfOriginID=2220/placeOfOriginName=Le Mouret
NAME,Avry-devant-Pont,FR,Avry-devant-Pont,FR,9099,2122,11662,,31.12.2002,
SUCCESSOR,Rossens FR,FR,Rueyres-Saint-Laurent,FR,9100,2223,12840,,31.12.2002,See placeOfOriginID=2223/placeOfOriginName=Le Glèbe
NAME,Heinrichswil,SO,Heinrichswil,SO,9101,7860,13730,,31.12.1992,
NAME,Lüterkofen,SO,Lüterkofen,SO,9103,2455,11244,,31.12.1960,
NAME,Lüterswil,SO,Lüterswil,SO,9104,2456,12708,,31.12.1994,
NAME,Hofstetten SO,SO,Hofstetten,SO,9105,2476,11286,,31.12.1984,
SUCCESSOR,Gerlafingen,SO,Niedergerlafingen,SO,9106,2519,,,31.12.1938,See placeOfOriginID=2519/placeOfOriginName=Gerlafingen
