INFO,BFS:ORIGINNAME1,BFS:PLACEOFORIGINID1,NS1:PLACEOFORIGINNAME,NS1:PLACEOFORIGINID,NS1:CANTONABBREVIATION,LOC:NAME,LOC:CANTON,COMMENT
FULL_MATCH,Valeyres-sous-Montagny,5933,Valeyres-sous-Montagny,5933,VD,Valeyres-sous-Montagny,VD,
FULL_MATCH,Zürich,261,Zürich,261,ZH,Zürich,ZH,
FULL_MATCH,Hallwil,4197,Hallwil,4197,AG,Hallwil,AG,
FULL_MATCH,Uezwil,4078,Uezwil,4078,AG,Uezwil,AG,
FULL_MATCH,Madulain,3783,Madulain,3783,GR,Madulain,GR,
FULL_MATCH,St. Moritz,3787,St. Moritz,3787,GR,St. Moritz,GR,
FULL_MATCH,Obersiggenthal,4038,Obersiggenthal,4038,AG,Nussbaumen AG,AG,
FULL_MATCH,Mesocco,3822,Mesocco,3822,GR,Mesocco,GR,
FULL_MATCH,Scuol,3762,Scuol,3762,GR,Scuol,GR,
FULL_MATCH,Basel,2701,Basel,2701,BS,Basel,BS,
FULL_MATCH,Lugano,5192,Lugano,5192,TI,Lugano,TI,
FULL_MATCH,Appenzell,3101,Appenzell,3101,AI,Appenzell,AI,
FULL_MATCH,Beurnevésin,6773,Beurnevésin,6773,BE,Beurnevésin,JU,
FULL_MATCH,Versoix,6644,Versoix,6644,GE,Versoix,GE,
FULL_MATCH,Mümliswil-Ramiswil,2428,Mümliswil-Ramiswil,2428,SO,Mümliswil,SO,
FULL_MATCH,Schüpfen,311,Schüpfen,311,BE,Schüpfen,BE,
FULL_MATCH,Goumoëns,5541,Goumoëns,5541,VD,Goumoens-la-Ville,VD,
FULL_MATCH,Sullens,5501,Sullens,5501,VD,Sullens,VD,
FULL_MATCH,Vernier,6643,Vernier,6643,GE,Vernier,GE,
FULL_MATCH,Fribourg,2196,Fribourg,2196,FR,Fribourg,FR,
FULL_MATCH,Genève,6621,Genève,6621,GE,Genève,GE,
FULL_MATCH,Le Grand-Saconnex,6623,Le Grand-Saconnex,6623,GE,Le Grand-Saconnex,GE,
FULL_MATCH,Puidoux,5607,Puidoux,5607,VD,Puidoux,VD,
UNIQUE_ID_MATCH,Mons,7328,Albula/Alvra (Mon),7328,GR,Mon,GR,
FULL_MATCH,Chêne-Bourg,6613,Chêne-Bourg,6613,GE,Chêne-Bourg,GE,
FULL_MATCH,Villars-le-Terroir,5537,Villars-le-Terroir,5537,VD,Villars-le-Terroir,VD,
FULL_MATCH,Biel/Bienne,371,Biel/Bienne,371,BE,Biel/Bienne,BE,
FULL_MATCH,Denens,5631,Denens,5631,VD,Denens,VD,
FULL_MATCH,Chêne-Pâquier,5908,Chêne-Pâquier,5908,VD,Chêne-Pâquier,VD,
FULL_MATCH,Grandson,5561,Grandson,5561,VD,Grandson,VD,
FULL_MATCH,Jaun,2138,Jaun,2138,FR,Jaun,FR,
FULL_MATCH,Yens,5655,Yens,5655,VD,Yens,VD,
FULL_MATCH,Ollon,5409,Ollon,5409,VD,Ollon VD,VD,
FULL_MATCH,Leysin,5407,Leysin,5407,VD,Leysin,VD,
FULL_MATCH,Lausanne,5586,Lausanne,5586,VD,Lausanne,VD,
FULL_MATCH,L'Isle,5486,L'Isle,5486,VD,L'Isle,VD,
FULL_MATCH,Villarzel,5830,Villarzel,5830,VD,Villarzel,VD,
FULL_MATCH_WITHOUT_CANTON_SUFFIX,Onnens (VD),5565,Onnens,5565,VD,Onnens VD,VD,
FULL_MATCH,Essertes,5788,Essertes,5788,VD,Essertes,VD,
FULL_MATCH,Onex,6631,Onex,6631,GE,Onex,GE,
FULL_MATCH,Monthey,6153,Monthey,6153,VS,Monthey,VS,
FULL_MATCH_WITHOUT_CANTON_SUFFIX,Carouge (GE),6608,Carouge,6608,GE,Carouge GE,GE,
FULL_MATCH,Schänis,3315,Schänis,3315,SG,Schänis,SG,
FULL_MATCH,Essertines-sur-Yverdon,5520,Essertines-sur-Yverdon,5520,VD,Essertines-sur-Yverdon,VD,
FULL_MATCH,Le Lieu,5873,Le Lieu,5873,VD,Le Lieu,VD,
FULL_MATCH,Pampigny,5494,Pampigny,5494,VD,Pampigny,VD,
FULL_MATCH,Siviriez,2099,Siviriez,2099,FR,Siviriez,FR,
FULL_MATCH,Gilly,5857,Gilly,5857,VD,Gilly,VD,
FULL_MATCH,Val-d'Illiez,6157,Val-d'Illiez,6157,VS,Val-d'Illiez,VS,
FULL_MATCH,Bolligen,352,Bolligen,352,BE,Bolligen,BE,
FULL_MATCH,Sorens,2153,Sorens,2153,FR,Sorens,FR,
FULL_MATCH,Romont,2096,Romont,2096,FR,Romont FR,FR,
FULL_MATCH,La Roche,2149,La Roche,2149,FR,La Roche FR,FR,
SUCCESSOR_MATCH,Marbach,1010,Marbach,1006,LU,Marbach LU,LU,
FULL_MATCH,Döttingen,4304,Döttingen,4304,AG,Döttingen,AG,
FULL_MATCH,Bottens,5514,Bottens,5514,VD,Bottens,VD,
FULL_MATCH,Bern,351,Bern,351,BE,Bern,BE,
FULL_MATCH,Thun,942,Thun,942,BE,Thun,BE,
FULL_MATCH,Massagno,5196,Massagno,5196,TI,Massagno,TI,
FULL_MATCH,Solothurn,2601,Solothurn,2601,SO,Solothurn,SO,
FULL_MATCH,Adelboden,561,Adelboden,561,BE,Adelboden,BE,
FULL_MATCH,Isenthal,1211,Isenthal,1211,UR,Isenthal,UR,
FULL_MATCH,Emmen,1024,Emmen,1024,LU,Emmen,LU,
FULL_MATCH,Kriens,1059,Kriens,1059,LU,Kriens,LU,
FULL_MATCH,Renens,5591,Renens,5591,VD,Renens VD,VD,
FULL_MATCH,Pfäffikon,177,Pfäffikon,177,ZH,Pfäffikon ZH,ZH,
FULL_MATCH,Hüntwangen,61,Hüntwangen,61,ZH,Hüntwangen,ZH,
FULL_MATCH,Bachs,81,Bachs,81,ZH,Bachs,ZH,
FULL_MATCH,Sursee,1103,Sursee,1103,LU,Sursee,LU,
FULL_MATCH,Bischofszell,4471,Bischofszell,4471,TG,Bischofszell,TG,
FULL_MATCH,Grenchen,2546,Grenchen,2546,SO,Grenchen,SO,
FULL_MATCH,Birrwil,4132,Birrwil,4132,AG,Birrwil,AG,
FULL_MATCH,Nuglar-St. Pantaleon,2478,Nuglar-St. Pantaleon,2478,SO,Nuglar,SO,
FULL_MATCH,Küttigen,4008,Küttigen,4008,AG,Küttigen,AG,
FULL_MATCH,Hasliberg,783,Hasliberg,783,BE,Hasliberg Hohfluh,BE,
FULL_MATCH,Elgg,294,Elgg,294,ZH,Elgg,ZH,
FULL_MATCH,Les Montets,2050,Les Montets,2050,FR,Aumont,FR,
FULL_MATCH,Aubonne,5422,Aubonne,5422,VD,Aubonne,VD,
FULL_MATCH,Sargans,3296,Sargans,3296,SG,Sargans,SG,
FULL_MATCH,Schwarzenburg,855,Schwarzenburg,855,BE,Schwarzenburg,BE,
FULL_MATCH,Meilen,156,Meilen,156,ZH,Meilen,ZH,
FULL_MATCH,Beringen,2932,Beringen,2932,SH,Beringen,SH,
FULL_MATCH,Buchs,3271,Buchs,3271,SG,Buchs SG,SG,
FULL_MATCH,Sevelen,3275,Sevelen,3275,SG,Sevelen,SG,
FULL_MATCH,Oberrohrdorf,4037,Oberrohrdorf,4037,AG,Oberrohrdorf,AG,
FULL_MATCH_WITHOUT_CANTON_SUFFIX,Kilchberg (ZH),135,Kilchberg,135,ZH,Kilchberg ZH,ZH,
FULL_MATCH,Mettmenstetten,9,Mettmenstetten,9,ZH,Mettmenstetten,ZH,
FULL_MATCH,Hüttwilen,4821,Hüttwilen,4821,TG,Hüttwilen,TG,
FULL_MATCH,Oeschgen,4175,Oeschgen,4175,AG,Oeschgen,AG,
FULL_MATCH,Schupfart,4259,Schupfart,4259,AG,Schupfart,AG,
FULL_MATCH,Oberriet,3254,Oberriet,3254,SG,Oberriet SG,SG,
FULL_MATCH,Frauenfeld,4566,Frauenfeld,4566,TG,Frauenfeld,TG,
FULL_MATCH_WITHOUT_CANTON_SUFFIX,Stein (AG),4260,Stein,4260,AG,Stein AG,AG,
FULL_MATCH,Wila,181,Wila,181,ZH,Wila,ZH,
FULL_MATCH,Collonge-Bellerive,6616,Collonge-Bellerive,6616,GE,Collonge-Bellerive,GE,
FULL_MATCH,Anniviers,6252,Anniviers,6252,VS,Ayer,VS,
FULL_MATCH,Kilchberg,135,Kilchberg,135,ZH,Kilchberg ZH,ZH,
FULL_MATCH,Oron,5805,Oron,5805,VD,Oron-la-Ville,VD,
FULL_MATCH,Altwis,1022,Altwis,1022,LU,Altwis,LU,
FULL_MATCH,Winterthur,230,Winterthur,230,ZH,Winterthur,ZH,
FULL_MATCH,Bullet,5552,Bullet,5552,VD,Bullet,VD,
FULL_MATCH,Founex,5717,Founex,5717,VD,Founex,VD,
FULL_MATCH,Matzingen,4591,Matzingen,4591,TG,Matzingen,TG,
FULL_MATCH_WITHOUT_CANTON_SUFFIX,Romont (FR),2096,Romont,2096,FR,Romont FR,FR,
FULL_MATCH,Lancy,6628,Lancy,6628,GE,Grand-Lancy,GE,
FULL_MATCH,Embd,6283,Embd,6283,VS,Embd,VS,
FULL_MATCH,Commugny,5711,Commugny,5711,VD,Commugny,VD,
FULL_MATCH,Affoltern am Albis,2,Affoltern am Albis,2,ZH,Affoltern am Albis,ZH,
FULL_MATCH,Rudolfstetten-Friedlisberg,4075,Rudolfstetten-Friedlisberg,4075,AG,Rudolfstetten,,
FULL_MATCH,Muolen,3202,Muolen,3202,SG,Muolen,SG,
FULL_MATCH,Wohlen,4082,Wohlen,4082,AG,Wohlen AG,AG,
FULL_MATCH,Dietikon,243,Dietikon,243,ZH,Dietikon,ZH,
SUCCESSOR_MATCH,Schinznach-Bad,4095,Schinznach-Bad,4114,AG,Brugg AG,AG,
FULL_MATCH,Altstätten,3251,Altstätten,3251,SG,Altstätten SG,SG,
FULL_MATCH,Sattel,1371,Sattel,1371,SZ,Sattel,SZ,
FULL_MATCH,Baar,1701,Baar,1701,ZG,Baar,ZG,
FULL_MATCH,Unterkulm,4146,Unterkulm,4146,AG,Unterkulm,AG,
FULL_MATCH,Grancy,5485,Grancy,5485,VD,Grancy,VD,
FULL_MATCH,Herisau,3001,Herisau,3001,AR,Herisau,AR,
FULL_MATCH,Meyrin,6630,Meyrin,6630,GE,Meyrin,GE,
FULL_MATCH,Horgen,295,Horgen,295,ZH,Horgen,ZH,
FULL_MATCH,Köniz,355,Köniz,355,BE,Köniz,BE,
FULL_MATCH,Unterentfelden,4013,Unterentfelden,4013,AG,Unterentfelden,AG,
FULL_MATCH,Moosseedorf,544,Moosseedorf,544,BE,Moosseedorf,BE,
FULL_MATCH,Minusio,5118,Minusio,5118,TI,Minusio,TI,
FULL_MATCH,Neuchâtel,6458,Neuchâtel,6458,NE,Neuchâtel,NE,
FULL_MATCH,Bettlach,2543,Bettlach,2543,SO,Bettlach,SO,
FULL_MATCH,Kestenholz,2403,Kestenholz,2403,SO,Kestenholz,SO,
FULL_MATCH,Schaffhausen,2939,Schaffhausen,2939,SH,Schaffhausen,SH,
FULL_MATCH,Aesch,2761,Aesch,2761,BL,Aesch BL,BL,
FULL_MATCH,Wald,888,Wald,888,BE,Zimmerwald,BE,
FULL_MATCH,Crissier,5583,Crissier,5583,VD,Crissier,VD,
FULL_MATCH,Spreitenbach,4040,Spreitenbach,4040,AG,Spreitenbach,AG,
FULL_MATCH,Arni,4061,Arni,4061,AG,Arni AG,AG,
FULL_MATCH,Puplinge,6636,Puplinge,6636,GE,Puplinge,GE,
FULL_MATCH,Delémont,6711,Delémont,6711,BE,Delémont,JU,
FULL_MATCH,Echichens,5634,Echichens,5634,VD,Echichens,VD,
FULL_MATCH,Adliswil,131,Adliswil,131,ZH,Adliswil,ZH,
FULL_MATCH,Yverdon-les-Bains,5938,Yverdon-les-Bains,5938,VD,Yverdon-les-Bains,VD,
FULL_MATCH,Cologny,6617,Cologny,6617,GE,Cologny,GE,
FULL_MATCH,Weinfelden,4946,Weinfelden,4946,TG,Weinfelden,TG,
FULL_MATCH,Ermatingen,4646,Ermatingen,4646,TG,Ermatingen,TG,
FULL_MATCH,Freienbach,1322,Freienbach,1322,SZ,Freienbach,SZ,
FULL_MATCH,Reiden,1140,Reiden,1140,LU,Reiden,LU,
FULL_MATCH,Glarus Nord,1630,Glarus Nord,1630,GL,Näfels,GL,
FULL_MATCH,St. Gallen-Tablat,7867,St. Gallen-Tablat,7867,SG,St. Gallen,SG,
FULL_MATCH,Wettingen,4045,Wettingen,4045,AG,Wettingen,AG,
FULL_MATCH,Kloten,62,Kloten,62,ZH,Kloten,ZH,
FULL_MATCH,Sissach,2861,Sissach,2861,BL,Sissach,BL,
FULL_MATCH,Bellikon,4022,Bellikon,4022,AG,Bellikon,AG,
FULL_MATCH,Locarno,5113,Locarno,5113,TI,Locarno,TI,
FULL_MATCH,Gsteig,841,Gsteig,841,BE,Gsteig b. Gstaad,BE,
FULL_MATCH,Tafers,2306,Tafers,2306,FR,Tafers,FR,
FULL_MATCH,Porrentruy,6800,Porrentruy,6800,BE,Porrentruy,JU,
FULL_MATCH,Wohlen bei Bern,360,Wohlen bei Bern,360,BE,Wohlen b. Bern,BE,
FULL_MATCH,Saicourt,706,Saicourt,706,BE,Saicourt,BE,
FULL_MATCH,Bättwil,2471,Bättwil,2471,SO,Bättwil,SO,
FULL_MATCH,Birsfelden,2766,Birsfelden,2766,BL,Birsfelden,BL,
FULL_MATCH,Dallenwil,1503,Dallenwil,1503,NW,Dallenwil,NW,
FULL_MATCH,Vevey,5890,Vevey,5890,VD,Vevey,VD,
FULL_MATCH,Subingen,2532,Subingen,2532,SO,Subingen,SO,
FULL_MATCH,Stans,1509,Stans,1509,NW,Stans,NW,
FULL_MATCH,Langnau im Emmental,902,Langnau im Emmental,902,BE,Langnau im Emmental,BE,
FULL_MATCH,Prilly,5589,Prilly,5589,VD,Prilly,VD,
FULL_MATCH,Vico Morcote,5233,Vico Morcote,5233,TI,Vico Morcote,TI,
FULL_MATCH,Frutigen,563,Frutigen,563,BE,Frutigen,BE,
FULL_MATCH,Zollikofen,361,Zollikofen,361,BE,Zollikofen,BE,
FULL_MATCH,Saanen,843,Saanen,843,BE,Saanen,BE,
FULL_MATCH,Bodio,5064,Bodio,5064,TI,Bodio TI,TI,
FULL_MATCH,La Chaux-de-Fonds,6421,La Chaux-de-Fonds,6421,NE,La Chaux-de-Fonds,NE,
FULL_MATCH,Walenstadt,3298,Walenstadt,3298,SG,Walenstadt,SG,
FULL_MATCH,Orbe,5757,Orbe,5757,VD,Orbe,VD,
FULL_MATCH,Ependes,2189,Ependes,2189,FR,Ependes FR,FR,
FULL_MATCH,Céligny,6610,Céligny,6610,GE,Céligny,GE,
FULL_MATCH,Wettswil am Albis,14,Wettswil am Albis,14,ZH,Wettswil,ZH,
FULL_MATCH,Vechigen,359,Vechigen,359,BE,Boll,BE,
FULL_MATCH,Titterten,2894,Titterten,2894,BL,Titterten,BL,
FULL_MATCH,Signau,907,Signau,907,BE,Signau,BE,
FULL_MATCH,Buchrain,1052,Buchrain,1052,LU,Buchrain,LU,
FULL_MATCH,Rheinau,38,Rheinau,38,ZH,Rheinau,ZH,
FULL_MATCH,Genthod,6622,Genthod,6622,GE,Genthod,GE,
FULL_MATCH,Worb,627,Worb,627,BE,Worb,BE,
FULL_MATCH,Le Locle,6436,Le Locle,6436,NE,Le Locle,NE,
FULL_MATCH,Schübelbach,1346,Schübelbach,1346,SZ,Schübelbach,SZ,
FULL_MATCH,Val-de-Travers,6512,Val-de-Travers,6512,NE,Travers,NE,
FULL_MATCH,La Côte-aux-Fées,6504,La Côte-aux-Fées,6504,NE,La Côte-aux-Fées,NE,
FULL_MATCH,Luzern,1061,Luzern,1061,LU,Luzern,LU,
FULL_MATCH,Neuenkirch,1093,Neuenkirch,1093,LU,Neuenkirch,LU,
FULL_MATCH,Epalinges,5584,Epalinges,5584,VD,Epalinges,VD,
FULL_MATCH,Freimettigen,607,Freimettigen,607,BE,Freimettigen,BE,
FULL_MATCH,Brusio,3551,Brusio,3551,GR,Brusio,GR,
FULL_MATCH,Bedano,5148,Bedano,5148,TI,Bedano,TI,
FULL_MATCH,Wangen-Brüttisellen,200,Wangen-Brüttisellen,200,ZH,Brüttisellen,ZH,
FULL_MATCH,Rapperswil-Jona,3340,Rapperswil-Jona,3340,SG,Jona,SG,
FULL_MATCH,Eggersriet-Grub,7868,Eggersriet-Grub,7868,SG,Eggersriet,SG,
FULL_MATCH,Mosnang,3394,Mosnang,3394,SG,Mosnang,SG,
FULL_MATCH,Glarus,1632,Glarus,1632,GL,Glarus,GL,
FULL_MATCH,Glarus Süd,1631,Glarus Süd,1631,GL,Schwanden GL,GL,
FULL_MATCH,Wimmis,769,Wimmis,769,BE,Wimmis,BE,
FULL_MATCH,Männedorf,155,Männedorf,155,ZH,Männedorf,ZH,
FULL_MATCH,Lotzwil,331,Lotzwil,331,BE,Lotzwil,BE,
FULL_MATCH,Langenthal,329,Langenthal,329,BE,Langenthal,BE,
FULL_MATCH,Bellinzona,5002,Bellinzona,5002,TI,Bellinzona,TI,
FULL_MATCH,Buchs,4003,Buchs,4003,AG,Buchs AG,AG,
FULL_MATCH,Buchs,83,Buchs,83,ZH,Buchs ZH,ZH,
FULL_MATCH,Gebenstorf,4029,Gebenstorf,4029,AG,Gebenstorf,AG,
FULL_MATCH,Quarten,3295,Quarten,3295,SG,Quarten,SG,
FULL_MATCH,Corgémont,431,Corgémont,431,BE,Corgémont,BE,
FULL_MATCH,Wangen bei Olten,2586,Wangen bei Olten,2586,SO,Wangen b. Olten,SO,
FULL_MATCH,Oberengstringen,245,Oberengstringen,245,ZH,Oberengstringen,ZH,
FULL_MATCH,Kemmental,4666,Kemmental,4666,TG,Siegershausen,TG,
FULL_MATCH,Thalwil,141,Thalwil,141,ZH,Thalwil,ZH,
FULL_MATCH,Bioley-Magnoux,5903,Bioley-Magnoux,5903,VD,Bioley-Magnoux,VD,
FULL_MATCH,Thörigen,989,Thörigen,989,BE,Thörigen,BE,
FULL_MATCH,Klosters-Serneus,3871,Klosters-Serneus,3871,GR,Klosters,GR,
FULL_MATCH,Lufingen,63,Lufingen,63,ZH,Lufingen,ZH,
FULL_MATCH,Champvent,5905,Champvent,5905,VD,Champvent,VD,
FULL_MATCH,Burgdorf,404,Burgdorf,404,BE,Burgdorf,BE,
FULL_MATCH,Mühleberg,668,Mühleberg,668,BE,Mühleberg,BE,
FULL_MATCH,Vacallo,5268,Vacallo,5268,TI,Vacallo,TI,
FULL_MATCH,Isérables,6134,Isérables,6134,VS,Isérables,VS,
FULL_MATCH,Breggia,5269,Breggia,5269,TI,Morbio Superiore,TI,
FULL_MATCH,Onsernone,5136,Onsernone,5136,TI,Loco,TI,
FULL_MATCH,Ayent,6082,Ayent,6082,VS,St-Romain (Ayent),VS,
FULL_MATCH_WITHOUT_CANTON_SUFFIX,Estavayer (FR),2054,Estavayer,2054,FR,Murist,FR,
FULL_MATCH,Bex,5402,Bex,5402,VD,Bex,VD,
FULL_MATCH,Wallisellen,69,Wallisellen,69,ZH,Wallisellen,ZH,
FULL_MATCH,Zollikon,161,Zollikon,161,ZH,Zollikon,ZH,
FULL_MATCH,Dällikon,84,Dällikon,84,ZH,Dällikon,ZH,
FULL_MATCH,Erlenbach,151,Erlenbach,151,ZH,Erlenbach ZH,ZH,
FULL_MATCH,Küsnacht,154,Küsnacht,154,ZH,Küsnacht ZH,ZH,
FULL_MATCH,Chiasso,5250,Chiasso,5250,TI,Chiasso,TI,
FULL_MATCH,Serravalle,5050,Serravalle,5050,TI,Malvaglia,TI,
FULL_MATCH,Islisberg,4084,Islisberg,4084,AG,Islisberg,AG,
FULL_MATCH,Willisau,1151,Willisau,1151,LU,Willisau,LU,
FULL_MATCH,Sant'Antonino,5017,Sant'Antonino,5017,TI,S. Antonino,TI,
FULL_MATCH,Leuggern,4313,Leuggern,4313,AG,Leuggern,AG,
FULL_MATCH,Meikirch,307,Meikirch,307,BE,Meikirch,BE,
FULL_MATCH,Leytron,6135,Leytron,6135,VS,Leytron,VS,
FULL_MATCH,Pura,5216,Pura,5216,TI,Pura,TI,
FULL_MATCH,Seengen,4208,Seengen,4208,AG,Seengen,AG,
SUCCESSOR_MATCH,Salins,6266,Salins,6264,VS,Salins,VS,
FULL_MATCH,Moosleerau,4277,Moosleerau,4277,AG,Moosleerau,AG,
FULL_MATCH,Schinznach,4125,Schinznach,4125,AG,Schinznach Dorf,AG,
FULL_MATCH,Fiez,5556,Fiez,5556,VD,Fiez,VD,
FULL_MATCH,Sion,6266,Sion,6266,VS,Sion,VS,
FULL_MATCH,Villars-Ste-Croix,5651,Villars-Ste-Croix,5651,VD,Villars-Ste-Croix,VD,
FULL_MATCH,Täsch,6295,Täsch,6295,VS,Täsch,VS,
FULL_MATCH,Dübendorf,191,Dübendorf,191,ZH,Dübendorf,ZH,
FULL_MATCH,Opfikon,66,Opfikon,66,ZH,Opfikon,ZH,
FULL_MATCH,Rothenburg,1040,Rothenburg,1040,LU,Rothenburg,LU,
FULL_MATCH,Kleinandelfingen,33,Kleinandelfingen,33,ZH,Kleinandelfingen,ZH,
FULL_MATCH,Acquarossa,5048,Acquarossa,5048,TI,Acquarossa,TI,
FULL_MATCH,Cadenazzo,5003,Cadenazzo,5003,TI,Cadenazzo,TI,
FULL_MATCH,Warth-Weiningen,4621,Warth-Weiningen,4621,TG,Warth,TG,
FULL_MATCH,Balerna,5242,Balerna,5242,TI,Balerna,TI,
FULL_MATCH,Boppelsen,82,Boppelsen,82,ZH,Boppelsen,ZH,
FULL_MATCH,Naters,6007,Naters,6007,VS,Naters,VS,
FULL_MATCH,Gommiswald,3341,Gommiswald,3341,SG,Gommiswald,SG,
FULL_MATCH,Gommiswald-Dorf,7954,Gommiswald-Dorf,7954,SG,Gommiswald,SG,
FULL_MATCH,Ausserberg,6191,Ausserberg,6191,VS,Ausserberg,VS,
FULL_MATCH,Rebstein,3255,Rebstein,3255,SG,Rebstein,SG,
FULL_MATCH,Bitsch,6173,Bitsch,6173,VS,Bitsch,VS,
FULL_MATCH,Ringgenberg,590,Ringgenberg,590,BE,Ringgenberg BE,BE,
FULL_MATCH,Vouvry,6159,Vouvry,6159,VS,Vouvry,VS,
FULL_MATCH,Guggisberg,852,Guggisberg,852,BE,Guggisberg,BE,
FULL_MATCH,Niederhünigen,617,Niederhünigen,617,BE,Niederhünigen,BE,
FULL_MATCH,Losone,5115,Losone,5115,TI,Losone,TI,
FULL_MATCH,Aigle,5401,Aigle,5401,VD,Aigle,VD,
FULL_MATCH,Gontenschwil,4135,Gontenschwil,4135,AG,Gontenschwil,AG,
FULL_MATCH,Diepoldsau-Schmitter,7869,Diepoldsau-Schmitter,7869,SG,Diepoldsau,SG,
FULL_MATCH,Stüsslingen,2499,Stüsslingen,2499,SO,Stüsslingen,SO,
FULL_MATCH,Muttenz,2770,Muttenz,2770,BL,Muttenz,BL,
FULL_MATCH,Poschiavo,3561,Poschiavo,3561,GR,Poschiavo,GR,
FULL_MATCH,Lengnau,387,Lengnau,387,BE,Lengnau BE,BE,
FULL_MATCH,Ecublens,5635,Ecublens,5635,VD,Ecublens VD,VD,
FULL_MATCH,Buochs,1502,Buochs,1502,NW,Buochs,NW,
FULL_MATCH,Meinier,6629,Meinier,6629,GE,Meinier,GE,
FULL_MATCH,Hermance,6625,Hermance,6625,GE,Hermance,GE,
FULL_MATCH,Fahrwangen,4196,Fahrwangen,4196,AG,Fahrwangen,AG,
FULL_MATCH,Montreux,5886,Montreux,5886,VD,Montreux,VD,
FULL_MATCH,Pully,5590,Pully,5590,VD,Pully,VD,
FULL_MATCH,Sarnen,1407,Sarnen,1407,OW,Sarnen,OW,
FULL_MATCH_WITHOUT_CANTON_SUFFIX,Weiningen (ZH),251,Weiningen,251,ZH,Weiningen ZH,ZH,
FULL_MATCH,Liestal,2829,Liestal,2829,BL,Liestal,BL,
FULL_MATCH,Wangen an der Aare,992,Wangen an der Aare,992,BE,Wangen an der Aare,BE,
FULL_MATCH,Seftigen,883,Seftigen,883,BE,Seftigen,BE,
FULL_MATCH,St. Gallen,3203,St. Gallen,3203,SG,St. Gallen,SG,
FULL_MATCH,Saxon,6141,Saxon,6141,VS,Saxon,VS,
FULL_MATCH,Ebikon,1054,Ebikon,1054,LU,Ebikon,LU,
FULL_MATCH,Aadorf,4551,Aadorf,4551,TG,Aadorf,TG,
FULL_MATCH,Bremgarten,4063,Bremgarten,4063,AG,Bremgarten AG,AG,
FULL_MATCH,Kaltbrunn,3313,Kaltbrunn,3313,SG,Kaltbrunn,SG,
FULL_MATCH,Oberweningen,93,Oberweningen,93,ZH,Oberweningen,ZH,
FULL_MATCH,Wil,3427,Wil,3427,SG,Wil SG,SG,
FULL_MATCH,Langnau am Albis,136,Langnau am Albis,136,ZH,Langnau am Albis,ZH,
FULL_MATCH,Neftenbach,223,Neftenbach,223,ZH,Neftenbach,ZH,
FULL_MATCH,Goldach,3213,Goldach,3213,SG,Goldach,SG,
FULL_MATCH,Cham,1702,Cham,1702,ZG,Cham,ZG,
FULL_MATCH,Herrliberg,152,Herrliberg,152,ZH,Herrliberg,ZH,
FULL_MATCH,Geroldswil,244,Geroldswil,244,ZH,Geroldswil,ZH,
FULL_MATCH,Wattenwil,886,Wattenwil,886,BE,Wattenwil,BE,
FULL_MATCH,Pratteln,2831,Pratteln,2831,BL,Pratteln,BL,
FULL_MATCH,Castaneda,3805,Castaneda,3805,GR,Castaneda,GR,
FULL_MATCH,Payerne,5822,Payerne,5822,VD,Payerne,VD,
FULL_MATCH,Dielsdorf,86,Dielsdorf,86,ZH,Dielsdorf,ZH,
FULL_MATCH,Sainte-Croix,5568,Sainte-Croix,5568,VD,Ste-Croix,VD,
FULL_MATCH,Martigny,6136,Martigny,6136,VS,Martigny,VS,
FULL_MATCH,Schlieren,247,Schlieren,247,ZH,Schlieren,ZH,
FULL_MATCH,Kallnach,304,Kallnach,304,BE,Kallnach,BE,
FULL_MATCH,Steinmaur,101,Steinmaur,101,ZH,Steinmaur,ZH,
FULL_MATCH,Amriswil,4461,Amriswil,4461,TG,Amriswil,TG,
FULL_MATCH,Affeltrangen,4711,Affeltrangen,4711,TG,Affeltrangen,TG,
FULL_MATCH,Wolhusen,1107,Wolhusen,1107,LU,Wolhusen,LU,
FULL_MATCH,Maur,195,Maur,195,ZH,Maur,ZH,
FULL_MATCH,Gland,5721,Gland,5721,VD,Gland,VD,
FULL_MATCH,Pieterlen,392,Pieterlen,392,BE,Pieterlen,BE,
FULL_MATCH,Fällanden,193,Fällanden,193,ZH,Fällanden,ZH,
FULL_MATCH,Montagny,2029,Montagny,2029,FR,Cousset,FR,
FULL_MATCH,Rechthalten,2301,Rechthalten,2301,FR,Rechthalten,FR,
FULL_MATCH,Urdorf,250,Urdorf,250,ZH,Urdorf,ZH,
FULL_MATCH,Rheinfelden,4258,Rheinfelden,4258,AG,Rheinfelden,AG,
FULL_MATCH,Tramelan,446,Tramelan,446,BE,Tramelan,BE,
FULL_MATCH,Rüschegg,853,Rüschegg,853,BE,Rüschegg Heubach,BE,
FULL_MATCH,Bulle,2125,Bulle,2125,FR,Bulle,FR,
FULL_MATCH,Tavannes,713,Tavannes,713,BE,Tavannes,BE,
FULL_MATCH,Bauma,297,Bauma,297,ZH,Bauma,ZH,
FULL_MATCH,Biberist,2513,Biberist,2513,SO,Biberist,SO,
FULL_MATCH,Calanca,3837,Calanca,3837,GR,Arvigo,GR,
FULL_MATCH,Flawil,3402,Flawil,3402,SG,Flawil,SG,
FULL_MATCH,Balsthal,2422,Balsthal,2422,SO,Balsthal,SO,
FULL_MATCH,Niederhasli,90,Niederhasli,90,ZH,Niederhasli,ZH,
FULL_MATCH,Wald,120,Wald,120,ZH,Wald ZH,ZH,
FULL_MATCH,Weiningen,251,Weiningen,251,ZH,Weiningen ZH,ZH,
FULL_MATCH,Bäriswil,403,Bäriswil,403,BE,Bäriswil BE,BE,
FULL_MATCH,Höri,60,Höri,60,ZH,Höri,ZH,
FULL_MATCH,Chavornay,5749,Chavornay,5749,VD,Chavornay,VD,
FULL_MATCH_WITHOUT_CANTON_SUFFIX,Rüti (ZH),118,Rüti,118,ZH,Rüti ZH,ZH,
FULL_MATCH,Hergiswil bei Willisau,1132,Hergiswil bei Willisau,1132,LU,Hergiswil b. Willisau,LU,
FULL_MATCH,Corsier-sur-Vevey,5884,Corsier-sur-Vevey,5884,VD,Corsier-sur-Vevey,VD,
FULL_MATCH,Wollerau,1323,Wollerau,1323,SZ,Wollerau,SZ,
FULL_MATCH,Hildisrieden,1088,Hildisrieden,1088,LU,Hildisrieden,LU,
FULL_MATCH,Hasle,1005,Hasle,1005,LU,Hasle LU,LU,
FULL_MATCH,Gersau,1311,Gersau,1311,SZ,Gersau,SZ,
FULL_MATCH,Diessenhofen,4545,Diessenhofen,4545,TG,Diessenhofen,TG,
FULL_MATCH,Romanshorn,4436,Romanshorn,4436,TG,Romanshorn,TG,
FULL_MATCH,Thônex,6640,Thônex,6640,GE,Thônex,GE,
FULL_MATCH,Walchwil,1710,Walchwil,1710,ZG,Walchwil,ZG,
FULL_MATCH,Kreuzlingen,4671,Kreuzlingen,4671,TG,Kreuzlingen,TG,
FULL_MATCH,Egnach,4411,Egnach,4411,TG,Egnach,TG,
FULL_MATCH,Volketswil,199,Volketswil,199,ZH,Volketswil,ZH,
FULL_MATCH,Triengen,1104,Triengen,1104,LU,Triengen,LU,
FULL_MATCH,Obfelden,10,Obfelden,10,ZH,Obfelden,ZH,
FULL_MATCH,Sulgen,4506,Sulgen,4506,TG,Sulgen,TG,
FULL_MATCH,Risch,1707,Risch,1707,ZG,Risch,ZG,
FULL_MATCH,Mels,3293,Mels,3293,SG,Mels,SG,
FULL_MATCH,Belmont-Broye,2053,Belmont-Broye,2053,FR,Dompierre FR,FR,
FULL_MATCH,Murten,2275,Murten,2275,FR,Murten,FR,
FULL_MATCH,Engelberg,1402,Engelberg,1402,OW,Engelberg,OW,
FULL_MATCH,Thal,3237,Thal,3237,SG,Thal,SG,
FULL_MATCH,Wetzikon,121,Wetzikon,121,ZH,Wetzikon ZH,ZH,
FULL_MATCH,Lenzburg,4201,Lenzburg,4201,AG,Lenzburg,AG,
FULL_MATCH,La Tène,6461,La Tène,6461,NE,Marin-Epagnier,NE,
FULL_MATCH,Sigriswil,938,Sigriswil,938,BE,Sigriswil,BE,
FULL_MATCH,Trub,908,Trub,908,BE,Trub,BE,
FULL_MATCH,Walzenhausen,3037,Walzenhausen,3037,AR,Walzenhausen,AR,
FULL_MATCH,Bavois,5746,Bavois,5746,VD,Bavois,VD,
FULL_MATCH,Jenins,3952,Jenins,3952,GR,Jenins,GR,
FULL_MATCH,Wattwil,3379,Wattwil,3379,SG,Wattwil,SG,
FULL_MATCH_WITHOUT_CANTON_SUFFIX,Kirchberg (SG),3392,Kirchberg,3392,SG,Kirchberg SG,SG,
FULL_MATCH,Entlebuch,1002,Entlebuch,1002,LU,Entlebuch,LU,
FULL_MATCH,La Tour-de-Peilz,5889,La Tour-de-Peilz,5889,VD,La Tour-de-Peilz,VD,
FULL_MATCH,Steinhausen,1708,Steinhausen,1708,ZG,Steinhausen,ZG,
FULL_MATCH,Obersaxen Mundaun,3988,Obersaxen Mundaun,3988,GR,Obersaxen,GR,
FULL_MATCH,La Brévine,6432,La Brévine,6432,NE,La Brévine,NE,
FULL_MATCH,Uitikon,248,Uitikon,248,ZH,Uitikon Waldegg,ZH,
FULL_MATCH,Oberbipp,983,Oberbipp,983,BE,Oberbipp,BE,
FULL_MATCH,Wädenswil,293,Wädenswil,293,ZH,Wädenswil,ZH,
FULL_MATCH,Nesslau,3360,Nesslau,3360,SG,Nesslau,SG,
FULL_MATCH_WITHOUT_CANTON_SUFFIX,Mézières (FR),2087,Mézières,2087,FR,Mézières FR,FR,
FULL_MATCH,Bachenbülach,51,Bachenbülach,51,ZH,Bachenbülach,ZH,
FULL_MATCH,Baden,4021,Baden,4021,AG,Baden,AG,
FULL_MATCH,Carouge,6608,Carouge,6608,GE,Carouge GE,GE,
FULL_MATCH,Wil,71,Wil,71,ZH,Wil ZH,ZH,
FULL_MATCH,Neunkirch,2904,Neunkirch,2904,SH,Neunkirch,SH,
FULL_MATCH,Unterschächen,1219,Unterschächen,1219,UR,Unterschächen,UR,
FULL_MATCH,Nesslau-Krummenau,7957,Nesslau-Krummenau,7957,SG,Krummenau,SG,
FULL_MATCH,Rheinwald,3714,Rheinwald,3714,GR,Splügen,GR,
FULL_MATCH,Eriz,924,Eriz,924,BE,Eriz,BE,
FULL_MATCH,Wiler (Lötschen),6202,Wiler (Lötschen),6202,VS,Wiler (Lötschen),VS,
FULL_MATCH,Eggiwil,901,Eggiwil,901,BE,Eggiwil,BE,
FULL_MATCH,Lützelflüh,955,Lützelflüh,955,BE,Lützelflüh-Goldbach,BE,
FULL_MATCH,Collina d'Oro,5236,Collina d'Oro,5236,TI,Montagnola,TI,
FULL_MATCH,Schönengrund,3003,Schönengrund,3003,AR,Schönengrund,AR,
FULL_MATCH,Hitzkirch,1030,Hitzkirch,1030,LU,Hitzkirch,LU,
FULL_MATCH,Toffen,884,Toffen,884,BE,Toffen,BE,
FULL_MATCH,Saint-Blaise,6459,Saint-Blaise,6459,NE,St-Blaise,NE,
FULL_MATCH,Utzenstorf,552,Utzenstorf,552,BE,Utzenstorf,BE,
FULL_MATCH,Klingnau,4309,Klingnau,4309,AG,Klingnau,AG,
FULL_MATCH,Lens,6240,Lens,6240,VS,Lens,VS,
FULL_MATCH,Corbeyrier,5404,Corbeyrier,5404,VD,Corbeyrier,VD,
FULL_MATCH,Savagnier (Val-de-Ruz),7939,Savagnier (Val-de-Ruz),7939,NE,Savagnier,NE,
FULL_MATCH,Belmont-sur-Lausanne,5581,Belmont-sur-Lausanne,5581,VD,Belmont-sur-Lausanne,VD,
FULL_MATCH,Sumiswald,957,Sumiswald,957,BE,Sumiswald,BE,
FULL_MATCH,Villnachern,4122,Villnachern,4122,AG,Villnachern,AG,
FULL_MATCH,Möriken-Wildegg,4203,Möriken-Wildegg,4203,AG,Wildegg,AG,
FULL_MATCH,Bonfol,6775,Bonfol,6775,BE,Bonfol,JU,
UNIQUE_ID_MATCH,Ecublens VD,5635,Ecublens,5635,VD,Ecublens VD,VD,
FULL_MATCH,Cortaillod,6408,Cortaillod,6408,NE,Cortaillod,NE,
FULL_MATCH,Salmsach,4441,Salmsach,4441,TG,Salmsach,TG,
FULL_MATCH,Zuzgen,4264,Zuzgen,4264,AG,Zuzgen,AG,
FULL_MATCH,Langenbruck,2888,Langenbruck,2888,BL,Langenbruck,BL,
FULL_MATCH,Pregny-Chambésy,6634,Pregny-Chambésy,6634,GE,Chambésy,GE,
FULL_MATCH,Spiringen,1218,Spiringen,1218,UR,Spiringen,UR,
FULL_MATCH,Iffwil,541,Iffwil,541,BE,Iffwil,BE,
FULL_MATCH,Koblenz,4310,Koblenz,4310,AG,Koblenz,AG,
FULL_MATCH,Breitenbach,2613,Breitenbach,2613,SO,Breitenbach,SO,
FULL_MATCH,Birmenstorf,4024,Birmenstorf,4024,AG,Birmenstorf AG,AG,
FULL_MATCH,Stabio,5266,Stabio,5266,TI,Stabio,TI,
FULL_MATCH_WITHOUT_CANTON_SUFFIX,Küsnacht (ZH),154,Küsnacht,154,ZH,Küsnacht ZH,ZH,
FULL_MATCH,Killwangen,4030,Killwangen,4030,AG,Killwangen,AG,
FULL_MATCH,Morges,5642,Morges,5642,VD,Morges,VD,
FULL_MATCH,Gondiswil,326,Gondiswil,326,BE,Gondiswil,BE,
FULL_MATCH,Welschenrohr,2429,Welschenrohr,2429,SO,Welschenrohr,SO,
FULL_MATCH,Muralto,5120,Muralto,5120,TI,Muralto,TI,
FULL_MATCH,Tenero-Contra,5131,Tenero-Contra,5131,TI,Tenero,TI,
FULL_MATCH,Cernier (Val-de-Ruz),7927,Cernier (Val-de-Ruz),7927,NE,Cernier,NE,
FULL_MATCH,Oftringen,4280,Oftringen,4280,AG,Oftringen,AG,
FULL_MATCH_WITHOUT_CANTON_SUFFIX,Erlenbach (ZH),151,Erlenbach,151,ZH,Erlenbach ZH,ZH,
FULL_MATCH,Gambarogno,5398,Gambarogno,5398,TI,Magadino,TI,
FULL_MATCH,Veltheim,4120,Veltheim,4120,AG,Veltheim AG,AG,
FULL_MATCH,Vex,6089,Vex,6089,VS,Vex,VS,
FULL_MATCH,Unterengstringen,249,Unterengstringen,249,ZH,Unterengstringen,ZH,
FULL_MATCH,Montanaire,5693,Montanaire,5693,VD,Thierrens,VD,
FULL_MATCH,Villiers (Val-de-Ruz),7940,Villiers (Val-de-Ruz),7940,NE,Villiers,NE,
FULL_MATCH,Nods,724,Nods,724,BE,Nods,BE,
FULL_MATCH,Riva San Vitale,5263,Riva San Vitale,5263,TI,Riva San Vitale,TI,
FULL_MATCH,Vollèges,6036,Vollèges,6036,VS,Vollèges,VS,
FULL_MATCH,Orsières,6034,Orsières,6034,VS,Orsières,VS,
FULL_MATCH,Charrat,6132,Charrat,6132,VS,Charrat,VS,
UNIQUE_ID_MATCH,Val de Bagnes,6031,Bagnes,6031,VS,Le Châble VS,VS,
FULL_MATCH,Les Hauts-Geneveys (Val-de-Ruz),7936,Les Hauts-Geneveys (Val-de-Ruz),7936,NE,Les Hauts-Geneveys,NE,
FULL_MATCH,Conthey,6023,Conthey,6023,VS,Conthey,VS,
FULL_MATCH,Chamoson,6022,Chamoson,6022,VS,Chamoson,VS,
FULL_MATCH,Bovernier,6131,Bovernier,6131,VS,Bovernier,VS,
FULL_MATCH,Martigny-Combe,6137,Martigny-Combe,6137,VS,Martigny-Croix,VS,
FULL_MATCH,Bagnes,6031,Bagnes,6031,VS,Le Châble VS,VS,
FULL_MATCH,Trient,6142,Trient,6142,VS,Trient,VS,
FULL_MATCH,Niedermuhlern,877,Niedermuhlern,877,BE,Niedermuhlern,BE,
FULL_MATCH,Arbaz,6261,Arbaz,6261,VS,Arbaz,VS,
FULL_MATCH,Cheseaux-sur-Lausanne,5582,Cheseaux-sur-Lausanne,5582,VD,Cheseaux-sur-Lausanne,VD,
FULL_MATCH,Vandoeuvres,6642,Vandoeuvres,6642,GE,Vandoeuvres,GE,
FULL_MATCH,Saillon,6140,Saillon,6140,VS,Saillon,VS,
FULL_MATCH,Muriaux,6753,Muriaux,6753,BE,Muriaux,JU,
FULL_MATCH,Fully,6133,Fully,6133,VS,Fully,VS,
UNIQUE_ID_MATCH,Vollege,6036,Vollèges,6036,VS,Vollèges,VS,
FULL_MATCH,Untersiggenthal,4044,Untersiggenthal,4044,AG,Untersiggenthal,AG,
FULL_MATCH,Val-de-Charmey,2163,Val-de-Charmey,2163,FR,Cerniat FR,FR,
FULL_MATCH,Saint-Maurice,6217,Saint-Maurice,6217,VS,St-Maurice,VS,
FULL_MATCH,Miège,6241,Miège,6241,VS,Miège,VS,
FULL_MATCH,Rue,2097,Rue,2097,FR,Rue,FR,
UNIQUE_ID_MATCH,Miege,6241,Miège,6241,VS,Miège,VS,
FULL_MATCH,Brienzwiler,574,Brienzwiler,574,BE,Brienzwiler,BE,
SUCCESSOR_MATCH,Erschmatt,6110,Erschmatt,6105,VS,Erschmatt,VS,
FULL_MATCH,Schänis-Rüttiberg,7898,Schänis-Rüttiberg,7898,SG,Schänis,SG,
FULL_MATCH,Arbedo-Castione,5001,Arbedo-Castione,5001,TI,Arbedo,TI,
FULL_MATCH,Lyss,306,Lyss,306,BE,Lyss,BE,
FULL_MATCH,Arbon,4401,Arbon,4401,TG,Arbon,TG,
FULL_MATCH,Berg am Irchel,23,Berg am Irchel,23,ZH,Berg am Irchel,ZH,
FULL_MATCH,Eschenbach,1026,Eschenbach,1026,LU,Eschenbach LU,LU,
FULL_MATCH,Muri,4236,Muri,4236,AG,Muri AG,AG,
FULL_MATCH,Arnex-sur-Orbe,5743,Arnex-sur-Orbe,5743,VD,Arnex-sur-Orbe,VD,
FULL_MATCH,Richterswil,138,Richterswil,138,ZH,Richterswil,ZH,
FULL_MATCH,Ascona,5091,Ascona,5091,TI,Ascona,TI,
FULL_MATCH_WITHOUT_CANTON_SUFFIX,Rickenbach (ZH),225,Rickenbach,225,ZH,Rickenbach ZH,ZH,
FULL_MATCH,Meggen,1063,Meggen,1063,LU,Meggen,LU,
FULL_MATCH,Rickenbach,225,Rickenbach,225,ZH,Rickenbach ZH,ZH,
FULL_MATCH,Comano,5176,Comano,5176,TI,Comano,TI,
FULL_MATCH,Mezzovico-Vira,5199,Mezzovico-Vira,5199,TI,Mezzovico,TI,
FULL_MATCH,Les Bois,6742,Les Bois,6742,BE,Les Bois,JU,
FULL_MATCH,Agno,5141,Agno,5141,TI,Agno,TI,
FULL_MATCH,Galgenen,1342,Galgenen,1342,SZ,Galgenen,SZ,
FULL_MATCH,Lovatens,5674,Lovatens,5674,VD,Lovatens,VD,
FULL_MATCH,Steffisburg,939,Steffisburg,939,BE,Steffisburg,BE,
FULL_MATCH,Rohrbach,338,Rohrbach,338,BE,Rohrbach,BE,
FULL_MATCH,Bossonnens,2323,Bossonnens,2323,FR,Bossonnens,FR,
FULL_MATCH,Flühli,1004,Flühli,1004,LU,Flühli LU,LU,
FULL_MATCH,Bevaix (La Grande Béroche),7514,Bevaix (La Grande Béroche),7514,NE,Bevaix,NE,
FULL_MATCH,Château-d'Oex,5841,Château-d'Oex,5841,VD,Château-d'Oex,VD,
FULL_MATCH,Plan-les-Ouates,6633,Plan-les-Ouates,6633,GE,Plan-les-Ouates,GE,
FULL_MATCH,Bussigny,5624,Bussigny,5624,VD,Bussigny,VD,
FULL_MATCH,Rehetobel,3034,Rehetobel,3034,AR,Rehetobel,AR,
FULL_MATCH,Ueken,4179,Ueken,4179,AG,Ueken,AG,
FULL_MATCH,Schänis-Dorf,7895,Schänis-Dorf,7895,SG,Schänis,SG,
FULL_MATCH,Oberägeri,1706,Oberägeri,1706,ZG,Oberägeri,ZG,
FULL_MATCH,Evolène,6083,Evolène,6083,VS,Evolène,VS,
FULL_MATCH,Provence,5566,Provence,5566,VD,Provence,VD,
FULL_MATCH,Egg,192,Egg,192,ZH,Egg b. Zürich,ZH,
FULL_MATCH,Valbroye,5831,Valbroye,5831,VD,Granges-près-Marnand,VD,
FULL_MATCH,Schattdorf,1213,Schattdorf,1213,UR,Schattdorf,UR,
FULL_MATCH,Niederlenz,4204,Niederlenz,4204,AG,Niederlenz,AG,
FULL_MATCH,Hauterive,2233,Hauterive,2233,FR,Posieux,FR,
FULL_MATCH_WITHOUT_CANTON_SUFFIX,Bremgarten (AG),4063,Bremgarten,4063,AG,Bremgarten AG,AG,
SUCCESSOR_MATCH,Hermetschwil,4063,Hermetschwil,4069,AG,Hermetschwil-Staffeln,AG,
FULL_MATCH,Braunau,4723,Braunau,4723,TG,Braunau,TG,
FULL_MATCH,Sennwald,3274,Sennwald,3274,SG,Sennwald,SG,
FULL_MATCH,Oberiberg,1368,Oberiberg,1368,SZ,Oberiberg,SZ,
FULL_MATCH,Hägglingen,4068,Hägglingen,4068,AG,Hägglingen,AG,
FULL_MATCH,Chexbres,5601,Chexbres,5601,VD,Chexbres,VD,
FULL_MATCH,Fislisbach,4027,Fislisbach,4027,AG,Fislisbach,AG,
FULL_MATCH,Thunstetten,342,Thunstetten,342,BE,Thunstetten,BE,
FULL_MATCH,Cartigny,6609,Cartigny,6609,GE,Cartigny,GE,
FULL_MATCH,Misery-Courtion,2272,Misery-Courtion,2272,FR,Misery,FR,
FULL_MATCH,Vuisternens-devant-Romont,2113,Vuisternens-devant-Romont,2113,FR,Vuisternens-devant-Romont,FR,
FULL_MATCH,Hérémence,6084,Hérémence,6084,VS,Hérémence,VS,
FULL_MATCH,Le Chenit,5872,Le Chenit,5872,VD,Le Sentier,VD,
FULL_MATCH,Därstetten,761,Därstetten,761,BE,Därstetten,BE,
FULL_MATCH,Oberwil im Simmental,766,Oberwil im Simmental,766,BE,Oberwil im Simmental,BE,
FULL_MATCH,Lauterbrunnen,584,Lauterbrunnen,584,BE,Lauterbrunnen,BE,
FULL_MATCH,Krauchthal,414,Krauchthal,414,BE,Krauchthal,BE,
FULL_MATCH,Bäretswil,111,Bäretswil,111,ZH,Bäretswil,ZH,
FULL_MATCH,Chamblon,5904,Chamblon,5904,VD,Chamblon,VD,
FULL_MATCH,Neuendorf,2404,Neuendorf,2404,SO,Neuendorf,SO,
FULL_MATCH,Guttannen,782,Guttannen,782,BE,Guttannen,BE,
FULL_MATCH,Schangnau,906,Schangnau,906,BE,Schangnau,BE,
FULL_MATCH,S-chanf,3788,S-chanf,3788,GR,S-chanf,GR,
FULL_MATCH,Spiez,768,Spiez,768,BE,Spiez,BE,
FULL_MATCH,Plaffeien,2299,Plaffeien,2299,FR,Plaffeien,FR,
FULL_MATCH,Berg,3211,Berg,3211,SG,Berg SG,SG,
FULL_MATCH,Lütschental,586,Lütschental,586,BE,Lütschental,BE,
FULL_MATCH,Bassersdorf,52,Bassersdorf,52,ZH,Bassersdorf,ZH,
UNIQUE_ID_MATCH,Limpach,7473,Fraubrunnen (Limpach),7473,BE,Limpach,BE,
FULL_MATCH,Fraubrunnen,538,Fraubrunnen,538,BE,Fraubrunnen,BE,
FULL_MATCH,Rüeggisberg,880,Rüeggisberg,880,BE,Rüeggisberg,BE,
SUCCESSOR_MATCH,Krummenau-Ennetbühl,7958,Krummenau-Ennetbühl,7901,SG,Krummenau,SG,
FULL_MATCH,Erlenbach im Simmental,763,Erlenbach im Simmental,763,BE,Erlenbach im Simmental,BE,
FULL_MATCH,Belp,861,Belp,861,BE,Belp,BE,
FULL_MATCH,Wuppenau,4791,Wuppenau,4791,TG,Wuppenau,TG,
FULL_MATCH,Schattenhalb,786,Schattenhalb,786,BE,Schattenhalb,BE,
FULL_MATCH,Illnau-Effretikon,296,Illnau-Effretikon,296,ZH,Effretikon,ZH,
FULL_MATCH,Rafz,67,Rafz,67,ZH,Rafz,ZH,
FULL_MATCH,Schüpfheim,1008,Schüpfheim,1008,LU,Schüpfheim,LU,
FULL_MATCH,Jegenstorf,540,Jegenstorf,540,BE,Jegenstorf,BE,
FULL_MATCH,St. Stephan,793,St. Stephan,793,BE,St. Stephan,BE,
FULL_MATCH,Remetschwil,4039,Remetschwil,4039,AG,Remetschwil,AG,
FULL_MATCH,Kandersteg,565,Kandersteg,565,BE,Kandersteg,BE,
FULL_MATCH,Escholzmatt-Marbach,1010,Escholzmatt-Marbach,1010,LU,Escholzmatt,LU,
FULL_MATCH,Höchstetten,410,Höchstetten,410,BE,Höchstetten,BE,
FULL_MATCH,Winkel,72,Winkel,72,ZH,Winkel,ZH,
FULL_MATCH,Allschwil,2762,Allschwil,2762,BL,Allschwil,BL,
FULL_MATCH,Wyssachen,960,Wyssachen,960,BE,Wyssachen,BE,
FULL_MATCH,Habkern,579,Habkern,579,BE,Habkern,BE,
FULL_MATCH,Bad Zurzach,4323,Bad Zurzach,4323,AG,Bad Zurzach,AG,
FULL_MATCH,Ingenbohl,1364,Ingenbohl,1364,SZ,Brunnen,SZ,
FULL_MATCH,Berneck,3233,Berneck,3233,SG,Berneck,SG,
FULL_MATCH,Dänikon,85,Dänikon,85,ZH,Dänikon ZH,ZH,
FULL_MATCH,Grabs,3273,Grabs,3273,SG,Grabs,SG,
FULL_MATCH,Thurnen,889,Thurnen,889,BE,Mühlethurnen,BE,
FULL_MATCH,Teufenthal,4145,Teufenthal,4145,AG,Teufenthal AG,AG,
FULL_MATCH,Lauperswil,903,Lauperswil,903,BE,Lauperswil,BE,
FULL_MATCH,Arlesheim,2763,Arlesheim,2763,BL,Arlesheim,BL,
FULL_MATCH,Dinhard,216,Dinhard,216,ZH,Dinhard,ZH,
FULL_MATCH,Zullwil,2622,Zullwil,2622,SO,Zullwil,SO,
FULL_MATCH,Unteriberg,1375,Unteriberg,1375,SZ,Unteriberg,SZ,
FULL_MATCH,Menznau,1136,Menznau,1136,LU,Menznau,LU,
FULL_MATCH,Fenin-Vilars-Saules (Val-de-Ruz),7932,Fenin-Vilars-Saules (Val-de-Ruz),7932,NE,Fenin,NE,
FULL_MATCH,Arosa,3921,Arosa,3921,GR,Arosa,GR,
FULL_MATCH,Cornol,6782,Cornol,6782,BE,Cornol,JU,
FULL_MATCH,Oberriet-Holzrhode,7872,Oberriet-Holzrhode,7872,SG,Oberriet SG,SG,
FULL_MATCH,Bottighofen,4643,Bottighofen,4643,TG,Bottighofen,TG,
FULL_MATCH,Ponte Tresa,5213,Ponte Tresa,5213,TI,Ponte Tresa,TI,
FULL_MATCH,Teufen,3024,Teufen,3024,AR,Teufen AR,AR,
FULL_MATCH,Olten,2581,Olten,2581,SO,Olten,SO,
FULL_MATCH,Ramsen,2963,Ramsen,2963,SH,Ramsen,SH,
FULL_MATCH,Reichenbach im Kandertal,567,Reichenbach im Kandertal,567,BE,Reichenbach im Kandertal,BE,
FULL_MATCH,Lachen,1344,Lachen,1344,SZ,Lachen SZ,SZ,
FULL_MATCH,Neuenhof,4034,Neuenhof,4034,AG,Neuenhof,AG,
FULL_MATCH,Schlossrued,4142,Schlossrued,4142,AG,Schlossrued,AG,
FULL_MATCH,Truttikon,41,Truttikon,41,ZH,Truttikon,ZH,
FULL_MATCH,Murgenthal,4279,Murgenthal,4279,AG,Murgenthal,AG,
FULL_MATCH,Rümlang,97,Rümlang,97,ZH,Rümlang,ZH,
FULL_MATCH,Niederdorf,2891,Niederdorf,2891,BL,Niederdorf,BL,
FULL_MATCH,Haute-Sorne,6729,Haute-Sorne,6729,JU,Bassecourt,JU,
FULL_MATCH,Novazzano,5260,Novazzano,5260,TI,Novazzano,TI,
FULL_MATCH,Beromünster,1081,Beromünster,1081,LU,Beromünster,LU,
FULL_MATCH,Tobel-Tägerschen,4776,Tobel-Tägerschen,4776,TG,Tobel,TG,
FULL_MATCH,Uerkheim,4286,Uerkheim,4286,AG,Uerkheim,AG,
FULL_MATCH,Chalais,6232,Chalais,6232,VS,Chalais,VS,
FULL_MATCH,Confignon,6618,Confignon,6618,GE,Confignon,GE,
FULL_MATCH,"Bütschwil-Ganterschwil, Bütschwil",7959,"Bütschwil-Ganterschwil, Bütschwil",7959,SG,Bütschwil,SG,
FULL_MATCH,Neggio,5206,Neggio,5206,TI,Neggio,TI,
FULL_MATCH,St. Antoni,2302,St. Antoni,2302,FR,St. Antoni,FR,
FULL_MATCH,Zug,1711,Zug,1711,ZG,Zug,ZG,
FULL_MATCH,Oberriet-Eichenwies,7871,Oberriet-Eichenwies,7871,SG,Oberriet SG,SG,
FULL_MATCH,Uster,198,Uster,198,ZH,Uster,ZH,
FULL_MATCH,Lavey-Morcles,5406,Lavey-Morcles,5406,VD,Morcles,VD,
FULL_MATCH,Linden,614,Linden,614,BE,Linden,BE,
FULL_MATCH,Remaufens,2333,Remaufens,2333,FR,Remaufens,FR,
FULL_MATCH,Frauenkappelen,663,Frauenkappelen,663,BE,Frauenkappelen,BE,
FULL_MATCH,Einsiedeln,1301,Einsiedeln,1301,SZ,Einsiedeln,SZ,
FULL_MATCH,Zuzwil,3426,Zuzwil,3426,SG,Zuzwil SG,SG,
FULL_MATCH,Zofingen,4289,Zofingen,4289,AG,Zofingen,AG,
FULL_MATCH,Widnau,3238,Widnau,3238,SG,Widnau,SG,
FULL_MATCH,Val Müstair,3847,Val Müstair,3847,GR,Müstair,GR,
FULL_MATCH,Eggersriet,3212,Eggersriet,3212,SG,Eggersriet,SG,
FULL_MATCH,Knonau,7,Knonau,7,ZH,Knonau,ZH,
FULL_MATCH,Coppet,5712,Coppet,5712,VD,Coppet,VD,
FULL_MATCH,Uzwil,3408,Uzwil,3408,SG,Uzwil,SG,
FULL_MATCH,Wiesendangen,298,Wiesendangen,298,ZH,Wiesendangen,ZH,
FULL_MATCH,Halten,2520,Halten,2520,SO,Halten,SO,
FULL_MATCH,Lutry,5606,Lutry,5606,VD,Lutry,VD,
FULL_MATCH,Häggenschwil,3201,Häggenschwil,3201,SG,Häggenschwil,SG,
FULL_MATCH,Kernenried,411,Kernenried,411,BE,Kernenried,BE,
FULL_MATCH,Sierre,6248,Sierre,6248,VS,Sierre,VS,
FULL_MATCH,Oberdorf,1508,Oberdorf,1508,NW,Oberdorf NW,NW,
FULL_MATCH,Oberdorf,2892,Oberdorf,2892,BL,Oberdorf BL,BL,
FULL_MATCH,Regensdorf,96,Regensdorf,96,ZH,Regensdorf,ZH,
FULL_MATCH,Schiers,3962,Schiers,3962,GR,Schiers,GR,
FULL_MATCH,Leibstadt,4311,Leibstadt,4311,AG,Leibstadt,AG,
FULL_MATCH,Mendrisio,5254,Mendrisio,5254,TI,Mendrisio,TI,
FULL_MATCH_WITHOUT_CANTON_SUFFIX,Niederwil (AG),4072,Niederwil,4072,AG,Niederwil AG,AG,
FULL_MATCH,Seeberg,988,Seeberg,988,BE,Seeberg,BE,
FULL_MATCH,Beinwil am See,4131,Beinwil am See,4131,AG,Beinwil am See,AG,
FULL_MATCH,Chêne-Bougeries,6612,Chêne-Bougeries,6612,GE,Chêne-Bougeries,GE,
FULL_MATCH,Hallau,2971,Hallau,2971,SH,Hallau,SH,
FULL_MATCH,Kirchberg,3392,Kirchberg,3392,SG,Kirchberg SG,SG,
FULL_MATCH_WITHOUT_CANTON_SUFFIX,Küssnacht (SZ),1331,Küssnacht,1331,SZ,Küssnacht am Rigi,,
FULL_MATCH,Untervaz,3946,Untervaz,3946,GR,Untervaz,GR,
FULL_MATCH,Unterbäch,6201,Unterbäch,6201,VS,Unterbäch VS,VS,
FULL_MATCH,Ponthaux,2217,Ponthaux,2217,FR,Ponthaux,FR,
FULL_MATCH,Ried-Brig,6008,Ried-Brig,6008,VS,Ried-Brig,VS,
FULL_MATCH,Dürnten,113,Dürnten,113,ZH,Dürnten,ZH,
FULL_MATCH,Schmitten,2305,Schmitten,2305,FR,Schmitten FR,FR,
FULL_MATCH,Wittenbach,3204,Wittenbach,3204,SG,Wittenbach,SG,
FULL_MATCH,Homberg,931,Homberg,931,BE,Homberg b. Thun,BE,
FULL_MATCH,Bözingen,7851,Bözingen,7851,BE,Biel/Bienne,BE,
FULL_MATCH,Ittigen,362,Ittigen,362,BE,Ittigen,BE,
FULL_MATCH,Nottwil,1094,Nottwil,1094,LU,Nottwil,LU,
FULL_MATCH,Pfyn,4841,Pfyn,4841,TG,Pfyn,TG,
FULL_MATCH,Pfäfers-Vättis,7883,Pfäfers-Vättis,7883,SG,Vättis,SG,
FULL_MATCH,Remigen,4110,Remigen,4110,AG,Remigen,AG,
FULL_MATCH,Brügg,733,Brügg,733,BE,Brügg BE,BE,
FULL_MATCH,Oetwil am See,157,Oetwil am See,157,ZH,Oetwil am See,ZH,
FULL_MATCH,Dagmersellen,1125,Dagmersellen,1125,LU,Dagmersellen,LU,
FULL_MATCH,Gimel,5428,Gimel,5428,VD,Gimel,VD,
FULL_MATCH,Muri bei Bern,356,Muri bei Bern,356,BE,Muri b. Bern,BE,
FULL_MATCH,Bettenhausen,973,Bettenhausen,973,BE,Bettenhausen,BE,
FULL_MATCH,Davos,3851,Davos,3851,GR,Davos Dorf,GR,
FULL_MATCH,Steinen,1373,Steinen,1373,SZ,Steinen,SZ,
FULL_MATCH,Grindel,2617,Grindel,2617,SO,Grindel,SO,
FULL_MATCH,Gibloux,2236,Gibloux,2236,FR,Rossens FR,FR,
FULL_MATCH,Monteceneri,5238,Monteceneri,5238,TI,Rivera,TI,
FULL_MATCH,Coffrane (Val-de-Ruz),7929,Coffrane (Val-de-Ruz),7929,NE,Coffrane,NE,
FULL_MATCH,Morbio Inferiore,5257,Morbio Inferiore,5257,TI,Morbio Inferiore,TI,
FULL_MATCH,Oberuzwil,3407,Oberuzwil,3407,SG,Oberuzwil,SG,
FULL_MATCH,Vaulion,5765,Vaulion,5765,VD,Vaulion,VD,
FULL_MATCH,Luzein,3891,Luzein,3891,GR,Luzein,GR,
FULL_MATCH,Aarau,4001,Aarau,4001,AG,Aarau,AG,
FULL_MATCH,Schönholzerswilen,4756,Schönholzerswilen,4756,TG,Schönholzerswilen,TG,
FULL_MATCH,Schongau,1041,Schongau,1041,LU,Schongau,LU,
FULL_MATCH,Bubikon,112,Bubikon,112,ZH,Bubikon,ZH,
FULL_MATCH,Reinach,2773,Reinach,2773,BL,Reinach BL,BL,
FULL_MATCH,Mont-sur-Rolle,5859,Mont-sur-Rolle,5859,VD,Mont-sur-Rolle,VD,
FULL_MATCH,Vugelles-La Mothe,5937,Vugelles-La Mothe,5937,VD,Vugelles-La Mothe,VD,
FULL_MATCH,Paudex,5588,Paudex,5588,VD,Paudex,VD,
FULL_MATCH,Vallorbe,5764,Vallorbe,5764,VD,Vallorbe,VD,
FULL_MATCH,Neuenegg,670,Neuenegg,670,BE,Neuenegg,BE,
FULL_MATCH,Horw,1058,Horw,1058,LU,Horw,LU,
FULL_MATCH,Marly,2206,Marly,2206,FR,Marly,FR,
FULL_MATCH,"Pfäfers, Valens-Vasön",7922,"Pfäfers, Valens-Vasön",7922,SG,Valens,SG,
FULL_MATCH,Vich,5732,Vich,5732,VD,Vich,VD,
FULL_MATCH,Konolfingen,612,Konolfingen,612,BE,Konolfingen,BE,
FULL_MATCH,Le Noirmont,6754,Le Noirmont,6754,BE,Le Noirmont,JU,
FULL_MATCH,Bussy-sur-Moudon,5663,Bussy-sur-Moudon,5663,VD,Bussy-sur-Moudon,VD,
FULL_MATCH,Zernez,3746,Zernez,3746,GR,Zernez,GR,
FULL_MATCH,Merenschwand,4234,Merenschwand,4234,AG,Merenschwand,AG,
FULL_MATCH,Wislikofen,4322,Wislikofen,4322,AG,Wislikofen,AG,
FULL_MATCH,Muotathal,1367,Muotathal,1367,SZ,Muotathal,SZ,
FULL_MATCH,Oberembrach,65,Oberembrach,65,ZH,Oberembrach,ZH,
FULL_MATCH,Safiental,3672,Safiental,3672,GR,Valendas,GR,
FULL_MATCH,Urmein,3670,Urmein,3670,GR,Urmein,GR,
FULL_MATCH,Kesswil,4426,Kesswil,4426,TG,Kesswil,TG,
FULL_MATCH,Bister,6172,Bister,6172,VS,Bister,VS,
FULL_MATCH,Werthenstein,1009,Werthenstein,1009,LU,Werthenstein,LU,
UNIQUE_ID_MATCH,Noflen,7511,Kirchdorf (Noflen),7511,BE,Noflen BE,BE,
FULL_MATCH,Gossau,115,Gossau,115,ZH,Gossau ZH,ZH,
FULL_MATCH,Bournens,5472,Bournens,5472,VD,Bournens,VD,
FULL_MATCH,Düdingen,2293,Düdingen,2293,FR,Düdingen,FR,
FULL_MATCH,Heimiswil,407,Heimiswil,407,BE,Heimiswil,BE,
FULL_MATCH,Flurlingen,29,Flurlingen,29,ZH,Flurlingen,ZH,
FULL_MATCH,Grengiols,6177,Grengiols,6177,VS,Grengiols,VS,
FULL_MATCH,Dorf,26,Dorf,26,ZH,Dorf,ZH,
FULL_MATCH,Rothrist,4282,Rothrist,4282,AG,Rothrist,AG,
FULL_MATCH,Madiswil,332,Madiswil,332,BE,Madiswil,BE,
FULL_MATCH,Wenslingen,2865,Wenslingen,2865,BL,Wenslingen,BL,
FULL_MATCH,Münsingen,616,Münsingen,616,BE,Münsingen,BE,
FULL_MATCH,Soyhières,6724,Soyhières,6724,BE,Soyhières,JU,
FULL_MATCH,Villorsonnens,2114,Villorsonnens,2114,FR,Villargiroud,FR,
FULL_MATCH,Brig-Glis,6002,Brig-Glis,6002,VS,Brig,VS,
FULL_MATCH,San Vittore,3835,San Vittore,3835,GR,S. Vittore,GR,
FULL_MATCH,Seedorf,312,Seedorf,312,BE,Seedorf BE,BE,
FULL_MATCH,Cheiry,2009,Cheiry,2009,FR,Cheiry,FR,
FULL_MATCH,Hundwil,3002,Hundwil,3002,AR,Hundwil,AR,
FULL_MATCH,Ottenbach,11,Ottenbach,11,ZH,Ottenbach,ZH,
FULL_MATCH,Uebeschi,943,Uebeschi,943,BE,Uebeschi,BE,
FULL_MATCH,Les Geneveys-sur-Coffrane (Val-de-Ruz),7935,Les Geneveys-sur-Coffrane (Val-de-Ruz),7935,NE,Les Geneveys-sur-Coffrane,NE,
FULL_MATCH_WITHOUT_CANTON_SUFFIX,Lajoux (JU),6750,Lajoux,6750,BE,Lajoux JU,JU,
FULL_MATCH,Rüderswil,905,Rüderswil,905,BE,Rüderswil,BE,
FULL_MATCH,Nesslau-Stein,7956,Nesslau-Stein,7956,SG,Stein SG,SG,
FULL_MATCH,Luthern,1135,Luthern,1135,LU,Luthern,LU,
FULL_MATCH,Givisiez,2197,Givisiez,2197,FR,Givisiez,FR,
FULL_MATCH,Münchenbuchsee,546,Münchenbuchsee,546,BE,Münchenbuchsee,BE,
FULL_MATCH,Avenches,5451,Avenches,5451,VD,Avenches,VD,
FULL_MATCH,Mels-Weisstannen,7882,Mels-Weisstannen,7882,SG,Mels,SG,
FULL_MATCH,Biberstein,4002,Biberstein,4002,AG,Biberstein,AG,
FULL_MATCH,Sceut,7911,Sceut,7911,JU,Glovelier,JU,
FULL_MATCH,Saint-Prex,5646,Saint-Prex,5646,VD,St-Prex,VD,
FULL_MATCH,Dürrenroth,952,Dürrenroth,952,BE,Dürrenroth,BE,
FULL_MATCH,Steinerberg,1374,Steinerberg,1374,SZ,Steinerberg,SZ,
FULL_MATCH,"Ebnat-Kappel, Kappel",7900,"Ebnat-Kappel, Kappel",7900,SG,Ebnat-Kappel,SG,
FULL_MATCH,"Wildhaus-Alt St. Johann, Alt St. Johann",7921,"Wildhaus-Alt St. Johann, Alt St. Johann",7921,SG,Alt St. Johann,SG,
FULL_MATCH,Rüthi,3256,Rüthi,3256,SG,Rüthi (Rheintal),SG,
FULL_MATCH,Stallikon,13,Stallikon,13,ZH,Stallikon,ZH,
FULL_MATCH,"Wildhaus-Alt St. Johann, Wildhaus",7920,"Wildhaus-Alt St. Johann, Wildhaus",7920,SG,Wildhaus,SG,
FULL_MATCH,Ebnat-Kappel,3352,Ebnat-Kappel,3352,SG,Ebnat-Kappel,SG,
FULL_MATCH,Neckertal,3378,Neckertal,3378,SG,Mogelsberg,SG,
FULL_MATCH,Wängi,4781,Wängi,4781,TG,Wängi,TG,
FULL_MATCH,Diepoldsau,3234,Diepoldsau,3234,SG,Diepoldsau,SG,
FULL_MATCH,Bünzen,4229,Bünzen,4229,AG,Bünzen,AG,
FULL_MATCH,Oberuzwil-Dorf,7907,Oberuzwil-Dorf,7907,SG,Oberuzwil,SG,
FULL_MATCH,Beatenberg,571,Beatenberg,571,BE,Beatenberg,BE,
FULL_MATCH,Küssnacht,1331,Küssnacht,1331,SZ,Küssnacht am Rigi,,
FULL_MATCH,Eschenbach,3342,Eschenbach,3342,SG,Eschenbach SG,SG,
SUCCESSOR_MATCH,"Ebnat-Kappel, Ebnat",3352,"Ebnat-Kappel, Ebnat",7899,SG,Ebnat-Kappel,SG,
FULL_MATCH,Lichtensteig,3374,Lichtensteig,3374,SG,Lichtensteig,SG,
FULL_MATCH,Mörschwil,3214,Mörschwil,3214,SG,Mörschwil,SG,
FULL_MATCH,Niederweningen,91,Niederweningen,91,ZH,Niederweningen,ZH,
FULL_MATCH,Schwarzenberg,1066,Schwarzenberg,1066,LU,Schwarzenberg LU,LU,
SUCCESSOR_MATCH,Stein,7956,Stein,3356,SG,Stein SG,SG,
FULL_MATCH,Bühler,3021,Bühler,3021,AR,Bühler,AR,
FULL_MATCH,Densbüren,4004,Densbüren,4004,AG,Densbüren,AG,
FULL_MATCH,Wangen,1349,Wangen,1349,SZ,Wangen SZ,SZ,
FULL_MATCH,Münchwilen,4746,Münchwilen,4746,TG,Münchwilen TG,TG,
FULL_MATCH,Wisen,2502,Wisen,2502,SO,Wisen SO,SO,
FULL_MATCH,Oberbüren,3424,Oberbüren,3424,SG,Oberbüren,SG,
SUCCESSOR_MATCH,Alt St. Johann,7921,Alt St. Johann,3351,SG,Alt St. Johann,SG,
FULL_MATCH,Bösingen,2295,Bösingen,2295,FR,Bösingen,FR,
FULL_MATCH,Hohenrain,1032,Hohenrain,1032,LU,Hohenrain,LU,
FULL_MATCH,Billens-Hennens,2063,Billens-Hennens,2063,FR,Billens,FR,
FULL_MATCH,Recherswil,2530,Recherswil,2530,SO,Recherswil,SO,
FULL_MATCH,Diemerswil,536,Diemerswil,536,BE,Diemerswil,BE,
FULL_MATCH,Bernex,6607,Bernex,6607,GE,Bernex,GE,
FULL_MATCH,Dietlikon,54,Dietlikon,54,ZH,Dietlikon,ZH,
FULL_MATCH,Brissago,5097,Brissago,5097,TI,Brissago,TI,
FULL_MATCH,Moudon,5678,Moudon,5678,VD,Moudon,VD,
FULL_MATCH,Rorschach,3215,Rorschach,3215,SG,Rorschach,SG,
FULL_MATCH,Ostermundigen,363,Ostermundigen,363,BE,Ostermundigen,BE,
FULL_MATCH,Kirchlindach,354,Kirchlindach,354,BE,Kirchlindach,BE,
FULL_MATCH,Binningen,2765,Binningen,2765,BL,Binningen,BL,
FULL_MATCH,Ballwil,1023,Ballwil,1023,LU,Ballwil,LU,
FULL_MATCH,Rüegsau,956,Rüegsau,956,BE,Rüegsau,BE,
FULL_MATCH,Erlen,4476,Erlen,4476,TG,Erlen,TG,
FULL_MATCH,Sonvilier,445,Sonvilier,445,BE,Sonvilier,BE,
FULL_MATCH,Erlinsbach,4005,Erlinsbach,4005,AG,Erlinsbach,AG,
FULL_MATCH,Feusisberg,1321,Feusisberg,1321,SZ,Feusisberg,SZ,
FULL_MATCH,Lindau,176,Lindau,176,ZH,Lindau,ZH,
UNIQUE_ID_MATCH,Obersaxen,7399,Obersaxen Mundaun (Obersaxen),7399,GR,Obersaxen,GR,
FULL_MATCH,Rupperswil,4206,Rupperswil,4206,AG,Rupperswil,AG,
FULL_MATCH,Au,3231,Au,3231,SG,Au SG,SG,
FULL_MATCH,Birr,4092,Birr,4092,AG,Birr,AG,
FULL_MATCH,Tägerwilen,4696,Tägerwilen,4696,TG,Tägerwilen,TG,
FULL_MATCH,Steckborn,4864,Steckborn,4864,TG,Steckborn,TG,
FULL_MATCH,Trimbach,2500,Trimbach,2500,SO,Trimbach,SO,
FULL_MATCH,Rohrbachgraben,339,Rohrbachgraben,339,BE,Rohrbachgraben,BE,
FULL_MATCH,Emmetten,1504,Emmetten,1504,NW,Emmetten,NW,
FULL_MATCH,Meiringen,785,Meiringen,785,BE,Meiringen,BE,
FULL_MATCH,Schwerzenbach,197,Schwerzenbach,197,ZH,Schwerzenbach,ZH,
FULL_MATCH,Pfaffnau,1139,Pfaffnau,1139,LU,Pfaffnau,LU,
FULL_MATCH,Grindelwald,576,Grindelwald,576,BE,Grindelwald,BE,
FULL_MATCH,Stäfa,158,Stäfa,158,ZH,Stäfa,ZH,
FULL_MATCH,Grossdietwil,1131,Grossdietwil,1131,LU,Grossdietwil,LU,
FULL_MATCH,Romont,442,Romont,442,BE,Romont BE,BE,
FULL_MATCH,Schwyz,1372,Schwyz,1372,SZ,Schwyz,SZ,
UNIQUE_ID_MATCH,Mex VS,6217,Saint-Maurice,6217,VS,St-Maurice,VS,
FULL_MATCH,Uetendorf,944,Uetendorf,944,BE,Uetendorf,BE,
FULL_MATCH,Lostorf,2493,Lostorf,2493,SO,Lostorf,SO,
FULL_MATCH,Fehraltorf,172,Fehraltorf,172,ZH,Fehraltorf,ZH,
FULL_MATCH,Däniken,2572,Däniken,2572,SO,Däniken SO,SO,
FULL_MATCH,Canobbio,5167,Canobbio,5167,TI,Canobbio,TI,
FULL_MATCH,Starrkirch-Wil,2584,Starrkirch-Wil,2584,SO,Starrkirch-Wil,SO,
FULL_MATCH,Schelten,708,Schelten,708,BE,Schelten,BE,
FULL_MATCH,Birmensdorf,242,Birmensdorf,242,ZH,Birmensdorf ZH,ZH,
FULL_MATCH,Rossinière,5842,Rossinière,5842,VD,Rossinière,VD,
FULL_MATCH,Altnau,4641,Altnau,4641,TG,Altnau,TG,
FULL_MATCH,Bülach,53,Bülach,53,ZH,Bülach,ZH,
FULL_MATCH,Aarburg,4271,Aarburg,4271,AG,Aarburg,AG,
FULL_MATCH,Innertkirchen,784,Innertkirchen,784,BE,Innertkirchen,BE,
FULL_MATCH,Villars-sur-Glâne,2228,Villars-sur-Glâne,2228,FR,Villars-sur-Glâne,FR,
FULL_MATCH,Zell,1150,Zell,1150,LU,Zell LU,LU,
FULL_MATCH,Rheineck,3235,Rheineck,3235,SG,Rheineck,SG,
FULL_MATCH,Villigen,4121,Villigen,4121,AG,Villigen,AG,
FULL_MATCH,La Sagne,6423,La Sagne,6423,NE,La Sagne NE,NE,
FULL_MATCH,Paradiso,5210,Paradiso,5210,TI,Paradiso,TI,
FULL_MATCH,Granges-Paccot,2198,Granges-Paccot,2198,FR,Granges-Paccot,FR,
FULL_MATCH_WITHOUT_CANTON_SUFFIX,Brienz (BE),573,Brienz,573,BE,Brienz BE,BE,
FULL_MATCH,Mettauertal,4184,Mettauertal,4184,AG,Wil AG,AG,
FULL_MATCH,Waldkirch,3444,Waldkirch,3444,SG,Waldkirch,SG,
FULL_MATCH,Niederhelfenschwil,3423,Niederhelfenschwil,3423,SG,Niederhelfenschwil,SG,
FULL_MATCH,Domat/Ems,3722,Domat/Ems,3722,GR,Domat/Ems,GR,
FULL_MATCH,Cadempino,5162,Cadempino,5162,TI,Cadempino,TI,
FULL_MATCH,Stammheim,292,Stammheim,292,ZH,Oberstammheim,ZH,
FULL_MATCH,Grosswangen,1086,Grosswangen,1086,LU,Grosswangen,LU,
FULL_MATCH,Lupfig,4104,Lupfig,4104,AG,Lupfig,AG,
FULL_MATCH,Nyon,5724,Nyon,5724,VD,Nyon,VD,
FULL_MATCH,Münchwilen,4172,Münchwilen,4172,AG,Münchwilen AG,AG,
FULL_MATCH,Kradolf-Schönenberg,4501,Kradolf-Schönenberg,4501,TG,Kradolf,TG,
FULL_MATCH,Agiez,5742,Agiez,5742,VD,Agiez,VD,
FULL_MATCH,Endingen,4305,Endingen,4305,AG,Endingen,AG,
FULL_MATCH,Bellevue,6606,Bellevue,6606,GE,Bellevue,GE,
FULL_MATCH,Laax,3575,Laax,3575,GR,Laax GR,GR,
FULL_MATCH,Forel (Lavaux),5604,Forel (Lavaux),5604,VD,Forel (Lavaux),VD,
FULL_MATCH_WITHOUT_CANTON_SUFFIX,Lengnau (BE),387,Lengnau,387,BE,Lengnau BE,BE,
FULL_MATCH,Lutzenberg,3033,Lutzenberg,3033,AR,Lutzenberg,AR,
FULL_MATCH,Hochfelden,59,Hochfelden,59,ZH,Hochfelden,ZH,
FULL_MATCH,Tentlingen,2307,Tentlingen,2307,FR,Tentlingen,FR,
FULL_MATCH,St. Ursen,2304,St. Ursen,2304,FR,St. Ursen,FR,
FULL_MATCH,Adligenswil,1051,Adligenswil,1051,LU,Adligenswil,LU,
FULL_MATCH,Zumikon,160,Zumikon,160,ZH,Zumikon,ZH,
FULL_MATCH,Chavannes-près-Renens,5627,Chavannes-près-Renens,5627,VD,Chavannes-près-Renens,VD,
FULL_MATCH,Bowil,605,Bowil,605,BE,Bowil,BE,
FULL_MATCH,Oberentfelden,4010,Oberentfelden,4010,AG,Oberentfelden,AG,
FULL_MATCH,Gossau,3443,Gossau,3443,SG,Gossau SG,SG,
FULL_MATCH,Herzogenbuchsee,979,Herzogenbuchsee,979,BE,Herzogenbuchsee,BE,
FULL_MATCH,Grosshöchstetten,608,Grosshöchstetten,608,BE,Grosshöchstetten,BE,
FULL_MATCH_WITHOUT_CANTON_SUFFIX,Hauterive (FR),2233,Hauterive,2233,FR,Posieux,FR,
FULL_MATCH,Vérossaz,6220,Vérossaz,6220,VS,Vérossaz,VS,
FULL_MATCH,Malters,1062,Malters,1062,LU,Malters,LU,
FULL_MATCH,Niederönz,982,Niederönz,982,BE,Niederönz,BE,
FULL_MATCH,Visp,6297,Visp,6297,VS,Visp,VS,
FULL_MATCH,Chur,3901,Chur,3901,GR,Chur,GR,
FULL_MATCH,Hauenstein-Ifenthal,2491,Hauenstein-Ifenthal,2491,SO,Hauenstein,SO,
FULL_MATCH,Sennwald-Haag,7876,Sennwald-Haag,7876,SG,Haag (Rheintal),SG,
FULL_MATCH,Bellach,2542,Bellach,2542,SO,Bellach,SO,
FULL_MATCH,Felsberg,3731,Felsberg,3731,GR,Felsberg,GR,
FULL_MATCH,Kerns,1404,Kerns,1404,OW,Kerns,OW,
FULL_MATCH,Gerlafingen,2519,Gerlafingen,2519,SO,Gerlafingen,SO,
FULL_MATCH,Pfungen,224,Pfungen,224,ZH,Pfungen,ZH,
FULL_MATCH,Suhr,4012,Suhr,4012,AG,Suhr,AG,
FULL_MATCH,Uetikon am See,159,Uetikon am See,159,ZH,Uetikon am See,ZH,
FULL_MATCH,Aeschi bei Spiez,562,Aeschi bei Spiez,562,BE,Aeschi b. Spiez,BE,
FULL_MATCH,Disentis/Mustér,3982,Disentis/Mustér,3982,GR,Disentis/Mustér,GR,
FULL_MATCH,Alpnach,1401,Alpnach,1401,OW,Alpnach Dorf,OW,
FULL_MATCH,Flums-Dorf,7879,Flums-Dorf,7879,SG,Flums,SG,
FULL_MATCH,St. Margrethen,3236,St. Margrethen,3236,SG,St. Margrethen SG,SG,
FULL_MATCH,Altbüron,1122,Altbüron,1122,LU,Altbüron,LU,
FULL_MATCH,"Vilters-Wangs, Wangs",7891,"Vilters-Wangs, Wangs",7891,SG,Wangs,SG,
SUCCESSOR_MATCH,St. Gallen-Straubenzell,3203,St. Gallen-Straubenzell,7866,SG,St. Gallen,SG,
FULL_MATCH,Frick,4163,Frick,4163,AG,Frick,AG,
FULL_MATCH,Hüttikon,87,Hüttikon,87,ZH,Hüttikon,ZH,
FULL_MATCH,Wichtrach,632,Wichtrach,632,BE,Wichtrach,BE,
FULL_MATCH,Begnins,5704,Begnins,5704,VD,Begnins,VD,
FULL_MATCH,Aranno,5143,Aranno,5143,TI,Aranno,TI,
FULL_MATCH,Bussnang,4921,Bussnang,4921,TG,Bussnang,TG,
FULL_MATCH,Ennetmoos,1506,Ennetmoos,1506,NW,Ennetmoos,NW,
FULL_MATCH,Trachselwald,958,Trachselwald,958,BE,Trachselwald,BE,
FULL_MATCH,Malans,3954,Malans,3954,GR,Malans GR,GR,
FULL_MATCH,Quarten-Mols,7886,Quarten-Mols,7886,SG,Mols,SG,
FULL_MATCH,Rickenbach,1097,Rickenbach,1097,LU,Rickenbach LU,LU,
FULL_MATCH,Witterswil,2481,Witterswil,2481,SO,Witterswil,SO,
FULL_MATCH,L'Abergement,5741,L'Abergement,5741,VD,L'Abergement,VD,
FULL_MATCH,Sarmenstorf,4076,Sarmenstorf,4076,AG,Sarmenstorf,AG,
FULL_MATCH,Oetwil an der Limmat,246,Oetwil an der Limmat,246,ZH,Oetwil an der Limmat,ZH,
FULL_MATCH,Churwalden,3911,Churwalden,3911,GR,Churwalden,GR,
FULL_MATCH,Safnern,746,Safnern,746,BE,Safnern,BE,
FULL_MATCH,Peseux,6412,Peseux,6412,NE,Peseux,NE,
FULL_MATCH,Dardagny,6620,Dardagny,6620,GE,Dardagny,GE,
FULL_MATCH,Gams,3272,Gams,3272,SG,Gams,SG,
FULL_MATCH,Echallens,5518,Echallens,5518,VD,Echallens,VD,
FULL_MATCH,Gaiserwald,3442,Gaiserwald,3442,SG,Abtwil SG,SG,
FULL_MATCH,Bürglen,4911,Bürglen,4911,TG,Bürglen TG,TG,
FULL_MATCH,Speicher,3023,Speicher,3023,AR,Speicher,AR,
FULL_MATCH,Rolle,5861,Rolle,5861,VD,Rolle,VD,
FULL_MATCH,Laconnex,6627,Laconnex,6627,GE,Laconnex,GE,
FULL_MATCH,Nendaz,6024,Nendaz,6024,VS,Basse-Nendaz,VS,
FULL_MATCH,Hergiswil,1507,Hergiswil,1507,NW,Hergiswil NW,NW,
SUCCESSOR_MATCH,Les Agettes,6266,Les Agettes,6081,VS,Les Agettes,VS,
FULL_MATCH,Stein,4260,Stein,4260,AG,Stein AG,AG,
FULL_MATCH,Raron,6199,Raron,6199,VS,Raron,VS,
FULL_MATCH,Schmerikon,3338,Schmerikon,3338,SG,Schmerikon,SG,
FULL_MATCH,Rüti,118,Rüti,118,ZH,Rüti ZH,ZH,
FULL_MATCH,Hedingen,5,Hedingen,5,ZH,Hedingen,ZH,
FULL_MATCH,Kirchberg,412,Kirchberg,412,BE,Kirchberg BE,BE,
FULL_MATCH,Schöftland,4144,Schöftland,4144,AG,Schöftland,AG,
FULL_MATCH,Corcelles-Cormondrèche,6407,Corcelles-Cormondrèche,6407,NE,Cormondrèche,NE,
FULL_MATCH,Kölliken,4276,Kölliken,4276,AG,Kölliken,AG,
FULL_MATCH,Zell,231,Zell,231,ZH,Zell ZH,ZH,
FULL_MATCH,Sins,4239,Sins,4239,AG,Sins,AG,
FULL_MATCH,Jonschwil,3405,Jonschwil,3405,SG,Jonschwil,SG,
FULL_MATCH,Unterseen,593,Unterseen,593,BE,Unterseen,BE,
FULL_MATCH,Niederglatt,89,Niederglatt,89,ZH,Niederglatt ZH,ZH,
FULL_MATCH_WITHOUT_CANTON_SUFFIX,Gossau (SG),3443,Gossau,3443,SG,Gossau SG,SG,
FULL_MATCH,Rubigen,623,Rubigen,623,BE,Rubigen,BE,
FULL_MATCH,Degersheim,3401,Degersheim,3401,SG,Degersheim,SG,
FULL_MATCH,Degersheim-Dorf,7970,Degersheim-Dorf,7970,SG,Degersheim,SG,
FULL_MATCH,Wigoltingen,4951,Wigoltingen,4951,TG,Wigoltingen,TG,
FULL_MATCH,Develier,6712,Develier,6712,BE,Develier,JU,
FULL_MATCH,Villeneuve,5414,Villeneuve,5414,VD,Villeneuve VD,VD,
FULL_MATCH,Randa,6287,Randa,6287,VS,Randa,VS,
FULL_MATCH,Landquart,3955,Landquart,3955,GR,Landquart,GR,
FULL_MATCH,Magliaso,5193,Magliaso,5193,TI,Magliaso,TI,
FULL_MATCH,Rothenthurm,1370,Rothenthurm,1370,SZ,Rothenthurm,SZ,
FULL_MATCH,Arth,1362,Arth,1362,SZ,Arth,SZ,
FULL_MATCH,Rüschlikon,139,Rüschlikon,139,ZH,Rüschlikon,ZH,
FULL_MATCH,Ilanz/Glion,3619,Ilanz/Glion,3619,GR,Ilanz,GR,
FULL_MATCH,Lenk,792,Lenk,792,BE,Lenk im Simmental,BE,
FULL_MATCH,Lungern,1405,Lungern,1405,OW,Lungern,OW,
FULL_MATCH,Wintersingen,2866,Wintersingen,2866,BL,Wintersingen,BL,
FULL_MATCH,Ettiswil,1128,Ettiswil,1128,LU,Ettiswil,LU,
FULL_MATCH,Mönchaltorf,196,Mönchaltorf,196,ZH,Mönchaltorf,ZH,
FULL_MATCH,Herznach,4166,Herznach,4166,AG,Herznach,AG,
FULL_MATCH,Attinghausen,1203,Attinghausen,1203,UR,Attinghausen,UR,
FULL_MATCH,Valsot,3764,Valsot,3764,GR,Ramosch,GR,
FULL_MATCH,Henggart,31,Henggart,31,ZH,Henggart,ZH,
FULL_MATCH,Ossingen,37,Ossingen,37,ZH,Ossingen,ZH,
FULL_MATCH,Lantsch/Lenz,3513,Lantsch/Lenz,3513,GR,Lantsch/Lenz,GR,
FULL_MATCH,Trubschachen,909,Trubschachen,909,BE,Trubschachen,BE,
FULL_MATCH,Rüttenen,2555,Rüttenen,2555,SO,Rüttenen,SO,
FULL_MATCH,Brugg,4095,Brugg,4095,AG,Brugg AG,AG,
FULL_MATCH,Beckenried,1501,Beckenried,1501,NW,Beckenried,NW,
FULL_MATCH,Sachseln,1406,Sachseln,1406,OW,Sachseln,OW,
FULL_MATCH,Gommiswald-Rieden,7955,Gommiswald-Rieden,7955,SG,Rieden SG,SG,
UNIQUE_ID_MATCH,Zurigo,261,Zürich,261,ZH,Zürich,ZH,
FULL_MATCH,Amden,3311,Amden,3311,SG,Amden,SG,
FULL_MATCH,Dottikon,4065,Dottikon,4065,AG,Dottikon,AG,
FULL_MATCH,Iseltwald,582,Iseltwald,582,BE,Iseltwald,BE,
FULL_MATCH_WITHOUT_CANTON_SUFFIX,Ringgenberg (BE),590,Ringgenberg,590,BE,Ringgenberg BE,BE,
FULL_MATCH,Gais,3022,Gais,3022,AR,Gais,AR,
FULL_MATCH,Aarberg,301,Aarberg,301,BE,Aarberg,BE,
FULL_MATCH,Radelfingen,309,Radelfingen,309,BE,Radelfingen b. Aarberg,BE,
FULL_MATCH,Walterswil,959,Walterswil,959,BE,Walterswil BE,BE,
FULL_MATCH,Niederbüren,3422,Niederbüren,3422,SG,Niederbüren,SG,
FULL_MATCH,"Vilters-Wangs, Vilters",7890,"Vilters-Wangs, Vilters",7890,SG,Vilters,SG,
FULL_MATCH,Oberrieden,137,Oberrieden,137,ZH,Oberrieden,ZH,
FULL_MATCH,Petit-Val,716,Petit-Val,716,BE,Sornetan,BE,
FULL_MATCH,Goms,6077,Goms,6077,VS,Münster VS,VS,
FULL_MATCH,Tenniken,2863,Tenniken,2863,BL,Tenniken,BL,
FULL_MATCH,Pfeffingen,2772,Pfeffingen,2772,BL,Pfeffingen,BL,
FULL_MATCH,Röthenbach im Emmental,904,Röthenbach im Emmental,904,BE,Röthenbach im Emmental,BE,
FULL_MATCH,Lommiswil,2551,Lommiswil,2551,SO,Lommiswil,SO,
FULL_MATCH,Rüti bei Lyssach,422,Rüti bei Lyssach,422,BE,Rüti b. Lyssach,BE,
FULL_MATCH,Bürglen,1205,Bürglen,1205,UR,Bürglen UR,UR,
FULL_MATCH,Graben,976,Graben,976,BE,Graben,BE,
FULL_MATCH,Wartau,3276,Wartau,3276,SG,Azmoos,SG,
FULL_MATCH,Bönigen,572,Bönigen,572,BE,Bönigen b. Interlaken,BE,
FULL_MATCH,Perly-Certoux,6632,Perly-Certoux,6632,GE,Perly,GE,
FULL_MATCH,Avry,2174,Avry,2174,FR,Avry-sur-Matran,FR,
FULL_MATCH,Eglisau,55,Eglisau,55,ZH,Eglisau,ZH,
UNIQUE_ID_MATCH,Rossens,7262,Gibloux (Rossens (FR)),7262,FR,Rossens FR,FR,
FULL_MATCH,Albula/Alvra,3542,Albula/Alvra,3542,GR,Alvaneu Dorf,GR,
FULL_MATCH,Schleitheim,2952,Schleitheim,2952,SH,Schleitheim,SH,
FULL_MATCH,Vaz/Obervaz,3506,Vaz/Obervaz,3506,GR,Vaz/Obervaz,GR,
FULL_MATCH,Boudry,6404,Boudry,6404,NE,Boudry,NE,
FULL_MATCH,Menzingen,1704,Menzingen,1704,ZG,Menzingen,ZG,
FULL_MATCH,Albinen,6102,Albinen,6102,VS,Albinen,VS,
FULL_MATCH,Savigny,5611,Savigny,5611,VD,Savigny,VD,
FULL_MATCH,Törbel,6296,Törbel,6296,VS,Törbel,VS,
FULL_MATCH,Le Mouret,2220,Le Mouret,2220,FR,Le Mouret,FR,
FULL_MATCH,Habsburg,4099,Habsburg,4099,AG,Habsburg,AG,
FULL_MATCH,Würenlingen,4047,Würenlingen,4047,AG,Würenlingen,AG,
FULL_MATCH,Brienz,573,Brienz,573,BE,Brienz BE,BE,
FULL_MATCH,Cudrefin,5456,Cudrefin,5456,VD,Cudrefin,VD,
FULL_MATCH,Leissigen,585,Leissigen,585,BE,Leissigen,BE,
FULL_MATCH,Le Mont-sur-Lausanne,5587,Le Mont-sur-Lausanne,5587,VD,Le Mont-sur-Lausanne,VD,
FULL_MATCH,Rünenberg,2860,Rünenberg,2860,BL,Rünenberg,BL,
FULL_MATCH,Steinach,3217,Steinach,3217,SG,Steinach,SG,
FULL_MATCH,Stein am Rhein,2964,Stein am Rhein,2964,SH,Stein am Rhein,SH,
FULL_MATCH,Obergösgen,2497,Obergösgen,2497,SO,Obergösgen,SO,
FULL_MATCH,Penthalaz,5495,Penthalaz,5495,VD,Penthalaz,VD,
FULL_MATCH,Jongny,5885,Jongny,5885,VD,Jongny,VD,
FULL_MATCH,Bourg-en-Lavaux,5613,Bourg-en-Lavaux,5613,VD,Grandvaux,VD,
FULL_MATCH,Waldenburg,2895,Waldenburg,2895,BL,Waldenburg,BL,
FULL_MATCH,Courchavon,6783,Courchavon,6783,BE,Courchavon,JU,
FULL_MATCH,Matran,2208,Matran,2208,FR,Matran,FR,
FULL_MATCH,Itingen,2849,Itingen,2849,BL,Itingen,BL,
FULL_MATCH,Sommeri,4446,Sommeri,4446,TG,Sommeri,TG,
FULL_MATCH_WITHOUT_CANTON_SUFFIX,Corsier (GE),6619,Corsier,6619,GE,Corsier GE,GE,
FULL_MATCH,Wallbach,4261,Wallbach,4261,AG,Wallbach,AG,
FULL_MATCH,Weesen,3316,Weesen,3316,SG,Weesen,SG,
FULL_MATCH,Wittinsburg,2867,Wittinsburg,2867,BL,Wittinsburg,BL,
FULL_MATCH,Sufers,3695,Sufers,3695,GR,Sufers,GR,
FULL_MATCH,Oberhelfenschwil,3375,Oberhelfenschwil,3375,SG,Oberhelfenschwil,SG,
FULL_MATCH,Trun,3987,Trun,3987,GR,Trun,GR,
FULL_MATCH,Romanel-sur-Lausanne,5592,Romanel-sur-Lausanne,5592,VD,Romanel-sur-Lausanne,VD,
FULL_MATCH,Ried bei Kerzers,2276,Ried bei Kerzers,2276,FR,Ried b. Kerzers,FR,
FULL_MATCH,Studen,749,Studen,749,BE,Studen BE,BE,
FULL_MATCH,Büren an der Aare,383,Büren an der Aare,383,BE,Büren an der Aare,BE,
FULL_MATCH,Zuchwil,2534,Zuchwil,2534,SO,Zuchwil,SO,
FULL_MATCH,Wynigen,424,Wynigen,424,BE,Wynigen,BE,
FULL_MATCH,Biglen,603,Biglen,603,BE,Biglen,BE,
FULL_MATCH,Courtételle,6710,Courtételle,6710,BE,Courtételle,JU,
FULL_MATCH,Grandcour,5817,Grandcour,5817,VD,Grandcour,VD,
UNIQUE_ID_MATCH,St.Gallen,3203,St. Gallen,3203,SG,St. Gallen,SG,
FULL_MATCH,Münchenstein,2769,Münchenstein,2769,BL,Münchenstein,BL,
FULL_MATCH,Veyrier,6645,Veyrier,6645,GE,Veyrier,GE,
FULL_MATCH,Zufikon,4083,Zufikon,4083,AG,Zufikon,AG,
FULL_MATCH,Avully,6603,Avully,6603,GE,Avully,GE,
FULL_MATCH,Vufflens-la-Ville,5503,Vufflens-la-Ville,5503,VD,Vufflens-la-Ville,VD,
FULL_MATCH,Ursins,5932,Ursins,5932,VD,Ursins,VD,
FULL_MATCH,Coinsins,5710,Coinsins,5710,VD,Coinsins,VD,
UNIQUE_ID_MATCH,Renens VD,5591,Renens,5591,VD,Renens VD,VD,
UNIQUE_ID_MATCH,Belmont-sur-Laus,5581,Belmont-sur-Lausanne,5581,VD,Belmont-sur-Lausanne,VD,
FULL_MATCH,Renan,441,Renan,441,BE,Renan BE,BE,
FULL_MATCH,Ormont-Dessous,5410,Ormont-Dessous,5410,VD,Le Sépey,VD,
FULL_MATCH,Marthalen,35,Marthalen,35,ZH,Marthalen,ZH,
FULL_MATCH,Flüelen,1207,Flüelen,1207,UR,Flüelen,UR,
FULL_MATCH,Doppleschwand,1001,Doppleschwand,1001,LU,Doppleschwand,LU,
FULL_MATCH,Obergerlafingen,2528,Obergerlafingen,2528,SO,Obergerlafingen,SO,
FULL_MATCH,Staldenried,6294,Staldenried,6294,VS,Staldenried,VS,
FULL_MATCH,Stalden,6293,Stalden,6293,VS,Stalden VS,VS,
FULL_MATCH,Grächen,6285,Grächen,6285,VS,Grächen,VS,
FULL_MATCH,Steg-Hohtenn,6204,Steg-Hohtenn,6204,VS,Steg VS,VS,
FULL_MATCH,Visperterminen,6298,Visperterminen,6298,VS,Visperterminen,VS,
FULL_MATCH_WITHOUT_CANTON_SUFFIX,Stalden (VS),6293,Stalden,6293,VS,Stalden VS,VS,
FULL_MATCH,Niederried bei Interlaken,588,Niederried bei Interlaken,588,BE,Niederried b. Interlaken,BE,
FULL_MATCH,Eisten,6282,Eisten,6282,VS,Eisten,VS,
FULL_MATCH,Eischoll,6194,Eischoll,6194,VS,Eischoll,VS,
FULL_MATCH,Zweisimmen,794,Zweisimmen,794,BE,Zweisimmen,BE,
FULL_MATCH,Guttet-Feschel,6117,Guttet-Feschel,6117,VS,Guttet-Feschel,VS,
FULL_MATCH,Villmergen,4080,Villmergen,4080,AG,Villmergen,AG,
FULL_MATCH,St. Niklaus,6292,St. Niklaus,6292,VS,St. Niklaus VS,VS,
FULL_MATCH,Zermatt,6300,Zermatt,6300,VS,Zermatt,VS,
FULL_MATCH,Gampel-Bratsch,6118,Gampel-Bratsch,6118,VS,Gampel,VS,
FULL_MATCH,Saas-Almagell,6288,Saas-Almagell,6288,VS,Saas-Almagell,VS,
FULL_MATCH,Varen,6116,Varen,6116,VS,Varen,VS,
UNIQUE_ID_MATCH,Mulegns,7335,Surses (Mulegns),7335,GR,Mulegns,GR,
FULL_MATCH,Oberwil,2771,Oberwil,2771,BL,Oberwil BL,BL,
FULL_MATCH,Hombrechtikon,153,Hombrechtikon,153,ZH,Hombrechtikon,ZH,
FULL_MATCH,Termen,6010,Termen,6010,VS,Termen,VS,
FULL_MATCH,Eggerberg,6004,Eggerberg,6004,VS,Eggerberg,VS,
FULL_MATCH,Saas-Fee,6290,Saas-Fee,6290,VS,Saas-Fee,VS,
FULL_MATCH,Champéry,6151,Champéry,6151,VS,Champéry,VS,
FULL_MATCH,Homburg,4816,Homburg,4816,TG,Homburg,TG,
FULL_MATCH,Urtenen-Schönbühl,551,Urtenen-Schönbühl,551,BE,Urtenen-Schönbühl,BE,
FULL_MATCH,Onnens,5565,Onnens,5565,VD,Onnens VD,VD,
FULL_MATCH,Affoltern im Emmental,951,Affoltern im Emmental,951,BE,Affoltern im Emmental,BE,
FULL_MATCH,Centovalli,5397,Centovalli,5397,TI,Intragna,TI,
FULL_MATCH,Schnottwil,2461,Schnottwil,2461,SO,Schnottwil,SO,
FULL_MATCH,Chézard-Saint-Martin (Val-de-Ruz),7928,Chézard-Saint-Martin (Val-de-Ruz),7928,NE,Chézard-St-Martin,NE,
FULL_MATCH,Bonstetten,3,Bonstetten,3,ZH,Bonstetten,ZH,
FULL_MATCH,Laufen-Stadt,7862,Laufen-Stadt,7862,BL,Laufen,BL,
FULL_MATCH,Bioggio,5151,Bioggio,5151,TI,Bioggio,TI,
FULL_MATCH,Rapperswil,310,Rapperswil,310,BE,Rapperswil BE,BE,
FULL_MATCH,Thierachern,941,Thierachern,941,BE,Thierachern,BE,
FULL_MATCH,Cugy,2011,Cugy,2011,FR,Cugy FR,FR,
FULL_MATCH,Cornaux,6451,Cornaux,6451,NE,Cornaux NE,NE,
FULL_MATCH,Cugy,5516,Cugy,5516,VD,Cugy VD,VD,
FULL_MATCH,Ins,496,Ins,496,BE,Ins,BE,
FULL_MATCH,Crans-Montana,6253,Crans-Montana,6253,VS,Crans-Montana,VS,
FULL_MATCH,Oberkulm,4140,Oberkulm,4140,AG,Oberkulm,AG,
FULL_MATCH,Heiligenschwendi,927,Heiligenschwendi,927,BE,Heiligenschwendi,BE,
FULL_MATCH,Zihlschlacht-Sitterdorf,4511,Zihlschlacht-Sitterdorf,4511,TG,Zihlschlacht,TG,
FULL_MATCH,Schneisingen,4318,Schneisingen,4318,AG,Schneisingen,AG,
FULL_MATCH,Dättlikon,215,Dättlikon,215,ZH,Dättlikon,ZH,
FULL_MATCH,Chigny,5628,Chigny,5628,VD,Chigny,VD,
FULL_MATCH_WITHOUT_CANTON_SUFFIX,Seedorf (UR),1214,Seedorf,1214,UR,Seedorf UR,UR,
FULL_MATCH,Strättligen,7855,Strättligen,7855,BE,Thun,BE,
FULL_MATCH,Schafisheim,4207,Schafisheim,4207,AG,Schafisheim,AG,
FULL_MATCH,Dizy,5481,Dizy,5481,VD,Dizy,VD,
FULL_MATCH,Oberdiessbach,619,Oberdiessbach,619,BE,Oberdiessbach,BE,
FULL_MATCH,Oberriet-Montlingen,7874,Oberriet-Montlingen,7874,SG,Montlingen,SG,
FULL_MATCH,Fischingen,4726,Fischingen,4726,TG,Fischingen,TG,
FULL_MATCH,Clos du Doubs,6808,Clos du Doubs,6808,JU,St-Ursanne,JU,
FULL_MATCH,Troinex,6641,Troinex,6641,GE,Troinex,GE,
FULL_MATCH,Oberegg,3111,Oberegg,3111,AI,Oberegg,AI,
FULL_MATCH,Füllinsdorf,2825,Füllinsdorf,2825,BL,Füllinsdorf,BL,
FULL_MATCH,Amlikon-Bissegg,4881,Amlikon-Bissegg,4881,TG,Amlikon-Bissegg,TG,
FULL_MATCH,Aristau,4222,Aristau,4222,AG,Aristau,AG,
FULL_MATCH,Aegerten,731,Aegerten,731,BE,Aegerten,BE,
FULL_MATCH,Nidau,743,Nidau,743,BE,Nidau,BE,
FULL_MATCH,Laupersdorf,2426,Laupersdorf,2426,SO,Laupersdorf,SO,
FULL_MATCH,Baltschieder,6281,Baltschieder,6281,VS,Baltschieder,VS,
FULL_MATCH,Concise,5554,Concise,5554,VD,Concise,VD,
FULL_MATCH,Baldingen,4301,Baldingen,4301,AG,Baldingen,AG,
FULL_MATCH,Wald,3036,Wald,3036,AR,Wald AR,AR,
FULL_MATCH,Wolfhalden,3038,Wolfhalden,3038,AR,Wolfhalden,AR,
FULL_MATCH,Vufflens-le-Château,5653,Vufflens-le-Château,5653,VD,Vufflens-le-Château,VD,
FULL_MATCH,Trin,3734,Trin,3734,GR,Trin,GR,
FULL_MATCH,Böttstein,4303,Böttstein,4303,AG,Böttstein,AG,
FULL_MATCH,Tägerig,4077,Tägerig,4077,AG,Tägerig,AG,
FULL_MATCH,Alterswil,2291,Alterswil,2291,FR,Alterswil FR,FR,
FULL_MATCH,Hunzenschwil,4200,Hunzenschwil,4200,AG,Hunzenschwil,AG,
FULL_MATCH,Müntschemier,498,Müntschemier,498,BE,Müntschemier,BE,
FULL_MATCH,Bürchen,6193,Bürchen,6193,VS,Bürchen,VS,
FULL_MATCH_WITHOUT_CANTON_SUFFIX,Saint-Martin (FR),2335,Saint-Martin,2335,FR,St-Martin FR,FR,
FULL_MATCH,Eichberg,3252,Eichberg,3252,SG,Eichberg,SG,
FULL_MATCH,Freienstein-Teufen,57,Freienstein-Teufen,57,ZH,Freienstein,ZH,
FULL_MATCH,Vinelz,502,Vinelz,502,BE,Vinelz,BE,
FULL_MATCH,Ennetbaden,4026,Ennetbaden,4026,AG,Ennetbaden,AG,
FULL_MATCH,Urnäsch,3006,Urnäsch,3006,AR,Urnäsch,AR,
FULL_MATCH,Diemtigen,762,Diemtigen,762,BE,Diemtigen,BE,
FULL_MATCH,Dornach,2473,Dornach,2473,SO,Dornach,SO,
FULL_MATCH,Corcelles,687,Corcelles,687,BE,Corcelles BE,BE,
FULL_MATCH_WITHOUT_CANTON_SUFFIX,Wetzikon (ZH),121,Wetzikon,121,ZH,Wetzikon ZH,ZH,
FULL_MATCH,Airolo,5061,Airolo,5061,TI,Airolo,TI,
FULL_MATCH,Sorvilier,711,Sorvilier,711,BE,Sorvilier,BE,
FULL_MATCH,Riviera,5287,Riviera,5287,TI,Lodrino,TI,
FULL_MATCH,Plateau de Diesse,726,Plateau de Diesse,726,BE,Prêles,BE,
FULL_MATCH,Greifensee,194,Greifensee,194,ZH,Greifensee,ZH,
FULL_MATCH,Windisch,4123,Windisch,4123,AG,Windisch,AG,
FULL_MATCH,Tévenon,5571,Tévenon,5571,VD,Villars-Burquin,VD,
FULL_MATCH,Surses,3543,Surses,3543,GR,Savognin,GR,
FULL_MATCH,Gingins,5719,Gingins,5719,VD,Gingins,VD,
FULL_MATCH,Kirchdorf,872,Kirchdorf,872,BE,Kirchdorf BE,BE,
FULL_MATCH,Ueberstorf,2308,Ueberstorf,2308,FR,Ueberstorf,FR,
FULL_MATCH,Marsens,2140,Marsens,2140,FR,Marsens,FR,
FULL_MATCH,Ersigen,405,Ersigen,405,BE,Ersigen,BE,
FULL_MATCH,Nunningen,2621,Nunningen,2621,SO,Nunningen,SO,
FULL_MATCH,Himmelried,2618,Himmelried,2618,SO,Himmelried,SO,
FULL_MATCH,Préverenges,5643,Préverenges,5643,VD,Préverenges,VD,
FULL_MATCH_WITHOUT_CANTON_SUFFIX,Buchs (SG),3271,Buchs,3271,SG,Buchs SG,SG,
FULL_MATCH,Novaggio,5207,Novaggio,5207,TI,Novaggio,TI,
FULL_MATCH,Bière,5425,Bière,5425,VD,Bière,VD,
FULL_MATCH,Collombey-Muraz,6152,Collombey-Muraz,6152,VS,Collombey,VS,
FULL_MATCH,La Sonnaz,2235,La Sonnaz,2235,FR,Cormagens,FR,
FULL_MATCH,Oensingen,2407,Oensingen,2407,SO,Oensingen,SO,
FULL_MATCH,Fontainemelon (Val-de-Ruz),7933,Fontainemelon (Val-de-Ruz),7933,NE,Fontainemelon,NE,
FULL_MATCH,Grossaffoltern,303,Grossaffoltern,303,BE,Grossaffoltern,BE,
FULL_MATCH,Fulenbach,2575,Fulenbach,2575,SO,Fulenbach,SO,
FULL_MATCH,Cormoret,432,Cormoret,432,BE,Cormoret,BE,
FULL_MATCH,Oberried am Brienzersee,589,Oberried am Brienzersee,589,BE,Oberried am Brienzersee,BE,
FULL_MATCH,Riehen,2703,Riehen,2703,BS,Riehen,BS,
FULL_MATCH,Zäziwil,628,Zäziwil,628,BE,Zäziwil,BE,
FULL_MATCH,Eptingen,2885,Eptingen,2885,BL,Eptingen,BL,
FULL_MATCH,Neckertal-Brunnadern,7917,Neckertal-Brunnadern,7917,SG,Brunnadern,SG,
FULL_MATCH,Hausen am Albis,4,Hausen am Albis,4,ZH,Hausen am Albis,ZH,
FULL_MATCH,Chancy,6611,Chancy,6611,GE,Chancy,GE,
FULL_MATCH,Matzendorf,2427,Matzendorf,2427,SO,Matzendorf,SO,
FULL_MATCH,Laufenburg,4170,Laufenburg,4170,AG,Laufenburg,AG,
FULL_MATCH,Gempen,2474,Gempen,2474,SO,Gempen,SO,
FULL_MATCH,Heiden,3032,Heiden,3032,AR,Heiden,AR,
FULL_MATCH,Montanaire (Denezy),7092,Montanaire (Denezy),7092,VD,Denezy,VD,
FULL_MATCH,Balgach,3232,Balgach,3232,SG,Balgach,SG,
FULL_MATCH,Embrach,56,Embrach,56,ZH,Embrach,ZH,
FULL_MATCH,Capriasca,5226,Capriasca,5226,TI,Tesserete,TI,
FULL_MATCH,Trimmis,3945,Trimmis,3945,GR,Trimmis,GR,
FULL_MATCH,Holderbank,2425,Holderbank,2425,SO,Holderbank SO,SO,
FULL_MATCH,Möhlin,4254,Möhlin,4254,AG,Möhlin,AG,
FULL_MATCH,Erlinsbach,2503,Erlinsbach,2503,SO,Erlinsbach,AG,
FULL_MATCH,Satigny,6638,Satigny,6638,GE,Satigny,GE,
FULL_MATCH,Hefenhofen,4416,Hefenhofen,4416,TG,Hefenhofen,TG,
FULL_MATCH,Le Pâquier,2145,Le Pâquier,2145,FR,Le Pâquier-Montbarry,FR,
FULL_MATCH,Laupen,667,Laupen,667,BE,Laupen BE,BE,
FULL_MATCH,Safenwil,4283,Safenwil,4283,AG,Safenwil,AG,
FULL_MATCH,Courtepin,2254,Courtepin,2254,FR,Courtepin,FR,
FULL_MATCH,Strengelbach,4285,Strengelbach,4285,AG,Strengelbach,AG,
SUCCESSOR_MATCH,Corban,7324,Corban,6705,BE,Corban,JU,
FULL_MATCH,Monteggio,5202,Monteggio,5202,TI,Monteggio,TI,
FULL_MATCH,Walliswil bei Wangen,991,Walliswil bei Wangen,991,BE,Walliswil b. Wangen,BE,
FULL_MATCH,Torricella-Taverne,5227,Torricella-Taverne,5227,TI,Torricella,TI,
FULL_MATCH,Rossa,3808,Rossa,3808,GR,Rossa,GR,
FULL_MATCH,Hasle bei Burgdorf,406,Hasle bei Burgdorf,406,BE,Hasle b. Burgdorf,BE,
FULL_MATCH,Wittnau,4181,Wittnau,4181,AG,Wittnau,AG,
FULL_MATCH,Krattigen,566,Krattigen,566,BE,Krattigen,BE,
FULL_MATCH,Trogen,3025,Trogen,3025,AR,Trogen,AR,
FULL_MATCH,Oberriet-Kriessern,7873,Oberriet-Kriessern,7873,SG,Kriessern,SG,
FULL_MATCH,L'Abbaye,5871,L'Abbaye,5871,VD,L'Abbaye,VD,
FULL_MATCH,Menziken,4139,Menziken,4139,AG,Menziken,AG,
FULL_MATCH_WITHOUT_CANTON_SUFFIX,Wilen (TG),4786,Wilen,4786,TG,Wilen b. Wil,TG,
FULL_MATCH,Vordemwald,4287,Vordemwald,4287,AG,Vordemwald,AG,
FULL_MATCH,Schönenwerd,2583,Schönenwerd,2583,SO,Schönenwerd,SO,
FULL_MATCH,Salvan,6218,Salvan,6218,VS,Salvan,VS,
FULL_MATCH,Uznach,3339,Uznach,3339,SG,Uznach,SG,
SUCCESSOR_MATCH,Ulrichen,6076,Ulrichen,6071,VS,Ulrichen,VS,
FULL_MATCH,Saint-Sulpice,5648,Saint-Sulpice,5648,VD,St-Sulpice VD,VD,
FULL_MATCH,Obermumpf,4256,Obermumpf,4256,AG,Obermumpf,AG,
FULL_MATCH,Hinwil,117,Hinwil,117,ZH,Hinwil,ZH,
FULL_MATCH,Servion,5799,Servion,5799,VD,Servion,VD,
FULL_MATCH,Ogens,5680,Ogens,5680,VD,Ogens,VD,
FULL_MATCH,Rennaz,5412,Rennaz,5412,VD,Rennaz,VD,
FULL_MATCH,Galmiz,2259,Galmiz,2259,FR,Galmiz,FR,
FULL_MATCH,Lengwil,4683,Lengwil,4683,TG,Lengwil,TG,
FULL_MATCH,Treytorrens (Payerne),5828,Treytorrens (Payerne),5828,VD,Treytorrens (Payerne),VD,
FULL_MATCH,Fischenthal,114,Fischenthal,114,ZH,Fischenthal,ZH,
FULL_MATCH,Montherod,5432,Montherod,5432,VD,Montherod,VD,
FULL_MATCH,Chessel,5403,Chessel,5403,VD,Chessel,VD,
FULL_MATCH,Jorat-Menthue,5804,Jorat-Menthue,5804,VD,Villars-Tiercelin,VD,
FULL_MATCH,Fontenais,6790,Fontenais,6790,BE,Fontenais,JU,
UNIQUE_ID_MATCH,Domdidier,7164,Belmont-Broye (Domdidier),7164,FR,Domdidier,FR,
FULL_MATCH,Estavayer,2054,Estavayer,2054,FR,Murist,FR,
FULL_MATCH,Curtilles,5669,Curtilles,5669,VD,Curtilles,VD,
FULL_MATCH,Ziefen,2834,Ziefen,2834,BL,Ziefen,BL,
FULL_MATCH,Läufelfingen,2852,Läufelfingen,2852,BL,Läufelfingen,BL,
FULL_MATCH,Savièse,6265,Savièse,6265,VS,Savièse,VS,
FULL_MATCH,Oberkirch,1095,Oberkirch,1095,LU,Oberkirch LU,LU,
FULL_MATCH,Bussigny-près-Lausanne,5624,Bussigny-près-Lausanne,5624,VD,Bussigny,VD,
FULL_MATCH,Alto Malcantone,5237,Alto Malcantone,5237,TI,Arosio,TI,
FULL_MATCH,Ardon,6021,Ardon,6021,VS,Ardon,VS,
FULL_MATCH,Weggis,1069,Weggis,1069,LU,Weggis,LU,
FULL_MATCH,Ronco sopra Ascona,5125,Ronco sopra Ascona,5125,TI,Ronco sopra Ascona,TI,
FULL_MATCH,Dittingen,2784,Dittingen,2784,BE,Dittingen,BL,
FULL_MATCH,Aeschi,2511,Aeschi,2511,SO,Aeschi SO,SO,
FULL_MATCH,Rottenschwil,4238,Rottenschwil,4238,AG,Rottenschwil,AG,
FULL_MATCH,Bretzwil,2883,Bretzwil,2883,BL,Bretzwil,BL,
FULL_MATCH,Kaiseraugst,4252,Kaiseraugst,4252,AG,Kaiseraugst,AG,
FULL_MATCH,Herbetswil,2424,Herbetswil,2424,SO,Herbetswil,SO,
FULL_MATCH,Künten,4031,Künten,4031,AG,Künten,AG,
FULL_MATCH,Hochdorf,1031,Hochdorf,1031,LU,Hochdorf,LU,
FULL_MATCH,Schmiedrued,4143,Schmiedrued,4143,AG,Schmiedrued,AG,
FULL_MATCH,Oberlunkhofen,4073,Oberlunkhofen,4073,AG,Oberlunkhofen,AG,
FULL_MATCH,Römerswil,1039,Römerswil,1039,LU,Römerswil LU,LU,
FULL_MATCH,Augst,2822,Augst,2822,BL,Augst BL,BL,
FULL_MATCH,Eschlikon,4724,Eschlikon,4724,TG,Eschlikon TG,TG,
FULL_MATCH,Schönenbuch,2774,Schönenbuch,2774,BL,Schönenbuch,BL,
FULL_MATCH,Auw,4223,Auw,4223,AG,Auw,AG,
FULL_MATCH,Brittnau,4274,Brittnau,4274,AG,Brittnau,AG,
FULL_MATCH,Aesch,241,Aesch,241,ZH,Aesch ZH,ZH,
FULL_MATCH,Ochlenberg,985,Ochlenberg,985,BE,Ochlenberg,BE,
FULL_MATCH,Romoos,1007,Romoos,1007,LU,Romoos,LU,
FULL_MATCH,Kallern,4233,Kallern,4233,AG,Kallern,AG,
FULL_MATCH,Bettingen,2702,Bettingen,2702,BS,Bettingen,BS,
FULL_MATCH,Amsoldingen,921,Amsoldingen,921,BE,Amsoldingen,BE,
FULL_MATCH,Leimbach,4137,Leimbach,4137,AG,Leimbach AG,AG,
FULL_MATCH,Roggwil,337,Roggwil,337,BE,Roggwil BE,BE,
FULL_MATCH,Roggwil,4431,Roggwil,4431,TG,Roggwil TG,TG,
FULL_MATCH,Abtwil,4221,Abtwil,4221,AG,Abtwil AG,AG,
FULL_MATCH,Lupsingen,2830,Lupsingen,2830,BL,Lupsingen,BL,
FULL_MATCH,Bözen,4094,Bözen,4094,AG,Bözen,AG,
FULL_MATCH,Dietwil,4231,Dietwil,4231,AG,Dietwil,AG,
FULL_MATCH,Buchholterberg,923,Buchholterberg,923,BE,Heimenschwand,BE,
FULL_MATCH,Forst-Längenbühl,948,Forst-Längenbühl,948,BE,Längenbühl,BE,
FULL_MATCH,Wiliberg,4288,Wiliberg,4288,AG,Wiliberg,AG,
FULL_MATCH,Hermrigen,737,Hermrigen,737,BE,Hermrigen,BE,
FULL_MATCH,Altishofen,1123,Altishofen,1123,LU,Altishofen,LU,
FULL_MATCH,Seuzach,227,Seuzach,227,ZH,Seuzach,ZH,
FULL_MATCH,Huttwil,954,Huttwil,954,BE,Huttwil,BE,
FULL_MATCH,Oberbalm,357,Oberbalm,357,BE,Oberbalm,BE,
FULL_MATCH,Full-Reuenthal,4307,Full-Reuenthal,4307,AG,Full-Reuenthal,AG,
FULL_MATCH,Bougy-Villars,5426,Bougy-Villars,5426,VD,Bougy-Villars,VD,
FULL_MATCH,Oron (Palézieux),7083,Oron (Palézieux),7083,VD,Palézieux,VD,
FULL_MATCH,Rickenbach,2582,Rickenbach,2582,SO,Rickenbach SO,SO,
FULL_MATCH,Niederbipp,981,Niederbipp,981,BE,Niederbipp,BE,
FULL_MATCH,Reinach,4141,Reinach,4141,AG,Reinach AG,AG,
FULL_MATCH_WITHOUT_CANTON_SUFFIX,Eschenbach (SG),3342,Eschenbach,3342,SG,Eschenbach SG,SG,
FULL_MATCH,Vorderthal,1348,Vorderthal,1348,SZ,Vorderthal,SZ,
FULL_MATCH,Neuhausen am Rheinfall,2937,Neuhausen am Rheinfall,2937,SH,Neuhausen am Rheinfall,SH,
FULL_MATCH,Eich,1084,Eich,1084,LU,Eich,LU,
FULL_MATCH,Hellikon,4251,Hellikon,4251,AG,Hellikon,AG,
FULL_MATCH,Walkringen,626,Walkringen,626,BE,Walkringen,BE,
FULL_MATCH,Coldrerio,5251,Coldrerio,5251,TI,Coldrerio,TI,
FULL_MATCH,Moutier,700,Moutier,700,BE,Moutier,BE,
FULL_MATCH,Kiesen,611,Kiesen,611,BE,Kiesen,BE,
FULL_MATCH,Curio,5181,Curio,5181,TI,Curio,TI,
FULL_MATCH,Noville,5408,Noville,5408,VD,Noville,VD,
FULL_MATCH,Kammersrohr,2549,Kammersrohr,2549,SO,Kammersrohr,SO,
FULL_MATCH,Liddes,6033,Liddes,6033,VS,Liddes,VS,
FULL_MATCH,Röschenz,2791,Röschenz,2791,BE,Röschenz,BL,
FULL_MATCH,Sirnach,4761,Sirnach,4761,TG,Sirnach,TG,
FULL_MATCH,Giswil,1403,Giswil,1403,OW,Giswil,OW,
FULL_MATCH,Fey,5522,Fey,5522,VD,Fey,VD,
FULL_MATCH,Sempach,1102,Sempach,1102,LU,Sempach,LU,
FULL_MATCH,Wolfenschiessen,1511,Wolfenschiessen,1511,NW,Wolfenschiessen,NW,
FULL_MATCH,Therwil,2775,Therwil,2775,BL,Therwil,BL,
FULL_MATCH,Gelterkinden,2846,Gelterkinden,2846,BL,Gelterkinden,BL,
FULL_MATCH,Schlierbach,1100,Schlierbach,1100,LU,Schlierbach,LU,
FULL_MATCH,Sisseln,4177,Sisseln,4177,AG,Sisseln AG,AG,
FULL_MATCH,Courroux,6709,Courroux,6709,BE,Courroux,JU,
FULL_MATCH,Lumnezia,3618,Lumnezia,3618,GR,Vella,GR,
FULL_MATCH,Saint-Léonard,6246,Saint-Léonard,6246,VS,St-Léonard,VS,
FULL_MATCH,Vionnaz,6158,Vionnaz,6158,VS,Vionnaz,VS,
FULL_MATCH,Reigoldswil,2893,Reigoldswil,2893,BL,Reigoldswil,BL,
UNIQUE_ID_MATCH,St-Léonard,6246,Saint-Léonard,6246,VS,St-Léonard,VS,
FULL_MATCH,Salenstein,4851,Salenstein,4851,TG,Salenstein,TG,
FULL_MATCH,Hettlingen,221,Hettlingen,221,ZH,Hettlingen,ZH,
FULL_MATCH,Turbenthal,228,Turbenthal,228,ZH,Turbenthal,ZH,
FULL_MATCH,Unterägeri,1709,Unterägeri,1709,ZG,Unterägeri,ZG,
FULL_MATCH,Hirschthal,4007,Hirschthal,4007,AG,Hirschthal,AG,
FULL_MATCH,Altdorf,1201,Altdorf,1201,UR,Altdorf UR,UR,
FULL_MATCH_WITHOUT_CANTON_SUFFIX,Zell (ZH),231,Zell,231,ZH,Zell ZH,ZH,
FULL_MATCH,Bregaglia,3792,Bregaglia,3792,GR,Casaccia,GR,
FULL_MATCH,Otelfingen,94,Otelfingen,94,ZH,Otelfingen,ZH,
FULL_MATCH,Elsau,219,Elsau,219,ZH,Elsau,ZH,
FULL_MATCH,Tegerfelden,4320,Tegerfelden,4320,AG,Tegerfelden,AG,
FULL_MATCH,Vezia,5231,Vezia,5231,TI,Vezia,TI,
FULL_MATCH,Arzier-Le Muids,5702,Arzier-Le Muids,5702,VD,Arzier-Le Muids,VD,
FULL_MATCH,Bissone,5154,Bissone,5154,TI,Bissone,TI,
FULL_MATCH,Montpreveyres,5792,Montpreveyres,5792,VD,Montpreveyres,VD,
FULL_MATCH,Ormalingen,2856,Ormalingen,2856,BL,Ormalingen,BL,
FULL_MATCH,Mauensee,1091,Mauensee,1091,LU,Mauensee,LU,
SUCCESSOR_MATCH,Steg,6204,Steg,6200,VS,Steg VS,VS,
FULL_MATCH,Lussery-Villars,5487,Lussery-Villars,5487,VD,Lussery-Villars,VD,
UNIQUE_ID_MATCH,Filisur,7460,Bergün Filisur (Filisur),7460,GR,Filisur,GR,
FULL_MATCH,Bettwil,4227,Bettwil,4227,AG,Bettwil,AG,
FULL_MATCH,Nesslau-Ennetbühl,7958,Nesslau-Ennetbühl,7958,SG,Ennetbühl,SG,
FULL_MATCH,Langrickenbach,4681,Langrickenbach,4681,TG,Langrickenbach,TG,
FULL_MATCH,Arboldswil,2881,Arboldswil,2881,BL,Arboldswil,BL,
FULL_MATCH,Vals,3603,Vals,3603,GR,Vals,GR,
FULL_MATCH,Landiswil,613,Landiswil,613,BE,Landiswil,BE,
FULL_MATCH,Schlatt,226,Schlatt,226,ZH,Schlatt ZH,ZH,
FULL_MATCH,Seewis im Prättigau,3972,Seewis im Prättigau,3972,GR,Seewis Dorf,GR,
FULL_MATCH,Auenstein,4091,Auenstein,4091,AG,Auenstein,AG,
FULL_MATCH,Verzasca,5399,Verzasca,5399,TI,Gerra (Verzasca),TI,
FULL_MATCH,Obergoms,6076,Obergoms,6076,VS,Oberwald,VS,
FULL_MATCH,Leukerbad,6111,Leukerbad,6111,VS,Leukerbad,VS,
FULL_MATCH,Diepflingen,2845,Diepflingen,2845,BL,Diepflingen,BL,
FULL_MATCH,Le Bémont,6741,Le Bémont,6741,BE,Le Bémont JU,JU,
FULL_MATCH,Moiry,5490,Moiry,5490,VD,Moiry VD,VD,
FULL_MATCH,Giornico,5073,Giornico,5073,TI,Giornico,TI,
FULL_MATCH,Dürrenäsch,4134,Dürrenäsch,4134,AG,Dürrenäsch,AG,
FULL_MATCH,Zeihen,4183,Zeihen,4183,AG,Zeihen,AG,
FULL_MATCH,Medel (Lucmagn),3983,Medel (Lucmagn),3983,GR,Curaglia,GR,
FULL_MATCH,Jenaz,3863,Jenaz,3863,GR,Jenaz,GR,
FULL_MATCH,Fischbach,1129,Fischbach,1129,LU,Fischbach LU,LU,
FULL_MATCH,Le Landeron,6455,Le Landeron,6455,NE,Le Landeron,NE,
FULL_MATCH,Montilliez,5540,Montilliez,5540,VD,Poliez-le-Grand,VD,
FULL_MATCH,Unterlunkhofen,4079,Unterlunkhofen,4079,AG,Unterlunkhofen,AG,
FULL_MATCH,Avusy,6604,Avusy,6604,GE,Athenaz (Avusy),GE,
FULL_MATCH,Fétigny,2016,Fétigny,2016,FR,Fétigny,FR,
FULL_MATCH,Bennwil,2882,Bennwil,2882,BL,Bennwil,BL,
FULL_MATCH,Kappel,2580,Kappel,2580,SO,Kappel SO,SO,
FULL_MATCH,Meisterschwanden,4202,Meisterschwanden,4202,AG,Meisterschwanden,AG,
FULL_MATCH,Eclépens,5482,Eclépens,5482,VD,Eclépens,VD,
FULL_MATCH,Biasca,5281,Biasca,5281,TI,Biasca,TI,
FULL_MATCH,Vendlincourt,6806,Vendlincourt,6806,BE,Vendlincourt,JU,
FULL_MATCH,Seon,4209,Seon,4209,AG,Seon,AG,
FULL_MATCH,Boswil,4228,Boswil,4228,AG,Boswil,AG,
FULL_MATCH,Le Cerneux-Péquignot,6434,Le Cerneux-Péquignot,6434,NE,Le Cerneux-Péquignot,NE,
FULL_MATCH_WITHOUT_CANTON_SUFFIX,Ependes (FR),2189,Ependes,2189,FR,Ependes FR,FR,
FULL_MATCH,Kandergrund,564,Kandergrund,564,BE,Kandergrund,BE,
FULL_MATCH,Root,1065,Root,1065,LU,Root,LU,
FULL_MATCH,Ursy,2102,Ursy,2102,FR,Ursy,FR,
FULL_MATCH,Brunegg,4193,Brunegg,4193,AG,Brunegg,AG,
FULL_MATCH,Le Flon,2337,Le Flon,2337,FR,Porsel,FR,
FULL_MATCH,Broc,2124,Broc,2124,FR,Broc,FR,
FULL_MATCH,Genolier,5718,Genolier,5718,VD,Genolier,VD,
FULL_MATCH,Donneloye,5913,Donneloye,5913,VD,Donneloye,VD,
SUCCESSOR_MATCH,Waltalingen,292,Waltalingen,44,ZH,Waltalingen,ZH,
FULL_MATCH,Deitingen,2516,Deitingen,2516,SO,Deitingen,SO,
FULL_MATCH,Vulliens,5803,Vulliens,5803,VD,Vulliens,VD,
FULL_MATCH,Russin,6637,Russin,6637,GE,Russin,GE,
FULL_MATCH,Effingen,4096,Effingen,4096,AG,Effingen,AG,
FULL_MATCH,Ennetbürgen,1505,Ennetbürgen,1505,NW,Ennetbürgen,NW,
FULL_MATCH,Knutwil,1089,Knutwil,1089,LU,Knutwil,LU,
FULL_MATCH,Altendorf,1341,Altendorf,1341,SZ,Altendorf,SZ,
FULL_MATCH,Ufhusen,1145,Ufhusen,1145,LU,Ufhusen,LU,
FULL_MATCH,Holziken,4136,Holziken,4136,AG,Holziken,AG,
FULL_MATCH,Gurbrü,665,Gurbrü,665,BE,Gurbrü,BE,
FULL_MATCH,Schenkon,1099,Schenkon,1099,LU,Schenkon,LU,
FULL_MATCH,Ruswil,1098,Ruswil,1098,LU,Ruswil,LU,
FULL_MATCH,Buttisholz,1083,Buttisholz,1083,LU,Buttisholz,LU,
FULL_MATCH,Egolzwil,1127,Egolzwil,1127,LU,Egolzwil,LU,
FULL_MATCH,Illgau,1363,Illgau,1363,SZ,Illgau,SZ,
FULL_MATCH,Alberswil,1121,Alberswil,1121,LU,Alberswil,LU,
FULL_MATCH,Grüningen,116,Grüningen,116,ZH,Grüningen,ZH,
FULL_MATCH,Grellingen,2786,Grellingen,2786,BE,Grellingen,BL,
FULL_MATCH,Hendschiken,4198,Hendschiken,4198,AG,Hendschiken,AG,
FULL_MATCH,Schötz,1143,Schötz,1143,LU,Schötz,LU,
FULL_MATCH_WITHOUT_CANTON_SUFFIX,Muri (AG),4236,Muri,4236,AG,Muri AG,AG,
FULL_MATCH,Seelisberg,1215,Seelisberg,1215,UR,Seelisberg,UR,
FULL_MATCH,Udligenswil,1067,Udligenswil,1067,LU,Udligenswil,LU,
FULL_MATCH,Böckten,2842,Böckten,2842,BL,Böckten,BL,
FULL_MATCH,Rain,1037,Rain,1037,LU,Rain,LU,
FULL_MATCH,Meierskappel,1064,Meierskappel,1064,LU,Meierskappel,LU,
FULL_MATCH,Wilen,4786,Wilen,4786,TG,Wilen b. Wil,TG,
FULL_MATCH,Inwil,1033,Inwil,1033,LU,Inwil,LU,
FULL_MATCH,Buseno,3804,Buseno,3804,GR,Buseno,GR,
FULL_MATCH,Hofstetten-Flüh,2476,Hofstetten-Flüh,2476,SO,Flüh,SO,
FULL_MATCH,Movelier,6718,Movelier,6718,BE,Movelier,JU,
FULL_MATCH,Mirchel,615,Mirchel,615,BE,Mirchel,BE,
FULL_MATCH,Buckten,2843,Buckten,2843,BL,Buckten,BL,
FULL_MATCH,Eiken,4161,Eiken,4161,AG,Eiken,AG,
FULL_MATCH,Büron,1082,Büron,1082,LU,Büron,LU,
FULL_MATCH,Fläsch,3951,Fläsch,3951,GR,Fläsch,GR,
FULL_MATCH,Blatten,6192,Blatten,6192,VS,Blatten (Lötschen),VS,
FULL_MATCH,Erstfeld,1206,Erstfeld,1206,UR,Erstfeld,UR,
FULL_MATCH,Lamone,5189,Lamone,5189,TI,Lamone,TI,
FULL_MATCH_WITHOUT_CANTON_SUFFIX,Eschenbach (LU),1026,Eschenbach,1026,LU,Eschenbach LU,LU,
FULL_MATCH,Mettembert,6716,Mettembert,6716,BE,Mettembert,JU,
FULL_MATCH,Rhäzüns,3723,Rhäzüns,3723,GR,Rhäzüns,GR,
FULL_MATCH,Eriswil,953,Eriswil,953,BE,Eriswil,BE,
FULL_MATCH,Nebikon,1137,Nebikon,1137,LU,Nebikon,LU,
FULL_MATCH,Riederalp,6181,Riederalp,6181,VS,Riederalp,VS,
FULL_MATCH,Hägendorf,2579,Hägendorf,2579,SO,Hägendorf,SO,
FULL_MATCH,Wauwil,1146,Wauwil,1146,LU,Wauwil,LU,
FULL_MATCH,Gettnau,1130,Gettnau,1130,LU,Gettnau,LU,
FULL_MATCH,Andermatt,1202,Andermatt,1202,UR,Andermatt,UR,
FULL_MATCH,Staufen,4210,Staufen,4210,AG,Staufen,AG,
FULL_MATCH_WITHOUT_CANTON_SUFFIX,Bargen (BE),302,Bargen,302,BE,Bargen BE,BE,
FULL_MATCH,Wassen,1220,Wassen,1220,UR,Wassen UR,UR,
FULL_MATCH,Lüterswil-Gächliwil,2456,Lüterswil-Gächliwil,2456,SO,Lüterswil,SO,
FULL_MATCH,Lucens (Brenles),7316,Lucens (Brenles),7316,VD,Brenles,VD,
FULL_MATCH,Morschach,1366,Morschach,1366,SZ,Morschach,SZ,
FULL_MATCH,Rodersdorf,2479,Rodersdorf,2479,SO,Rodersdorf,SO,
UNIQUE_ID_MATCH,"Wildhaus-Alt St. Johann, Wildh",7920,"Wildhaus-Alt St. Johann, Wildhaus",7920,SG,Wildhaus,SG,
FULL_MATCH,Simplon,6009,Simplon,6009,VS,Simplon Dorf,VS,
FULL_MATCH,Ulmiz,2278,Ulmiz,2278,FR,Ulmiz,FR,
FULL_MATCH,Les Brenets,6431,Les Brenets,6431,NE,Les Brenets,NE,
FULL_MATCH,Prez,2237,Prez,2237,FR,Prez-vers-Noréaz,FR,
FULL_MATCH,Kleinlützel,2619,Kleinlützel,2619,SO,Kleinlützel,SO,
UNIQUE_ID_MATCH,Prez-vers-Noréaz,7527,Prez (Prez-vers-Noréaz),7527,FR,Prez-vers-Noréaz,FR,
FULL_MATCH,Melide,5198,Melide,5198,TI,Melide,TI,
FULL_MATCH,Herdern,4811,Herdern,4811,TG,Herdern,TG,
FULL_MATCH,Belfaux,2175,Belfaux,2175,FR,Belfaux,FR,
FULL_MATCH,Mellingen,4033,Mellingen,4033,AG,Mellingen,AG,
FULL_MATCH,Inkwil,980,Inkwil,980,BE,Inkwil,BE,
FULL_MATCH,Tujetsch,3986,Tujetsch,3986,GR,Sedrun,GR,
FULL_MATCH,Leuk,6110,Leuk,6110,VS,Leuk Stadt,VS,
FULL_MATCH,Ursenbach,344,Ursenbach,344,BE,Ursenbach,BE,
FULL_MATCH,Russikon,178,Russikon,178,ZH,Russikon,ZH,
FULL_MATCH,Derendingen,2517,Derendingen,2517,SO,Derendingen,SO,
FULL_MATCH,Schlatt,4546,Schlatt,4546,TG,Schlatt TG,TG,
FULL_MATCH,Münsterlingen,4691,Münsterlingen,4691,TG,Münsterlingen,TG,
FULL_MATCH,Schleinikon,98,Schleinikon,98,ZH,Schleinikon,ZH,
FULL_MATCH,Breil/Brigels,3981,Breil/Brigels,3981,GR,Breil/Brigels,GR,
FULL_MATCH,Etziken,2518,Etziken,2518,SO,Etziken,SO,
FULL_MATCH,Gretzenbach,2576,Gretzenbach,2576,SO,Gretzenbach,SO,
FULL_MATCH,Hittnau,173,Hittnau,173,ZH,Hittnau,ZH,
FULL_MATCH,Neerach,88,Neerach,88,ZH,Neerach,ZH,
FULL_MATCH,Glattfelden,58,Glattfelden,58,ZH,Glattfelden,ZH,
FULL_MATCH,Riniken,4111,Riniken,4111,AG,Riniken,AG,
FULL_MATCH,Plasselb,2300,Plasselb,2300,FR,Plasselb,FR,
FULL_MATCH,Wolfwil,2408,Wolfwil,2408,SO,Wolfwil,SO,
FULL_MATCH,Kaisten,4169,Kaisten,4169,AG,Kaisten,AG,
FULL_MATCH,Wegenstetten,4262,Wegenstetten,4262,AG,Wegenstetten,AG,
FULL_MATCH,Burg im Leimental,2783,Burg im Leimental,2783,BE,Burg im Leimental,BL,
FULL_MATCH,Bourrignon,6703,Bourrignon,6703,BE,Bourrignon,JU,
FULL_MATCH,Duggingen,2785,Duggingen,2785,BE,Duggingen,BL,
FULL_MATCH,Brünisried,2292,Brünisried,2292,FR,Brünisried,FR,
FULL_MATCH,Basse-Allaine,6807,Basse-Allaine,6807,JU,Courtemaîche,JU,
FULL_MATCH,Weisslingen,180,Weisslingen,180,ZH,Weisslingen,ZH,
FULL_MATCH,Benken,22,Benken,22,ZH,Benken ZH,ZH,
FULL_MATCH,Boningen,2571,Boningen,2571,SO,Boningen,SO,
FULL_MATCH,Interlaken,581,Interlaken,581,BE,Interlaken,BE,
FULL_MATCH,Meltingen,2620,Meltingen,2620,SO,Meltingen,SO,
UNIQUE_ID_MATCH,Mümliswil-Ramliswil,2428,Mümliswil-Ramiswil,2428,SO,Mümliswil,SO,
FULL_MATCH,Seewen,2480,Seewen,2480,SO,Seewen SO,SO,
FULL_MATCH,Mumpf,4255,Mumpf,4255,AG,Mumpf,AG,
FULL_MATCH,Ammerswil,4191,Ammerswil,4191,AG,Ammerswil AG,AG,
FULL_MATCH,Büsserach,2614,Büsserach,2614,SO,Büsserach,SO,
FULL_MATCH,Fehren,2616,Fehren,2616,SO,Fehren,SO,
FULL_MATCH_WITHOUT_CANTON_SUFFIX,Roggwil (TG),4431,Roggwil,4431,TG,Roggwil TG,TG,
FULL_MATCH,Flums-Grossberg,7880,Flums-Grossberg,7880,SG,Flumserberg Tannenheim,SG,
FULL_MATCH,Pfäfers,3294,Pfäfers,3294,SG,Pfäfers,SG,
FULL_MATCH,Berg,4891,Berg,4891,TG,Berg TG,TG,
FULL_MATCH,Känerkinden,2850,Känerkinden,2850,BL,Känerkinden,BL,
FULL_MATCH,Boltigen,791,Boltigen,791,BE,Boltigen,BE,
UNIQUE_ID_MATCH,Mümliswil-Ramisw.,2428,Mümliswil-Ramiswil,2428,SO,Mümliswil,SO,
FULL_MATCH,Hersberg,2827,Hersberg,2827,BL,Hersberg,BL,
FULL_MATCH,Winznau,2501,Winznau,2501,SO,Winznau,SO,
FULL_MATCH,Sennwald-Frümsen,7875,Sennwald-Frümsen,7875,SG,Frümsen,SG,
FULL_MATCH,Haldenstein,3941,Haldenstein,3941,GR,Haldenstein,GR,
SUCCESSOR_MATCH,Obstalden,1630,Obstalden,1624,GL,Obstalden,GL,
FULL_MATCH,Auswil,322,Auswil,322,BE,Auswil,BE,
UNIQUE_ID_MATCH,Bâle,2701,Basel,2701,BS,Basel,BS,
FULL_MATCH,Quarten-Murg,7887,Quarten-Murg,7887,SG,Murg,SG,
FULL_MATCH,Grimisuat,6263,Grimisuat,6263,VS,Grimisuat,VS,
FULL_MATCH,Reisiswil,336,Reisiswil,336,BE,Reisiswil,BE,
FULL_MATCH,Bad Ragaz,3291,Bad Ragaz,3291,SG,Bad Ragaz,SG,
FULL_MATCH,Flums-Kleinberg,7881,Flums-Kleinberg,7881,SG,Flumserberg Portels,SG,
FULL_MATCH,Fahrni,925,Fahrni,925,BE,Fahrni b. Thun,BE,
FULL_MATCH_WITHOUT_CANTON_SUFFIX,Châtillon (JU),6704,Châtillon,6704,BE,Châtillon JU,JU,
FULL_MATCH,Hauterive,6454,Hauterive,6454,NE,Hauterive NE,NE,
FULL_MATCH,Zeiningen,4263,Zeiningen,4263,AG,Zeiningen,AG,
FULL_MATCH,Sumvitg,3985,Sumvitg,3985,GR,Sumvitg,GR,
FULL_MATCH,Samnaun,3752,Samnaun,3752,GR,Samnaun Dorf,GR,
UNIQUE_ID_MATCH,Tafers (St. Antoni),2302,St. Antoni,2302,FR,St. Antoni,FR,
FULL_MATCH,Ettingen,2768,Ettingen,2768,BL,Ettingen,BL,
FULL_MATCH,Stein,3005,Stein,3005,AR,Stein AR,AR,
FULL_MATCH,Démoret,5912,Démoret,5912,VD,Démoret,VD,
FULL_MATCH,Trüllikon,40,Trüllikon,40,ZH,Trüllikon,ZH,
FULL_MATCH,Rümlingen,2859,Rümlingen,2859,BL,Rümlingen,BL,
FULL_MATCH,Rorschacherberg,3216,Rorschacherberg,3216,SG,Rorschacherberg,SG,
FULL_MATCH,Schwellbrunn,3004,Schwellbrunn,3004,AR,Schwellbrunn,AR,
SUCCESSOR_MATCH,Corippo,5399,Corippo,5102,TI,Corippo,TI,
UNIQUE_ID_MATCH,Mumliswil-Ramiswil,2428,Mümliswil-Ramiswil,2428,SO,Mümliswil,SO,
FULL_MATCH,Schänis-Rufi,7897,Schänis-Rufi,7897,SG,Rufi,SG,
FULL_MATCH,Chavannes-le-Chêne,5907,Chavannes-le-Chêne,5907,VD,Chavannes-le-Chêne,VD,
FULL_MATCH,Burgistein,863,Burgistein,863,BE,Burgistein,BE,
FULL_MATCH,Zwingen,2793,Zwingen,2793,BE,Zwingen,BL,
FULL_MATCH,Meinisberg,390,Meinisberg,390,BE,Meinisberg,BE,
FULL_MATCH,Coeuve,6781,Coeuve,6781,BE,Coeuve,JU,
FULL_MATCH,Aeugst am Albis,1,Aeugst am Albis,1,ZH,Aeugst am Albis,ZH,
FULL_MATCH,St. Silvester,2303,St. Silvester,2303,FR,St. Silvester,FR,
FULL_MATCH,Domleschg,3673,Domleschg,3673,GR,Paspels,GR,
FULL_MATCH,Hohentannen,4495,Hohentannen,4495,TG,Hohentannen,TG,
FULL_MATCH,Attiswil,971,Attiswil,971,BE,Attiswil,BE,
FULL_MATCH,Dulliken,2573,Dulliken,2573,SO,Dulliken,SO,
FULL_MATCH,Neunforn,4601,Neunforn,4601,TG,Niederneunforn,TG,
FULL_MATCH,Kirchleerau,4275,Kirchleerau,4275,AG,Kirchleerau,AG,
FULL_MATCH,Corcelles-le-Jorat,5785,Corcelles-le-Jorat,5785,VD,Corcelles-le-Jorat,VD,
FULL_MATCH,Val Terbi,6730,Val Terbi,6730,JU,Vicques,JU,
FULL_MATCH,Jonen,4071,Jonen,4071,AG,Jonen,AG,
FULL_MATCH,Häutligen,609,Häutligen,609,BE,Häutligen,BE,
FULL_MATCH,Oberdorf,2553,Oberdorf,2553,SO,Oberdorf SO,SO,
FULL_MATCH,Unterlangenegg,945,Unterlangenegg,945,BE,Unterlangenegg,BE,
FULL_MATCH,Ehrendingen,4049,Ehrendingen,4049,AG,Ehrendingen,AG,
FULL_MATCH,Troistorrents,6156,Troistorrents,6156,VS,Troistorrents,VS,
FULL_MATCH,Seehof,709,Seehof,709,BE,Seehof,BE,
FULL_MATCH,Bellwald,6052,Bellwald,6052,VS,Bellwald,VS,
FULL_MATCH,Bas-Intyamon,2162,Bas-Intyamon,2162,FR,Enney,FR,
FULL_MATCH,Sagogn,3581,Sagogn,3581,GR,Sagogn,GR,
FULL_MATCH,Niederwil,2552,Niederwil,2552,SO,Niederwil SO,SO,
FULL_MATCH,Lampenberg,2887,Lampenberg,2887,BL,Lampenberg,BL,
FULL_MATCH,Gächlingen,2901,Gächlingen,2901,SH,Gächlingen,SH,
FULL_MATCH,Walenstadt-Berschis,7892,Walenstadt-Berschis,7892,SG,Berschis,SG,
FULL_MATCH,Günsberg,2547,Günsberg,2547,SO,Günsberg,SO,
FULL_MATCH_WITHOUT_CANTON_SUFFIX,Burg (AG),4133,Burg,4133,AG,Burg AG,AG,
FULL_MATCH,Niederbuchsiten,2405,Niederbuchsiten,2405,SO,Niederbuchsiten,SO,
FULL_MATCH,Schänis-Maseltrangen,7896,Schänis-Maseltrangen,7896,SG,Maseltrangen,SG,
FULL_MATCH,Hünenberg,1703,Hünenberg,1703,ZG,Hünenberg,ZG,
FULL_MATCH,Oberhof,4173,Oberhof,4173,AG,Oberhof,AG,
FULL_MATCH,Weiach,102,Weiach,102,ZH,Weiach,ZH,
FULL_MATCH,Beggingen,2951,Beggingen,2951,SH,Beggingen,SH,
FULL_MATCH,Lohn,2917,Lohn,2917,SH,Lohn SH,SH,
FULL_MATCH,Egerkingen,2401,Egerkingen,2401,SO,Egerkingen,SO,
FULL_MATCH,Pollegio,5077,Pollegio,5077,TI,Pollegio,TI,
FULL_MATCH,Arni,602,Arni,602,BE,Arni BE,BE,
FULL_MATCH,Thusis,3668,Thusis,3668,GR,Thusis,GR,
FULL_MATCH,Les Verrières,6511,Les Verrières,6511,NE,Les Verrières,NE,
FULL_MATCH,Hellsau,408,Hellsau,408,BE,Hellsau,BE,
FULL_MATCH,Lostallo,3821,Lostallo,3821,GR,Lostallo,GR,
FULL_MATCH,Anières,6602,Anières,6602,GE,Anières,GE,
FULL_MATCH,Inden,6109,Inden,6109,VS,Inden,VS,
FULL_MATCH,Gals,494,Gals,494,BE,Gals,BE,
FULL_MATCH,La Neuveville,723,La Neuveville,723,BE,La Neuveville,BE,
FULL_MATCH,Rütschelen,340,Rütschelen,340,BE,Rütschelen,BE,
FULL_MATCH,Caslano,5171,Caslano,5171,TI,Caslano,TI,
FULL_MATCH,Saignelégier,6757,Saignelégier,6757,BE,Saignelégier,JU,
FULL_MATCH,Quinto,5079,Quinto,5079,TI,Quinto,TI,
FULL_MATCH,Maroggia,5195,Maroggia,5195,TI,Maroggia,TI,
FULL_MATCH,Niedergösgen,2495,Niedergösgen,2495,SO,Niedergösgen,SO,
UNIQUE_ID_MATCH,Hausen bei Brugg,4100,Hausen,4100,AG,Hausen AG,AG,
FULL_MATCH,Hausen,4100,Hausen,4100,AG,Hausen AG,AG,
FULL_MATCH_WITHOUT_CANTON_SUFFIX,Hausen (AG),4100,Hausen,4100,AG,Hausen AG,AG,
FULL_MATCH,Riggisberg,879,Riggisberg,879,BE,Riggisberg,BE,
FULL_MATCH,Bätterkinden,533,Bätterkinden,533,BE,Bätterkinden,BE,
FULL_MATCH,Gränichen,4006,Gränichen,4006,AG,Gränichen,AG,
UNIQUE_ID_MATCH,Noréaz,7526,Prez (Noréaz),7526,FR,Noréaz,FR,
FULL_MATCH,Maggia,5317,Maggia,5317,TI,Maggia,TI,
FULL_MATCH,Langendorf,2550,Langendorf,2550,SO,Langendorf,SO,
FULL_MATCH,Münchenwiler,669,Münchenwiler,669,BE,Münchenwiler,BE,
FULL_MATCH,Bannwil,323,Bannwil,323,BE,Bannwil,BE,
FULL_MATCH,Stansstad,1510,Stansstad,1510,NW,Stansstad,NW,
FULL_MATCH,Clarmont,5629,Clarmont,5629,VD,Clarmont,VD,
FULL_MATCH,Erlach,492,Erlach,492,BE,Erlach,BE,
FULL_MATCH,Wikon,1147,Wikon,1147,LU,Wikon,LU,
FULL_MATCH,Ferrera,3713,Ferrera,3713,GR,Ausserferrera,GR,
UNIQUE_ID_MATCH,Schlosswil,7513,Grosshöchstetten (Schlosswil),7513,BE,Schlosswil,BE,
FULL_MATCH_WITHOUT_CANTON_SUFFIX,Oberdorf (SO),2553,Oberdorf,2553,SO,Oberdorf SO,SO,
FULL_MATCH,Courrendlin,6708,Courrendlin,6708,BE,Courrendlin,JU,
FULL_MATCH,Bubendorf,2823,Bubendorf,2823,BL,Bubendorf,BL,
FULL_MATCH,Grolley,2200,Grolley,2200,FR,Grolley,FR,
FULL_MATCH,Oberhünigen,629,Oberhünigen,629,BE,Oberhünigen,BE,
FULL_MATCH,Bleienbach,324,Bleienbach,324,BE,Bleienbach,BE,
FULL_MATCH,Berikon,4062,Berikon,4062,AG,Berikon,AG,
FULL_MATCH,Schwanden bei Brienz,592,Schwanden bei Brienz,592,BE,Schwanden b. Brienz,BE,
FULL_MATCH,Ipsach,739,Ipsach,739,BE,Ipsach,BE,
FULL_MATCH,Ammannsegg,7858,Ammannsegg,7858,SO,Lohn-Ammannsegg,SO,
FULL_MATCH,Fischbach-Göslikon,4067,Fischbach-Göslikon,4067,AG,Fischbach-Göslikon,AG,
FULL_MATCH,Busswil bei Melchnau,325,Busswil bei Melchnau,325,BE,Busswil b. Melchnau,BE,
FULL_MATCH,Les Genevez,6748,Les Genevez,6748,BE,Les Genevez JU,JU,
FULL_MATCH,Wahlen,2792,Wahlen,2792,BL,Wahlen b. Laufen,BL,
FULL_MATCH,Bergdietikon,4023,Bergdietikon,4023,AG,Bergdietikon,AG,
FULL_MATCH,Premier,5759,Premier,5759,VD,Premier,VD,
FULL_MATCH,Oberglatt,92,Oberglatt,92,ZH,Oberglatt ZH,ZH,
FULL_MATCH,Selzach,2556,Selzach,2556,SO,Selzach,SO,
UNIQUE_ID_MATCH,Lengnau AG,4312,Lengnau,4312,AG,Lengnau AG,AG,
FULL_MATCH,Grosshöchstetten (Schlosswil),7513,Grosshöchstetten (Schlosswil),7513,BE,Schlosswil,BE,
FULL_MATCH_WITHOUT_CANTON_SUFFIX,Le Bémont (JU),6741,Le Bémont,6741,BE,Le Bémont JU,JU,
FULL_MATCH,Flims,3732,Flims,3732,GR,Flims Dorf,GR,
FULL_MATCH,Muhen,4009,Muhen,4009,AG,Muhen,AG,
FULL_MATCH,Hauteville,2137,Hauteville,2137,FR,Hauteville,FR,
FULL_MATCH,Buchegg,2465,Buchegg,2465,SO,Mühledorf SO,SO,
FULL_MATCH,Wäldi,4701,Wäldi,4701,TG,Wäldi,TG,
FULL_MATCH,La Verrerie,2338,La Verrerie,2338,FR,La Verrerie,FR,
FULL_MATCH,Wilderswil,594,Wilderswil,594,BE,Wilderswil,BE,
FULL_MATCH,Sonceboz-Sombeval,444,Sonceboz-Sombeval,444,BE,Sonceboz-Sombeval,BE,
FULL_MATCH,Riedholz,2554,Riedholz,2554,SO,Riedholz,SO,
FULL_MATCH,Haut-Intyamon,2121,Haut-Intyamon,2121,FR,Lessoc,FR,
UNIQUE_ID_MATCH,St-Gingolph,6155,Saint-Gingolph,6155,VS,St-Gingolph,VS,
FULL_MATCH,Heitenried,2296,Heitenried,2296,FR,Heitenried,FR,
FULL_MATCH,Hemberg,3372,Hemberg,3372,SG,Hemberg,SG,
FULL_MATCH,Bever,3781,Bever,3781,GR,Bever,GR,
FULL_MATCH,Alchenstorf,402,Alchenstorf,402,BE,Alchenstorf,BE,
FULL_MATCH,Vully-les-Lacs,5464,Vully-les-Lacs,5464,VD,Bellerive VD,VD,
FULL_MATCH,Rietheim,4316,Rietheim,4316,AG,Rietheim,AG,
FULL_MATCH_WITHOUT_CANTON_SUFFIX,Reute (AR),3035,Reute,3035,AR,Reute AR,AR,
FULL_MATCH,Gordola,5108,Gordola,5108,TI,Gordola,TI,
SUCCESSOR_MATCH,Gommiswald,7954,Gommiswald,3334,SG,Gommiswald,SG,
FULL_MATCH,Assens,5511,Assens,5511,VD,Assens,VD,
FULL_MATCH,Orselina,5121,Orselina,5121,TI,Orselina,TI,
FULL_MATCH,Froideville,5523,Froideville,5523,VD,Froideville,VD,
FULL_MATCH,Aclens,5621,Aclens,5621,VD,Aclens,VD,
FULL_MATCH,Gurmels,2262,Gurmels,2262,FR,Gurmels,FR,
FULL_MATCH,Salgesch,6113,Salgesch,6113,VS,Salgesch,VS,
UNIQUE_ID_MATCH,Collina d`Oro,5236,Collina d'Oro,5236,TI,Montagnola,TI,
FULL_MATCH,Reconvilier,703,Reconvilier,703,BE,Reconvilier,BE,
FULL_MATCH_WITHOUT_CANTON_SUFFIX,Montagny (FR),2029,Montagny,2029,FR,Cousset,FR,
FULL_MATCH,Signy-Avenex,5728,Signy-Avenex,5728,VD,Signy,VD,
FULL_MATCH,Muzzano,5205,Muzzano,5205,TI,Muzzano,TI,
FULL_MATCH,Ernen,6056,Ernen,6056,VS,Ernen,VS,
FULL_MATCH,Stadel,100,Stadel,100,ZH,Stadel b. Niederglatt,ZH,
FULL_MATCH_WITHOUT_CANTON_SUFFIX,Schmitten (FR),2305,Schmitten,2305,FR,Schmitten FR,FR,
FULL_MATCH,Benken,3312,Benken,3312,SG,Benken SG,SG,
FULL_MATCH_WITHOUT_CANTON_SUFFIX,Benken (SG),3312,Benken,3312,SG,Benken SG,SG,
FULL_MATCH_WITHOUT_CANTON_SUFFIX,Stetten (SH),2919,Stetten,2919,SH,Stetten SH,SH,
FULL_MATCH,Müllheim,4831,Müllheim,4831,TG,Müllheim Dorf,TG,
FULL_MATCH,Alle,6771,Alle,6771,BE,Alle,JU,
FULL_MATCH,Gurzelen,867,Gurzelen,867,BE,Gurzelen,BE,
FULL_MATCH,Zizers,3947,Zizers,3947,GR,Zizers,GR,
FULL_MATCH,Tschappina,3669,Tschappina,3669,GR,Tschappina,GR,
FULL_MATCH,Brütten,213,Brütten,213,ZH,Brütten,ZH,
FULL_MATCH,Lüscherz,497,Lüscherz,497,BE,Lüscherz,BE,
FULL_MATCH,La Chaux-du-Milieu,6435,La Chaux-du-Milieu,6435,NE,La Chaux-du-Milieu,NE,
UNIQUE_ID_MATCH,Saas,7352,Klosters-Serneus (Saas),7352,GR,Klosters,GR,
FULL_MATCH,Schluein,3582,Schluein,3582,GR,Schluein,GR,
FULL_MATCH_WITHOUT_CANTON_SUFFIX,Buchs (ZH),83,Buchs,83,ZH,Buchs ZH,ZH,
FULL_MATCH,Sils im Engadin/Segl,3789,Sils im Engadin/Segl,3789,GR,Sils/Segl Maria,GR,
FULL_MATCH,Chevroux,5813,Chevroux,5813,VD,Chevroux,VD,
FULL_MATCH,Grüsch,3961,Grüsch,3961,GR,Grüsch,GR,
FULL_MATCH,Orvin,438,Orvin,438,BE,Orvin,BE,
FULL_MATCH,Romanel-sur-Morges,5645,Romanel-sur-Morges,5645,VD,Romanel-sur-Morges,VD,
FULL_MATCH,La Baroche,6810,La Baroche,6810,JU,Miécourt,JU,
FULL_MATCH,Asuel (La Baroche),7103,Asuel (La Baroche),7103,JU,Asuel,JU,
UNIQUE_ID_MATCH,Asuel,7103,Asuel (La Baroche),7103,JU,Asuel,JU,
FULL_MATCH,Haute-Ajoie,6809,Haute-Ajoie,6809,JU,Chevenez,JU,
FULL_MATCH,Mont-Noble,6090,Mont-Noble,6090,VS,Nax,VS,
UNIQUE_ID_MATCH,Goumois,7101,Goumois (Saignelégier),7101,JU,Saignelégier,JU,
FULL_MATCH,Lajoux,6750,Lajoux,6750,BE,Lajoux JU,JU,
SUCCESSOR_MATCH,Nax,6090,Nax,6086,VS,Nax,VS,
FULL_MATCH,Sâles,2152,Sâles,2152,FR,Sâles (Gruyère),FR,
FULL_MATCH,Seegräben,119,Seegräben,119,ZH,Aathal-Seegräben,ZH,
FULL_MATCH,Luins,5858,Luins,5858,VD,Luins,VD,
FULL_MATCH,Blenio,5049,Blenio,5049,TI,Olivone,TI,
FULL_MATCH,Aarwangen,321,Aarwangen,321,BE,Aarwangen,BE,
FULL_MATCH_WITHOUT_CANTON_SUFFIX,Buch (SH),2961,Buch,2961,SH,Buch SH,SH,
FULL_MATCH,Thundorf,4611,Thundorf,4611,TG,Thundorf,TG,
FULL_MATCH,Rifferswil,12,Rifferswil,12,ZH,Rifferswil,ZH,
FULL_MATCH,Ferenbalm,662,Ferenbalm,662,BE,Ferenbalm,BE,
FULL_MATCH,Valbirse,717,Valbirse,717,BE,Malleray,BE,
FULL_MATCH,Vuiteboeuf,5766,Vuiteboeuf,5766,VD,Vuiteboeuf,VD,
FULL_MATCH,Bottmingen,2767,Bottmingen,2767,BL,Bottmingen,BL,
FULL_MATCH,Attalens,2321,Attalens,2321,FR,Attalens,FR,
FULL_MATCH,Lauenen,842,Lauenen,842,BE,Lauenen b. Gstaad,BE,
FULL_MATCH,Chéserex,5709,Chéserex,5709,VD,Chéserex,VD,
FULL_MATCH,Bardonnex,6605,Bardonnex,6605,GE,La Croix-de-Rozon,GE,
FULL_MATCH,Vétroz,6025,Vétroz,6025,VS,Vétroz,VS,
FULL_MATCH,Nürensdorf,64,Nürensdorf,64,ZH,Nürensdorf,ZH,
FULL_MATCH,Beinwil (Freiamt),4224,Beinwil (Freiamt),4224,AG,Beinwil (Freiamt),AG,
FULL_MATCH,Lucens,5675,Lucens,5675,VD,Lucens,VD,
FULL_MATCH,Mathod,5919,Mathod,5919,VD,Mathod,VD,
FULL_MATCH,Trélex,5730,Trélex,5730,VD,Trélex,VD,
FULL_MATCH,Pleigne,6719,Pleigne,6719,BE,Pleigne,JU,
FULL_MATCH,Böbikon,4302,Böbikon,4302,AG,Böbikon,AG,
FULL_MATCH,Saint-Imier,443,Saint-Imier,443,BE,St-Imier,BE,
FULL_MATCH,Teuffenthal,940,Teuffenthal,940,BE,Teuffenthal b. Thun,BE,
FULL_MATCH,Wohlenschwil,4046,Wohlenschwil,4046,AG,Wohlenschwil,AG,
FULL_MATCH,Silenen,1216,Silenen,1216,UR,Silenen,UR,
FULL_MATCH,Corcelles-près-Payerne,5816,Corcelles-près-Payerne,5816,VD,Corcelles-près-Payerne,VD,
FULL_MATCH_WITHOUT_CANTON_SUFFIX,Wohlen (AG),4082,Wohlen,4082,AG,Wohlen AG,AG,
FULL_MATCH,Magden,4253,Magden,4253,AG,Magden,AG,
FULL_MATCH,Turtmann-Unterems,6119,Turtmann-Unterems,6119,VS,Turtmann,VS,
FULL_MATCH,Dierikon,1053,Dierikon,1053,LU,Dierikon,LU,
FULL_MATCH,Estavayer (Estavayer-le-Lac),7137,Estavayer (Estavayer-le-Lac),7137,FR,Estavayer-le-Lac,FR,
FULL_MATCH,Fiesch,6057,Fiesch,6057,VS,Fiesch,VS,
FULL_MATCH,Laufen,2787,Laufen,2787,BE,Laufen,BL,
FULL_MATCH,Feuerthalen,27,Feuerthalen,27,ZH,Feuerthalen,ZH,
FULL_MATCH,Uttwil,4451,Uttwil,4451,TG,Uttwil,TG,
FULL_MATCH,Mont-la-Ville,5491,Mont-la-Ville,5491,VD,Mont-la-Ville,VD,
FULL_MATCH,Geuensee,1085,Geuensee,1085,LU,Geuensee,LU,
FULL_MATCH,Wünnewil-Flamatt,2309,Wünnewil-Flamatt,2309,FR,Wünnewil,FR,
FULL_MATCH,Reute,3035,Reute,3035,AR,Reute AR,AR,
FULL_MATCH,Wagenhausen,4871,Wagenhausen,4871,TG,Wagenhausen,TG,
FULL_MATCH,Port-Valais,6154,Port-Valais,6154,VS,Bouveret,VS,
FULL_MATCH,Bôle (Milvignes),7924,Bôle (Milvignes),7924,NE,Bôle,NE,
FULL_MATCH,Dägerlen,214,Dägerlen,214,ZH,Dägerlen,ZH,
FULL_MATCH,Origlio,5208,Origlio,5208,TI,Origlio,TI,
FULL_MATCH,Ormont-Dessus,5411,Ormont-Dessus,5411,VD,Vers-l'Eglise,VD,
FULL_MATCH,Diegten,2884,Diegten,2884,BL,Diegten,BL,
FULL_MATCH,Arch,381,Arch,381,BE,Arch,BE,
FULL_MATCH,Grub,3031,Grub,3031,AR,Grub AR,AR,
FULL_MATCH,Cheseaux-Noréaz,5909,Cheseaux-Noréaz,5909,VD,Cheseaux-Noréaz,VD,
FULL_MATCH,Matten bei Interlaken,587,Matten bei Interlaken,587,BE,Matten b. Interlaken,BE,
FULL_MATCH,Kehrsatz,870,Kehrsatz,870,BE,Kehrsatz,BE,
FULL_MATCH,Luterbach,2527,Luterbach,2527,SO,Luterbach,SO,
FULL_MATCH,Reichenburg,1345,Reichenburg,1345,SZ,Reichenburg,SZ,
FULL_MATCH,Rickenbach,4751,Rickenbach,4751,TG,Rickenbach b. Wil,TG,
FULL_MATCH_WITHOUT_CANTON_SUFFIX,Berg (TG),4891,Berg,4891,TG,Berg TG,TG,
FULL_MATCH,Gruyères,2135,Gruyères,2135,FR,Gruyères,FR,
FULL_MATCH,Walperswil,754,Walperswil,754,BE,Walperswil,BE,
FULL_MATCH,Champoz,683,Champoz,683,BE,Champoz,BE,
FULL_MATCH,Thayngen,2920,Thayngen,2920,SH,Thayngen,SH,
FULL_MATCH,Bärschwil,2611,Bärschwil,2611,SO,Bärschwil,SO,
FULL_MATCH,Corminboeuf,2183,Corminboeuf,2183,FR,Corminboeuf,FR,
FULL_MATCH,Saint-Cergue,5727,Saint-Cergue,5727,VD,St-Cergue,VD,
FULL_MATCH,Dorénaz,6212,Dorénaz,6212,VS,Dorénaz,VS,
FULL_MATCH,Schöfflisdorf,99,Schöfflisdorf,99,ZH,Schöfflisdorf,ZH,
FULL_MATCH,Oberrüti,4237,Oberrüti,4237,AG,Oberrüti,AG,
FULL_MATCH,Flumenthal,2545,Flumenthal,2545,SO,Flumenthal,SO,
FULL_MATCH,Untereggen,3219,Untereggen,3219,SG,Untereggen,SG,
FULL_MATCH,Niederrohrdorf,4035,Niederrohrdorf,4035,AG,Niederrohrdorf,AG,
FULL_MATCH,Bichelsee-Balterswil,4721,Bichelsee-Balterswil,4721,TG,Bichelsee,TG,
FULL_MATCH,Hornussen,4167,Hornussen,4167,AG,Hornussen,AG,
UNIQUE_ID_MATCH,Basilea,2701,Basel,2701,BS,Basel,BS,
FULL_MATCH,Waltenschwil,4240,Waltenschwil,4240,AG,Waltenschwil,AG,
FULL_MATCH,Gansingen,4164,Gansingen,4164,AG,Gansingen,AG,
FULL_MATCH,Aefligen,401,Aefligen,401,BE,Aefligen,BE,
FULL_MATCH,Hilterfingen,929,Hilterfingen,929,BE,Hilterfingen,BE,
FULL_MATCH,Laufen-Uhwiesen,34,Laufen-Uhwiesen,34,ZH,Uhwiesen,ZH,
FULL_MATCH,Orpund,744,Orpund,744,BE,Orpund,BE,
FULL_MATCH,Fieschertal,6058,Fieschertal,6058,VS,Fieschertal,VS,
FULL_MATCH,Tannay,5729,Tannay,5729,VD,Tannay,VD,
FULL_MATCH,Mont-Vully,2284,Mont-Vully,2284,FR,Lugnorre,FR,
FULL_MATCH,Täuffelen,751,Täuffelen,751,BE,Täuffelen,BE,
FULL_MATCH,Blonay,5881,Blonay,5881,VD,Blonay,VD,
SUCCESSOR_MATCH,Wahlern,855,Wahlern,854,BE,Schwarzenburg,BE,
FULL_MATCH,Andelfingen,30,Andelfingen,30,ZH,Andelfingen,ZH,
FULL_MATCH,Stettfurt,4606,Stettfurt,4606,TG,Stettfurt,TG,
FULL_MATCH,Sils im Domleschg,3640,Sils im Domleschg,3640,GR,Sils im Domleschg,GR,
FULL_MATCH,Alpthal,1361,Alpthal,1361,SZ,Alpthal,SZ,
FULL_MATCH,Neuheim,1705,Neuheim,1705,ZG,Neuheim,ZG,
FULL_MATCH,Cortébert,433,Cortébert,433,BE,Cortébert,BE,
UNIQUE_ID_MATCH,Vuisternens-dev-Romont,2113,Vuisternens-devant-Romont,2113,FR,Vuisternens-devant-Romont,FR,
FULL_MATCH,Oberwil bei Büren,391,Oberwil bei Büren,391,BE,Oberwil b. Büren,BE,
FULL_MATCH,Nenzlingen,2789,Nenzlingen,2789,BE,Nenzlingen,BL,
FULL_MATCH,Rorbas,68,Rorbas,68,ZH,Rorbas,ZH,
FULL_MATCH,Vitznau,1068,Vitznau,1068,LU,Vitznau,LU,
FULL_MATCH,Hölstein,2886,Hölstein,2886,BL,Hölstein,BL,
FULL_MATCH,Bedigliora,5149,Bedigliora,5149,TI,Bedigliora,TI,
FULL_MATCH,Wölflinswil,4182,Wölflinswil,4182,AG,Wölflinswil,AG,
FULL_MATCH,Melchnau,333,Melchnau,333,BE,Melchnau,BE,
FULL_MATCH,Rüdtligen-Alchenflüh,420,Rüdtligen-Alchenflüh,420,BE,Alchenflüh,BE,
FULL_MATCH,Roggliswil,1142,Roggliswil,1142,LU,Roggliswil,LU,
FULL_MATCH,Saint-Livres,5435,Saint-Livres,5435,VD,St-Livres,VD,
FULL_MATCH,Frenkendorf,2824,Frenkendorf,2824,BL,Frenkendorf,BL,
FULL_MATCH,Zuzwil,557,Zuzwil,557,BE,Zuzwil BE,BE,
FULL_MATCH_WITHOUT_CANTON_SUFFIX,Zuzwil (BE),557,Zuzwil,557,BE,Zuzwil BE,BE,
FULL_MATCH,Jegenstorf (Scheunen),7488,Jegenstorf (Scheunen),7488,BE,Scheunen,BE,
FULL_MATCH,Bonaduz,3721,Bonaduz,3721,GR,Bonaduz,GR,
FULL_MATCH,Buus,2844,Buus,2844,BL,Buus,BL,
UNIQUE_ID_MATCH,Zauggenried,7476,Fraubrunnen (Zauggenried),7476,BE,Zauggenried,BE,
UNIQUE_ID_MATCH,Münchringen,7489,Jegenstorf (Münchringen),7489,BE,Münchringen,BE,
FULL_MATCH_WITHOUT_CANTON_SUFFIX,Rapperswil (BE),310,Rapperswil,310,BE,Rapperswil BE,BE,
FULL_MATCH,Loveresse,696,Loveresse,696,BE,Loveresse,BE,
FULL_MATCH,Pont-en-Ogoz,2122,Pont-en-Ogoz,2122,FR,Gumefens,FR,
FULL_MATCH,Hemmiken,2848,Hemmiken,2848,BL,Hemmiken,BL,
FULL_MATCH,Urtenen,551,Urtenen,551,BE,Urtenen-Schönbühl,BE,
FULL_MATCH,Rüti bei Büren,393,Rüti bei Büren,393,BE,Rüti b. Büren,BE,
FULL_MATCH,Tübach,3218,Tübach,3218,SG,Tübach,SG,
FULL_MATCH,Flaach,28,Flaach,28,ZH,Flaach,ZH,
FULL_MATCH,Leuzigen,388,Leuzigen,388,BE,Leuzigen,BE,
UNIQUE_ID_MATCH,Peseux (Neuchâtel),6412,Peseux,6412,NE,Peseux,NE,
FULL_MATCH,Kaiserstuhl,4308,Kaiserstuhl,4308,AG,Kaiserstuhl AG,AG,
FULL_MATCH,Saxeten,591,Saxeten,591,BE,Saxeten,BE,
FULL_MATCH,Würenlos,4048,Würenlos,4048,AG,Würenlos,AG,
FULL_MATCH_WITHOUT_CANTON_SUFFIX,Kirchberg (BE),412,Kirchberg,412,BE,Kirchberg BE,BE,
FULL_MATCH,Tschiertschen-Praden,3932,Tschiertschen-Praden,3932,GR,Tschiertschen,GR,
FULL_MATCH,Bözberg,4124,Bözberg,4124,AG,Bözberg,AG,
FULL_MATCH,Gottlieben,4651,Gottlieben,4651,TG,Gottlieben,TG,
FULL_MATCH,Oberthal,620,Oberthal,620,BE,Oberthal,BE,
FULL_MATCH_WITHOUT_CANTON_SUFFIX,Kirchdorf (BE),872,Kirchdorf,872,BE,Kirchdorf BE,BE,
FULL_MATCH,Buch am Irchel,24,Buch am Irchel,24,ZH,Buch am Irchel,ZH,
FULL_MATCH,Felben-Wellhausen,4561,Felben-Wellhausen,4561,TG,Felben-Wellhausen,TG,
SUCCESSOR_MATCH,Aeschlen,619,Aeschlen,601,BE,Oberdiessbach,BE,
FULL_MATCH,Oberburg,418,Oberburg,418,BE,Oberburg,BE,
FULL_MATCH,Kippel,6197,Kippel,6197,VS,Kippel,VS,
FULL_MATCH,Messen,2457,Messen,2457,SO,Messen,SO,
FULL_MATCH,Vaulruz,2155,Vaulruz,2155,FR,Vaulruz,FR,
FULL_MATCH,Aetingen,7962,Aetingen,7962,SO,Aetingen,SO,
FULL_MATCH,Saint-Oyens,5436,Saint-Oyens,5436,VD,St-Oyens,VD,
FULL_MATCH_WITHOUT_CANTON_SUFFIX,Holderbank (SO),2425,Holderbank,2425,SO,Holderbank SO,SO,
FULL_MATCH,Bogis-Bossey,5705,Bogis-Bossey,5705,VD,Bogis-Bossey,VD,
UNIQUE_ID_MATCH,La Folliaz,7533,Villaz (La Folliaz),7533,FR,Villaz-St-Pierre,FR,
FULL_MATCH,Besenbüren,4226,Besenbüren,4226,AG,Besenbüren,AG,
FULL_MATCH,Crassier,5714,Crassier,5714,VD,Crassier,VD,
FULL_MATCH,Hindelbank,409,Hindelbank,409,BE,Hindelbank,BE,
FULL_MATCH,Lauwil,2889,Lauwil,2889,BL,Lauwil,BL,
FULL_MATCH,Ermensee,1025,Ermensee,1025,LU,Ermensee,LU,
FULL_MATCH,Semsales,2336,Semsales,2336,FR,Semsales,FR,
FULL_MATCH_WITHOUT_CANTON_SUFFIX,Walterswil (BE),959,Walterswil,959,BE,Walterswil BE,BE,
FULL_MATCH,Sennwald-Salez,7877,Sennwald-Salez,7877,SG,Salez,SG,
FULL_MATCH,Saas-Balen,6289,Saas-Balen,6289,VS,Saas-Balen,VS,
UNIQUE_ID_MATCH,Seedorf BE,312,Seedorf,312,BE,Seedorf BE,BE,
FULL_MATCH,Trey,5827,Trey,5827,VD,Trey,VD,
FULL_MATCH,Arisdorf,2821,Arisdorf,2821,BL,Arisdorf,BL,
UNIQUE_ID_MATCH,Langnau i. E.,902,Langnau im Emmental,902,BE,Langnau im Emmental,BE,
FULL_MATCH,Oberlangenegg,935,Oberlangenegg,935,BE,Schwarzenegg,BE,
FULL_MATCH,Giebenach,2826,Giebenach,2826,BL,Giebenach,BL,
FULL_MATCH,Gisikon,1055,Gisikon,1055,LU,Gisikon,LU,
FULL_MATCH,Bremgarten bei Bern,353,Bremgarten bei Bern,353,BE,Bremgarten b. Bern,BE,
FULL_MATCH,Tschugg,501,Tschugg,501,BE,Tschugg,BE,
FULL_MATCH,Treyvaux,2226,Treyvaux,2226,FR,Treyvaux,FR,
FULL_MATCH,Worben,755,Worben,755,BE,Worben,BE,
FULL_MATCH,Staffelbach,4284,Staffelbach,4284,AG,Staffelbach,AG,
FULL_MATCH,Beinwil,2612,Beinwil,2612,SO,Beinwil SO,SO,
UNIQUE_ID_MATCH,Affoltern i.E.,951,Affoltern im Emmental,951,BE,Affoltern im Emmental,BE,
FULL_MATCH,Brot-Plamboz,6433,Brot-Plamboz,6433,NE,Brot-Plamboz,NE,
FULL_MATCH,Drei Höfe,2535,Drei Höfe,2535,SO,Heinrichswil,SO,
UNIQUE_ID_MATCH,Orberburg,418,Oberburg,418,BE,Oberburg,BE,
FULL_MATCH,Wengi,394,Wengi,394,BE,Wengi b. Büren,BE,
FULL_MATCH,Stocken-Höfen,770,Stocken-Höfen,770,BE,Höfen b. Thun,BE,
FULL_MATCH,Kerzers,2265,Kerzers,2265,FR,Kerzers,FR,
FULL_MATCH,Alt Messen,7919,Alt Messen,7919,SO,Messen,SO,
FULL_MATCH,Seltisberg,2833,Seltisberg,2833,BL,Seltisberg,BL,
FULL_MATCH,Sessa,5222,Sessa,5222,TI,Sessa,TI,
FULL_MATCH,La Brillaz,2234,La Brillaz,2234,FR,Lentigny,FR,
FULL_MATCH,Gibloux (Farvagny-le-Grand),7270,Gibloux (Farvagny-le-Grand),7270,FR,Farvagny-le-Grand,FR,
FULL_MATCH,La Brillaz (Onnens),7253,La Brillaz (Onnens),7253,FR,Onnens FR,FR,
UNIQUE_ID_MATCH,Wallenried,7277,Courtepin (Wallenried),7277,FR,Wallenried,FR,
FULL_MATCH,Cressier,6452,Cressier,6452,NE,Cressier NE,NE,
FULL_MATCH,Saint-Aubin,2041,Saint-Aubin,2041,FR,St-Aubin FR,FR,
UNIQUE_ID_MATCH,Tafers (Alterswil),2291,Alterswil,2291,FR,Alterswil FR,FR,
UNIQUE_ID_MATCH,Vuisternens-en-Ogoz,7263,Gibloux (Vuisternens-en-Ogoz),7263,FR,Vuisternens-en-Ogoz,FR,
FULL_MATCH,Longirod,5429,Longirod,5429,VD,Longirod,VD,
FULL_MATCH,Senèdes,2225,Senèdes,2225,FR,Senèdes,FR,
FULL_MATCH,Chevilly,5476,Chevilly,5476,VD,Chevilly,VD,
FULL_MATCH_WITHOUT_CANTON_SUFFIX,Saint-Aubin (FR),2041,Saint-Aubin,2041,FR,St-Aubin FR,FR,
FULL_MATCH,Courtepin (Wallenried),7277,Courtepin (Wallenried),7277,FR,Wallenried,FR,
FULL_MATCH,Brunnenthal,2447,Brunnenthal,2447,SO,Brunnenthal,SO,
FULL_MATCH,Giffers,2294,Giffers,2294,FR,Giffers,FR,
UNIQUE_ID_MATCH,Schmitten FR,2305,Schmitten,2305,FR,Schmitten FR,FR,
FULL_MATCH,Lauerz,1365,Lauerz,1365,SZ,Lauerz,SZ,
UNIQUE_ID_MATCH,Hinterrhein,7520,Rheinwald (Hinterrhein),7520,GR,Hinterrhein,GR,
UNIQUE_ID_MATCH,Maladers,7469,Chur (Maladers),7469,GR,Maladers,GR,
SUCCESSOR_MATCH,Ennenda,1632,Ennenda,1607,GL,Ennenda,GL,
FULL_MATCH,Zuoz,3791,Zuoz,3791,GR,Zuoz,GR,
FULL_MATCH,Furna,3862,Furna,3862,GR,Furna,GR,
FULL_MATCH,Pontresina,3784,Pontresina,3784,GR,Pontresina,GR,
UNIQUE_ID_MATCH,Igis,7381,Landquart (Igis),7381,GR,Igis,GR,
SUCCESSOR_MATCH,Bilten,1630,Bilten,1602,GL,Bilten,GL,
FULL_MATCH_WITHOUT_CANTON_SUFFIX,Schlatt (TG),4546,Schlatt,4546,TG,Schlatt TG,TG,
SUCCESSOR_MATCH,Diesbach,1631,Diesbach,1604,GL,Diesbach GL,GL,
FULL_MATCH,Villarsel-sur-Marly,2230,Villarsel-sur-Marly,2230,FR,Villarsel-sur-Marly,FR,
UNIQUE_ID_MATCH,Charmey,7230,Val-de-Charmey (Charmey),7230,FR,Charmey (Gruyère),FR,
FULL_MATCH,Kaufdorf,869,Kaufdorf,869,BE,Kaufdorf,BE,
FULL_MATCH_WITHOUT_CANTON_SUFFIX,Reinach (AG),4141,Reinach,4141,AG,Reinach AG,AG,
FULL_MATCH,Saint-Martin,2335,Saint-Martin,2335,FR,St-Martin FR,FR,
UNIQUE_ID_MATCH,Freiburg,2196,Fribourg,2196,FR,Fribourg,FR,
FULL_MATCH,Ferpicloz,2194,Ferpicloz,2194,FR,Ferpicloz,FR,
FULL_MATCH,Vuadens,2160,Vuadens,2160,FR,Vuadens,FR,
UNIQUE_ID_MATCH,Zumholz,7305,Plaffeien  (Zumholz),7305,FR,Zumholz,FR,
FULL_MATCH,Le Mouret (Bonnefontaine),7242,Le Mouret (Bonnefontaine),7242,FR,Bonnefontaine,FR,
FULL_MATCH,Waldstatt,3007,Waldstatt,3007,AR,Waldstatt,AR,
FULL_MATCH,Auboranges,2061,Auboranges,2061,FR,Auboranges,FR,
FULL_MATCH,Corbières,2129,Corbières,2129,FR,Corbières,FR,
FULL_MATCH,Gunzgen,2578,Gunzgen,2578,SO,Gunzgen,SO,
FULL_MATCH,Jens,738,Jens,738,BE,Jens,BE,
FULL_MATCH,Oberwil-Lieli,4074,Oberwil-Lieli,4074,AG,Oberwil-Lieli,AG,
UNIQUE_ID_MATCH,Röthenbach i.E,904,Röthenbach im Emmental,904,BE,Röthenbach im Emmental,BE,
UNIQUE_ID_MATCH,Oberwil i. S.,766,Oberwil im Simmental,766,BE,Oberwil im Simmental,BE,
FULL_MATCH,Bussy-Chardonney,5625,Bussy-Chardonney,5625,VD,Bussy-Chardonney,VD,
FULL_MATCH,Saules,707,Saules,707,BE,Saules BE,BE,
FULL_MATCH,Zetzwil,4147,Zetzwil,4147,AG,Zetzwil,AG,
FULL_MATCH_WITHOUT_CANTON_SUFFIX,Renens (VD),5591,Renens,5591,VD,Renens VD,VD,
FULL_MATCH,Montfaucon,6751,Montfaucon,6751,BE,Montfaucon,JU,
FULL_MATCH_WITHOUT_CANTON_SUFFIX,Stein (AR),3005,Stein,3005,AR,Stein AR,AR,
FULL_MATCH,Boniswil,4192,Boniswil,4192,AG,Boniswil,AG,
FULL_MATCH,Büetigen,382,Büetigen,382,BE,Büetigen,BE,
FULL_MATCH,Cazis,3661,Cazis,3661,GR,Cazis,GR,
FULL_MATCH,Därligen,575,Därligen,575,BE,Därligen,BE,
FULL_MATCH,Oekingen,2529,Oekingen,2529,SO,Oekingen,SO,
FULL_MATCH,Bibern,7963,Bibern,7963,SO,Bibern SO,SO,
FULL_MATCH,Uesslingen-Buch,4616,Uesslingen-Buch,4616,TG,Uesslingen,TG,
FULL_MATCH,Rochefort,6413,Rochefort,6413,NE,Rochefort,NE,
FULL_MATCH,Reitnau,4281,Reitnau,4281,AG,Reitnau,AG,
FULL_MATCH,Leutwil,4138,Leutwil,4138,AG,Leutwil,AG,
FULL_MATCH,Jussy,6626,Jussy,6626,GE,Jussy,GE,
FULL_MATCH,Scharans,3638,Scharans,3638,GR,Scharans,GR,
FULL_MATCH,Merzligen,741,Merzligen,741,BE,Merzligen,BE,
FULL_MATCH,Jaberg,868,Jaberg,868,BE,Jaberg,BE,
FULL_MATCH,Geltwil,4232,Geltwil,4232,AG,Geltwil,AG,
FULL_MATCH,Bergün Filisur,3544,Bergün Filisur,3544,GR,Bergün/Bravuogn,GR,
SUCCESSOR_MATCH_WITHOUT_CANTON_SUFFIX,Marbach (LU),1010,Marbach,1006,LU,Marbach LU,LU,
FULL_MATCH,Bettwiesen,4716,Bettwiesen,4716,TG,Bettwiesen,TG,
FULL_MATCH,"Bütschwil-Ganterschwil, Ganterschwil",7960,"Bütschwil-Ganterschwil, Ganterschwil",7960,SG,Ganterschwil,SG,
FULL_MATCH,Soubey,6759,Soubey,6759,BE,Soubey,JU,
UNIQUE_ID_MATCH,Bütschwil-Ganterschwil Ganter.,7960,"Bütschwil-Ganterschwil, Ganterschwil",7960,SG,Ganterschwil,SG,
SUCCESSOR_MATCH,Montalchez,7517,Montalchez,6411,NE,Montalchez,NE,
UNIQUE_ID_MATCH,Matten b. Interlaken,587,Matten bei Interlaken,587,BE,Matten b. Interlaken,BE,
FULL_MATCH,Bettmeralp,6205,Bettmeralp,6205,VS,Bettmeralp,VS,
FULL_MATCH,Brislach,2782,Brislach,2782,BE,Brislach,BL,
FULL_MATCH,Wildberg,182,Wildberg,182,ZH,Wildberg,ZH,
SUCCESSOR_MATCH,Schönenberg,293,Schönenberg,140,ZH,Schönenberg ZH,ZH,
FULL_MATCH_WITHOUT_CANTON_SUFFIX,Gossau (ZH),115,Gossau,115,ZH,Gossau ZH,ZH,
FULL_MATCH,Lütisburg,3393,Lütisburg,3393,SG,Lütisburg,SG,
FULL_MATCH,Basadingen-Schlattingen,4536,Basadingen-Schlattingen,4536,TG,Basadingen,TG,
FULL_MATCH,Les Breuleux,6743,Les Breuleux,6743,BE,Les Breuleux,JU,
FULL_MATCH,Heimenhausen,977,Heimenhausen,977,BE,Heimenhausen,BE,
FULL_MATCH,Bolken,2514,Bolken,2514,SO,Bolken,SO,
FULL_MATCH_WITHOUT_CANTON_SUFFIX,Oberriet (SG),3254,Oberriet,3254,SG,Oberriet SG,SG,
FULL_MATCH,Winistorf,7861,Winistorf,7861,SO,Winistorf,SO,
FULL_MATCH,Lausen,2828,Lausen,2828,BL,Lausen,BL,
FULL_MATCH,Prangins,5725,Prangins,5725,VD,Prangins,VD,
FULL_MATCH,Büren,2472,Büren,2472,SO,Büren SO,SO,
SUCCESSOR_MATCH,Attelwil,4281,Attelwil,4272,AG,Attelwil,AG,
SUCCESSOR_MATCH,"Nesslau-Krummenau, Krummenau",7957,"Nesslau-Krummenau, Krummenau",7916,SG,Krummenau,SG,
FULL_MATCH,Eschenz,4806,Eschenz,4806,TG,Eschenz,TG,
FULL_MATCH,Zielebach,556,Zielebach,556,BE,Zielebach,BE,
FULL_MATCH,Härkingen,2402,Härkingen,2402,SO,Härkingen,SO,
FULL_MATCH,Neyruz,2211,Neyruz,2211,FR,Neyruz FR,FR,
FULL_MATCH_WITHOUT_CANTON_SUFFIX,Holderbank (AG),4199,Holderbank,4199,AG,Holderbank AG,AG,
FULL_MATCH,Binn,6054,Binn,6054,VS,Binn,VS,
FULL_MATCH,Pierrafortscha,2216,Pierrafortscha,2216,FR,Pierrafortscha,FR,
FULL_MATCH,Burg,4133,Burg,4133,AG,Burg AG,AG,
UNIQUE_ID_MATCH,Wolfisberg,7531,Niederbipp (Wolfisberg),7531,BE,Wolfisberg,BE,
SUCCESSOR_MATCH,Carabbia,5192,Carabbia,5168,TI,Carabbia,TI,
FULL_MATCH,Elfingen,4097,Elfingen,4097,AG,Elfingen,AG,
FULL_MATCH,Gy,6624,Gy,6624,GE,Gy,GE,
FULL_MATCH,Hessigkofen,7966,Hessigkofen,7966,SO,Hessigkofen,SO,
FULL_MATCH,Baulmes,5745,Baulmes,5745,VD,Baulmes,VD,
FULL_MATCH,Märstetten,4941,Märstetten,4941,TG,Märstetten,TG,
FULL_MATCH,Hauptwil-Gottshaus,4486,Hauptwil-Gottshaus,4486,TG,Wilen (Gottshaus),TG,
UNIQUE_ID_MATCH,Niederried,588,Niederried bei Interlaken,588,BE,Niederried b. Interlaken,BE,
FULL_MATCH_WITHOUT_CANTON_SUFFIX,Rüthi (SG),3256,Rüthi,3256,SG,Rüthi (Rheintal),SG,
FULL_MATCH_WITHOUT_CANTON_SUFFIX,Seedorf (BE),312,Seedorf,312,BE,Seedorf BE,BE,
FULL_MATCH,Twann-Tüscherz,756,Twann-Tüscherz,756,BE,Twann,BE,
FULL_MATCH,Villaz,2117,Villaz,2117,FR,Villaz-St-Pierre,FR,
FULL_MATCH,Mett,7853,Mett,7853,BE,Biel/Bienne,BE,
FULL_MATCH,Fahy,6789,Fahy,6789,BE,Fahy,JU,
FULL_MATCH,Oltingen,2855,Oltingen,2855,BL,Oltingen,BL,
FULL_MATCH,Gorgier (La Grande Béroche),7516,Gorgier (La Grande Béroche),7516,NE,Gorgier,NE,
FULL_MATCH,Lengnau,4312,Lengnau,4312,AG,Lengnau AG,AG,
FULL_MATCH,Siblingen,2953,Siblingen,2953,SH,Siblingen,SH,
FULL_MATCH,Daillens,5480,Daillens,5480,VD,Daillens,VD,
FULL_MATCH,Raperswilen,4846,Raperswilen,4846,TG,Raperswilen,TG,
FULL_MATCH,Siselen,499,Siselen,499,BE,Siselen BE,BE,
FULL_MATCH_WITHOUT_CANTON_SUFFIX,Arni (BE),602,Arni,602,BE,Arni BE,BE,
FULL_MATCH,Péry-La Heutte,450,Péry-La Heutte,450,BE,Péry,BE,
FULL_MATCH,Tecknau,2862,Tecknau,2862,BL,Tecknau,BL,
FULL_MATCH,Riaz,2148,Riaz,2148,FR,Riaz,FR,
FULL_MATCH,Schwaderloch,4176,Schwaderloch,4176,AG,Schwaderloch,AG,
FULL_MATCH,Bargen,302,Bargen,302,BE,Bargen BE,BE,
FULL_MATCH,Brot-Dessous (Rochefort),7098,Brot-Dessous (Rochefort),7098,NE,Rochefort,NE,
FULL_MATCH,Denges,5632,Denges,5632,VD,Denges,VD,
FULL_MATCH,Oberhofen am Thunersee,934,Oberhofen am Thunersee,934,BE,Oberhofen am Thunersee,BE,
UNIQUE_ID_MATCH,Langnau i.E. BE,902,Langnau im Emmental,902,BE,Langnau im Emmental,BE,
UNIQUE_ID_MATCH,Farvagny,7260,Gibloux (Farvagny),7260,FR,Farvagny-le-Grand,FR,
FULL_MATCH,Buch,2961,Buch,2961,SH,Buch SH,SH,
UNIQUE_ID_MATCH,Ruderswil,905,Rüderswil,905,BE,Rüderswil,BE,
FULL_MATCH,Surpierre,2044,Surpierre,2044,FR,Surpierre,FR,
FULL_MATCH,Cottens,2186,Cottens,2186,FR,Cottens FR,FR,
FULL_MATCH,Rüdlingen,2938,Rüdlingen,2938,SH,Rüdlingen,SH,
FULL_MATCH,Ligerz,740,Ligerz,740,BE,Ligerz,BE,
FULL_MATCH,Dully,5855,Dully,5855,VD,Dully,VD,
FULL_MATCH,Marbach,3253,Marbach,3253,SG,Marbach SG,SG,
FULL_MATCH,Gachnang,4571,Gachnang,4571,TG,Gachnang,TG,
FULL_MATCH_WITHOUT_CANTON_SUFFIX,Roggwil (BE),337,Roggwil,337,BE,Roggwil BE,BE,
FULL_MATCH,Bottenwil,4273,Bottenwil,4273,AG,Bottenwil,AG,
UNIQUE_ID_MATCH,Rüegsauschachen,956,Rüegsau,956,BE,Rüegsau,BE,
UNIQUE_ID_MATCH,Langnau i.E.,902,Langnau im Emmental,902,BE,Langnau im Emmental,BE,
FULL_MATCH,Le Châtelard,2067,Le Châtelard,2067,FR,Le Châtelard-près-Romont,FR,
FULL_MATCH,Oppligen,622,Oppligen,622,BE,Oppligen,BE,
FULL_MATCH_WITHOUT_CANTON_SUFFIX,Erlinsbach (SO),2503,Erlinsbach,2503,SO,Erlinsbach,AG,
FULL_MATCH,Wynau,345,Wynau,345,BE,Wynau,BE,
FULL_MATCH,Hagenbuch,220,Hagenbuch,220,ZH,Hagenbuch ZH,ZH,
FULL_MATCH,Rovio,5219,Rovio,5219,TI,Rovio,TI,
FULL_MATCH,Oberhallau,2972,Oberhallau,2972,SH,Oberhallau,SH,
FULL_MATCH_WITHOUT_CANTON_SUFFIX,Schmitten (GR),3514,Schmitten,3514,GR,Schmitten (Albula),GR,
FULL_MATCH_WITHOUT_CANTON_SUFFIX,Zell (LU),1150,Zell,1150,LU,Zell LU,LU,
FULL_MATCH,Hubersdorf,2548,Hubersdorf,2548,SO,Hubersdorf,SO,
FULL_MATCH,Mühledorf,7968,Mühledorf,7968,SO,Mühledorf SO,SO,
FULL_MATCH,Dachsen,25,Dachsen,25,ZH,Dachsen,ZH,
FULL_MATCH,Koppigen,413,Koppigen,413,BE,Koppigen,BE,
FULL_MATCH,Lüterkofen-Ichertswil,2455,Lüterkofen-Ichertswil,2455,SO,Lüterkofen,SO,
FULL_MATCH,Kriegstetten,2525,Kriegstetten,2525,SO,Kriegstetten,SO,
FULL_MATCH,Bühl,734,Bühl,734,BE,Bühl b. Aarberg,BE,
SUCCESSOR_MATCH,Albligen,855,Albligen,851,BE,Albligen,BE,
UNIQUE_ID_MATCH,Schalunen,7475,Fraubrunnen (Schalunen),7475,BE,Schalunen,BE,
FULL_MATCH,Innerthal,1343,Innerthal,1343,SZ,Innerthal,SZ,
FULL_MATCH,Willadingen,423,Willadingen,423,BE,Willadingen,BE,
FULL_MATCH,Ferreyres,5483,Ferreyres,5483,VD,Ferreyres,VD,
FULL_MATCH,Rumisberg,987,Rumisberg,987,BE,Rumisberg,BE,
FULL_MATCH,Gerzensee,866,Gerzensee,866,BE,Gerzensee,BE,
FULL_MATCH,Finsterhennen,493,Finsterhennen,493,BE,Finsterhennen,BE,
FULL_MATCH,Lüsslingen-Nennigkofen,2464,Lüsslingen-Nennigkofen,2464,SO,Lüsslingen,SO,
FULL_MATCH,Nennigkofen,7953,Nennigkofen,7953,SO,Nennigkofen,SO,
UNIQUE_ID_MATCH,Niederösch,7499,Ersigen (Niederösch),7499,BE,Niederösch,BE,
FULL_MATCH,Walterswil,2585,Walterswil,2585,SO,Walterswil SO,SO,
FULL_MATCH,Bedretto,5063,Bedretto,5063,TI,Bedretto,TI,
FULL_MATCH,Dörflingen,2915,Dörflingen,2915,SH,Dörflingen,SH,
FULL_MATCH,Saulcy,6722,Saulcy,6722,BE,Saulcy,JU,
FULL_MATCH,Horrenbach-Buchen,932,Horrenbach-Buchen,932,BE,Horrenbach,BE,
FULL_MATCH,Riemenstalden,1369,Riemenstalden,1369,SZ,Riemenstalden,SZ,
FULL_MATCH,Unterramsern,2463,Unterramsern,2463,SO,Unterramsern,SO,
FULL_MATCH,Fraubrunnen (Schalunen),7475,Fraubrunnen (Schalunen),7475,BE,Schalunen,BE,
FULL_MATCH,Ersigen (Niederösch),7499,Ersigen (Niederösch),7499,BE,Niederösch,BE,
FULL_MATCH,Ergisch,6104,Ergisch,6104,VS,Ergisch,VS,
UNIQUE_ID_MATCH,Gadmen,7484,Innertkirchen (Gadmen),7484,BE,Gadmen,BE,
FULL_MATCH_WITHOUT_CANTON_SUFFIX,Studen (BE),749,Studen,749,BE,Studen BE,BE,
FULL_MATCH,Les Ponts-de-Martel,6437,Les Ponts-de-Martel,6437,NE,Les Ponts-de-Martel,NE,
FULL_MATCH,Torny,2115,Torny,2115,FR,Torny-le-Grand,FR,
FULL_MATCH,Evionnaz,6213,Evionnaz,6213,VS,Evionnaz,VS,
FULL_MATCH,Saint-Saphorin (Lavaux),5610,Saint-Saphorin (Lavaux),5610,VD,St-Saphorin (Lavaux),VD,
FULL_MATCH,Echandens,5633,Echandens,5633,VD,Echandens,VD,
FULL_MATCH,Châtel-Saint-Denis,2325,Châtel-Saint-Denis,2325,FR,Châtel-St-Denis,FR,
FULL_MATCH,Montcherand,5756,Montcherand,5756,VD,Montcherand,VD,
FULL_MATCH,Aire-la-Ville,6601,Aire-la-Ville,6601,GE,Aire-la-Ville,GE,
FULL_MATCH,Massonnens,2086,Massonnens,2086,FR,Massonnens,FR,
FULL_MATCH,Saint-Aubin-Sauges (La Grande Béroche),7518,Saint-Aubin-Sauges (La Grande Béroche),7518,NE,St-Aubin-Sauges,NE,
FULL_MATCH,Cheyres-Châbles (Châbles),7169,Cheyres-Châbles (Châbles),7169,FR,Châbles FR,FR,
FULL_MATCH,Oulens-sous-Echallens,5529,Oulens-sous-Echallens,5529,VD,Oulens-sous-Echallens,VD,
FULL_MATCH,Yvonand,5939,Yvonand,5939,VD,Yvonand,VD,
SUCCESSOR_MATCH_WITHOUT_CANTON_SUFFIX,Mex (VS),6217,Mex,6216,VS,Mex VS,VS,
FULL_MATCH,Eppenberg-Wöschnau,2574,Eppenberg-Wöschnau,2574,SO,Eppenberg,SO,
FULL_MATCH,Presinge,6635,Presinge,6635,GE,Presinge,GE,
FULL_MATCH_WITHOUT_CANTON_SUFFIX,Wald (ZH),120,Wald,120,ZH,Wald ZH,ZH,
FULL_MATCH,Gipf-Oberfrick,4165,Gipf-Oberfrick,4165,AG,Gipf-Oberfrick,AG,
FULL_MATCH,Liesberg,2788,Liesberg,2788,BE,Liesberg,BL,
FULL_MATCH,Saint-Barthélemy,5535,Saint-Barthélemy,5535,VD,St-Barthélemy VD,VD,
FULL_MATCH,Colombier (Milvignes),7925,Colombier (Milvignes),7925,NE,Colombier NE,NE,
FULL_MATCH,Morrens,5527,Morrens,5527,VD,Morrens VD,VD,
FULL_MATCH,Birwinken,4901,Birwinken,4901,TG,Birwinken,TG,
FULL_MATCH,Buchberg,2933,Buchberg,2933,SH,Buchberg,SH,
FULL_MATCH_WITHOUT_CANTON_SUFFIX,Cressier (FR),2257,Cressier,2257,FR,Cressier FR,FR,
SUCCESSOR_MATCH,Hirzel,295,Hirzel,132,ZH,Hirzel,ZH,
FULL_MATCH,Oberbuchsiten,2406,Oberbuchsiten,2406,SO,Oberbuchsiten,SO,
FULL_MATCH,Grancia,5186,Grancia,5186,TI,Grancia,TI,
FULL_MATCH,Thalheim an der Thur,39,Thalheim an der Thur,39,ZH,Thalheim an der Thur,ZH,
FULL_MATCH,Croglio,5178,Croglio,5178,TI,Sessa,TI,
FULL_MATCH_WITHOUT_CANTON_SUFFIX,Oberdorf (NW),1508,Oberdorf,1508,NW,Oberdorf NW,NW,
FULL_MATCH,Manno,5194,Manno,5194,TI,Manno,TI,
FULL_MATCH,Giez,5559,Giez,5559,VD,Giez,VD,
FULL_MATCH,Hüttlingen,4590,Hüttlingen,4590,TG,Hüttlingen,TG,
FULL_MATCH,Givrins,5720,Givrins,5720,VD,Givrins,VD,
FULL_MATCH,Rothenfluh,2858,Rothenfluh,2858,BL,Rothenfluh,BL,
FULL_MATCH,Maschwanden,8,Maschwanden,8,ZH,Maschwanden,ZH,
FULL_MATCH,Massongex,6215,Massongex,6215,VS,Massongex,VS,
FULL_MATCH,Faido,5072,Faido,5072,TI,Faido,TI,
FULL_MATCH,Kappel am Albis,6,Kappel am Albis,6,ZH,Kappel am Albis,ZH,
FULL_MATCH,Gryon,5405,Gryon,5405,VD,Gryon,VD,
SUCCESSOR_MATCH,Gerra Gambarogno,5398,Gerra Gambarogno,5106,TI,Magadino,TI,
FULL_MATCH,Porza,5214,Porza,5214,TI,Porza,TI,
UNIQUE_ID_MATCH,St. Antönien,7345,Luzein (St. Antönien),7345,GR,St. Antönien,GR,
FULL_MATCH,Les Planchettes,6422,Les Planchettes,6422,NE,Les Planchettes,NE,
FULL_MATCH,Luzein (St. Antönien),7345,Luzein (St. Antönien),7345,GR,St. Antönien,GR,
FULL_MATCH,Chippis,6235,Chippis,6235,VS,Chippis,VS,
FULL_MATCH,Lumino,5010,Lumino,5010,TI,Lumino,TI,
FULL_MATCH,Lumnezia (Uors-Peiden),7429,Lumnezia (Uors-Peiden),7429,GR,Peiden,GR,
FULL_MATCH,Miglieglia,5200,Miglieglia,5200,TI,Miglieglia,TI,
FULL_MATCH,Samedan,3786,Samedan,3786,GR,Samedan,GR,
FULL_MATCH,Roche,5413,Roche,5413,VD,Roche VD,VD,
FULL_MATCH,Lonay,5638,Lonay,5638,VD,Lonay,VD,
FULL_MATCH,Göschenen,1208,Göschenen,1208,UR,Göschenen,UR,
FULL_MATCH,Blumenstein,922,Blumenstein,922,BE,Blumenstein,BE,
FULL_MATCH,Perroy,5860,Perroy,5860,VD,Perroy,VD,
FULL_MATCH,Lavertezzo,5112,Lavertezzo,5112,TI,Lavertezzo,TI,
FULL_MATCH,Turgi,4042,Turgi,4042,AG,Turgi,AG,
FULL_MATCH,Eysins,5716,Eysins,5716,VD,Eysins,VD,
FULL_MATCH,Marchissy,5430,Marchissy,5430,VD,Marchissy,VD,
FULL_MATCH,Les Montets (Frasses),7159,Les Montets (Frasses),7159,FR,Frasses,FR,
UNIQUE_ID_MATCH,Dompierre VD,5671,Dompierre,5671,VD,Dompierre VD,VD,
FULL_MATCH,Castel San Pietro,5249,Castel San Pietro,5249,TI,Castel San Pietro,TI,
FULL_MATCH,Rances,5760,Rances,5760,VD,Rances,VD,
FULL_MATCH,Riddes,6139,Riddes,6139,VS,Riddes,VS,
FULL_MATCH,Dombresson (Val-de-Ruz),7930,Dombresson (Val-de-Ruz),7930,NE,Dombresson,NE,
FULL_MATCH,Soral,6639,Soral,6639,GE,Soral,GE,
FULL_MATCH,Rougemont,5843,Rougemont,5843,VD,Rougemont,VD,
FULL_MATCH,Lignières,6456,Lignières,6456,NE,Lignières,NE,
FULL_MATCH,Burtigny,5854,Burtigny,5854,VD,Burtigny,VD,
FULL_MATCH,Kallnach (Golaten),7468,Kallnach (Golaten),7468,BE,Golaten,BE,
FULL_MATCH,Hermenches,5673,Hermenches,5673,VD,Hermenches,VD,
FULL_MATCH_WITHOUT_CANTON_SUFFIX,Birmensdorf (ZH),242,Birmensdorf,242,ZH,Birmensdorf ZH,ZH,
FULL_MATCH,Neckertal-St. Peterzell,7918,Neckertal-St. Peterzell,7918,SG,St. Peterzell,SG,
FULL_MATCH,Schwadernau,748,Schwadernau,748,BE,Schwadernau,BE,
FULL_MATCH,Mandach,4105,Mandach,4105,AG,Mandach,AG,
FULL_MATCH,Lussy-sur-Morges,5640,Lussy-sur-Morges,5640,VD,Lussy-sur-Morges,VD,
FULL_MATCH,Farnern,975,Farnern,975,BE,Farnern,BE,
FULL_MATCH_WITHOUT_CANTON_SUFFIX,Beinwil (SO),2612,Beinwil,2612,SO,Beinwil SO,SO,
FULL_MATCH_WITHOUT_CANTON_SUFFIX,Au (SG),3231,Au,3231,SG,Au SG,SG,
FULL_MATCH_WITHOUT_CANTON_SUFFIX,Roches (BE),704,Roches,704,BE,Roches BE,BE,
FULL_MATCH,Maracon,5790,Maracon,5790,VD,Maracon,VD,
FULL_MATCH,Andwil,3441,Andwil,3441,SG,Andwil SG,SG,
FULL_MATCH,Berlingen,4801,Berlingen,4801,TG,Berlingen,TG,
FULL_MATCH,Bassins,5703,Bassins,5703,VD,Bassins,VD,
FULL_MATCH_WITHOUT_CANTON_SUFFIX,Lully (VD),5639,Lully,5639,VD,Lully VD,VD,
FULL_MATCH,Lully,5639,Lully,5639,VD,Lully VD,VD,
FULL_MATCH,Duillier,5715,Duillier,5715,VD,Duillier,VD,
FULL_MATCH_WITHOUT_CANTON_SUFFIX,Les Genevez (JU),6748,Les Genevez,6748,BE,Les Genevez JU,JU,
FULL_MATCH_WITHOUT_CANTON_SUFFIX,Oberdorf (BL),2892,Oberdorf,2892,BL,Oberdorf BL,BL,
FULL_MATCH,Valeyres-sous-Rances,5763,Valeyres-sous-Rances,5763,VD,Valeyres-sous-Rances,VD,
FULL_MATCH,Rüfenach,4112,Rüfenach,4112,AG,Rüfenach AG,AG,
FULL_MATCH,Collex-Bossy,6615,Collex-Bossy,6615,GE,Collex,GE,
FULL_MATCH,Lucens (Chesalles-sur-Moudon),7317,Lucens (Chesalles-sur-Moudon),7317,VD,Chesalles-sur-Moudon,VD,
FULL_MATCH,Courtedoux,6785,Courtedoux,6785,BE,Courtedoux,JU,
UNIQUE_ID_MATCH,Estavayer-le-Lac,7137,Estavayer (Estavayer-le-Lac),7137,FR,Estavayer-le-Lac,FR,
FULL_MATCH,Saubraz,5437,Saubraz,5437,VD,Saubraz,VD,
FULL_MATCH_WITHOUT_CANTON_SUFFIX,Roveredo (GR),3834,Roveredo,3834,GR,Roveredo GR,GR,
UNIQUE_ID_MATCH,Vully-le-Bas,7302,Mont-Vully (Bas-Vully),7302,FR,Praz (Vully),FR,
FULL_MATCH,Eggenwil,4066,Eggenwil,4066,AG,Eggenwil,AG,
FULL_MATCH,Blauen,2781,Blauen,2781,BE,Blauen,BL,
FULL_MATCH,Trun (Schlans),7436,Trun (Schlans),7436,GR,Schlans,GR,
FULL_MATCH,Cossonay,5477,Cossonay,5477,VD,Cossonay-Ville,VD,
FULL_MATCH,Schmitten,3514,Schmitten,3514,GR,Schmitten (Albula),GR,
FULL_MATCH_WITHOUT_CANTON_SUFFIX,Wald (AR),3036,Wald,3036,AR,Wald AR,AR,
FULL_MATCH,Grône,6238,Grône,6238,VS,Grône,VS,
FULL_MATCH,Ellikon an der Thur,218,Ellikon an der Thur,218,ZH,Ellikon an der Thur,ZH,
FULL_MATCH,Maisprach,2853,Maisprach,2853,BL,Maisprach,BL,
FULL_MATCH,Valangin,6485,Valangin,6485,NE,Valangin,NE,
FULL_MATCH,Montilliez (Naz),7056,Montilliez (Naz),7056,VD,Naz,VD,
FULL_MATCH,Saint-Sulpice (Val-de-Travers),7951,Saint-Sulpice (Val-de-Travers),7951,NE,St-Sulpice NE,NE,
FULL_MATCH,Adlikon,21,Adlikon,21,ZH,Adlikon b. Andelfingen,ZH,
FULL_MATCH,Lavigny,5637,Lavigny,5637,VD,Lavigny,VD,
FULL_MATCH,Mauborget,5562,Mauborget,5562,VD,Mauborget,VD,
FULL_MATCH,Merishausen,2936,Merishausen,2936,SH,Merishausen,SH,
UNIQUE_ID_MATCH,Combremont-le-Petit,7068,Valbroye (Combremont-le-Petit),7068,VD,Combremont-le-Petit,VD,
FULL_MATCH,Valbroye (Combremont-le-Petit),7068,Valbroye (Combremont-le-Petit),7068,VD,Combremont-le-Petit,VD,
UNIQUE_ID_MATCH,Combremon-le-Petit,7068,Valbroye (Combremont-le-Petit),7068,VD,Combremont-le-Petit,VD,
FULL_MATCH,Soazza,3823,Soazza,3823,GR,Soazza,GR,
FULL_MATCH,Boudevilliers (Val-de-Ruz),7926,Boudevilliers (Val-de-Ruz),7926,NE,Boudevilliers,NE,
FULL_MATCH,Court,690,Court,690,BE,Court,BE,
FULL_MATCH_WITHOUT_CANTON_SUFFIX,Wangen (SZ),1349,Wangen,1349,SZ,Wangen SZ,SZ,
FULL_MATCH,Vernate,5230,Vernate,5230,TI,Vernate,TI,
FULL_MATCH,Cottens,5478,Cottens,5478,VD,Cottens VD,VD,
FULL_MATCH,Morcote,5203,Morcote,5203,TI,Morcote,TI,
FULL_MATCH,Brusino Arsizio,5160,Brusino Arsizio,5160,TI,Brusino Arsizio,TI,
FULL_MATCH,Arogno,5144,Arogno,5144,TI,Arogno,TI,
FULL_MATCH,Icogne,6239,Icogne,6239,VS,Icogne,VS,
FULL_MATCH,Cademario,5161,Cademario,5161,TI,Cademario,TI,
FULL_MATCH,Saint-Brais,6758,Saint-Brais,6758,JU,St-Brais,JU,
FULL_MATCH,Thalheim,4117,Thalheim,4117,AG,Thalheim AG,AG,
FULL_MATCH,Finhaut,6214,Finhaut,6214,VS,Finhaut,VS,
FULL_MATCH,Wileroltigen,671,Wileroltigen,671,BE,Wileroltigen,BE,
FULL_MATCH,Poliez-Pittet,5533,Poliez-Pittet,5533,VD,Poliez-Pittet,VD,
FULL_MATCH,Chavornay (Corcelles-sur-Chavornay),7321,Chavornay (Corcelles-sur-Chavornay),7321,VD,Corcelles-sur-Chavornay,VD,
FULL_MATCH,Sauge,449,Sauge,449,BE,Vauffelin,BE,
MANUAL,Bussigny-près-Laus,5624,Bussigny-près-Lausanne,5624,VD,Bussigny,VD,
FULL_MATCH,Maienfeld,3953,Maienfeld,3953,GR,Maienfeld,GR,
FULL_MATCH,Stettlen,358,Stettlen,358,BE,Stettlen,BE,
FULL_MATCH,Collonges,6211,Collonges,6211,VS,Collonges,VS,
FULL_MATCH,Wiedlisbach,995,Wiedlisbach,995,BE,Wiedlisbach,BE,
FULL_MATCH,Agarn,6101,Agarn,6101,VS,Agarn,VS,
UNIQUE_ID_MATCH,Villeneuve,7157,Surpierre (Villeneuve (FR)),7157,FR,Villeneuve FR,FR,
FULL_MATCH,Kriechenwil,666,Kriechenwil,666,BE,Kriechenwil,BE,
FULL_MATCH,Ballaigues,5744,Ballaigues,5744,VD,Ballaigues,VD,
FULL_MATCH,Grandfontaine,6792,Grandfontaine,6792,BE,Grandfontaine,JU,
FULL_MATCH,Lucens (Cremin),7318,Lucens (Cremin),7318,VD,Cremin,VD,
FULL_MATCH,Birrhard,4093,Birrhard,4093,AG,Birrhard,AG,
FULL_MATCH,Dintikon,4194,Dintikon,4194,AG,Dintikon,AG,
FULL_MATCH,Vucherens,5692,Vucherens,5692,VD,Vucherens,VD,
FULL_MATCH,Sorengo,5225,Sorengo,5225,TI,Sorengo,TI,
FULL_MATCH,Lyssach,415,Lyssach,415,BE,Lyssach,BE,
FULL_MATCH,Mézières,2087,Mézières,2087,FR,Mézières FR,FR,
FULL_MATCH,Wilchingen,2974,Wilchingen,2974,SH,Wilchingen,SH,
FULL_MATCH,Apples,5421,Apples,5421,VD,Apples,VD,
FULL_MATCH,Port,745,Port,745,BE,Port,BE,
UNIQUE_ID_MATCH,Mühlethurnen,7529,Thurnen (Mühlethurnen),7529,BE,Mühlethurnen,BE,
FULL_MATCH,Gurtnellen,1209,Gurtnellen,1209,UR,Gurtnellen,UR,
FULL_MATCH,Henniez,5819,Henniez,5819,VD,Henniez,VD,
FULL_MATCH,Horn,4421,Horn,4421,TG,Horn,TG,
FULL_MATCH,Savosa,5221,Savosa,5221,TI,Savosa,TI,
FULL_MATCH,Dotzigen,386,Dotzigen,386,BE,Dotzigen,BE,
FULL_MATCH,Féchy,5427,Féchy,5427,VD,Féchy,VD,
FULL_MATCH,Saint-Légier-La Chiésaz,5888,Saint-Légier-La Chiésaz,5888,VD,St-Légier-La Chiésaz,VD,
FULL_MATCH,Corseaux,5883,Corseaux,5883,VD,Corseaux,VD,
SUCCESSOR_MATCH,Nussbaumen,4821,Nussbaumen,4822,TG,Nussbaumen TG,TG,
FULL_MATCH,Ramlinsburg,2832,Ramlinsburg,2832,BL,Ramlinsburg,BL,
FULL_MATCH,Falera,3572,Falera,3572,GR,Falera,GR,
FULL_MATCH,Veytaux,5891,Veytaux,5891,VD,Veytaux,VD,
FULL_MATCH,Grono,3832,Grono,3832,GR,Grono,GR,
FULL_MATCH,Choulex,6614,Choulex,6614,GE,Choulex,GE,
FULL_MATCH,Courgevaux,2250,Courgevaux,2250,FR,Courgevaux,FR,
FULL_MATCH,Wangen,200,Wangen,200,ZH,Brüttisellen,ZH,
FULL_MATCH,Erschwil,2615,Erschwil,2615,SO,Erschwil,SO,
FULL_MATCH,Courgenay,6784,Courgenay,6784,BE,Courgenay,JU,
SUCCESSOR_MATCH,Rebeuvelier,7467,Rebeuvelier,6720,BE,Rebeuvelier,JU,
SUCCESSOR_MATCH,Unterstammheim,292,Unterstammheim,42,ZH,Unterstammheim,ZH,
FULL_MATCH_WITHOUT_CANTON_SUFFIX,Wil (SG),3427,Wil,3427,SG,Wil SG,SG,
SUCCESSOR_MATCH,Pfeffikon,1097,Pfeffikon,1096,LU,Pfeffikon LU,LU,
FULL_MATCH,Châtel-sur-Montsalvens,2128,Châtel-sur-Montsalvens,2128,FR,Châtel-sur-Montsalvens,FR,
UNIQUE_ID_MATCH,Prato Leventina,5078,Prato (Leventina),5078,TI,Prato (Leventina),TI,
FULL_MATCH,Tuggen,1347,Tuggen,1347,SZ,Tuggen,SZ,
FULL_MATCH,Othmarsingen,4205,Othmarsingen,4205,AG,Othmarsingen,AG,
FULL_MATCH,Zunzgen,2869,Zunzgen,2869,BL,Zunzgen,BL,
FULL_MATCH,La Ferrière,435,La Ferrière,435,BE,La Ferrière,BE,
FULL_MATCH,Brügglen,7964,Brügglen,7964,SO,Brügglen,SO,
FULL_MATCH,Kleinbösingen,2266,Kleinbösingen,2266,FR,Kleinbösingen,FR,
FULL_MATCH_WITHOUT_CANTON_SUFFIX,Rickenbach (LU),1097,Rickenbach,1097,LU,Rickenbach LU,LU,
FULL_MATCH,Allaman,5851,Allaman,5851,VD,Allaman,VD,
FULL_MATCH,Biezwil,2445,Biezwil,2445,SO,Biezwil,SO,
FULL_MATCH,Walenstadt-Walenstadtberg,7894,Walenstadt-Walenstadtberg,7894,SG,Walenstadtberg,SG,
FULL_MATCH,Les Clées,5750,Les Clées,5750,VD,Les Clées,VD,
FULL_MATCH,Villeret,448,Villeret,448,BE,Villeret,BE,
FULL_MATCH,Syens,5688,Syens,5688,VD,Syens,VD,
FULL_MATCH,Saint-George,5434,Saint-George,5434,VD,St-George,VD,
UNIQUE_ID_MATCH,Val D'Illiez,6157,Val-d'Illiez,6157,VS,Val-d'Illiez,VS,
FULL_MATCH,Boécourt,6702,Boécourt,6702,BE,Boécourt,JU,
FULL_MATCH,Tartegnin,5862,Tartegnin,5862,VD,Tartegnin,VD,
FULL_MATCH,Schwarzhäusern,341,Schwarzhäusern,341,BE,Schwarzhäusern,BE,
FULL_MATCH,Obererlinsbach,2496,Obererlinsbach,2496,SO,Erlinsbach SO,SO,
FULL_MATCH,Chavannes-de-Bogis,5707,Chavannes-de-Bogis,5707,VD,Chavannes-de-Bogis,VD,
FULL_MATCH,Bofflens,5747,Bofflens,5747,VD,Bofflens,VD,
FULL_MATCH,Rueyres,5534,Rueyres,5534,VD,Rueyres,VD,
FULL_MATCH,Diessbach bei Büren,385,Diessbach bei Büren,385,BE,Diessbach b. Büren,BE,
FULL_MATCH_WITHOUT_CANTON_SUFFIX,Aesch (ZH),241,Aesch,241,ZH,Aesch ZH,ZH,
FULL_MATCH,Ecublens,2072,Ecublens,2072,FR,Ecublens FR,FR,
FULL_MATCH,Mervelier,6715,Mervelier,6715,BE,Mervelier,JU,
UNIQUE_ID_MATCH,Splügen,7522,Rheinwald (Splügen),7522,GR,Splügen,GR,
FULL_MATCH,Chardonne,5882,Chardonne,5882,VD,Chardonne,VD,
FULL_MATCH,Häfelfingen,2847,Häfelfingen,2847,BL,Häfelfingen,BL,
FULL_MATCH,Kappelen,305,Kappelen,305,BE,Kappelen,BE,
FULL_MATCH,Reutigen,767,Reutigen,767,BE,Reutigen,BE,
FULL_MATCH,Terre di Pedemonte,5396,Terre di Pedemonte,5396,TI,Verscio,TI,
FULL_MATCH,Bremblens,5622,Bremblens,5622,VD,Bremblens,VD,
FULL_MATCH,Mont-Tramelan,437,Mont-Tramelan,437,BE,Mont-Tramelan,BE,
FULL_MATCH,Aesch,1021,Aesch,1021,LU,Aesch LU,LU,
UNIQUE_ID_MATCH,Ste-Croix,5568,Sainte-Croix,5568,VD,Ste-Croix,VD,
FULL_MATCH,Cuarny,5911,Cuarny,5911,VD,Cuarny,VD,
FULL_MATCH,Isone,5009,Isone,5009,TI,Isone,TI,
FULL_MATCH,Bursins,5853,Bursins,5853,VD,Bursins,VD,
FULL_MATCH,Vullierens,5654,Vullierens,5654,VD,Vullierens,VD,
FULL_MATCH,Sisikon,1217,Sisikon,1217,UR,Sisikon,UR,
FULL_MATCH,Seedorf,1214,Seedorf,1214,UR,Seedorf UR,UR,
FULL_MATCH,Penthaz,5496,Penthaz,5496,VD,Penthaz,VD,
FULL_MATCH,Fisibach,4306,Fisibach,4306,AG,Fisibach,AG,
FULL_MATCH_WITHOUT_CANTON_SUFFIX,Altdorf (UR),1201,Altdorf,1201,UR,Altdorf UR,UR,
SUCCESSOR_MATCH,Mund,6007,Mund,6006,VS,Mund,VS,
FULL_MATCH_WITHOUT_CANTON_SUFFIX,Bürglen (UR),1205,Bürglen,1205,UR,Bürglen UR,UR,
FULL_MATCH,Roveredo,3834,Roveredo,3834,GR,Roveredo GR,GR,
FULL_MATCH,Orny,5493,Orny,5493,VD,Orny,VD,
FULL_MATCH,Prato (Leventina),5078,Prato (Leventina),5078,TI,Prato (Leventina),TI,
FULL_MATCH,Avegno Gordevio,5324,Avegno Gordevio,5324,TI,Gordevio,TI,
FULL_MATCH,Ilanz/Glion (Sevgein),7416,Ilanz/Glion (Sevgein),7416,GR,Sevgein,GR,
FULL_MATCH,Faoug,5458,Faoug,5458,VD,Faoug,VD,
FULL_MATCH,Cevio,5310,Cevio,5310,TI,Cevio,TI,
UNIQUE_ID_MATCH,Mon,7328,Albula/Alvra (Mon),7328,GR,Mon,GR,
FULL_MATCH,Hofstetten bei Brienz,580,Hofstetten bei Brienz,580,BE,Hofstetten b. Brienz,BE,
FULL_MATCH,Gravesano,5187,Gravesano,5187,TI,Gravesano,TI,
FULL_MATCH,La Punt Chamues-ch,3785,La Punt Chamues-ch,3785,GR,La Punt Chamues-ch,GR,
SUCCESSOR_MATCH,Camorino,5002,Camorino,5004,TI,Camorino,TI,
FULL_MATCH,Mägenwil,4032,Mägenwil,4032,AG,Mägenwil,AG,
FULL_MATCH,Stetten,2919,Stetten,2919,SH,Stetten SH,SH,
FULL_MATCH,Romainmôtier-Envy,5761,Romainmôtier-Envy,5761,VD,Romainmôtier,VD,
FULL_MATCH,Nusshof,2854,Nusshof,2854,BL,Nusshof,BL,
FULL_MATCH,Cronay,5910,Cronay,5910,VD,Cronay,VD,
UNIQUE_ID_MATCH,St. Martin,7403,Vals (St. Martin),7403,GR,St. Martin (Lugnez),GR,
FULL_MATCH,Lumnezia (Suraua),7425,Lumnezia (Suraua),7425,GR,Uors (Lumnezia),GR,
UNIQUE_ID_MATCH,Vella,7422,Lumnezia (Vella),7422,GR,Vella,GR,
FULL_MATCH,Vals (St. Martin),7403,Vals (St. Martin),7403,GR,St. Martin (Lugnez),GR,
UNIQUE_ID_MATCH,Stampa,7387,Bregaglia (Stampa),7387,GR,Stampa,GR,
FULL_MATCH,Fideris,3861,Fideris,3861,GR,Fideris,GR,
UNIQUE_ID_MATCH,Berna,351,Bern,351,BE,Bern,BE,
FULL_MATCH,Bosco/Gurin,5304,Bosco/Gurin,5304,TI,Bosco/Gurin,TI,
FULL_MATCH,Mergoscia,5117,Mergoscia,5117,TI,Mergoscia,TI,
SUCCESSOR_MATCH,Gunzwil,1081,Gunzwil,1087,LU,Gunzwil,LU,
FULL_MATCH,Brione sopra Minusio,5096,Brione sopra Minusio,5096,TI,Brione sopra Minusio,TI,
SUCCESSOR_MATCH,Bütschwil,7959,Bütschwil,3391,SG,Bütschwil,SG,
FULL_MATCH,Biel-Benken,2764,Biel-Benken,2764,BL,Biel-Benken BL,BL,
FULL_MATCH,Mörel-Filet,6203,Mörel-Filet,6203,VS,Mörel,VS,
FULL_MATCH,Lax,6061,Lax,6061,VS,Lax,VS,
FULL_MATCH,Wasterkingen,70,Wasterkingen,70,ZH,Wasterkingen,ZH,
FULL_MATCH,Widen,4081,Widen,4081,AG,Widen,AG,
SUCCESSOR_MATCH,Greich,6181,Greich,6176,VS,Greich,VS,
SUCCESSOR_MATCH,Mörel,6203,Mörel,6179,VS,Mörel,VS,
FULL_MATCH,Hemishofen,2962,Hemishofen,2962,SH,Hemishofen,SH,
FULL_MATCH,Volken,43,Volken,43,ZH,Volken,ZH,
FULL_MATCH,Niederwil,4072,Niederwil,4072,AG,Niederwil AG,AG,
FULL_MATCH,Champtauroz,5812,Champtauroz,5812,VD,Champtauroz,VD,
UNIQUE_ID_MATCH,Thun Burger,942,Thun,942,BE,Thun,BE,
UNIQUE_ID_MATCH,Noble-Contrée,6250,Veyras,6250,VS,Veyras,VS,
SUCCESSOR_MATCH,Obergesteln,6076,Obergesteln,6065,VS,Obergesteln,VS,
FULL_MATCH,Zeglingen,2868,Zeglingen,2868,BL,Zeglingen,BL,
FULL_MATCH,Arconciel,2171,Arconciel,2171,FR,Arconciel,FR,
UNIQUE_ID_MATCH,Golaten,7468,Kallnach (Golaten),7468,BE,Golaten,BE,
FULL_MATCH,Montricher,5492,Montricher,5492,VD,Montricher,VD,
FULL_MATCH,Rumendingen,421,Rumendingen,421,BE,Rumendingen,BE,
UNIQUE_ID_MATCH,Waltensburg/Vuorz,7465,Breil/Brigels (Waltensburg/Vuorz),7465,GR,Waltensburg/Vuorz,GR,
UNIQUE_ID_MATCH,Lavin,7371,Zernez (Lavin),7371,GR,Lavin,GR,
FULL_MATCH,Bettens,5471,Bettens,5471,VD,Bettens,VD,
FULL_MATCH,Löhningen,2903,Löhningen,2903,SH,Löhningen,SH,
FULL_MATCH,Sennwald-Sax,7878,Sennwald-Sax,7878,SG,Sax,SG,
FULL_MATCH,Hochwald,2475,Hochwald,2475,SO,Hochwald,SO,
FULL_MATCH,Le Vaud,5731,Le Vaud,5731,VD,Le Vaud,VD,
FULL_MATCH,Valeyres-sous-Ursins,5934,Valeyres-sous-Ursins,5934,VD,Valeyres-sous-Ursins,VD,
FULL_MATCH,Horriwil,2523,Horriwil,2523,SO,Horriwil,SO,
FULL_MATCH,Sergey,5762,Sergey,5762,VD,Sergey,VD,
FULL_MATCH,Saint-Gingolph,6155,Saint-Gingolph,6155,VS,St-Gingolph,VS,
FULL_MATCH,La Sarraz,5498,La Sarraz,5498,VD,La Sarraz,VD,
UNIQUE_ID_MATCH,Oberschrot,7304,Plaffeien (Oberschrot),7304,FR,Oberschrot,FR,
FULL_MATCH,Pailly,5530,Pailly,5530,VD,Pailly,VD,
FULL_MATCH,Molondin,5921,Molondin,5921,VD,Molondin,VD,
FULL_MATCH_WITHOUT_CANTON_SUFFIX,Arni (AG),4061,Arni,4061,AG,Arni AG,AG,
FULL_MATCH,Büttikon,4064,Büttikon,4064,AG,Büttikon AG,AG,
FULL_MATCH,Etoy,5636,Etoy,5636,VD,Etoy,VD,
FULL_MATCH,Nuvilly,2035,Nuvilly,2035,FR,Nuvilly,FR,
FULL_MATCH,Etagnières,5521,Etagnières,5521,VD,Etagnières,VD,
FULL_MATCH_WITHOUT_CANTON_SUFFIX,Thalheim (AG),4117,Thalheim,4117,AG,Thalheim AG,AG,
UNIQUE_ID_MATCH,Almens,7437,Domleschg (Almens),7437,GR,Almens,GR,
FULL_MATCH,Flerden,3662,Flerden,3662,GR,Flerden,GR,
FULL_MATCH,Courchapoix,6706,Courchapoix,6706,BE,Courchapoix,JU,
FULL_MATCH,Grandevent,5560,Grandevent,5560,VD,Grandevent,VD,
FULL_MATCH,Aedermannsdorf,2421,Aedermannsdorf,2421,SO,Aedermannsdorf,SO,
UNIQUE_ID_MATCH,Châtel-St-Denis,2325,Châtel-Saint-Denis,2325,FR,Châtel-St-Denis,FR,
FULL_MATCH,Le Pâquier (Val-de-Ruz),7938,Le Pâquier (Val-de-Ruz),7938,NE,Le Pâquier NE,NE,
FULL_MATCH,Heimberg,928,Heimberg,928,BE,Heimberg,BE,
FULL_MATCH,Boncourt,6774,Boncourt,6774,BE,Boncourt,JU,
FULL_MATCH_WITHOUT_CANTON_SUFFIX,Benken (ZH),22,Benken,22,ZH,Benken ZH,ZH,
FULL_MATCH_WITHOUT_CANTON_SUFFIX,Villeneuve (VD),5414,Villeneuve,5414,VD,Villeneuve VD,VD,
FULL_MATCH,Pomy,5926,Pomy,5926,VD,Pomy,VD,
FULL_MATCH,Les Montets (Montet (Broye)),7161,Les Montets (Montet (Broye)),7161,FR,Montet (Broye),FR,
FULL_MATCH,Bercher,5512,Bercher,5512,VD,Bercher,VD,
FULL_MATCH,Valbirse (Malleray),7497,Valbirse (Malleray),7497,BE,Malleray,BE,
FULL_MATCH,Meyriez,2271,Meyriez,2271,FR,Meyriez,FR,
FULL_MATCH,Tscheppach,7969,Tscheppach,7969,SO,Tscheppach,SO,
MANUAL,Jorat-Mézières,5806,Jorat-Mézières (Mézières),7133,VD,Mézières VD,VD,andere Nr.
UNIQUE_ID_MATCH,Fanas,7350,Grüsch (Fanas),7350,GR,Fanas,GR,
FULL_MATCH,Grüsch (Fanas),7350,Grüsch (Fanas),7350,GR,Fanas,GR,
UNIQUE_ID_MATCH,Ilanz,7404,Ilanz/Glion (Ilanz),7404,GR,Ilanz,GR,
UNIQUE_ID_MATCH,Obersaxen-Mundaun,3988,Obersaxen Mundaun,3988,GR,Obersaxen,GR,
UNIQUE_ID_MATCH,Andiast,7464,Breil/Brigels (Andiast),7464,GR,Andiast,GR,
FULL_MATCH,Ilanz/Glion (Pigniu),7410,Ilanz/Glion (Pigniu),7410,GR,Pigniu,GR,
UNIQUE_ID_MATCH,Pigniu,7410,Ilanz/Glion (Pigniu),7410,GR,Pigniu,GR,
FULL_MATCH,Lumnezia (Vrin),7424,Lumnezia (Vrin),7424,GR,Vrin,GR,
UNIQUE_ID_MATCH,Vrin,7424,Lumnezia (Vrin),7424,GR,Vrin,GR,
FULL_MATCH,Obersaxen Mundaun (Obersaxen),7399,Obersaxen Mundaun (Obersaxen),7399,GR,Obersaxen,GR,
FULL_MATCH,Tamins,3733,Tamins,3733,GR,Tamins,GR,
FULL_MATCH,Santa Maria in Calanca,3810,Santa Maria in Calanca,3810,GR,Sta. Maria in Calanca,GR,
FULL_MATCH_WITHOUT_CANTON_SUFFIX,Bürglen (TG),4911,Bürglen,4911,TG,Bürglen TG,TG,
FULL_MATCH,Regensberg,95,Regensberg,95,ZH,Regensberg,ZH,
FULL_MATCH,Greppen,1056,Greppen,1056,LU,Greppen,LU,
FULL_MATCH,Ropraz,5798,Ropraz,5798,VD,Ropraz,VD,
FULL_MATCH,Fresens (La Grande Béroche),7515,Fresens (La Grande Béroche),7515,NE,Fresens,NE,
FULL_MATCH,Mühlau,4235,Mühlau,4235,AG,Mühlau,AG,
FULL_MATCH,Cuarnens,5479,Cuarnens,5479,VD,Cuarnens,VD,
FULL_MATCH,Rohr,2498,Rohr,2498,SO,Stüsslingen,SO,
FULL_MATCH_WITHOUT_CANTON_SUFFIX,Buchs (AG),4003,Buchs,4003,AG,Buchs AG,AG,
UNIQUE_ID_MATCH,Bangerten,7507,Rapperswil (Bangerten),7507,BE,Bangerten b. Dieterswil,BE,
FULL_MATCH,Mammern,4826,Mammern,4826,TG,Mammern,TG,
FULL_MATCH,Berolle,5424,Berolle,5424,VD,Berolle,VD,
FULL_MATCH,Oppens,5923,Oppens,5923,VD,Oppens,VD,
FULL_MATCH,Chapelle (Glâne),2066,Chapelle (Glâne),2066,FR,Chapelle (Glâne),FR,
UNIQUE_ID_MATCH,Mollens VS,6253,Crans-Montana,6253,VS,Crans-Montana,VS,
UNIQUE_ID_MATCH,Romanens,7224,Sâles (Romanens),7224,FR,Romanens,FR,
FULL_MATCH,Val-de-Charmey (Charmey),7230,Val-de-Charmey (Charmey),7230,FR,Charmey (Gruyère),FR,
FULL_MATCH,Boulens,5661,Boulens,5661,VD,Boulens,VD,
FULL_MATCH,Tolochenaz,5649,Tolochenaz,5649,VD,Tolochenaz,VD,
FULL_MATCH,Champagne,5553,Champagne,5553,VD,Champagne,VD,
FULL_MATCH,Jorat-Mézières (Mézières),7133,Jorat-Mézières (Mézières),7133,VD,Mézières VD,VD,
FULL_MATCH,Suchy,5929,Suchy,5929,VD,Suchy,VD,
UNIQUE_ID_MATCH,Villars-Le-Terroir,5537,Villars-le-Terroir,5537,VD,Villars-le-Terroir,VD,
UNIQUE_ID_MATCH,Villars-le-terroir,5537,Villars-le-Terroir,5537,VD,Villars-le-Terroir,VD,
FULL_MATCH_WITHOUT_CANTON_SUFFIX,Erlinsbach (AG),4005,Erlinsbach,4005,AG,Erlinsbach,AG,
FULL_MATCH,Rossemaison,6721,Rossemaison,6721,BE,Rossemaison,JU,
FULL_MATCH,Evilard,372,Evilard,372,BE,Evilard,BE,
FULL_MATCH,Obersteckholz,334,Obersteckholz,334,BE,Obersteckholz,BE,
UNIQUE_ID_MATCH,Welschenrohr-Gänsbrunnen,2429,Welschenrohr,2429,SO,Welschenrohr,SO,
FULL_MATCH,Autigny,2173,Autigny,2173,FR,Autigny,FR,
UNIQUE_ID_MATCH,Farnern b. Wangen a. Aare,975,Farnern,975,BE,Farnern,BE,
FULL_MATCH,Bioley-Orjulaz,5513,Bioley-Orjulaz,5513,VD,Bioley-Orjulaz,VD,
FULL_MATCH_WITHOUT_CANTON_SUFFIX,Cressier (NE),6452,Cressier,6452,NE,Cressier NE,NE,
FULL_MATCH,Gibloux (Corpataux-Magnedens),7259,Gibloux (Corpataux-Magnedens),7259,FR,Corpataux,FR,
UNIQUE_ID_MATCH,Schlans,7436,Trun (Schlans),7436,GR,Schlans,GR,
UNIQUE_ID_MATCH,Nufenen,7521,Rheinwald (Nufenen),7521,GR,Nufenen,GR,
UNIQUE_ID_MATCH,Lenk im Simmental,792,Lenk,792,BE,Lenk im Simmental,BE,
UNIQUE_ID_MATCH,Montsevelier,7127,Montsevelier (Val Terbi),7127,JU,Montsevelier,JU,
FULL_MATCH,Brüttelen,491,Brüttelen,491,BE,Brüttelen,BE,
FULL_MATCH_WITHOUT_CANTON_SUFFIX,Walterswil (SO),2585,Walterswil,2585,SO,Walterswil SO,SO,
FULL_MATCH_WITHOUT_CANTON_SUFFIX,Kappel (SO),2580,Kappel,2580,SO,Kappel SO,SO,
UNIQUE_ID_MATCH,Ladir,7408,Ilanz/Glion (Ladir),7408,GR,Ladir,GR,
UNIQUE_ID_MATCH,Bassecourt,7122,Bassecourt (Haute-Sorne),7122,JU,Bassecourt,JU,
SUCCESSOR_MATCH,Heiligkreuz,4791,Heiligkreuz,7501,TG,Wuppenau,TG,
FULL_MATCH,Châtillon,2008,Châtillon,2008,FR,Châtillon FR,FR,
FULL_MATCH,Belmont-sur-Yverdon,5902,Belmont-sur-Yverdon,5902,VD,Belmont-sur-Yverdon,VD,
FULL_MATCH,Mies,5723,Mies,5723,VD,Mies,VD,
FULL_MATCH,Kienberg,2492,Kienberg,2492,SO,Kienberg,SO,
FULL_MATCH,Veyras,6250,Veyras,6250,VS,Veyras,VS,
FULL_MATCH,Oberems,6112,Oberems,6112,VS,Oberems,VS,
FULL_MATCH,Saint-Ursanne (Clos du Doubs),7116,Saint-Ursanne (Clos du Doubs),7116,JU,St-Ursanne,JU,
UNIQUE_ID_MATCH,Elay,709,Seehof,709,BE,Seehof,BE,
FULL_MATCH,Courfaivre (Haute-Sorne),7123,Courfaivre (Haute-Sorne),7123,JU,Courfaivre,JU,
UNIQUE_ID_MATCH,Glovelier,7124,Glovelier (Haute-Sorne),7124,JU,Glovelier,JU,
UNIQUE_ID_MATCH,Courfaivre,7123,Courfaivre (Haute-Sorne),7123,JU,Courfaivre,JU,
FULL_MATCH_WITHOUT_CANTON_SUFFIX,Hasle (LU),1005,Hasle,1005,LU,Hasle LU,LU,
FULL_MATCH,Ballens,5423,Ballens,5423,VD,Ballens,VD,
FULL_MATCH,La Rippe,5726,La Rippe,5726,VD,La Rippe,VD,
FULL_MATCH,Chavannes-des-Bois,5708,Chavannes-des-Bois,5708,VD,Chavannes-des-Bois,VD,
FULL_MATCH,Chavannes-le-Veyron,5475,Chavannes-le-Veyron,5475,VD,Chavannes-le-Veyron,VD,
FULL_MATCH,Delley-Portalban,2051,Delley-Portalban,2051,FR,Delley,FR,
FULL_MATCH,Bursinel,5852,Bursinel,5852,VD,Bursinel,VD,
FULL_MATCH,Echarlens,2131,Echarlens,2131,FR,Echarlens,FR,
FULL_MATCH,Cugnasco-Gerra,5138,Cugnasco-Gerra,5138,TI,Cugnasco,TI,
FULL_MATCH,Plaffeien (Oberschrot),7304,Plaffeien (Oberschrot),7304,FR,Oberschrot,FR,
UNIQUE_ID_MATCH,Carouge GE,6608,Carouge,6608,GE,Carouge GE,GE,
FULL_MATCH,Vinzel,5863,Vinzel,5863,VD,Vinzel,VD,
FULL_MATCH,Vernayaz,6219,Vernayaz,6219,VS,Vernayaz,VS,
SUCCESSOR_MATCH,Sternenberg,297,Sternenberg,179,ZH,Sternenberg,ZH,
UNIQUE_ID_MATCH,Les Brenets (Le Locle),6431,Les Brenets,6431,NE,Les Brenets,NE,
FULL_MATCH,Lohn,7859,Lohn,7859,SO,Lohn-Ammannsegg,SO,
FULL_MATCH,Mex,5489,Mex,5489,VD,Mex VD,VD,
FULL_MATCH,Herbligen,610,Herbligen,610,BE,Herbligen,BE,
FULL_MATCH,Crémines,691,Crémines,691,BE,Crémines,BE,
FULL_MATCH,Montet (Glâne),2089,Montet (Glâne),2089,FR,Montet (Glâne),FR,
FULL_MATCH,Villars-le-Comte,5690,Villars-le-Comte,5690,VD,Villars-le-Comte,VD,
UNIQUE_ID_MATCH,"Wildhaus-Alt St. Johann, Alt S",7921,"Wildhaus-Alt St. Johann, Alt St. Johann",7921,SG,Alt St. Johann,SG,
SUCCESSOR_MATCH_WITHOUT_CANTON_SUFFIX,Schönenberg (ZH),293,Schönenberg,140,ZH,Schönenberg ZH,ZH,
UNIQUE_ID_MATCH,Schönenberg ZH,293,Wädenswil,293,ZH,Wädenswil,ZH,
FULL_MATCH,Saas-Grund,6291,Saas-Grund,6291,VS,Saas-Grund,VS,
FULL_MATCH,Quarten-Quinten,7889,Quarten-Quinten,7889,SG,Quinten,SG,
FULL_MATCH,Wangenried,993,Wangenried,993,BE,Wangenried,BE,
FULL_MATCH,Trasadingen,2973,Trasadingen,2973,SH,Trasadingen,SH,
SUCCESSOR_MATCH,Bichelsee,4721,Bichelsee,4722,TG,Bichelsee,TG,
UNIQUE_ID_MATCH,Bergün,7461,Bergün Filisur (Bergün/Bravuogn),7461,GR,Bergün/Bravuogn,GR,
FULL_MATCH,Montfavergier (Montfaucon),7099,Montfavergier (Montfaucon),7099,JU,Montfaucon,JU,
UNIQUE_ID_MATCH,Montfavergier,7099,Montfavergier (Montfaucon),7099,JU,Montfaucon,JU,
FULL_MATCH,Gampelen,495,Gampelen,495,BE,Gampelen,BE,
FULL_MATCH,Walliswil bei Niederbipp,990,Walliswil bei Niederbipp,990,BE,Walliswil b. Niederbipp,BE,
FULL_MATCH_WITHOUT_CANTON_SUFFIX,Büren (SO),2472,Büren,2472,SO,Büren SO,SO,
FULL_MATCH,Metzerlen-Mariastein,2477,Metzerlen-Mariastein,2477,SO,Metzerlen,SO,
FULL_MATCH,Ocourt (Clos du Doubs),7115,Ocourt (Clos du Doubs),7115,JU,Ocourt,JU,
UNIQUE_ID_MATCH,Affoltern i. E.,951,Affoltern im Emmental,951,BE,Affoltern im Emmental,BE,
FULL_MATCH,Gossliwil,7965,Gossliwil,7965,SO,Gossliwil,SO,
FULL_MATCH_WITHOUT_CANTON_SUFFIX,Rickenbach (SO),2582,Rickenbach,2582,SO,Rickenbach SO,SO,
FULL_MATCH,Niedergesteln,6198,Niedergesteln,6198,VS,Niedergesteln,VS,
UNIQUE_ID_MATCH,Chur (Haldenstein),3941,Haldenstein,3941,GR,Haldenstein,GR,
FULL_MATCH_WITHOUT_CANTON_SUFFIX,Teufen (AR),3024,Teufen,3024,AR,Teufen AR,AR,
FULL_MATCH,Muntelier,2274,Muntelier,2274,FR,Muntelier,FR,
UNIQUE_ID_MATCH,Lumbrein,7420,Lumnezia (Lumbrein),7420,GR,Lumbrein,GR,
FULL_MATCH,Belmont-Broye (Domdidier),7164,Belmont-Broye (Domdidier),7164,FR,Domdidier,FR,
UNIQUE_ID_MATCH,St-Légier-Chiésaz,5888,Saint-Légier-La Chiésaz,5888,VD,St-Légier-La Chiésaz,VD,
FULL_MATCH,Bellmund,732,Bellmund,732,BE,Bellmund,BE,
SUCCESSOR_MATCH,Engi,1631,Engi,1606,GL,Engi,GL,
UNIQUE_ID_MATCH,Mutten,7459,Thusis (Mutten),7459,GR,Mutten,GR,
SUCCESSOR_MATCH,Ausserbinn,6056,Ausserbinn,6051,VS,Ausserbinn,VS,
UNIQUE_ID_MATCH,Arvigo,7392,Calanca (Arvigo),7392,GR,Arvigo,GR,
FULL_MATCH,Jorat-Mézières (Ferlens),7132,Jorat-Mézières (Ferlens),7132,VD,Ferlens VD,VD,
FULL_MATCH_WITHOUT_CANTON_SUFFIX,Cugy (FR),2011,Cugy,2011,FR,Cugy FR,FR,
FULL_MATCH,Bauen,1204,Bauen,1204,UR,Bauen,UR,
UNIQUE_ID_MATCH,Bourg-Saint-Pierre,6032,Bourg-St-Pierre,6032,VS,Bourg-St-Pierre,VS,
FULL_MATCH,Cressier,2257,Cressier,2257,FR,Cressier FR,FR,
UNIQUE_ID_MATCH,Lamboing,7486,Plateau de Diesse (Lamboing),7486,BE,Lamboing,BE,
FULL_MATCH,Crans-près-Céligny,5713,Crans-près-Céligny,5713,VD,Crans VD,VD,
FULL_MATCH,Saint-Martin,6087,Saint-Martin,6087,VS,St-Martin VS,VS,
FULL_MATCH,Corminboeuf (Chésopelloz),7235,Corminboeuf (Chésopelloz),7235,FR,Chésopelloz,FR,
SUCCESSOR_MATCH,Ayer,6252,Ayer,6231,VS,Ayer,VS,
FULL_MATCH,Treycovagnes,5931,Treycovagnes,5931,VD,Treycovagnes,VD,
FULL_MATCH,Lully,2025,Lully,2025,FR,Lully FR,FR,
UNIQUE_ID_MATCH,"Pâquier FR, Le",2145,Le Pâquier,2145,FR,Le Pâquier-Montbarry,FR,
SUCCESSOR_MATCH,Hütten,293,Hütten,134,ZH,Hütten,ZH,
FULL_MATCH,Servion (Les Cullayes),7087,Servion (Les Cullayes),7087,VD,Les Cullayes,VD,
UNIQUE_ID_MATCH,Ependes VD,5914,Ependes,5914,VD,Ependes VD,VD,
UNIQUE_ID_MATCH,Cerniat,7229,Val-de-Charmey (Cerniat (FR)),7229,FR,Cerniat FR,FR,
FULL_MATCH,Celerina/Schlarigna,3782,Celerina/Schlarigna,3782,GR,Celerina/Schlarigna,GR,
FULL_MATCH,Jorat-Mézières (Carrouge),7131,Jorat-Mézières (Carrouge),7131,VD,Carrouge VD,VD,
UNIQUE_ID_MATCH,Torricella,5227,Torricella-Taverne,5227,TI,Torricella,TI,
FULL_MATCH,Dozwil,4406,Dozwil,4406,TG,Dozwil,TG,
FULL_MATCH,Grangettes,2079,Grangettes,2079,FR,Grangettes-près-Romont,FR,
FULL_MATCH,Silvaplana,3790,Silvaplana,3790,GR,Silvaplana,GR,
FULL_MATCH,Lalden,6286,Lalden,6286,VS,Lalden,VS,
FULL_MATCH,Auvernier (Milvignes),7923,Auvernier (Milvignes),7923,NE,Auvernier,NE,
FULL_MATCH,Melano,5197,Melano,5197,TI,Melano,TI,
FULL_MATCH,Laufen-Vorstadt,7863,Laufen-Vorstadt,7863,BL,Laufen,BL,
FULL_MATCH,Brenzikofen,606,Brenzikofen,606,BE,Brenzikofen,BE,
UNIQUE_ID_MATCH,Oberried,7245,Le Mouret (Oberried),7245,FR,Oberried FR,FR,
UNIQUE_ID_MATCH,St-Maurice,6217,Saint-Maurice,6217,VS,St-Maurice,VS,
SUCCESSOR_MATCH,Hohtenn,6204,Hohtenn,6196,VS,Hohtenn,VS,
FULL_MATCH,Lignerolle,5755,Lignerolle,5755,VD,Lignerolle,VD,
FULL_MATCH,Altikon,211,Altikon,211,ZH,Altikon,ZH,
FULL_MATCH,Gletterens,2022,Gletterens,2022,FR,Gletterens,FR,
FULL_MATCH,Rekingen,4315,Rekingen,4315,AG,Rekingen AG,AG,
FULL_MATCH_WITHOUT_CANTON_SUFFIX,Cottens (FR),2186,Cottens,2186,FR,Cottens FR,FR,
FULL_MATCH,Cerentino,5309,Cerentino,5309,TI,Cerentino,TI,
FULL_MATCH,Grandvillard,2134,Grandvillard,2134,FR,Grandvillard,FR,
FULL_MATCH,Pont-la-Ville,2147,Pont-la-Ville,2147,FR,Pont-la-Ville,FR,
FULL_MATCH,Güttingen,4656,Güttingen,4656,TG,Güttingen,TG,
FULL_MATCH_WITHOUT_CANTON_SUFFIX,Reinach (BL),2773,Reinach,2773,BL,Reinach BL,BL,
UNIQUE_ID_MATCH,Le Mont s/Lausanne,5587,Le Mont-sur-Lausanne,5587,VD,Le Mont-sur-Lausanne,VD,
UNIQUE_ID_MATCH,"Mont-s-Lausanne,Le",5587,Le Mont-sur-Lausanne,5587,VD,Le Mont-sur-Lausanne,VD,
MANUAL,Les Genevez JU,6748,Les Genevez,6748,BE,Les Genevez JU,JU,
FULL_MATCH,Küttigkofen,7967,Küttigkofen,7967,SO,Küttigkofen,SO,
FULL_MATCH,Mönthal,4106,Mönthal,4106,AG,Mönthal,AG,
FULL_MATCH,Ferden,6195,Ferden,6195,VS,Ferden,VS,
FULL_MATCH,Sembrancher,6035,Sembrancher,6035,VS,Sembrancher,VS,
UNIQUE_ID_MATCH,Luvis,7409,Ilanz/Glion (Luven),7409,GR,Luven,GR,
FULL_MATCH,Ménières,2027,Ménières,2027,FR,Ménières,FR,
FULL_MATCH,La Chaux (Cossonay),5474,La Chaux (Cossonay),5474,VD,La Chaux (Cossonay),VD,
SUCCESSOR_MATCH,Mogelsberg,3378,Mogelsberg,3406,SG,Mogelsberg,SG,
SUCCESSOR_MATCH,Lodrino,5287,Lodrino,5285,TI,Lodrino,TI,
SUCCESSOR_MATCH,Claro,5002,Claro,5282,TI,Claro,TI,
FULL_MATCH,Cama,3831,Cama,3831,GR,Cama,GR,
UNIQUE_ID_MATCH,Brione (Verzasca),5399,Verzasca,5399,TI,Gerra (Verzasca),TI,
FULL_MATCH,Masein,3663,Masein,3663,GR,Masein,GR,
FULL_MATCH,Mötschwil,416,Mötschwil,416,BE,Mötschwil,BE,
FULL_MATCH,Gündlischwand,578,Gündlischwand,578,BE,Gündlischwand,BE,
SUCCESSOR_MATCH,Frasco,5399,Frasco,5105,TI,Frasco,TI,
UNIQUE_ID_MATCH,Malleray,7497,Valbirse (Malleray),7497,BE,Malleray,BE,
SUCCESSOR_MATCH,Ebersecken,1123,Ebersecken,1126,LU,Ebersecken,LU,
FULL_MATCH,Valbroye (Seigneux),7072,Valbroye (Seigneux),7072,VD,Seigneux,VD,
UNIQUE_ID_MATCH,Montet (Broye),7161,Les Montets (Montet (Broye)),7161,FR,Montet (Broye),FR,
FULL_MATCH,Holderbank,4199,Holderbank,4199,AG,Holderbank AG,AG,
UNIQUE_ID_MATCH,Albeuve,7211,Haut-Intyamon (Albeuve),7211,FR,Albeuve,FR,
UNIQUE_ID_MATCH,La Chaux-De-Fonds,6421,La Chaux-de-Fonds,6421,NE,La Chaux-de-Fonds,NE,
FULL_MATCH,Travers (Val-de-Travers),7945,Travers (Val-de-Travers),7945,NE,Travers,NE,
FULL_MATCH,Montalchez (La Grande Béroche),7517,Montalchez (La Grande Béroche),7517,NE,Montalchez,NE,
FULL_MATCH,Châtillon,6704,Châtillon,6704,BE,Châtillon JU,JU,
SUCCESSOR_MATCH,Iragna,5287,Iragna,5284,TI,Iragna,TI,
UNIQUE_ID_MATCH,Grig-Glis,6002,Brig-Glis,6002,VS,Brig,VS,
FULL_MATCH,Courtelary,434,Courtelary,434,BE,Courtelary,BE,
FULL_MATCH,Jouxtens-Mézery,5585,Jouxtens-Mézery,5585,VD,Jouxtens-Mézery,VD,
FULL_MATCH,Ponte Capriasca,5212,Ponte Capriasca,5212,TI,Ponte Capriasca,TI,
FULL_MATCH,Vully-les-Lacs (Mur),7048,Vully-les-Lacs (Mur),7048,VD,Mur (Vully) VD,VD,
UNIQUE_ID_MATCH,Mur (VD),7048,Vully-les-Lacs (Mur),7048,VD,Mur (Vully) VD,VD,
UNIQUE_ID_MATCH,Mur,7048,Vully-les-Lacs (Mur),7048,VD,Mur (Vully) VD,VD,
FULL_MATCH,Missy,5821,Missy,5821,VD,Missy,VD,
FULL_MATCH_WITHOUT_CANTON_SUFFIX,Wald (BE),888,Wald,888,BE,Zimmerwald,BE,
UNIQUE_ID_MATCH,Cheseaux-sur-Laus,5582,Cheseaux-sur-Lausanne,5582,VD,Cheseaux-sur-Lausanne,VD,
FULL_MATCH,Montilliez (Sugnens),7058,Montilliez (Sugnens),7058,VD,Sugnens,VD,
SUCCESSOR_MATCH,Guttet,6117,Guttet,6108,VS,Guttet-Feschel,VS,
FULL_MATCH,Les Enfers,6745,Les Enfers,6745,BE,Les Enfers,JU,
UNIQUE_ID_MATCH,Vully-le-Haut,7303,Mont-Vully (Haut-Vully),7303,FR,Môtier (Vully),FR,
FULL_MATCH,Büttenhardt,2914,Büttenhardt,2914,SH,Büttenhardt,SH,
SUCCESSOR_MATCH,Oberneunforn,4601,Oberneunforn,4597,TG,Oberneunforn,TG,
UNIQUE_ID_MATCH,Oberriet-Hard,3254,Oberriet,3254,SG,Oberriet SG,SG,
SUCCESSOR_MATCH,Kyburg,296,Kyburg,175,ZH,Kyburg,ZH,
FULL_MATCH,Andeer,3701,Andeer,3701,GR,Andeer,GR,
FULL_MATCH,Gsteigwiler,577,Gsteigwiler,577,BE,Gsteigwiler,BE,
SUCCESSOR_MATCH,Degersheim-Magdenau,3401,Degersheim-Magdenau,7902,SG,Degersheim,SG,
SUCCESSOR_MATCH,Scherz,4104,Scherz,4113,AG,Scherz,AG,
FULL_MATCH,Lommis,4741,Lommis,4741,TG,Lommis,TG,
FULL_MATCH,Oeschenbach,335,Oeschenbach,335,BE,Oeschenbach,BE,
SUCCESSOR_MATCH,Brione Verzasca,5399,Brione Verzasca,5095,TI,Gerra (Verzasca),TI,
UNIQUE_ID_MATCH,Roggwil BE,337,Roggwil,337,BE,Roggwil BE,BE,
SUCCESSOR_MATCH,Aawangen,4551,Aawangen,4552,TG,Aawangen,TG,
UNIQUE_ID_MATCH,Bütschwil-Ganterschwil Bütschw,7959,"Bütschwil-Ganterschwil, Bütschwil",7959,SG,Bütschwil,SG,
FULL_MATCH,Casti-Wergenstein,3703,Casti-Wergenstein,3703,GR,Wergenstein,GR,
FULL_MATCH,Gollion,5484,Gollion,5484,VD,Gollion,VD,
FULL_MATCH,Lucens (Forel-sur-Lucens),7319,Lucens (Forel-sur-Lucens),7319,VD,Forel-sur-Lucens,VD,
FULL_MATCH,Campo Vallemaggia,5307,Campo Vallemaggia,5307,TI,Campo (Vallemaggia),TI,
FULL_MATCH,Stetten,4041,Stetten,4041,AG,Stetten AG,AG,
FULL_MATCH,Venthône,6249,Venthône,6249,VS,Venthône,VS,
UNIQUE_ID_MATCH,Venthone,6249,Venthône,6249,VS,Venthône,VS,
SUCCESSOR_MATCH,Randogne,6253,Randogne,6244,VS,Randogne,VS,
SUCCESSOR_MATCH,Feschel,6117,Feschel,6106,VS,Guttet-Feschel,VS,
FULL_MATCH,Saas Grund,6291,Saas Grund,6291,VS,Saas-Grund,VS,
FULL_MATCH_WITHOUT_CANTON_SUFFIX,Schlatt (ZH),226,Schlatt,226,ZH,Schlatt ZH,ZH,
FULL_MATCH,Bretigny-sur-Morrens,5515,Bretigny-sur-Morrens,5515,VD,Bretigny-sur-Morrens,VD,
FULL_MATCH_WITHOUT_CANTON_SUFFIX,Andwil (SG),3441,Andwil,3441,SG,Andwil SG,SG,
FULL_MATCH,Engollon (Val-de-Ruz),7931,Engollon (Val-de-Ruz),7931,NE,Engollon,NE,
SUCCESSOR_MATCH,Neudorf,1081,Neudorf,1092,LU,Neudorf,LU,
SUCCESSOR_MATCH,Willisau-Land,1151,Willisau-Land,1148,LU,Willisau,LU,
FULL_MATCH,Lüsslingen,7952,Lüsslingen,7952,SO,Lüsslingen,SO,
FULL_MATCH,Egliswil,4195,Egliswil,4195,AG,Egliswil,AG,
SUCCESSOR_MATCH,Schinznach-Dorf,4125,Schinznach-Dorf,4115,AG,Schinznach Dorf,AG,
UNIQUE_ID_MATCH,Cumbel,7418,Lumnezia (Cumbel),7418,GR,Cumbel,GR,
FULL_MATCH,Penthéréaz,5531,Penthéréaz,5531,VD,Penthéréaz,VD,
FULL_MATCH_WITHOUT_CANTON_SUFFIX,Grub (AR),3031,Grub,3031,AR,Grub AR,AR,
UNIQUE_ID_MATCH,Schwendibach,7532,Steffisburg (Schwendibach),7532,BE,Schwendibach,BE,
FULL_MATCH,Kirchdorf (Noflen),7511,Kirchdorf (Noflen),7511,BE,Noflen BE,BE,
FULL_MATCH,Morlon,2143,Morlon,2143,FR,Morlon,FR,
FULL_MATCH,Mauraz,5488,Mauraz,5488,VD,Mauraz,VD,
SUCCESSOR_MATCH,Montana,6253,Montana,6243,VS,Montana,VS,
UNIQUE_ID_MATCH,Cheyres,7170,Cheyres-Châbles (Cheyres),7170,FR,Cheyres,FR,
FULL_MATCH,Péry-La Heutte (Péry),7494,Péry-La Heutte (Péry),7494,BE,Péry,BE,
UNIQUE_ID_MATCH,Viège,6297,Visp,6297,VS,Visp,VS,
FULL_MATCH,Saas Almagell,6288,Saas Almagell,6288,VS,Saas-Almagell,VS,
MANUAL,Saas Almaggel,6288,Saas-Almagell,6288,VS,Saas-Almagell,VS,
FULL_MATCH,Zeneggen,6299,Zeneggen,6299,VS,Zeneggen,VS,
UNIQUE_ID_MATCH,Stalden VS,6293,Stalden,6293,VS,Stalden VS,VS,
UNIQUE_ID_MATCH,Neckertal St. Peterzell,7918,Neckertal-St. Peterzell,7918,SG,St. Peterzell,SG,
SUCCESSOR_MATCH,Krinau,3379,Krinau,3373,SG,Krinau,SG,
FULL_MATCH,Sutz-Lattrigen,750,Sutz-Lattrigen,750,BE,Sutz,BE,
SUCCESSOR_MATCH,St. Peterzell,7918,St. Peterzell,3376,SG,St. Peterzell,SG,
FULL_MATCH,Liedertswil,2890,Liedertswil,2890,BL,Liedertswil,BL,
UNIQUE_ID_MATCH,Wangen An Der Aare,992,Wangen an der Aare,992,BE,Wangen an der Aare,BE,
FULL_MATCH,Waldkirch-Bernhardzell,7906,Waldkirch-Bernhardzell,7906,SG,Bernhardzell,SG,
FULL_MATCH,Wachseldorn,946,Wachseldorn,946,BE,Süderen,BE,
SUCCESSOR_MATCH,Grafschaft,6077,Grafschaft,6073,VS,Münster VS,VS,
SUCCESSOR_MATCH,Biel,2764,Biel,2805,BL,Biel-Benken BL,BL,
FULL_MATCH_WITHOUT_CANTON_SUFFIX,Berg (SG),3211,Berg,3211,SG,Berg SG,SG,
SUCCESSOR_MATCH,Saint-Aubin-Sauges,7518,Saint-Aubin-Sauges,6414,NE,St-Aubin-Sauges,NE,
UNIQUE_ID_MATCH,Saint-Aubin-Sauges(La Gr. Bé.),7518,Saint-Aubin-Sauges (La Grande Béroche),7518,NE,St-Aubin-Sauges,NE,
FULL_MATCH,Senarclens,5499,Senarclens,5499,VD,Senarclens,VD,
FULL_MATCH,Fräschels,2258,Fräschels,2258,FR,Fräschels,FR,
UNIQUE_ID_MATCH,Villaz-Saint-Pierre,7524,Villaz (Villaz-Saint-Pierre),7524,FR,Villaz-St-Pierre,FR,
FULL_MATCH,Charmoille (La Baroche),7104,Charmoille (La Baroche),7104,JU,Charmoille,JU,
FULL_MATCH,Siglistorf,4319,Siglistorf,4319,AG,Siglistorf,AG,
FULL_MATCH,Donat,3705,Donat,3705,GR,Donat,GR,
FULL_MATCH,Rothenbrunnen,3637,Rothenbrunnen,3637,GR,Rothenbrunnen,GR,
FULL_MATCH,Fleurier (Val-de-Travers),7948,Fleurier (Val-de-Travers),7948,NE,Fleurier,NE,
FULL_MATCH,Damphreux,6787,Damphreux,6787,BE,Damphreux,JU,
SUCCESSOR_MATCH,Mase,6090,Mase,6085,VS,Mase,VS,
FULL_MATCH,Freienwil,4028,Freienwil,4028,AG,Freienwil,AG,
UNIQUE_ID_MATCH,Autafond,7233,Belfaux (Autafond),7233,FR,Autafond,FR,
UNIQUE_ID_MATCH,Braggio,7394,Calanca (Braggio),7394,GR,Braggio,GR,
UNIQUE_ID_MATCH,Riom-Parsonz,7339,Surses (Riom-Parsonz),7339,GR,Riom,GR,
FULL_MATCH,Vuarrens,5539,Vuarrens,5539,VD,Vuarrens,VD,
FULL_MATCH,Berken,972,Berken,972,BE,Berken,BE,
FULL_MATCH,Courtemaîche (Basse-Allaine),7109,Courtemaîche (Basse-Allaine),7109,JU,Courtemaîche,JU,
FULL_MATCH,Buttwil,4230,Buttwil,4230,AG,Buttwil,AG,
UNIQUE_ID_MATCH,Mühledorf,7512,Kirchdorf (Mühledorf),7512,BE,Mühledorf BE,BE,
FULL_MATCH,Anwil,2841,Anwil,2841,BL,Anwil,BL,
UNIQUE_ID_MATCH,Cerniat (FR),7229,Val-de-Charmey (Cerniat (FR)),7229,FR,Cerniat FR,FR,
UNIQUE_ID_MATCH,Cerniat FR,7229,Val-de-Charmey (Cerniat (FR)),7229,FR,Cerniat FR,FR,
FULL_MATCH,Val-de-Charmey (Cerniat (FR)),7229,Val-de-Charmey (Cerniat (FR)),7229,FR,Cerniat FR,FR,
UNIQUE_ID_MATCH,Val-de-Charmey (Cerniat),7229,Val-de-Charmey (Cerniat (FR)),7229,FR,Cerniat FR,FR,
UNIQUE_ID_MATCH,Saint-Martin VS,6087,Saint-Martin,6087,VS,St-Martin VS,VS,
FULL_MATCH,Plasselb (Neuhaus),7306,Plasselb (Neuhaus),7306,FR,Plasselb,FR,
FULL_MATCH,Villars-sous-Yens,5652,Villars-sous-Yens,5652,VD,Villars-sous-Yens,VD,
UNIQUE_ID_MATCH,Müstair,7377,Val Müstair (Müstair),7377,GR,Müstair,GR,
FULL_MATCH,Val Müstair (Valchava),7380,Val Müstair (Valchava),7380,GR,Valchava,GR,
FULL_MATCH,Val Müstair (Müstair),7377,Val Müstair (Müstair),7377,GR,Müstair,GR,
FULL_MATCH,Thal-Altenrhein,7870,Thal-Altenrhein,7870,SG,Thal,SG,
UNIQUE_ID_MATCH,Chesalles-sur-Oron,7077,Oron (Chesalles-sur-Oron),7077,VD,Chesalles-sur-Oron,VD,
FULL_MATCH,Rümligen,881,Rümligen,881,BE,Rümligen,BE,
FULL_MATCH,Essertines-sur-Rolle,5856,Essertines-sur-Rolle,5856,VD,Essertines-sur-Rolle,VD,
FULL_MATCH,Boussens,5473,Boussens,5473,VD,Boussens,VD,
FULL_MATCH,Valsot (Tschlin),7374,Valsot (Tschlin),7374,GR,Tschlin,GR,
FULL_MATCH,Zwischbergen,6011,Zwischbergen,6011,VS,Gondo,VS,
FULL_MATCH,Borex,5706,Borex,5706,VD,Borex,VD,
UNIQUE_ID_MATCH,Morrens VD,5527,Morrens,5527,VD,Morrens VD,VD,
FULL_MATCH_WITHOUT_CANTON_SUFFIX,Wil (ZH),71,Wil,71,ZH,Wil ZH,ZH,
UNIQUE_ID_MATCH,Epesses,7033,Bourg-en-Lavaux (Epesses),7033,VD,Epesses,VD,
UNIQUE_ID_MATCH,Ollon VD,5409,Ollon,5409,VD,Ollon VD,VD,
FULL_MATCH,Dompierre,5671,Dompierre,5671,VD,Dompierre VD,VD,
UNIQUE_ID_MATCH,Weiningen ZH,251,Weiningen,251,ZH,Weiningen ZH,ZH,
FULL_MATCH,Calanca (Arvigo),7392,Calanca (Arvigo),7392,GR,Arvigo,GR,
SUCCESSOR_MATCH,Bevaix,7514,Bevaix,6402,NE,Bevaix,NE,
FULL_MATCH,La Chaux-des-Breuleux,6744,La Chaux-des-Breuleux,6744,BE,La Chaux-des-Breuleux,JU,
FULL_MATCH,Rümikon,4317,Rümikon,4317,AG,Rümikon AG,AG,
UNIQUE_ID_MATCH,Muntogna da Schons (Casti-Wergenstein),3703,Casti-Wergenstein,3703,GR,Wergenstein,GR,
FULL_MATCH_WITHOUT_CANTON_SUFFIX,Lengnau (AG),4312,Lengnau,4312,AG,Lengnau AG,AG,
FULL_MATCH_WITHOUT_CANTON_SUFFIX,Saint-Barthélemy (VD),5535,Saint-Barthélemy,5535,VD,St-Barthélemy VD,VD,
FULL_MATCH,Bure,6778,Bure,6778,BE,Bure,JU,
FULL_MATCH,Vaumarcus (La Grande Béroche),7519,Vaumarcus (La Grande Béroche),7519,NE,Vaumarcus,NE,
FULL_MATCH,Estavayer (Murist),7139,Estavayer (Murist),7139,FR,Murist,FR,
FULL_MATCH,Rossenges,5684,Rossenges,5684,VD,Rossenges,VD,
FULL_MATCH,Môtiers (Val-de-Travers),7943,Môtiers (Val-de-Travers),7943,NE,Môtiers NE,NE,
SUCCESSOR_MATCH,Höfen,770,Höfen,930,BE,Höfen b. Thun,BE,
FULL_MATCH,Stocken-Höfen (Höfen),7481,Stocken-Höfen (Höfen),7481,BE,Höfen b. Thun,BE,
FULL_MATCH,Valbroye (Villars-Bramard),7073,Valbroye (Villars-Bramard),7073,VD,Villars-Bramard,VD,
UNIQUE_ID_MATCH,Höfen,7481,Stocken-Höfen (Höfen),7481,BE,Höfen b. Thun,BE,
FULL_MATCH,Roggenburg,2790,Roggenburg,2790,BE,Roggenburg,BL,
SUCCESSOR_MATCH,Hofstetten,294,Hofstetten,222,ZH,Hofstetten ZH,ZH,
FULL_MATCH,Zillis-Reischen,3712,Zillis-Reischen,3712,GR,Zillis,GR,
FULL_MATCH,Balm bei Günsberg,2541,Balm bei Günsberg,2541,SO,Balm b. Günsberg,SO,
FULL_MATCH,Arnex-sur-Nyon,5701,Arnex-sur-Nyon,5701,VD,Arnex-sur-Nyon,VD,
FULL_MATCH,Pohlern,936,Pohlern,936,BE,Pohlern,BE,
UNIQUE_ID_MATCH,Bellerive (VD),7044,Vully-les-Lacs (Bellerive),7044,VD,Bellerive VD,VD,
SUCCESSOR_MATCH,Gudo,5002,Gudo,5008,TI,Gudo,TI,
FULL_MATCH,Romainmôtier-Envy (Envy),7020,Romainmôtier-Envy (Envy),7020,VD,Romainmôtier,VD,
FULL_MATCH_WITHOUT_CANTON_SUFFIX,Saint-Martin (VS),6087,Saint-Martin,6087,VS,St-Martin VS,VS,
SUCCESSOR_MATCH,Isorno,5136,Isorno,5137,TI,Loco,TI,
UNIQUE_ID_MATCH,Vernay,7141,Estavayer (Vernay),7141,FR,Forel FR,FR,
FULL_MATCH,Estavayer (Vernay),7141,Estavayer (Vernay),7141,FR,Forel FR,FR,
FULL_MATCH,Estavayer (Montbrelloz),7146,Estavayer (Montbrelloz),7146,FR,Montbrelloz,FR,
FULL_MATCH,Mutrux,5563,Mutrux,5563,VD,Mutrux,VD,
UNIQUE_ID_MATCH,Vesin,7135,Cugy (Vesin),7135,FR,Vesin,FR,
FULL_MATCH,Cheyres-Châbles,2055,Cheyres-Châbles,2055,FR,Cheyres,FR,
FULL_MATCH,Yvorne,5415,Yvorne,5415,VD,Yvorne,VD,
FULL_MATCH,Fontaines (Val-de-Ruz),7934,Fontaines (Val-de-Ruz),7934,NE,Fontaines NE,NE,
FULL_MATCH,Uttigen,885,Uttigen,885,BE,Uttigen,BE,
UNIQUE_ID_MATCH,Kienersrüti,7480,Uttigen (Kienersrüti),7480,BE,Uttigen,BE,
SUCCESSOR_MATCH,Turtmann,6119,Turtmann,6114,VS,Turtmann,VS,
MANUAL,Saas  Grund,6291,Saas Grund,6291,VS,Saas-Grund,VS,
SUCCESSOR_MATCH,Davesco-Soragno,5192,Davesco-Soragno,5182,TI,Davesco-Soragno,TI,
SUCCESSOR_MATCH,Saint-Luc,6252,Saint-Luc,6247,VS,Ayer,VS,
SUCCESSOR_MATCH,Giubiasco,5002,Giubiasco,5005,TI,Giubiasco,TI,
FULL_MATCH,Wiler bei Utzenstorf,554,Wiler bei Utzenstorf,554,BE,Wiler b. Utzenstorf,BE,
FULL_MATCH,Mörigen,742,Mörigen,742,BE,Mörigen,BE,
FULL_MATCH,Astano,5146,Astano,5146,TI,Astano,TI,
FULL_MATCH_WITHOUT_CANTON_SUFFIX,Dompierre (VD),5671,Dompierre,5671,VD,Dompierre VD,VD,
FULL_MATCH_WITHOUT_CANTON_SUFFIX,Renan (BE),441,Renan,441,BE,Renan BE,BE,
FULL_MATCH,Corban (Val Terbi),7324,Corban (Val Terbi),7324,JU,Corban,JU,
UNIQUE_ID_MATCH,Le Locle NE,6436,Le Locle,6436,NE,Le Locle,NE,
FULL_MATCH_WITHOUT_CANTON_SUFFIX,Zuzwil (SG),3426,Zuzwil,3426,SG,Zuzwil SG,SG,
UNIQUE_ID_MATCH,Les Thioleyres,7080,Oron (Les Thioleyres),7080,VD,Les Thioleyres,VD,
UNIQUE_ID_MATCH,Kleinluetzel,2619,Kleinlützel,2619,SO,Kleinlützel,SO,
UNIQUE_ID_MATCH,Kleinlutzel,2619,Kleinlützel,2619,SO,Kleinlützel,SO,
SUCCESSOR_MATCH,Pianezzo,5002,Pianezzo,5014,TI,Pianezzo,TI,
FULL_MATCH,Montmollin (Val-de-Ruz),7937,Montmollin (Val-de-Ruz),7937,NE,Montmollin,NE,
FULL_MATCH,Pompaples,5497,Pompaples,5497,VD,Pompaples,VD,
UNIQUE_ID_MATCH,Sent,7369,Scuol (Sent),7369,GR,Sent,GR,
FULL_MATCH,Balm bei Messen,2443,Balm bei Messen,2443,SO,Balm b. Messen,SO,
FULL_MATCH,Lavizzara,5323,Lavizzara,5323,TI,Peccia,TI,
UNIQUE_ID_MATCH,Hergiswil Bei Willisau,1132,Hergiswil bei Willisau,1132,LU,Hergiswil b. Willisau,LU,
FULL_MATCH,Veysonnaz,6267,Veysonnaz,6267,VS,Veysonnaz,VS,
FULL_MATCH,Bourg-St-Pierre,6032,Bourg-St-Pierre,6032,VS,Bourg-St-Pierre,VS,
FULL_MATCH_WITHOUT_CANTON_SUFFIX,Lully (FR),2025,Lully,2025,FR,Lully FR,FR,
UNIQUE_ID_MATCH,Genf,6621,Genève,6621,GE,Genève,GE,
FULL_MATCH_WITHOUT_CANTON_SUFFIX,Oberwil (BL),2771,Oberwil,2771,BL,Oberwil BL,BL,
FULL_MATCH,Granges (Veveyse),2328,Granges (Veveyse),2328,FR,Granges (Veveyse),FR,
FULL_MATCH,Corcelles-près-Concise,5555,Corcelles-près-Concise,5555,VD,Corcelles-près-Concise,VD,
UNIQUE_ID_MATCH,Onnens,7253,La Brillaz (Onnens),7253,FR,Onnens FR,FR,
UNIQUE_ID_MATCH,Onnens VD,5565,Onnens,5565,VD,Onnens VD,VD,
UNIQUE_ID_MATCH,Corcelles-p-Conc.,5555,Corcelles-près-Concise,5555,VD,Corcelles-près-Concise,VD,
FULL_MATCH,Gempenach,2260,Gempenach,2260,FR,Gempenach,FR,
FULL_MATCH,Mathon,3708,Mathon,3708,GR,Mathon,GR,
FULL_MATCH,Reverolle,5644,Reverolle,5644,VD,Reverolle,VD,
FULL_MATCH,Montagny-près-Yverdon,5922,Montagny-près-Yverdon,5922,VD,Montagny-près-Yverdon,VD,
UNIQUE_ID_MATCH,Etzelkofen,7471,Fraubrunnen  (Etzelkofen),7471,BE,Etzelkofen,BE,
FULL_MATCH,Fontaines-sur-Grandson,5557,Fontaines-sur-Grandson,5557,VD,Fontaines-sur-Grandson,VD,
FULL_MATCH_WITHOUT_CANTON_SUFFIX,Leimbach (AG),4137,Leimbach,4137,AG,Leimbach AG,AG,
FULL_MATCH_WITHOUT_CANTON_SUFFIX,Birmenstorf (AG),4024,Birmenstorf,4024,AG,Birmenstorf AG,AG,
FULL_MATCH,Bretonnières,5748,Bretonnières,5748,VD,Bretonnières,VD,
SUCCESSOR_MATCH,Campo Blenio,5049,Campo Blenio,5032,TI,Olivone,TI,
FULL_MATCH,Scheuren,747,Scheuren,747,BE,Scheuren,BE,
SUCCESSOR_MATCH,Kradolf,4501,Kradolf,4508,TG,Kradolf,TG,
UNIQUE_ID_MATCH,Marnand,7070,Valbroye (Marnand),7070,VD,Marnand,VD,
UNIQUE_ID_MATCH,Brugg AG,4095,Brugg,4095,AG,Brugg AG,AG,
FULL_MATCH,Albula/Alvra (Alvaneu),7325,Albula/Alvra (Alvaneu),7325,GR,Alvaneu Dorf,GR,
UNIQUE_ID_MATCH,Peist,7358,Arosa (Peist),7358,GR,Peist,GR,
FULL_MATCH,Thürnen,2864,Thürnen,2864,BL,Thürnen,BL,
UNIQUE_ID_MATCH,Hergiswil b.W.,1132,Hergiswil bei Willisau,1132,LU,Hergiswil b. Willisau,LU,
FULL_MATCH,Corsier,6619,Corsier,6619,GE,Corsier GE,GE,
FULL_MATCH,Hospental,1210,Hospental,1210,UR,Hospental,UR,
FULL_MATCH,Bonvillars,5551,Bonvillars,5551,VD,Bonvillars,VD,
SUCCESSOR_MATCH,Meride,5254,Meride,5255,TI,Meride,TI,
UNIQUE_ID_MATCH,Lostorf SO,2493,Lostorf,2493,SO,Lostorf,SO,
FULL_MATCH,Zwieselberg,947,Zwieselberg,947,BE,Zwieselberg,BE,
UNIQUE_ID_MATCH,Corpataux-Magnedens,7259,Gibloux (Corpataux-Magnedens),7259,FR,Corpataux,FR,
FULL_MATCH,Chavannes-sur-Moudon,5665,Chavannes-sur-Moudon,5665,VD,Chavannes-sur-Moudon,VD,
FULL_MATCH,Sévaz,2043,Sévaz,2043,FR,Sévaz,FR,
UNIQUE_ID_MATCH,Valendas,7432,Safiental (Valendas),7432,GR,Valendas,GR,
FULL_MATCH,Sévery,5500,Sévery,5500,VD,Sévery,VD,
FULL_MATCH,Meienried,389,Meienried,389,BE,Meienried,BE,
FULL_MATCH,Ederswiler,6713,Ederswiler,6713,BE,Ederswiler,JU,
FULL_MATCH,Epsach,735,Epsach,735,BE,Epsach,BE,
SUCCESSOR_MATCH,Mettlen,4921,Mettlen,4925,TG,Mettlen,TG,
SUCCESSOR_MATCH,Näfels,1630,Näfels,1619,GL,Näfels,GL,
UNIQUE_ID_MATCH,Rueyres-les-Prés,7140,Estavayer (Rueyres-les-Prés),7140,FR,Rueyres-les-Prés,FR,
SUCCESSOR_MATCH,Oberstammheim,292,Oberstammheim,36,ZH,Oberstammheim,ZH,
SUCCESSOR_MATCH,Oberramsern,2457,Oberramsern,2460,SO,Oberramsern,SO,
FULL_MATCH_WITHOUT_CANTON_SUFFIX,Mühledorf (SO),7968,Mühledorf,7968,SO,Mühledorf SO,SO,
SUCCESSOR_MATCH,Lüterswil,2456,Lüterswil,9104,SO,Lüterswil,SO,
FULL_MATCH,Realp,1212,Realp,1212,UR,Realp,UR,
FULL_MATCH,Ependes,5914,Ependes,5914,VD,Ependes VD,VD,
FULL_MATCH,Humlikon,32,Humlikon,32,ZH,Humlikon,ZH,
UNIQUE_ID_MATCH,Simplon Dorf,6009,Simplon,6009,VS,Simplon Dorf,VS,
UNIQUE_ID_MATCH,Châbles,7169,Cheyres-Châbles (Châbles),7169,FR,Châbles FR,FR,
UNIQUE_ID_MATCH,Erlenbach i.S.,763,Erlenbach im Simmental,763,BE,Erlenbach im Simmental,BE,
UNIQUE_ID_MATCH,Dullikon,2573,Dulliken,2573,SO,Dulliken,SO,
UNIQUE_ID_MATCH,Wohlhusen,1107,Wolhusen,1107,LU,Wolhusen,LU,
FULL_MATCH,Vallon,2045,Vallon,2045,FR,Vallon,FR,
UNIQUE_ID_MATCH,Suraua,7425,Lumnezia (Suraua),7425,GR,Uors (Lumnezia),GR,
UNIQUE_ID_MATCH,Cumbels,7418,Lumnezia (Cumbel),7418,GR,Cumbel,GR,
UNIQUE_ID_MATCH,Conters im Oberhalbstein,7333,Surses (Cunter),7333,GR,Cunter,GR,
FULL_MATCH,Lumnezia (Cumbel),7418,Lumnezia (Cumbel),7418,GR,Cumbel,GR,
UNIQUE_ID_MATCH,Alvaneu,7325,Albula/Alvra (Alvaneu),7325,GR,Alvaneu Dorf,GR,
FULL_MATCH,Lumnezia (Uors),7430,Lumnezia (Uors),7430,GR,Uors (Lumnezia),GR,
UNIQUE_ID_MATCH,Tarasp,7370,Scuol (Tarasp),7370,GR,Tarasp,GR,
FULL_MATCH,Scuol (Tarasp),7370,Scuol (Tarasp),7370,GR,Tarasp,GR,
SUCCESSOR_MATCH,Les Geneveys-sur-Coffrane,7935,Les Geneveys-sur-Coffrane,6480,NE,Les Geneveys-sur-Coffrane,NE,
SUCCESSOR_MATCH,Verscio,5396,Verscio,5133,TI,Verscio,TI,
FULL_MATCH_WITHOUT_CANTON_SUFFIX,Ecublens (VD),5635,Ecublens,5635,VD,Ecublens VD,VD,
SUCCESSOR_MATCH,St. Gallenkappel,3342,St. Gallenkappel,3337,SG,St. Gallenkappel,SG,
UNIQUE_ID_MATCH,Riein,7412,Ilanz/Glion (Riein),7412,GR,Riein,GR,
SUCCESSOR_MATCH,Ernetschwil,3341,Ernetschwil,3331,SG,Ernetschwil,SG,
FULL_MATCH,Orzens,5925,Orzens,5925,VD,Orzens,VD,
FULL_MATCH,Montavon,7910,Montavon,7910,BE,Montavon,JU,
FULL_MATCH,Bargen,2931,Bargen,2931,SH,Bargen SH,SH,
FULL_MATCH_WITHOUT_CANTON_SUFFIX,Ecublens (FR),2072,Ecublens,2072,FR,Ecublens FR,FR,
FULL_MATCH,Olsberg,4257,Olsberg,4257,AG,Olsberg,AG,
FULL_MATCH,Enges,6453,Enges,6453,NE,Enges,NE,
FULL_MATCH,Küblis,3882,Küblis,3882,GR,Küblis,GR,
FULL_MATCH,Quarten-Oberterzen,7888,Quarten-Oberterzen,7888,SG,Oberterzen,SG,
SUCCESSOR_MATCH,Escholzmatt,1010,Escholzmatt,1003,LU,Escholzmatt,LU,
FULL_MATCH_WITHOUT_CANTON_SUFFIX,Le Pâquier (FR),2145,Le Pâquier,2145,FR,Le Pâquier-Montbarry,FR,
UNIQUE_ID_MATCH,Heimiseil,407,Heimiswil,407,BE,Heimiswil,BE,
UNIQUE_ID_MATCH,St-Ursanne,7116,Saint-Ursanne (Clos du Doubs),7116,JU,St-Ursanne,JU,
FULL_MATCH,Zurzach,4323,Zurzach,4323,AG,Bad Zurzach,AG,
FULL_MATCH,Gänsbrunnen,2423,Gänsbrunnen,2423,SO,Gänsbrunnen,SO,
FULL_MATCH,Billens,2063,Billens,2063,FR,Billens,FR,
UNIQUE_ID_MATCH,Gressy,7059,Yverdon-les-Bains (Gressy),7059,VD,Gressy,VD,
UNIQUE_ID_MATCH,Colombier Milvignes,7925,Colombier (Milvignes),7925,NE,Colombier NE,NE,
SUCCESSOR_MATCH,Brot-Dessous,7098,Brot-Dessous,6405,NE,Brot-Dessous,NE,
FULL_MATCH,Yverdon-les-Bains (Gressy),7059,Yverdon-les-Bains (Gressy),7059,VD,Gressy,VD,
FULL_MATCH,Mollens,5431,Mollens,5431,VD,Mollens VD,VD,
FULL_MATCH,Murten (Salvenach),7296,Murten (Salvenach),7296,FR,Salvenach,FR,
FULL_MATCH,Juriens,5754,Juriens,5754,VD,Juriens,VD,
FULL_MATCH,Chavornay (Essert-Pittet),7322,Chavornay (Essert-Pittet),7322,VD,Essert-Pittet,VD,
UNIQUE_ID_MATCH,Chêne-Bougerie,6612,Chêne-Bougeries,6612,GE,Chêne-Bougeries,GE,
UNIQUE_ID_MATCH,Malapalud,7031,Assens (Malapalud),7031,VD,Assens,VD,
FULL_MATCH,Assens (Malapalud),7031,Assens (Malapalud),7031,VD,Assens,VD,
UNIQUE_ID_MATCH,Vuisternens-d-Romo,2113,Vuisternens-devant-Romont,2113,FR,Vuisternens-devant-Romont,FR,
FULL_MATCH,Eschert,692,Eschert,692,BE,Eschert,BE,
MANUAL,La Chaux Des Breuleux,6744,La Chaux-des-Breuleux,6744,BE,La Chaux-des-Breuleux,JU,
MANUAL,Chaux-des-Breuleux,6744,La Chaux-des-Breuleux,6744,BE,La Chaux-des-Breuleux,JU,
FULL_MATCH,Cudrefin (Champmartin),7023,Cudrefin (Champmartin),7023,VD,Cudrefin,VD,
UNIQUE_ID_MATCH,Chésopelloz,7235,Corminboeuf (Chésopelloz),7235,FR,Chésopelloz,FR,
UNIQUE_ID_MATCH,Cressier FR,2257,Cressier,2257,FR,Cressier FR,FR,
UNIQUE_ID_MATCH,Le Glèbe,7261,Gibloux (Le Glèbe),7261,FR,Farvagny-le-Grand,FR,
UNIQUE_ID_MATCH,Murten / Morat (Salvenach),7296,Murten (Salvenach),7296,FR,Salvenach,FR,
FULL_MATCH,Gurmels (Wallenbuch),7283,Gurmels (Wallenbuch),7283,FR,Wallenbuch,FR,
UNIQUE_ID_MATCH,Barberêche,7275,Courtepin (Barberêche),7275,FR,Barberêche,FR,
UNIQUE_ID_MATCH,Svitto,1372,Schwyz,1372,SZ,Schwyz,SZ,
SUCCESSOR_MATCH,Blitzingen,6077,Blitzingen,6055,VS,Blitzingen,VS,
UNIQUE_ID_MATCH,Plagne,7478,Sauge (Plagne),7478,BE,Plagne,BE,
UNIQUE_ID_MATCH,4000 Bale,2701,Basel,2701,BS,Basel,BS,
FULL_MATCH,Soulce (Haute-Sorne),7125,Soulce (Haute-Sorne),7125,JU,Soulce,JU,
UNIQUE_ID_MATCH,Soulce,7125,Soulce (Haute-Sorne),7125,JU,Soulce,JU,
FULL_MATCH,Crésuz,2130,Crésuz,2130,FR,Crésuz,FR,
FULL_MATCH,Châtonnaye,2068,Châtonnaye,2068,FR,Châtonnaye,FR,
UNIQUE_ID_MATCH,Alvaschein,7326,Albula/Alvra (Alvaschein),7326,GR,Alvaschein,GR,
FULL_MATCH,Albula/Alvra (Alvaschein),7326,Albula/Alvra (Alvaschein),7326,GR,Alvaschein,GR,
FULL_MATCH,Valsot (Ramosch),7373,Valsot (Ramosch),7373,GR,Ramosch,GR,
UNIQUE_ID_MATCH,Val d'Illiez,6157,Val-d'Illiez,6157,VS,Val-d'Illiez,VS,
UNIQUE_ID_MATCH,Ftan,7367,Scuol (Ftan),7367,GR,Ftan,GR,
UNIQUE_ID_MATCH,Ginevra,6621,Genève,6621,GE,Genève,GE,
SUCCESSOR_MATCH,Stilli,4121,Stilli,4116,AG,Stilli,AG,
FULL_MATCH,Grandval,694,Grandval,694,BE,Grandval,BE,
UNIQUE_ID_MATCH,Champery,6151,Champéry,6151,VS,Champéry,VS,
FULL_MATCH,Lucens (Sarzens),7320,Lucens (Sarzens),7320,VD,Sarzens,VD,
FULL_MATCH,Rivaz,5609,Rivaz,5609,VD,Rivaz,VD,
UNIQUE_ID_MATCH,Ardez,7366,Scuol (Ardez),7366,GR,Ardez,GR,
FULL_MATCH,Romont (FR) (Les Glânes),7176,Romont (FR) (Les Glânes),7176,FR,Romont FR,FR,
UNIQUE_ID_MATCH,Villeneuve (FR),7157,Surpierre (Villeneuve (FR)),7157,FR,Villeneuve FR,FR,
FULL_MATCH,Marsens (Vuippens),7222,Marsens (Vuippens),7222,FR,Vuippens,FR,
UNIQUE_ID_MATCH,Niederried b. Interlaken,588,Niederried bei Interlaken,588,BE,Niederried b. Interlaken,BE,
FULL_MATCH,Suscévaz,5930,Suscévaz,5930,VD,Suscévaz,VD,
SUCCESSOR_MATCH,Vernamiège,6090,Vernamiège,6088,VS,Vernamiège,VS,
FULL_MATCH,Bassecourt (Haute-Sorne),7122,Bassecourt (Haute-Sorne),7122,JU,Bassecourt,JU,
FULL_MATCH_WITHOUT_CANTON_SUFFIX,Morrens (VD),5527,Morrens,5527,VD,Morrens VD,VD,
FULL_MATCH,Personico,5076,Personico,5076,TI,Personico,TI,
FULL_MATCH_WITHOUT_CANTON_SUFFIX,Aesch (LU),1021,Aesch,1021,LU,Aesch LU,LU,
FULL_MATCH,Vellerat (Courrendlin),7466,Vellerat (Courrendlin),7466,JU,Courrendlin,JU,
SUCCESSOR_MATCH,Münster-Geschinen,6077,Münster-Geschinen,6074,VS,Münster VS,VS,
FULL_MATCH,Münster,1081,Münster,1081,LU,Beromünster,LU,
UNIQUE_ID_MATCH,Chézard-Saint-Martin Val-de-Ruz,7928,Chézard-Saint-Martin (Val-de-Ruz),7928,NE,Chézard-St-Martin,NE,
SUCCESSOR_MATCH,Bertschikon,298,Bertschikon,212,ZH,Bertschikon,ZH,
SUCCESSOR_MATCH,Chézard-Saint-Martin,7928,Chézard-Saint-Martin,6473,NE,Chézard-St-Martin,NE,
SUCCESSOR_MATCH,Müswangen,1030,Müswangen,1036,LU,Müswangen,LU,
FULL_MATCH,Bourg-en-Lavaux (Cully),7032,Bourg-en-Lavaux (Cully),7032,VD,Cully,VD,
SUCCESSOR_MATCH,Illnau,296,Illnau,174,ZH,Illnau,ZH,
FULL_MATCH,Vuisternens-devant-Romont (Villariaz),7200,Vuisternens-devant-Romont (Villariaz),7200,FR,Villariaz,FR,
FULL_MATCH,Avers,3681,Avers,3681,GR,Cresta (Avers),GR,
FULL_MATCH_WITHOUT_CANTON_SUFFIX,Aeschi (SO),2511,Aeschi,2511,SO,Aeschi SO,SO,
UNIQUE_ID_MATCH,Pleujouse,7107,Pleujouse (La Baroche),7107,JU,Pleujouse,JU,
FULL_MATCH,Aetigkofen,7961,Aetigkofen,7961,SO,Aetigkofen,SO,
UNIQUE_ID_MATCH,Morissen,7421,Lumnezia (Morissen),7421,GR,Morissen,GR,
UNIQUE_ID_MATCH,Fregiécourt,7105,Fregiécourt (La Baroche),7105,JU,Fregiécourt,JU,
FULL_MATCH,Prévondavaux,2038,Prévondavaux,2038,FR,Prévondavaux,FR,
SUCCESSOR_MATCH,Cremin,7318,Cremin,5668,VD,Cremin,VD,
UNIQUE_ID_MATCH,Dompierre,7165,Belmont-Broye (Dompierre (FR)),7165,FR,Dompierre FR,FR,
UNIQUE_ID_MATCH,St. Peter-Pagig,7359,Arosa (St. Peter-Pagig),7359,GR,St. Peter,GR,
FULL_MATCH,Le Mouret (Praroman),7246,Le Mouret (Praroman),7246,FR,Le Mouret,FR,
UNIQUE_ID_MATCH,Hausen Am Albis,4,Hausen am Albis,4,ZH,Hausen am Albis,ZH,
UNIQUE_ID_MATCH,St.Ursen,2304,St. Ursen,2304,FR,St. Ursen,FR,
UNIQUE_ID_MATCH,St-Ursen,2304,St. Ursen,2304,FR,St. Ursen,FR,
FULL_MATCH,Chénens,2177,Chénens,2177,FR,Chénens,FR,
SUCCESSOR_MATCH,Malvaglia,5050,Malvaglia,5041,TI,Malvaglia,TI,
SUCCESSOR_MATCH,Chermignon,6253,Chermignon,6234,VS,Chermignon,VS,
SUCCESSOR_SUFFIX_MATCH,3957 Granges,6248,Granges,6236,VS,Granges VS,VS,
SUCCESSOR_MATCH,Villiers,7940,Villiers,6486,NE,Villiers,NE,
FULL_MATCH,La Praz,5758,La Praz,5758,VD,La Praz,VD,
SUCCESSOR_MATCH,Twann,756,Twann,753,BE,Twann,BE,
FULL_MATCH_WITHOUT_CANTON_SUFFIX,Saint-Sulpice (VD),5648,Saint-Sulpice,5648,VD,St-Sulpice VD,VD,
FULL_MATCH,Montsevelier (Val Terbi),7127,Montsevelier (Val Terbi),7127,JU,Montsevelier,JU,
FULL_MATCH,Glovelier (Haute-Sorne),7124,Glovelier (Haute-Sorne),7124,JU,Glovelier,JU,
UNIQUE_ID_MATCH,Miécourt,7106,Miécourt (La Baroche),7106,JU,Miécourt,JU,
UNIQUE_ID_MATCH,Chanéaz,7089,Montanaire (Chanéaz),7089,VD,Chanéaz,VD,
SUCCESSOR_MATCH,Gorgier,7516,Gorgier,6410,NE,Gorgier,NE,
FULL_MATCH,Couvet (Val-de-Travers),7944,Couvet (Val-de-Travers),7944,NE,Couvet,NE,
UNIQUE_ID_MATCH,Couvet,7944,Couvet (Val-de-Travers),7944,NE,Couvet,NE,
UNIQUE_ID_MATCH,Vuissens,7142,Estavayer (Vuissens),7142,FR,Vuissens,FR,
FULL_MATCH,Rebévelier,715,Rebévelier,715,BE,Rebévelier,BE,
SUCCESSOR_MATCH,Leimiswil,332,Leimiswil,330,BE,Leimiswil,BE,
UNIQUE_ID_MATCH,Cottens FR,2186,Cottens,2186,FR,Cottens FR,FR,
UNIQUE_ID_MATCH,"Tour-de-Peilz, La",5889,La Tour-de-Peilz,5889,VD,La Tour-de-Peilz,VD,
SUCCESSOR_MATCH,Corcelles-sur-Chavornay,7321,Corcelles-sur-Chavornay,5751,VD,Corcelles-sur-Chavornay,VD,
FULL_MATCH,Treiten,500,Treiten,500,BE,Treiten,BE,
SUCCESSOR_MATCH,"Nesslau-Krummenau, Ennetbühl",7958,"Nesslau-Krummenau, Ennetbühl",7901,SG,Ennetbühl,SG,
FULL_MATCH_WITHOUT_CANTON_SUFFIX,Rekingen (AG),4315,Rekingen,4315,AG,Rekingen AG,AG,
UNIQUE_ID_MATCH,Dompierre (FR),7165,Belmont-Broye (Dompierre (FR)),7165,FR,Dompierre FR,FR,
FULL_MATCH,Novalles,5564,Novalles,5564,VD,Novalles,VD,
SUCCESSOR_MATCH,Sonogno,5399,Sonogno,5129,TI,Sonogno,TI,
UNIQUE_ID_MATCH,Gerra (Gambarogno),5398,Gambarogno,5398,TI,Magadino,TI,
FULL_MATCH,Churwalden (Malix),7362,Churwalden (Malix),7362,GR,Malix,GR,
FULL_MATCH,Cureglia,5180,Cureglia,5180,TI,Cureglia,TI,
FULL_MATCH,Buttes (Val-de-Travers),7949,Buttes (Val-de-Travers),7949,NE,Buttes,NE,
FULL_MATCH,Delley-Portalban (Delley),7162,Delley-Portalban (Delley),7162,FR,Delley,FR,
UNIQUE_ID_MATCH,Reams,7340,Surses (Riom),7340,GR,Riom,GR,
FULL_MATCH,Surses (Riom-Parsonz),7339,Surses (Riom-Parsonz),7339,GR,Riom,GR,
UNIQUE_ID_MATCH,Dorenaz,6212,Dorénaz,6212,VS,Dorénaz,VS,
UNIQUE_ID_MATCH,Ocourt,7115,Ocourt (Clos du Doubs),7115,JU,Ocourt,JU,
UNIQUE_ID_MATCH,Marin-Epagnier,7941,Marin-Epagnier (La Tène),7941,NE,Marin-Epagnier,NE,
SUCCESSOR_MATCH,Cavergno,5310,Cavergno,5308,TI,Cavergno,TI,
UNIQUE_ID_MATCH,Buchhholterberg,923,Buchholterberg,923,BE,Heimenschwand,BE,
UNIQUE_ID_MATCH,Lohn SH,2917,Lohn,2917,SH,Lohn SH,SH,
UNIQUE_ID_MATCH,Villeneuve FR,7157,Surpierre (Villeneuve (FR)),7157,FR,Villeneuve FR,FR,
FULL_MATCH,Surpierre (Villeneuve (FR)),7157,Surpierre (Villeneuve (FR)),7157,FR,Villeneuve FR,FR,
FULL_MATCH_WITHOUT_CANTON_SUFFIX,Rohr (SO),2498,Rohr,2498,SO,Stüsslingen,SO,
UNIQUE_ID_MATCH,Sullenz,5501,Sullens,5501,VD,Sullens,VD,
FULL_MATCH,Schwendi,7854,Schwendi,7854,BE,Heiligenschwendi,BE,
UNIQUE_ID_MATCH,Marbach LU,1010,Escholzmatt-Marbach,1010,LU,Escholzmatt,LU,
FULL_MATCH,Wiggiswil,553,Wiggiswil,553,BE,Wiggiswil,BE,
UNIQUE_ID_MATCH,Campo (Vallemaggia),5307,Campo Vallemaggia,5307,TI,Campo (Vallemaggia),TI,
UNIQUE_ID_MATCH,Sur,7338,Surses (Sur),7338,GR,Sur,GR,
SUCCESSOR_MATCH,Tüscherz-Alfermée,756,Tüscherz-Alfermée,752,BE,Tüscherz-Alfermée,BE,
FULL_MATCH,Belprahon,681,Belprahon,681,BE,Belprahon,BE,
FULL_MATCH,Murten (Altavilla),7298,Murten (Altavilla),7298,FR,Murten,FR,
FULL_MATCH,Thurnen (Mühlethurnen),7529,Thurnen (Mühlethurnen),7529,BE,Mühlethurnen,BE,
SUCCESSOR_MATCH,Englisberg,888,Englisberg,864,BE,Englisberg,BE,
FULL_MATCH,Orges,5924,Orges,5924,VD,Orges,VD,
UNIQUE_ID_MATCH,Lucerne,1061,Luzern,1061,LU,Luzern,LU,
SUCCESSOR_MATCH,Mühlethal,4289,Mühlethal,4278,AG,Mühlethal,AG,
UNIQUE_ID_MATCH,Grafenried,7472,Fraubrunnen (Grafenried),7472,BE,Grafenried,BE,
FULL_MATCH,Honau,1057,Honau,1057,LU,Honau,LU,
SUCCESSOR_MATCH,Reckingen-Gluringen,6077,Reckingen-Gluringen,6075,VS,Reckingen VS,VS,
SUCCESSOR_MATCH,Betten,6205,Betten,6171,VS,Betten,VS,
FULL_MATCH,Roches,704,Roches,704,BE,Roches BE,BE,
FULL_MATCH,Petit-Val (Souboz),7493,Petit-Val (Souboz),7493,BE,Souboz,BE,
UNIQUE_ID_MATCH,Sornetan,7492,Petit-Val (Sornetan),7492,BE,Sornetan,BE,
FULL_MATCH,Petit-Val (Sornetan),7492,Petit-Val (Sornetan),7492,BE,Sornetan,BE,
SUCCESSOR_MATCH,Fresens,7515,Fresens,6409,NE,Fresens,NE,
FULL_MATCH,Estavayer (Vuissens),7142,Estavayer (Vuissens),7142,FR,Vuissens,FR,
FULL_MATCH,Safiental (Safien),7434,Safiental (Safien),7434,GR,Safien Platz,GR,
UNIQUE_ID_MATCH,Safien,7434,Safiental (Safien),7434,GR,Safien Platz,GR,
UNIQUE_ID_MATCH,Trans,7445,Domleschg (Trans),7445,GR,Trans,GR,
SUCCESSOR_MATCH,Willisau-Stadt,1151,Willisau-Stadt,1149,LU,Willisau,LU,
UNIQUE_ID_MATCH,Busswil b. Büren,306,Lyss,306,BE,Lyss,BE,
UNIQUE_ID_MATCH,Wengi bei Büren,394,Wengi,394,BE,Wengi b. Büren,BE,
SUCCESSOR_MATCH,Tomils,3673,Tomils,3642,GR,Tumegl/Tomils,GR,
FULL_MATCH,Boécourt-Séprais,7909,Boécourt-Séprais,7909,JU,Boécourt,JU,
UNIQUE_ID_MATCH,Pont-La-Ville,2147,Pont-la-Ville,2147,FR,Pont-la-Ville,FR,
UNIQUE_ID_MATCH,Lovens,7252,La Brillaz (Lovens),7252,FR,Lovens,FR,
UNIQUE_ID_MATCH,Innerferrera,7458,Ferrera (Innerferrera),7458,GR,Innerferrera,GR,
FULL_MATCH,Ferrera (Innerferrera),7458,Ferrera (Innerferrera),7458,GR,Innerferrera,GR,
FULL_MATCH,Bourg-en-Lavaux (Villette),7036,Bourg-en-Lavaux (Villette),7036,VD,Villette (Lavaux),VD,
FULL_MATCH,Domleschg (Feldis/Veulden),7443,Domleschg (Feldis/Veulden),7443,GR,Feldis/Veulden,GR,
FULL_MATCH,Domleschg (Trans),7445,Domleschg (Trans),7445,GR,Trans,GR,
UNIQUE_ID_MATCH,Feldis/Veulden,7443,Domleschg (Feldis/Veulden),7443,GR,Feldis/Veulden,GR,
UNIQUE_ID_MATCH,Feldis,7443,Domleschg (Feldis/Veulden),7443,GR,Feldis/Veulden,GR,
UNIQUE_ID_MATCH,Tomils,7442,Domleschg (Tumegl/Tomils),7442,GR,Tumegl/Tomils,GR,
UNIQUE_ID_MATCH,Zugo,1711,Zug,1711,ZG,Zug,ZG,
FULL_MATCH_WITHOUT_CANTON_SUFFIX,Neyruz (FR),2211,Neyruz,2211,FR,Neyruz FR,FR,
FULL_MATCH,Les Bayards (Val-de-Travers),7950,Les Bayards (Val-de-Travers),7950,NE,Les Bayards,NE,
FULL_MATCH,Siviriez (Chavannes-les-Forts),7181,Siviriez (Chavannes-les-Forts),7181,FR,Chavannes-les-Forts,FR,
UNIQUE_ID_MATCH,Russy,7167,Belmont-Broye (Russy),7167,FR,Russy,FR,
FULL_MATCH,Le Flon (Porsel),7312,Le Flon (Porsel),7312,FR,Porsel,FR,
FULL_MATCH,Valbroye (Granges-près-Marnand),7069,Valbroye (Granges-près-Marnand),7069,VD,Granges-près-Marnand,VD,
UNIQUE_ID_MATCH,Granges-près-Marmand,7069,Valbroye (Granges-près-Marnand),7069,VD,Granges-près-Marnand,VD,
UNIQUE_ID_MATCH,Les Bayards,7950,Les Bayards (Val-de-Travers),7950,NE,Les Bayards,NE,
UNIQUE_ID_MATCH,Travers,7945,Travers (Val-de-Travers),7945,NE,Travers,NE,
UNIQUE_ID_MATCH,Ramosch,7373,Valsot (Ramosch),7373,GR,Ramosch,GR,
UNIQUE_ID_MATCH,Remüs,7373,Valsot (Ramosch),7373,GR,Ramosch,GR,
UNIQUE_ID_MATCH,Valsott,3764,Valsot,3764,GR,Ramosch,GR,
SUCCESSOR_MATCH,Filet,6203,Filet,6174,VS,Filet,VS,
UNIQUE_ID_MATCH,Villars-le-Grand,7050,Vully-les-Lacs (Villars-le-Grand),7050,VD,Villars-le-Grand,VD,
FULL_MATCH,Vully-les-Lacs (Villars-le-Grand),7050,Vully-les-Lacs (Villars-le-Grand),7050,VD,Villars-le-Grand,VD,
FULL_MATCH,Rocourt (Haute-Ajoie),7323,Rocourt (Haute-Ajoie),7323,JU,Rocourt,JU,
FULL_MATCH,Grono (Leggia),7390,Grono (Leggia),7390,GR,Leggia,GR,
UNIQUE_ID_MATCH,Leggia,7390,Grono (Leggia),7390,GR,Leggia,GR,
FULL_MATCH,Madretsch,7852,Madretsch,7852,BE,Biel/Bienne,BE,
FULL_MATCH_WITHOUT_CANTON_SUFFIX,Hergiswil (NW),1507,Hergiswil,1507,NW,Hergiswil NW,NW,
UNIQUE_ID_MATCH,Verossaz,6220,Vérossaz,6220,VS,Vérossaz,VS,
FULL_MATCH,Sauge (Plagne),7478,Sauge (Plagne),7478,BE,Plagne,BE,
FULL_MATCH,Deisswil bei Münchenbuchsee,535,Deisswil bei Münchenbuchsee,535,BE,Deisswil b. Münchenbuchsee,BE,
UNIQUE_ID_MATCH,Corpataux,7259,Gibloux (Corpataux-Magnedens),7259,FR,Corpataux,FR,
FULL_MATCH,Villorsonnens (Orsonnens),7202,Villorsonnens (Orsonnens),7202,FR,Orsonnens,FR,
FULL_MATCH,Gibloux (Corpataux),7268,Gibloux (Corpataux),7268,FR,Corpataux,FR,
UNIQUE_ID_MATCH,Villarlod,7266,Gibloux (Villarlod),7266,FR,Villarlod,FR,
UNIQUE_ID_MATCH,Châtel-Sur-Montsalvens,2128,Châtel-sur-Montsalvens,2128,FR,Châtel-sur-Montsalvens,FR,
FULL_MATCH,Gibloux (Vuisternens-en-Ogoz),7263,Gibloux (Vuisternens-en-Ogoz),7263,FR,Vuisternens-en-Ogoz,FR,
UNIQUE_ID_MATCH,Lossy-Formangueires,7256,La Sonnaz (Lossy-Formangueires),7256,FR,Lossy,FR,
UNIQUE_ID_MATCH,Essertines-s-Yverd,5520,Essertines-sur-Yverdon,5520,VD,Essertines-sur-Yverdon,VD,
UNIQUE_ID_MATCH,Villars-Tiercelin,7064,Jorat-Menthue (Villars-Tiercelin),7064,VD,Villars-Tiercelin,VD,
MANUAL,Bussigny-Pres-Lsane,5624,Bussigny-près-Lausanne,5624,VD,Bussigny,VD,
FULL_MATCH,Jorat-Menthue (Villars-Tiercelin),7064,Jorat-Menthue (Villars-Tiercelin),7064,VD,Villars-Tiercelin,VD,
FULL_MATCH,Bourg-en-Lavaux (Epesses),7033,Bourg-en-Lavaux (Epesses),7033,VD,Epesses,VD,
FULL_MATCH,Boveresse (Val-de-Travers),7947,Boveresse (Val-de-Travers),7947,NE,Boveresse,NE,
UNIQUE_ID_MATCH,Boveresse,7947,Boveresse (Val-de-Travers),7947,NE,Boveresse,NE,
UNIQUE_ID_MATCH,Prêles,7487,Plateau de Diesse (Prêles),7487,BE,Prêles,BE,
FULL_MATCH,Rovray,5928,Rovray,5928,VD,Rovray,VD,
FULL_MATCH,Vuisternens-devant-Romont (Sommentier),7199,Vuisternens-devant-Romont (Sommentier),7199,FR,Sommentier,FR,
UNIQUE_ID_MATCH,Heremence,6084,Hérémence,6084,VS,Hérémence,VS,
UNIQUE_ID_MATCH,Essertines-Sur-Yverdon,5520,Essertines-sur-Yverdon,5520,VD,Essertines-sur-Yverdon,VD,
UNIQUE_ID_MATCH,Villeneuve VD,5414,Villeneuve,5414,VD,Villeneuve VD,VD,
UNIQUE_ID_MATCH,Radelfingen BE,309,Radelfingen,309,BE,Radelfingen b. Aarberg,BE,
FULL_MATCH,Mülligen,4107,Mülligen,4107,AG,Mülligen,AG,
UNIQUE_ID_MATCH,Seth,7417,Ilanz/Glion (Siat),7417,GR,Siat,GR,
FULL_MATCH,Rickenbach,2857,Rickenbach,2857,BL,Rickenbach BL,BL,
UNIQUE_ID_MATCH,Seedorf,544,Moosseedorf,544,BE,Moosseedorf,BE,
UNIQUE_ID_MATCH,Guarda,7368,Scuol (Guarda),7368,GR,Guarda,GR,
UNIQUE_ID_MATCH,Lü,7376,Val Müstair (Lü),7376,GR,Lü,GR,
SUCCESSOR_MATCH,Oberuzwil-Bichwil,3407,Oberuzwil-Bichwil,7903,SG,Bichwil,SG,
UNIQUE_ID_MATCH,Avry-sur-Matran,7231,Avry (Avry-sur-Matran),7231,FR,Avry-sur-Matran,FR,
UNIQUE_ID_MATCH,Château d'Oex,5841,Château-d'Oex,5841,VD,Château-d'Oex,VD,
FULL_MATCH,Breil/Brigels (Andiast),7464,Breil/Brigels (Andiast),7464,GR,Andiast,GR,
FULL_MATCH,Riedes-Dessus,7912,Riedes-Dessus,7912,JU,Soyhières,JU,
FULL_MATCH,Val Müstair (Tschierv),7379,Val Müstair (Tschierv),7379,GR,Tschierv,GR,
FULL_MATCH,Val Müstair (Fuldera),7375,Val Müstair (Fuldera),7375,GR,Fuldera,GR,
FULL_MATCH,Seleute (Clos du Doubs),7117,Seleute (Clos du Doubs),7117,JU,Seleute,JU,
FULL_MATCH,Buix (Basse-Allaine),7108,Buix (Basse-Allaine),7108,JU,Buix,JU,
UNIQUE_ID_MATCH,Goumoens-la-Ville,7053,Goumoëns (Goumoens-la-Ville),7053,VD,Goumoens-la-Ville,VD,
SUCCESSOR_MATCH,Sant'Antonio,5002,Sant'Antonio,5018,TI,Bellinzona,TI,
FULL_MATCH,Calanca (Braggio),7394,Calanca (Braggio),7394,GR,Braggio,GR,
UNIQUE_ID_MATCH,St. Antonino,5017,Sant'Antonino,5017,TI,S. Antonino,TI,
UNIQUE_ID_MATCH,Cauco,7395,Calanca (Cauco),7395,GR,Cauco,GR,
FULL_MATCH_WITHOUT_CANTON_SUFFIX,Saules (BE),707,Saules,707,BE,Saules BE,BE,
UNIQUE_ID_MATCH,Corcelles-Cormondr,6407,Corcelles-Cormondrèche,6407,NE,Cormondrèche,NE,
UNIQUE_ID_MATCH,Küssnacht am Rigi,1331,Küssnacht,1331,SZ,Küssnacht am Rigi,,
UNIQUE_ID_MATCH,Corserey,7525,Prez (Corserey),7525,FR,Corserey,FR,
FULL_MATCH,Olsberg,7864,Olsberg,7864,BL,Arisdorf,BL,
UNIQUE_ID_MATCH,Paspels,7438,Domleschg (Paspels),7438,GR,Paspels,GR,
SUCCESSOR_MATCH,Forst,948,Forst,926,BE,Längenbühl,BE,
FULL_MATCH,Domleschg (Tomils),7441,Domleschg (Tomils),7441,GR,Tumegl/Tomils,GR,
FULL_MATCH,Dalpe,5071,Dalpe,5071,TI,Dalpe,TI,
FULL_MATCH,Fürstenau,3633,Fürstenau,3633,GR,Fürstenau,GR,
UNIQUE_ID_MATCH,Scheid,7444,Domleschg (Scheid),7444,GR,Scheid,GR,
FULL_MATCH,Thielle-Wavre (La Tène),7942,Thielle-Wavre (La Tène),7942,NE,Thielle,NE,
UNIQUE_ID_MATCH,Valzeina,7351,Grüsch (Valzeina),7351,GR,Valzeina,GR,
FULL_MATCH,Domleschg (Tumegl/Tomils),7442,Domleschg (Tumegl/Tomils),7442,GR,Tumegl/Tomils,GR,
SUCCESSOR_MATCH,Valcolla,5192,Valcolla,5229,TI,Lugano,TI,
UNIQUE_ID_MATCH,Losanna,5586,Lausanne,5586,VD,Lausanne,VD,
SUCCESSOR_MATCH,Oberflachs,4125,Oberflachs,4109,AG,Oberflachs,AG,
FULL_MATCH_WITHOUT_CANTON_SUFFIX,Mollens (VD),5431,Mollens,5431,VD,Mollens VD,VD,
UNIQUE_ID_MATCH,Mollens VD,5431,Mollens,5431,VD,Mollens VD,VD,
UNIQUE_ID_MATCH,Morens (FR),7138,Estavayer (Morens (FR)),7138,FR,Morens FR,FR,
FULL_MATCH,Estavayer (Morens (FR)),7138,Estavayer (Morens (FR)),7138,FR,Morens FR,FR,
UNIQUE_ID_MATCH,Morens,7138,Estavayer (Morens (FR)),7138,FR,Morens FR,FR,
UNIQUE_ID_MATCH,Morens FR,7138,Estavayer (Morens (FR)),7138,FR,Morens FR,FR,
FULL_MATCH,Mattstetten,543,Mattstetten,543,BE,Mattstetten,BE,
FULL_MATCH,Luzein (St. Antönien-Ascharina),7346,Luzein (St. Antönien-Ascharina),7346,GR,St. Antönien,GR,
FULL_MATCH,Walenstadt-Tscherlach,7893,Walenstadt-Tscherlach,7893,SG,Tscherlach,SG,
SUCCESSOR_MATCH,Stein (Toggenburg),7956,Stein (Toggenburg),3356,SG,Stein SG,SG,
UNIQUE_ID_MATCH,Saint-Martin FR,2335,Saint-Martin,2335,FR,St-Martin FR,FR,
SUCCESSOR_MATCH,Räuchlisberg,4461,Räuchlisberg,4464,TG,Amriswil,TG,
SUCCESSOR_MATCH,Vellerat,7466,Vellerat,6728,BE,Vellerat,JU,
UNIQUE_ID_MATCH,Springen,1218,Spiringen,1218,UR,Spiringen,UR,
FULL_MATCH,Lohn,3707,Lohn,3707,GR,Lohn GR,GR,
UNIQUE_ID_MATCH,Bois-d'Amont,2171,Arconciel,2171,FR,Arconciel,FR,
UNIQUE_ID_MATCH,Hasle b. Burgdorf,406,Hasle bei Burgdorf,406,BE,Hasle b. Burgdorf,BE,
FULL_MATCH_WITHOUT_CANTON_SUFFIX,Veltheim (AG),4120,Veltheim,4120,AG,Veltheim AG,AG,
FULL_MATCH_WITHOUT_CANTON_SUFFIX,Teufenthal (AG),4145,Teufenthal,4145,AG,Teufenthal AG,AG,
SUCCESSOR_MATCH,Wilen bei Neunforn,4601,Wilen bei Neunforn,4598,TG,Niederneunforn,TG,
FULL_MATCH,Haut-Intyamon (Neirivue),7214,Haut-Intyamon (Neirivue),7214,FR,Neirivue,FR,
UNIQUE_ID_MATCH,Sciaffusa,2939,Schaffhausen,2939,SH,Schaffhausen,SH,
FULL_MATCH,La Brillaz (Lentigny),7251,La Brillaz (Lentigny),7251,FR,Lentigny,FR,
UNIQUE_ID_MATCH,Rapperswil BE,310,Rapperswil,310,BE,Rapperswil BE,BE,
FULL_MATCH,Rapperswil (Bangerten),7507,Rapperswil (Bangerten),7507,BE,Bangerten b. Dieterswil,BE,
FULL_MATCH,Rongellen,3711,Rongellen,3711,GR,Rongellen,GR,
UNIQUE_ID_MATCH,Langnau I.E.,902,Langnau im Emmental,902,BE,Langnau im Emmental,BE,
UNIQUE_ID_MATCH,Oberriet SG,3254,Oberriet,3254,SG,Oberriet SG,SG,
UNIQUE_ID_MATCH,Hasle b.Burgdorf,406,Hasle bei Burgdorf,406,BE,Hasle b. Burgdorf,BE,
FULL_MATCH,Botterens,2123,Botterens,2123,FR,Botterens,FR,
UNIQUE_ID_MATCH,Langnau Im Emmental,902,Langnau im Emmental,902,BE,Langnau im Emmental,BE,
FULL_MATCH,Schoren,7850,Schoren,7850,BE,Langenthal,BE,
UNIQUE_ID_MATCH,Diessbach Bei Büren,385,Diessbach bei Büren,385,BE,Diessbach b. Büren,BE,
FULL_MATCH,Echichens (Colombier),7037,Echichens (Colombier),7037,VD,Colombier VD,VD,
UNIQUE_ID_MATCH,Höfen bei Thun,770,Stocken-Höfen,770,BE,Höfen b. Thun,BE,
UNIQUE_ID_MATCH,St.Gallen-Tablat,7867,St. Gallen-Tablat,7867,SG,St. Gallen,SG,
FULL_MATCH,Montagny (Montagny-les-Monts),7154,Montagny (Montagny-les-Monts),7154,FR,Montagny-les-Monts,FR,
UNIQUE_ID_MATCH,Montagny-la-Ville,7153,Montagny (Montagny-la-Ville),7153,FR,Montagny-la-Ville,FR,
SUCCESSOR_MATCH,Unterems,6119,Unterems,6115,VS,Unterems,VS,
UNIQUE_ID_MATCH,Leuk Stadt,6110,Leuk,6110,VS,Leuk Stadt,VS,
UNIQUE_ID_MATCH,Leuk-Stadt,6110,Leuk,6110,VS,Leuk Stadt,VS,
UNIQUE_ID_MATCH,Chavannes-p-Renens,5627,Chavannes-près-Renens,5627,VD,Chavannes-près-Renens,VD,
UNIQUE_ID_MATCH,Waltensburg,7465,Breil/Brigels (Waltensburg/Vuorz),7465,GR,Waltensburg/Vuorz,GR,
FULL_MATCH,Haut-Intyamon (Albeuve),7211,Haut-Intyamon (Albeuve),7211,FR,Albeuve,FR,
MANUAL,La Verrerie (Le Crêt),7313,La Verrerie,2338,FR,La Verrerie,FR,andere Nr.
FULL_MATCH,La Verrerie (Progens),7315,La Verrerie (Progens),7315,FR,Progens,FR,
UNIQUE_ID_MATCH,Murist,7139,Estavayer (Murist),7139,FR,Murist,FR,
UNIQUE_ID_MATCH,La Tour-de-Trême,7220,Bulle (La Tour-de-Trême),7220,FR,La Tour-de-Trême,FR,
UNIQUE_ID_MATCH,Charmoille,7104,Charmoille (La Baroche),7104,JU,Charmoille,JU,
FULL_MATCH,Valbirse (Pontenet),7498,Valbirse (Pontenet),7498,BE,Pontenet,BE,
UNIQUE_ID_MATCH,Corcelles-Cormondrèche (Neuchâtel),6407,Corcelles-Cormondrèche,6407,NE,Cormondrèche,NE,
FULL_MATCH_WITHOUT_CANTON_SUFFIX,Rickenbach (TG),4751,Rickenbach,4751,TG,Rickenbach b. Wil,TG,
SUCCESSOR_MATCH_WITHOUT_CANTON_SUFFIX,Hofstetten (ZH),294,Hofstetten,222,ZH,Hofstetten ZH,ZH,
SUCCESSOR_MATCH,Schwanden,1631,Schwanden,1627,GL,Schwanden GL,GL,
FULL_MATCH,Montanaire (Martherenges),7094,Montanaire (Martherenges),7094,VD,Martherenges,VD,
FULL_MATCH_WITHOUT_CANTON_SUFFIX,Aesch (BL),2761,Aesch,2761,BL,Aesch BL,BL,
FULL_MATCH_WITHOUT_CANTON_SUFFIX,Mex (VD),5489,Mex,5489,VD,Mex VD,VD,
UNIQUE_ID_MATCH,Schnaus,7415,Ilanz/Glion (Schnaus),7415,GR,Schnaus,GR,
SUCCESSOR_MATCH,Cavigliano,5396,Cavigliano,5099,TI,Cavigliano,TI,
FULL_MATCH,Fraubrunnen (Grafenried),7472,Fraubrunnen (Grafenried),7472,BE,Grafenried,BE,
UNIQUE_ID_MATCH,Höfen b.Thun,770,Stocken-Höfen,770,BE,Höfen b. Thun,BE,
SUCCESSOR_MATCH,Hofstetten bei Elgg,294,Hofstetten bei Elgg,222,ZH,Hofstetten ZH,ZH,
UNIQUE_ID_MATCH,Muntogna da Schons (Lohn),3707,Lohn,3707,GR,Lohn GR,GR,
UNIQUE_ID_MATCH,La Lenk,792,Lenk,792,BE,Lenk im Simmental,BE,
UNIQUE_ID_MATCH,Bern Burgergemeinde,351,Bern,351,BE,Bern,BE,
SUCCESSOR_MATCH,Mollis,1630,Mollis,1617,GL,Mollis,GL,
FULL_MATCH,Avenches (Oleyres),7074,Avenches (Oleyres),7074,VD,Oleyres,VD,
UNIQUE_ID_MATCH,Muntogna da Schons (Mathon),3708,Mathon,3708,GR,Mathon,GR,
FULL_MATCH,Lumnezia (Vella),7422,Lumnezia (Vella),7422,GR,Vella,GR,
UNIQUE_ID_MATCH,Aesch BL,2761,Aesch,2761,BL,Aesch BL,BL,
FULL_MATCH,Cugy (Vesin),7135,Cugy (Vesin),7135,FR,Vesin,FR,
UNIQUE_ID_MATCH,Courlevon,7293,Murten (Courlevon),7293,FR,Courlevon,FR,
FULL_MATCH,Murten (Courlevon),7293,Murten (Courlevon),7293,FR,Courlevon,FR,
FULL_MATCH,La Punt-Chamues-ch,3785,La Punt-Chamues-ch,3785,GR,La Punt Chamues-ch,GR,
SUCCESSOR_MATCH,Cureggia,5192,Cureggia,5179,TI,Cureggia,TI,
UNIQUE_ID_MATCH,Lucerna,1061,Luzern,1061,LU,Luzern,LU,
SUCCESSOR_MATCH,Gampel,6118,Gampel,6107,VS,Gampel,VS,
FULL_MATCH_WITHOUT_CANTON_SUFFIX,Rickenbach (BL),2857,Rickenbach,2857,BL,Rickenbach BL,BL,
SUCCESSOR_MATCH,Oberwald,6076,Oberwald,6066,VS,Oberwald,VS,
UNIQUE_ID_MATCH,Chézard-Saint-Martin Valde-Ruz,7928,Chézard-Saint-Martin (Val-de-Ruz),7928,NE,Chézard-St-Martin,NE,
FULL_MATCH,Mont-Vully (Haut-Vully),7303,Mont-Vully (Haut-Vully),7303,FR,Môtier (Vully),FR,
FULL_MATCH_WITHOUT_CANTON_SUFFIX,Wisen (SO),2502,Wisen,2502,SO,Wisen SO,SO,
FULL_MATCH,Montanaire (Thierrens),7097,Montanaire (Thierrens),7097,VD,Thierrens,VD,
FULL_MATCH_WITHOUT_CANTON_SUFFIX,Lohn (SH),2917,Lohn,2917,SH,Lohn SH,SH,
UNIQUE_ID_MATCH,Sassel,7071,Valbroye (Sassel),7071,VD,Sassel,VD,
FULL_MATCH,Ersigen (Oberösch),7506,Ersigen (Oberösch),7506,BE,Oberösch,BE,
FULL_MATCH,Goumoëns (Goumoens-la-Ville),7053,Goumoëns (Goumoens-la-Ville),7053,VD,Goumoens-la-Ville,VD,
FULL_MATCH,Rebeuvelier (Courrendlin),7467,Rebeuvelier (Courrendlin),7467,JU,Courrendlin,JU,
SUCCESSOR_MATCH,Bibern,2920,Bibern,2913,SH,Bibern SH,SH,
UNIQUE_ID_MATCH,Valeyres-s-Ursins,5934,Valeyres-sous-Ursins,5934,VD,Valeyres-sous-Ursins,VD,
FULL_MATCH,Vaux-sur-Morges,5650,Vaux-sur-Morges,5650,VD,Vaux-sur-Morges,VD,
UNIQUE_ID_MATCH,Salvenach,7296,Murten (Salvenach),7296,FR,Salvenach,FR,
UNIQUE_ID_MATCH,Jeuss,7294,Murten (Jeuss),7294,FR,Jeuss,FR,
FULL_MATCH,Murten (Jeuss),7294,Murten (Jeuss),7294,FR,Jeuss,FR,
UNIQUE_ID_MATCH,Murten / Morat (Jeuss),7294,Murten (Jeuss),7294,FR,Jeuss,FR,
FULL_MATCH_WITHOUT_CANTON_SUFFIX,Romont (BE),442,Romont,442,BE,Romont BE,BE,
FULL_MATCH,Marin-Epagnier (La Tène),7941,Marin-Epagnier (La Tène),7941,NE,Marin-Epagnier,NE,
FULL_MATCH,Plaffeien  (Zumholz),7305,Plaffeien  (Zumholz),7305,FR,Zumholz,FR,
SUCCESSOR_MATCH,Dombresson,7930,Dombresson,6475,NE,Dombresson,NE,
SUCCESSOR_MATCH,Haslen,1631,Haslen,1610,GL,Haslen GL,GL,
FULL_MATCH_WITHOUT_CANTON_SUFFIX,Marbach (SG),3253,Marbach,3253,SG,Marbach SG,SG,
SUCCESSOR_MATCH,Unterschlatt,4546,Unterschlatt,4534,TG,Schlatt TG,TG,
UNIQUE_ID_MATCH,Rüti b. Lyssach,422,Rüti bei Lyssach,422,BE,Rüti b. Lyssach,BE,
FULL_MATCH,Lugnez,6793,Lugnez,6793,BE,Lugnez,JU,
FULL_MATCH,Valbirse (Bévilard),7496,Valbirse (Bévilard),7496,BE,Bévilard,BE,
UNIQUE_ID_MATCH,Villars-Sainte-Croix,5651,Villars-Ste-Croix,5651,VD,Villars-Ste-Croix,VD,
FULL_MATCH_WITHOUT_CANTON_SUFFIX,Cugy (VD),5516,Cugy,5516,VD,Cugy VD,VD,
UNIQUE_ID_MATCH,Granges-de-Vesin,7160,Les Montets (Granges-de-Vesin),7160,FR,Granges-de-Vesin,FR,
FULL_MATCH,Cheyres-Châbles (Cheyres),7170,Cheyres-Châbles (Cheyres),7170,FR,Cheyres,FR,
UNIQUE_ID_MATCH,Cugy FR,2011,Cugy,2011,FR,Cugy FR,FR,
UNIQUE_ID_MATCH,Busswil b Melchnau,325,Busswil bei Melchnau,325,BE,Busswil b. Melchnau,BE,
SUCCESSOR_MATCH,Ried bei Mörel,6181,Ried bei Mörel,6180,VS,Ried-Mörel,VS,
UNIQUE_ID_MATCH,Busswil b.M.,325,Busswil bei Melchnau,325,BE,Busswil b. Melchnau,BE,
FULL_MATCH_WITHOUT_CANTON_SUFFIX,Crans (VD),5713,Crans,5713,VD,Crans VD,VD,
SUCCESSOR_MATCH,Mollens,6253,Mollens,6242,VS,Mollens VS,VS,
SUCCESSOR_MATCH_WITHOUT_CANTON_SUFFIX,Mollens (VS),6253,Mollens,6242,VS,Mollens VS,VS,
SUCCESSOR_MATCH,Martisberg,6205,Martisberg,6178,VS,Martisberg,VS,
FULL_MATCH_WITHOUT_CANTON_SUFFIX,Hauterive (NE),6454,Hauterive,6454,NE,Hauterive NE,NE,
SUCCESSOR_MATCH,Vogorno,5399,Vogorno,5135,TI,Vogorno,TI,
SUCCESSOR_MATCH,Steinhaus,6056,Steinhaus,6070,VS,Steinhaus,VS,
UNIQUE_ID_MATCH,Cunter,7333,Surses (Cunter),7333,GR,Cunter,GR,
SUCCESSOR_MATCH,Niederwald,6077,Niederwald,6064,VS,Niederwald,VS,
FULL_MATCH,Prévonloup,5683,Prévonloup,5683,VD,Prévonloup,VD,
SUCCESSOR_MATCH,Ferlens,7132,Ferlens,5789,VD,Ferlens VD,VD,
SUCCESSOR_MATCH,Belpberg,861,Belpberg,862,BE,Belpberg,BE,
FULL_MATCH,Prez (Prez-vers-Noréaz),7527,Prez (Prez-vers-Noréaz),7527,FR,Prez-vers-Noréaz,FR,
UNIQUE_ID_MATCH,Mühledorf (BE),7512,Kirchdorf (Mühledorf),7512,BE,Mühledorf BE,BE,
UNIQUE_ID_MATCH,Linden BE,614,Linden,614,BE,Linden,BE,
FULL_MATCH,Breil/Brigels (Waltensburg/Vuorz),7465,Breil/Brigels (Waltensburg/Vuorz),7465,GR,Waltensburg/Vuorz,GR,
UNIQUE_ID_MATCH,Niederstocken,7483,Stocken-Höfen (Niederstocken),7483,BE,Niederstocken,BE,
FULL_MATCH,Prez (Noréaz),7526,Prez (Noréaz),7526,FR,Noréaz,FR,
UNIQUE_ID_MATCH,Wengi b. Büren,394,Wengi,394,BE,Wengi b. Büren,BE,
UNIQUE_ID_MATCH,Zullwill,2622,Zullwil,2622,SO,Zullwil,SO,
UNIQUE_ID_MATCH,Epiquerez,7112,Epiquerez (Clos du Doubs),7112,JU,Epiquerez,JU,
FULL_MATCH,Montilliez (Dommartin),7055,Montilliez (Dommartin),7055,VD,Dommartin,VD,
UNIQUE_ID_MATCH,Monible,7491,Petit-Val (Monible),7491,BE,Monible,BE,
FULL_MATCH,Plateau de Diesse (Lamboing),7486,Plateau de Diesse (Lamboing),7486,BE,Lamboing,BE,
UNIQUE_ID_MATCH,Châtelat,7490,Petit-Val (Châtelat),7490,BE,Châtelat,BE,
UNIQUE_ID_MATCH,Chevenez,7118,Chevenez (Haute-Ajoie),7118,JU,Chevenez,JU,
UNIQUE_ID_MATCH,Bienne,371,Biel/Bienne,371,BE,Biel/Bienne,BE,
UNIQUE_ID_MATCH,Sennwald,7878,Sennwald-Sax,7878,SG,Sax,SG,
UNIQUE_ID_MATCH,Agriswil,7301,Ried bei Kerzers (Agriswil),7301,FR,Agriswil,FR,
UNIQUE_ID_MATCH,St-Saphorin-Lavaux,5610,Saint-Saphorin (Lavaux),5610,VD,St-Saphorin (Lavaux),VD,
UNIQUE_ID_MATCH,St.Gallen-Straubenzell,3203,St. Gallen,3203,SG,St. Gallen,SG,
UNIQUE_ID_MATCH,Lutzelfluh,955,Lützelflüh,955,BE,Lützelflüh-Goldbach,BE,
UNIQUE_ID_MATCH,Wiesen,7349,Davos (Wiesen),7349,GR,Davos Wiesen,GR,
FULL_MATCH_WITHOUT_CANTON_SUFFIX,Teuffenthal (BE),940,Teuffenthal,940,BE,Teuffenthal b. Thun,BE,
FULL_MATCH,Epiquerez (Clos du Doubs),7112,Epiquerez (Clos du Doubs),7112,JU,Epiquerez,JU,
FULL_MATCH,Klosters,3871,Klosters,3871,GR,Klosters,GR,
UNIQUE_ID_MATCH,Ecoteaux,7078,Oron (Ecoteaux),7078,VD,Ecoteaux,VD,
FULL_MATCH,Oron (Ecoteaux),7078,Oron (Ecoteaux),7078,VD,Ecoteaux,VD,
UNIQUE_ID_MATCH,Oron-la-Ville,7081,Oron (Oron-la-Ville),7081,VD,Oron-la-Ville,VD,
FULL_MATCH,Chevenez (Haute-Ajoie),7118,Chevenez (Haute-Ajoie),7118,JU,Chevenez,JU,
UNIQUE_ID_MATCH,Toistorrents,6156,Troistorrents,6156,VS,Troistorrents,VS,
UNIQUE_ID_MATCH,Misery,7292,Misery-Courtion (Misery),7292,FR,Misery,FR,
UNIQUE_ID_MATCH,Villarsiviriaux,7204,Villorsonnens (Villarsiviriaux),7204,FR,Villarsiviriaux,FR,
FULL_MATCH,Villorsonnens (Villargiroud),7203,Villorsonnens (Villargiroud),7203,FR,Villargiroud,FR,
FULL_MATCH,Misery-Courtion (Misery),7292,Misery-Courtion (Misery),7292,FR,Misery,FR,
FULL_MATCH,Misery-Courtion (Cormérod),7289,Misery-Courtion (Cormérod),7289,FR,Cormérod,FR,
FULL_MATCH,Villorsonnens (Villarsiviriaux),7204,Villorsonnens (Villarsiviriaux),7204,FR,Villarsiviriaux,FR,
UNIQUE_ID_MATCH,Villargiroud,7203,Villorsonnens (Villargiroud),7203,FR,Villargiroud,FR,
UNIQUE_ID_MATCH,La Corbaz,7254,La Sonnaz (La Corbaz),7254,FR,La Corbaz,FR,
FULL_MATCH,Billens-Hennens (Billens),7171,Billens-Hennens (Billens),7171,FR,Billens,FR,
UNIQUE_ID_MATCH,Cormérod,7289,Misery-Courtion (Cormérod),7289,FR,Cormérod,FR,
UNIQUE_ID_MATCH,Villarsiviraux,7204,Villorsonnens (Villarsiviriaux),7204,FR,Villarsiviriaux,FR,
UNIQUE_ID_MATCH,Villarepos,7276,Courtepin (Villarepos),7276,FR,Villarepos,FR,
FULL_MATCH,Le Mouret (Essert),7243,Le Mouret (Essert),7243,FR,Essert FR,FR,
FULL_MATCH,Sâles (Gruyère),2152,Sâles (Gruyère),2152,FR,Sâles (Gruyère),FR,
UNIQUE_ID_MATCH,St.Niklaus,6292,St. Niklaus,6292,VS,St. Niklaus VS,VS,
SUCCESSOR_MATCH,Sarzens,7320,Sarzens,5686,VD,Sarzens,VD,
UNIQUE_ID_MATCH,Montenol,7113,Montenol (Clos du Doubs),7113,JU,Montenol,JU,
FULL_MATCH,Vully-les-Lacs (Constantine),7046,Vully-les-Lacs (Constantine),7046,VD,Constantine,VD,
FULL_MATCH,Vully-les-Lacs (Bellerive),7044,Vully-les-Lacs (Bellerive),7044,VD,Bellerive VD,VD,
FULL_MATCH,Vully-les-Lacs (Vallamand),7049,Vully-les-Lacs (Vallamand),7049,VD,Vallamand,VD,
UNIQUE_ID_MATCH,Chézard-Saint-Martin (Val-de-R,7928,Chézard-Saint-Martin (Val-de-Ruz),7928,NE,Chézard-St-Martin,NE,
SUCCESSOR_MATCH,Saint-Jean,6252,Saint-Jean,6245,VS,Ayer,VS,
FULL_MATCH,Croy,5752,Croy,5752,VD,Croy,VD,
UNIQUE_ID_MATCH,Monte Ceneri,5238,Monteceneri,5238,TI,Rivera,TI,
FULL_MATCH,Conters im Prättigau,3881,Conters im Prättigau,3881,GR,Conters im Prättigau,GR,
SUCCESSOR_MATCH,Wallenwil,4724,Wallenwil,4765,TG,Wallenwil,TG,
SUCCESSOR_MATCH,Unterbözberg,4124,Unterbözberg,4119,AG,Bözberg,AG,
UNIQUE_ID_MATCH,Laufen Stadt,7862,Laufen-Stadt,7862,BL,Laufen,BL,
FULL_MATCH,Feldbrunnen-St. Niklaus,2544,Feldbrunnen-St. Niklaus,2544,SO,Feldbrunnen,SO,
UNIQUE_ID_MATCH,Montévraz,7244,Le Mouret (Montévraz),7244,FR,Montévraz,FR,
UNIQUE_ID_MATCH,Pizy,7051,Aubonne (Pizy),7051,VD,Pizy,VD,
FULL_MATCH,Goumoëns (Eclagnens),7052,Goumoëns (Eclagnens),7052,VD,Eclagnens,VD,
UNIQUE_ID_MATCH,Eclagnens,7052,Goumoëns (Eclagnens),7052,VD,Eclagnens,VD,
UNIQUE_ID_MATCH,Saint-Ursanne,7116,Saint-Ursanne (Clos du Doubs),7116,JU,St-Ursanne,JU,
UNIQUE_ID_MATCH,Susch,7372,Zernez (Susch),7372,GR,Susch,GR,
SUCCESSOR_MATCH,Gerra Verzasca,5138,Gerra Verzasca,5107,TI,Cugnasco,TI,
UNIQUE_ID_MATCH,St-Luc,6252,Anniviers,6252,VS,Ayer,VS,
FULL_MATCH,Donneloye (Gossens),7030,Donneloye (Gossens),7030,VD,Gossens,VD,
UNIQUE_ID_MATCH,Martigny-Combe/Martigny,6137,Martigny-Combe,6137,VS,Martigny-Croix,VS,
UNIQUE_ID_MATCH,Péry,7494,Péry-La Heutte (Péry),7494,BE,Péry,BE,
UNIQUE_ID_MATCH,Chapelle-s-Moudon,7090,Montanaire (Chapelle-sur-Moudon),7090,VD,Chapelle-sur-Moudon,VD,
FULL_MATCH,Montanaire (Chapelle-sur-Moudon),7090,Montanaire (Chapelle-sur-Moudon),7090,VD,Chapelle-sur-Moudon,VD,
SUCCESSOR_MATCH,Engollon,7931,Engollon,6476,NE,Engollon,NE,
UNIQUE_ID_MATCH,Mannens-Grandsivaz,7152,Montagny (Mannens-Grandsivaz),7152,FR,Mannens,FR,
FULL_MATCH,Clavaleyres,661,Clavaleyres,661,BE,Clavaleyres,FR,
FULL_MATCH,Ilanz/Glion (Castrisch),7406,Ilanz/Glion (Castrisch),7406,GR,Castrisch,GR,
UNIQUE_ID_MATCH,Geneve,6621,Genève,6621,GE,Genève,GE,
UNIQUE_ID_MATCH,Valbroye Combremont-le-Petit,7068,Valbroye (Combremont-le-Petit),7068,VD,Combremont-le-Petit,VD,
UNIQUE_ID_MATCH,Combrement-le-Petit,7068,Valbroye (Combremont-le-Petit),7068,VD,Combremont-le-Petit,VD,
UNIQUE_ID_MATCH,Grosshoechstetten,608,Grosshöchstetten,608,BE,Grosshöchstetten,BE,
FULL_MATCH,Vicques (Val Terbi),7129,Vicques (Val Terbi),7129,JU,Vicques,JU,
UNIQUE_ID_MATCH,Undervelier,7126,Undervelier (Haute-Sorne),7126,JU,Undervelier,JU,
FULL_MATCH,Undervelier (Haute-Sorne),7126,Undervelier (Haute-Sorne),7126,JU,Undervelier,JU,
UNIQUE_ID_MATCH,Vicques,7129,Vicques (Val Terbi),7129,JU,Vicques,JU,
UNIQUE_ID_MATCH,Kirchenthurnen,7528,Thurnen (Kirchenthurnen),7528,BE,Kirchenthurnen,BE,
UNIQUE_ID_MATCH,Damvant,7119,Damvant (Haute-Ajoie),7119,JU,Damvant,JU,
MANUAL,Le Bémont JU,6741,Le Bémont,6741,BE,Le Bémont JU,JU,
SUCCESSOR_MATCH,Zimmerwald,888,Zimmerwald,887,BE,Zimmerwald,BE,
UNIQUE_ID_MATCH,Diesse,7485,Plateau de Diesse (Diesse),7485,BE,Diesse,BE,
FULL_MATCH,Saint-Martin (FR) (Fiaugères),7308,Saint-Martin (FR) (Fiaugères),7308,FR,Fiaugères,FR,
SUCCESSOR_MATCH,Busswil bei Büren,306,Busswil bei Büren,384,BE,Lyss,BE,
UNIQUE_ID_MATCH,St-Martin VS,6087,Saint-Martin,6087,VS,St-Martin VS,VS,
UNIQUE_ID_MATCH,Altdorf UR,1201,Altdorf,1201,UR,Altdorf UR,UR,
UNIQUE_ID_MATCH,Siat,7417,Ilanz/Glion (Siat),7417,GR,Siat,GR,
UNIQUE_ID_MATCH,S. Abbondio,5398,Gambarogno,5398,TI,Magadino,TI,
SUCCESSOR_MATCH,Carona,5192,Carona,5170,TI,Carona,TI,
SUCCESSOR_MATCH,Hämikon,1030,Hämikon,1028,LU,Hämikon,LU,
SUCCESSOR_MATCH,Cernier,7927,Cernier,6472,NE,Cernier,NE,
UNIQUE_ID_MATCH,Gossens,7030,Donneloye (Gossens),7030,VD,Gossens,VD,
UNIQUE_ID_MATCH,Cully,7032,Bourg-en-Lavaux (Cully),7032,VD,Cully,VD,
UNIQUE_ID_MATCH,Conches,6077,Goms,6077,VS,Münster VS,VS,
SUCCESSOR_MATCH,Ritzingen,6077,Ritzingen,6068,VS,Ritzingen,VS,
UNIQUE_ID_MATCH,Langnau i. Emmenthal,902,Langnau im Emmental,902,BE,Langnau im Emmental,BE,
SUCCESSOR_MATCH,Boudevilliers,7926,Boudevilliers,6471,NE,Boudevilliers,NE,
FULL_MATCH_WITHOUT_CANTON_SUFFIX,Stetten (AG),4041,Stetten,4041,AG,Stetten AG,AG,
UNIQUE_ID_MATCH,St-Niklaus,6292,St. Niklaus,6292,VS,St. Niklaus VS,VS,
FULL_MATCH,Gibloux (Le Glèbe),7261,Gibloux (Le Glèbe),7261,FR,Farvagny-le-Grand,FR,
UNIQUE_ID_MATCH,Le Bry,7216,Pont-en-Ogoz (Le Bry),7216,FR,Le Bry,FR,
UNIQUE_ID_MATCH,Vilters,7890,"Vilters-Wangs, Vilters",7890,SG,Vilters,SG,
UNIQUE_ID_MATCH,Mézières VD,7133,Jorat-Mézières (Mézières),7133,VD,Mézières VD,VD,
UNIQUE_ID_MATCH,Muri b. Bern,356,Muri bei Bern,356,BE,Muri b. Bern,BE,
FULL_MATCH,Marly (Marly-le-Petit),7240,Marly (Marly-le-Petit),7240,FR,Marly,FR,
FULL_MATCH,Le Peuchapatte (Muriaux),7100,Le Peuchapatte (Muriaux),7100,JU,Muriaux,JU,
SUCCESSOR_MATCH,Rapperswil,3340,Rapperswil,3336,SG,Rapperswil SG,SG,
UNIQUE_ID_MATCH,Boudevilliers Val-de-Ruz,7926,Boudevilliers (Val-de-Ruz),7926,NE,Boudevilliers,NE,
SUCCESSOR_MATCH,Littau,1061,Littau,1060,LU,Luzern,LU,
FULL_MATCH,Vermes (Val Terbi),7128,Vermes (Val Terbi),7128,JU,Vermes,JU,
UNIQUE_ID_MATCH,Môtiers NE,7943,Môtiers (Val-de-Travers),7943,NE,Môtiers NE,NE,
FULL_MATCH,Belmont-Broye (Dompierre (FR)),7165,Belmont-Broye (Dompierre (FR)),7165,FR,Dompierre FR,FR,
UNIQUE_ID_MATCH,Chézard-St-Martin,7928,Chézard-Saint-Martin (Val-de-Ruz),7928,NE,Chézard-St-Martin,NE,
UNIQUE_ID_MATCH,Chamson,6022,Chamoson,6022,VS,Chamoson,VS,
UNIQUE_ID_MATCH,Ecuvillens,7249,Hauterive (FR) (Ecuvillens),7249,FR,Ecuvillens,FR,
UNIQUE_ID_MATCH,Haut-Vully,7303,Mont-Vully (Haut-Vully),7303,FR,Môtier (Vully),FR,
UNIQUE_ID_MATCH,Bonnefontaine,7242,Le Mouret (Bonnefontaine),7242,FR,Bonnefontaine,FR,
FULL_MATCH,Hauterive (FR) (Posieux),7250,Hauterive (FR) (Posieux),7250,FR,Posieux,FR,
FULL_MATCH,Innertkirchen (Gadmen),7484,Innertkirchen (Gadmen),7484,BE,Gadmen,BE,
FULL_MATCH,Tschiertschen-Praden (Praden),7365,Tschiertschen-Praden (Praden),7365,GR,Praden,GR,
FULL_MATCH,Mellikon,4314,Mellikon,4314,AG,Mellikon,AG,
UNIQUE_ID_MATCH,Schoetz,1143,Schötz,1143,LU,Schötz,LU,
FULL_MATCH,Zernez (Lavin),7371,Zernez (Lavin),7371,GR,Lavin,GR,
UNIQUE_ID_MATCH,Stadt Zürich,261,Zürich,261,ZH,Zürich,ZH,
FULL_MATCH,Albula/Alvra (Brienz/Brinzauls),7327,Albula/Alvra (Brienz/Brinzauls),7327,GR,Brienz/Brinzauls GR,GR,
UNIQUE_ID_MATCH,Lully FR,2025,Lully,2025,FR,Lully FR,FR,
UNIQUE_ID_MATCH,Seiry,7151,Lully (Seiry),7151,FR,Seiry,FR,
UNIQUE_ID_MATCH,Montborget,7148,Estavayer (Montborget),7148,FR,Murist,FR,
FULL_MATCH,Noiraigue (Val-de-Travers),7946,Noiraigue (Val-de-Travers),7946,NE,Noiraigue,NE,
UNIQUE_ID_MATCH,Orsieres,6034,Orsières,6034,VS,Orsières,VS,
SUCCESSOR_MATCH,Lanterswil,4921,Lanterswil,4924,TG,Lanterswil,TG,
SUCCESSOR_MATCH,Rivera,5238,Rivera,5217,TI,Rivera,TI,
SUCCESSOR_MATCH,Avegno,5324,Avegno,5302,TI,Avegno,TI,
SUCCESSOR_MATCH,Rohr,4001,Rohr,4011,AG,Aarau,AG,
FULL_MATCH,Villaz (Villaz-Saint-Pierre),7524,Villaz (Villaz-Saint-Pierre),7524,FR,Villaz-St-Pierre,FR,
UNIQUE_ID_MATCH,Villaz-St-Pierre,7524,Villaz (Villaz-Saint-Pierre),7524,FR,Villaz-St-Pierre,FR,
SUCCESSOR_MATCH,Brenles,7316,Brenles,5662,VD,Brenles,VD,
FULL_MATCH,Montreux (Montreux-Châtelard),7017,Montreux (Montreux-Châtelard),7017,VD,Montreux,VD,
FULL_MATCH,Corbières (Villarvolard),7221,Corbières (Villarvolard),7221,FR,Villarvolard,FR,
UNIQUE_ID_MATCH,Granges-près-Marnand,7069,Valbroye (Granges-près-Marnand),7069,VD,Granges-près-Marnand,VD,
FULL_MATCH,Villaz (Fuyens),7534,Villaz (Fuyens),7534,FR,Villaz-St-Pierre,FR,
UNIQUE_ID_MATCH,Porsel,7312,Le Flon (Porsel),7312,FR,Porsel,FR,
UNIQUE_ID_MATCH,Valbirse BE,717,Valbirse,717,BE,Malleray,BE,
FULL_MATCH,Oron (Oron-le-Châtel),7082,Oron (Oron-le-Châtel),7082,VD,Oron-le-Châtel,VD,
UNIQUE_ID_MATCH,Villiers Val-de-Ruz,7940,Villiers (Val-de-Ruz),7940,NE,Villiers,NE,
FULL_MATCH,Grens,5722,Grens,5722,VD,Grens,VD,
UNIQUE_ID_MATCH,Praroman,7246,Le Mouret (Praroman),7246,FR,Le Mouret,FR,
UNIQUE_ID_MATCH,Langnau im Emmental BE,902,Langnau im Emmental,902,BE,Langnau im Emmental,BE,
UNIQUE_ID_MATCH,Langnau im Emmenthal,902,Langnau im Emmental,902,BE,Langnau im Emmental,BE,
UNIQUE_ID_MATCH,Niederried b.I.,588,Niederried bei Interlaken,588,BE,Niederried b. Interlaken,BE,
UNIQUE_ID_MATCH,Gelterfingen,7510,Kirchdorf (Gelterfingen),7510,BE,Gelterfingen,BE,
UNIQUE_ID_MATCH,Bern,360,Wohlen bei Bern,360,BE,Wohlen b. Bern,BE,
SUCCESSOR_MATCH,"Nesslau-Krummenau, Nesslau",3360,"Nesslau-Krummenau, Nesslau",7915,SG,Nesslau,SG,
UNIQUE_ID_MATCH,Schwanden GL,1631,Glarus Süd,1631,GL,Schwanden GL,GL,
SUCCESSOR_MATCH_WITHOUT_CANTON_SUFFIX,Schwanden (GL),1631,Schwanden,1627,GL,Schwanden GL,GL,
UNIQUE_ID_MATCH,Tinizong-Rona,7342,Surses (Tinizong-Rona),7342,GR,Tinizong,GR,
UNIQUE_ID_MATCH,Hasle Bei Burgdorf,406,Hasle bei Burgdorf,406,BE,Hasle b. Burgdorf,BE,
UNIQUE_ID_MATCH,Villette (Lavaux),7036,Bourg-en-Lavaux (Villette),7036,VD,Villette (Lavaux),VD,
MANUAL,Bussigny-Pres-Lausanne,5624,Bussigny-près-Lausanne,5624,VD,Bussigny,VD,
SUCCESSOR_MATCH,Oberwichtrach,632,Oberwichtrach,621,BE,Wichtrach,BE,
UNIQUE_ID_MATCH,Rotmonten,3203,St. Gallen,3203,SG,St. Gallen,SG,
FULL_MATCH,Lumnezia (Morissen),7421,Lumnezia (Morissen),7421,GR,Morissen,GR,
UNIQUE_ID_MATCH,Villa,7422,Lumnezia (Vella),7422,GR,Vella,GR,
FULL_MATCH,Lumnezia (Degen),7419,Lumnezia (Degen),7419,GR,Degen,GR,
SUCCESSOR_MATCH,Nidfurn,1631,Nidfurn,1621,GL,Nidfurn,GL,
UNIQUE_ID_MATCH,Basel-Stadt,2701,Basel,2701,BS,Basel,BS,
UNIQUE_ID_MATCH,Glarona,1632,Glarus,1632,GL,Glarus,GL,
UNIQUE_ID_MATCH,Goumoens-le-Jux,7054,Goumoëns (Goumoens-le-Jux),7054,VD,Goumoens-le-Jux,VD,
UNIQUE_ID_MATCH,Hergiswil NW,1507,Hergiswil,1507,NW,Hergiswil NW,NW,
SUCCESSOR_MATCH,Linn,4124,Linn,4103,AG,Bözberg,AG,
SUCCESSOR_MATCH,Goldingen,3342,Goldingen,3333,SG,Goldingen,SG,
FULL_MATCH,Oron (Châtillens),7076,Oron (Châtillens),7076,VD,Châtillens,VD,
UNIQUE_ID_MATCH,Môtiers,7943,Môtiers (Val-de-Travers),7943,NE,Môtiers NE,NE,
UNIQUE_ID_MATCH,Motiers,7943,Môtiers (Val-de-Travers),7943,NE,Môtiers NE,NE,
UNIQUE_ID_MATCH,Môtiers Val-de-Travers,7943,Môtiers (Val-de-Travers),7943,NE,Môtiers NE,NE,
UNIQUE_ID_MATCH,Posieux,7250,Hauterive (FR) (Posieux),7250,FR,Posieux,FR,
UNIQUE_ID_MATCH,Bossonens,2323,Bossonnens,2323,FR,Bossonnens,FR,
UNIQUE_ID_MATCH,Villarvolard,7221,Corbières (Villarvolard),7221,FR,Villarvolard,FR,
SUCCESSOR_MATCH,Ponto Valentino,5048,Ponto Valentino,5044,TI,Ponto Valentino,TI,
UNIQUE_ID_MATCH,Fleurier,7948,Fleurier (Val-de-Travers),7948,NE,Fleurier,NE,
FULL_MATCH,Valbroye (Marnand),7070,Valbroye (Marnand),7070,VD,Marnand,VD,
UNIQUE_ID_MATCH,S.Antonio,5002,Bellinzona,5002,TI,Bellinzona,TI,
MANUAL,Le Bemont,6741,Le Bémont,6741,BE,Le Bémont JU,JU,
SUCCESSOR_MATCH,Fenin-Vilars-Saules,7932,Fenin-Vilars-Saules,6477,NE,Fenin,NE,
UNIQUE_ID_MATCH,Stetten AG,4041,Stetten,4041,AG,Stetten AG,AG,
UNIQUE_ID_MATCH,Le Peuchapatte,7100,Le Peuchapatte (Muriaux),7100,JU,Muriaux,JU,
UNIQUE_ID_MATCH,"Côte-aux-Fées, La",6504,La Côte-aux-Fées,6504,NE,La Côte-aux-Fées,NE,
FULL_MATCH,Buchillon,5623,Buchillon,5623,VD,Buchillon,VD,
SUCCESSOR_MATCH,Besazio,5254,Besazio,5243,TI,Besazio,TI,
UNIQUE_ID_MATCH,Thierrens,7097,Montanaire (Thierrens),7097,VD,Thierrens,VD,
SUCCESSOR_MATCH,Lüterkofen,2455,Lüterkofen,9103,SO,Lüterkofen,SO,
FULL_MATCH,Linescio,5315,Linescio,5315,TI,Linescio,TI,
UNIQUE_ID_MATCH,Altdorf SH,2920,Thayngen,2920,SH,Thayngen,SH,
SUCCESSOR_MATCH,Altdorf,2920,Altdorf,2911,SH,Altdorf SH,SH,
UNIQUE_ID_MATCH,Röthenbach i.E.,904,Röthenbach im Emmental,904,BE,Röthenbach im Emmental,BE,
SUCCESSOR_MATCH,Schwändi,1631,Schwändi,1628,GL,Schwanden GL,GL,
FULL_MATCH,Lumnezia (Vignogn),7423,Lumnezia (Vignogn),7423,GR,Vignogn,GR,
FULL_MATCH,Bulle (La Tour-de-Trême),7220,Bulle (La Tour-de-Trême),7220,FR,La Tour-de-Trême,FR,
SUCCESSOR_MATCH,Castagnola,5192,Castagnola,5172,TI,Castagnola,TI,
UNIQUE_ID_MATCH,Chapelle-sur-Moudon,7090,Montanaire (Chapelle-sur-Moudon),7090,VD,Chapelle-sur-Moudon,VD,
UNIQUE_ID_MATCH,Avegno  Gordevio,5324,Avegno Gordevio,5324,TI,Gordevio,TI,
FULL_MATCH,Klosters-Serneus (Saas),7352,Klosters-Serneus (Saas),7352,GR,Klosters,GR,
SUCCESSOR_MATCH,Piazzogna,5398,Piazzogna,5123,TI,Piazzogna,TI,
FULL_MATCH,Bourg-en-Lavaux (Grandvaux),7034,Bourg-en-Lavaux (Grandvaux),7034,VD,Grandvaux,VD,
FULL_MATCH,Estavayer (Rueyres-les-Prés),7140,Estavayer (Rueyres-les-Prés),7140,FR,Rueyres-les-Prés,FR,
FULL_MATCH,Ependes (FR) (Sales),7236,Ependes (FR) (Sales),7236,FR,Ependes FR,FR,
UNIQUE_ID_MATCH,Bois-d'Amont (Ependes),2189,Ependes,2189,FR,Ependes FR,FR,
UNIQUE_ID_MATCH,Ependes FR,2189,Ependes,2189,FR,Ependes FR,FR,
UNIQUE_ID_MATCH,Bois-d'Amont (Ependes (FR)),2189,Ependes,2189,FR,Ependes FR,FR,
UNIQUE_ID_MATCH,Illnau-Effretikon Zh,296,Illnau-Effretikon,296,ZH,Effretikon,ZH,
SUCCESSOR_MATCH,Camignolo,5238,Camignolo,5165,TI,Camignolo,TI,
FULL_MATCH,Les Pommerats (Saignelégier),7102,Les Pommerats (Saignelégier),7102,JU,Saignelégier,JU,
FULL_MATCH_WITHOUT_CANTON_SUFFIX,Châtillon (FR),2008,Châtillon,2008,FR,Châtillon FR,FR,
FULL_MATCH,Zernez (Susch),7372,Zernez (Susch),7372,GR,Susch,GR,
UNIQUE_ID_MATCH,Süs,7372,Zernez (Susch),7372,GR,Susch,GR,
UNIQUE_ID_MATCH,St-Jean,6252,Anniviers,6252,VS,Ayer,VS,
UNIQUE_ID_MATCH,MONTANA,6253,Crans-Montana,6253,VS,Crans-Montana,VS,
FULL_MATCH,Kilchberg,2851,Kilchberg,2851,BL,Kilchberg BL,BL,
UNIQUE_ID_MATCH,Granges VS,6248,Sierre,6248,VS,Sierre,VS,
UNIQUE_ID_MATCH,Surpierre (Cheiry),2009,Cheiry,2009,FR,Cheiry,FR,
FULL_MATCH,Bourg-en-Lavaux (Riex),7035,Bourg-en-Lavaux (Riex),7035,VD,Riex,VD,
UNIQUE_ID_MATCH,Le Sépey,5410,Ormont-Dessous,5410,VD,Le Sépey,VD,
UNIQUE_ID_MATCH,Epauvillers,7111,Epauvillers (Clos du Doubs),7111,JU,Epauvillers,JU,
UNIQUE_ID_MATCH,Chateau-D'Oex,5841,Château-d'Oex,5841,VD,Château-d'Oex,VD,
SUCCESSOR_MATCH,Mettau,4184,Mettau,4171,AG,Mettau,AG,
UNIQUE_ID_MATCH,Vetroz,6025,Vétroz,6025,VS,Vétroz,VS,
FULL_MATCH,Tévenon (Vaugondry),7042,Tévenon (Vaugondry),7042,VD,Vaugondry,VD,
UNIQUE_ID_MATCH,Verdabbio,7391,Grono (Verdabbio),7391,GR,Verdabbio,GR,
UNIQUE_ID_MATCH,Coira,3901,Chur,3901,GR,Chur,GR,
UNIQUE_ID_MATCH,Feschel-Guttet,6117,Guttet-Feschel,6117,VS,Guttet-Feschel,VS,
UNIQUE_ID_MATCH,Middes,7206,Torny (Middes),7206,FR,Middes,FR,
FULL_MATCH,Surses (Savognin),7337,Surses (Savognin),7337,GR,Savognin,GR,
UNIQUE_ID_MATCH,Erlenbach i. S.,763,Erlenbach im Simmental,763,BE,Erlenbach im Simmental,BE,
SUCCESSOR_MATCH,Oberurnen,1630,Oberurnen,1623,GL,Oberurnen,GL,
SUCCESSOR_MATCH,Bronschhofen,3427,Bronschhofen,3421,SG,Bronschhofen,SG,
FULL_MATCH,Saint-Martin (FR) (Besencens),7307,Saint-Martin (FR) (Besencens),7307,FR,Besencens,FR,
UNIQUE_ID_MATCH,Willisau Land,1151,Willisau,1151,LU,Willisau,LU,
UNIQUE_ID_MATCH,Brienz / Brinzauls,7327,Albula/Alvra (Brienz/Brinzauls),7327,GR,Brienz/Brinzauls GR,GR,
FULL_MATCH,Bergün Filisur (Filisur),7460,Bergün Filisur (Filisur),7460,GR,Filisur,GR,
UNIQUE_ID_MATCH,Brienz/Brinzauls,7327,Albula/Alvra (Brienz/Brinzauls),7327,GR,Brienz/Brinzauls GR,GR,
UNIQUE_ID_MATCH,Brienz/Brinzauls (GR),7327,Albula/Alvra (Brienz/Brinzauls),7327,GR,Brienz/Brinzauls GR,GR,
FULL_MATCH,Rue (Promasens),7179,Rue (Promasens),7179,FR,Promasens,FR,
FULL_MATCH,Avry (Avry-sur-Matran),7231,Avry (Avry-sur-Matran),7231,FR,Avry-sur-Matran,FR,
UNIQUE_ID_MATCH,Villaraboud,7183,Siviriez (Villaraboud),7183,FR,Villaraboud,FR,
SUCCESSOR_MATCH,Agra,5236,Agra,5142,TI,Agra,TI,
UNIQUE_ID_MATCH,La Tour-De-Peilz,5889,La Tour-de-Peilz,5889,VD,La Tour-de-Peilz,VD,
UNIQUE_ID_MATCH,Torny-le-Grand,7207,Torny (Torny-le-Grand),7207,FR,Torny-le-Grand,FR,
SUCCESSOR_MATCH,Barbengo,5192,Barbengo,5147,TI,Barbengo,TI,
FULL_MATCH,Perrefitte,701,Perrefitte,701,BE,Perrefitte,BE,
FULL_MATCH,Villars-Epeney,5935,Villars-Epeney,5935,VD,Villars-Epeney,VD,
UNIQUE_ID_MATCH,Iserables,6134,Isérables,6134,VS,Isérables,VS,
SUCCESSOR_MATCH,Grimentz,6252,Grimentz,6237,VS,Grimentz,VS,
UNIQUE_ID_MATCH,Brienz BE,573,Brienz,573,BE,Brienz BE,BE,
UNIQUE_ID_MATCH,Saint-Sulpice VD,5648,Saint-Sulpice,5648,VD,St-Sulpice VD,VD,
UNIQUE_ID_MATCH,Vuibroye,7084,Oron (Vuibroye),7084,VD,Vuibroye,VD,
FULL_MATCH,Oron (Vuibroye),7084,Oron (Vuibroye),7084,VD,Vuibroye,VD,
UNIQUE_ID_MATCH,"Ponts-de-Martel,Le",6437,Les Ponts-de-Martel,6437,NE,Les Ponts-de-Martel,NE,
UNIQUE_ID_MATCH,Estavayer-Gibloux,7264,Gibloux (Estavayer-le-Gibloux),7264,FR,Estavayer-le-Gibloux,FR,
UNIQUE_ID_MATCH,Buttes,7949,Buttes (Val-de-Travers),7949,NE,Buttes,NE,
UNIQUE_ID_MATCH,Combremont-le-Grand,7067,Valbroye (Combremont-le-Grand),7067,VD,Combremont-le-Grand,VD,
FULL_MATCH,Plateau de Diesse (Diesse),7485,Plateau de Diesse (Diesse),7485,BE,Diesse,BE,
UNIQUE_ID_MATCH,Val D'Illliez,6157,Val-d'Illiez,6157,VS,Val-d'Illiez,VS,
UNIQUE_ID_MATCH,Riex,7035,Bourg-en-Lavaux (Riex),7035,VD,Riex,VD,
UNIQUE_ID_MATCH,Corcelles-sur-Chav,7321,Chavornay (Corcelles-sur-Chavornay),7321,VD,Corcelles-sur-Chavornay,VD,
UNIQUE_ID_MATCH,Cerniaz VD,7066,Valbroye (Cerniaz),7066,VD,Cerniaz VD,VD,
FULL_MATCH,Valbroye (Cerniaz),7066,Valbroye (Cerniaz),7066,VD,Cerniaz VD,VD,
FULL_MATCH,Montanaire (Chanéaz),7089,Montanaire (Chanéaz),7089,VD,Chanéaz,VD,
FULL_MATCH,Montanaire (Correvon),7091,Montanaire (Correvon),7091,VD,Correvon,VD,
UNIQUE_ID_MATCH,Correvon,7091,Montanaire (Correvon),7091,VD,Correvon,VD,
FULL_MATCH,Donneloye (Prahins),7088,Donneloye (Prahins),7088,VD,Prahins,VD,
UNIQUE_ID_MATCH,Neyruz FR,2211,Neyruz,2211,FR,Neyruz FR,FR,
UNIQUE_ID_MATCH,Romanel s/Lausanne,5592,Romanel-sur-Lausanne,5592,VD,Romanel-sur-Lausanne,VD,
UNIQUE_ID_MATCH,Reckingen VS,6077,Goms,6077,VS,Münster VS,VS,
FULL_MATCH,Pont-en-Ogoz (Avry-devant-Pont),7215,Pont-en-Ogoz (Avry-devant-Pont),7215,FR,Avry-devant-Pont,FR,
UNIQUE_ID_MATCH,Münster (GR),7377,Val Müstair (Müstair),7377,GR,Müstair,GR,
UNIQUE_ID_MATCH,Vauderens,7191,Ursy (Vauderens),7191,FR,Vauderens,FR,
FULL_MATCH,Ursy (Vauderens),7191,Ursy (Vauderens),7191,FR,Vauderens,FR,
FULL_MATCH,Delley-Portalban (Portalban),7163,Delley-Portalban (Portalban),7163,FR,Portalban,FR,
SUCCESSOR_MATCH,Vaglio,5226,Vaglio,5228,TI,Vaglio,TI,
MANUAL,Lajoux JU,6750,Lajoux,6750,BE,Lajoux JU,JU,
UNIQUE_ID_MATCH,Büchslen,7297,Murten (Büchslen),7297,FR,Büchslen,FR,
FULL_MATCH,Jorat-Menthue (Sottens),7063,Jorat-Menthue (Sottens),7063,VD,Sottens,VD,
UNIQUE_ID_MATCH,Versam,7433,Safiental (Versam),7433,GR,Versam,GR,
SUCCESSOR_MATCH,Oberehrendingen,4049,Oberehrendingen,4036,AG,Ehrendingen,AG,
UNIQUE_ID_MATCH,Buch a.I.,24,Buch am Irchel,24,ZH,Buch am Irchel,ZH,
UNIQUE_ID_MATCH,Lurtigen,7295,Murten (Lurtigen),7295,FR,Lurtigen,FR,
UNIQUE_ID_MATCH,Val-D'Illiez,6157,Val-d'Illiez,6157,VS,Val-d'Illiez,VS,
UNIQUE_ID_MATCH,Soleure,2601,Solothurn,2601,SO,Solothurn,SO,
UNIQUE_ID_MATCH,Font,7143,Estavayer (Font),7143,FR,Font,FR,
FULL_MATCH,Surses (Salouf),7336,Surses (Salouf),7336,GR,Salouf,GR,
UNIQUE_ID_MATCH,Saas i.P.,7352,Klosters-Serneus (Saas),7352,GR,Klosters,GR,
UNIQUE_ID_MATCH,Lüen,7356,Arosa (Lüen),7356,GR,Lüen,GR,
UNIQUE_ID_MATCH,Heimisbach,958,Trachselwald,958,BE,Trachselwald,BE,
UNIQUE_ID_MATCH,Vira Gambarogno,5398,Gambarogno,5398,TI,Magadino,TI,
SUCCESSOR_MATCH,Coffrane,7929,Coffrane,6474,NE,Coffrane,NE,
UNIQUE_ID_MATCH,Rarogne,6199,Raron,6199,VS,Raron,VS,
UNIQUE_ID_MATCH,Marmorera,7334,Surses (Marmorera),7334,GR,Marmorera,GR,
SUCCESSOR_MATCH,Buchackern,4476,Buchackern,9044,TG,Buchackern,TG,
SUCCESSOR_MATCH,Winikon,1104,Winikon,1106,LU,Winikon,LU,
UNIQUE_ID_MATCH,Fuldera,7375,Val Müstair (Fuldera),7375,GR,Fuldera,GR,
MANUAL,Rudolfstetten-Friedlisb.,4075,Rudolfstetten-Friedlisberg,4075,AG,Rudolfstetten,,
UNIQUE_ID_MATCH,Stierva,7329,Albula/Alvra (Stierva),7329,GR,Stierva,GR,
FULL_MATCH,Albula/Alvra (Stierva),7329,Albula/Alvra (Stierva),7329,GR,Stierva,GR,
UNIQUE_ID_MATCH,Erlenbach ZH,151,Erlenbach,151,ZH,Erlenbach ZH,ZH,
SUCCESSOR_MATCH,Weerswilen,4946,Weerswilen,4895,TG,Weinfelden,TG,
FULL_MATCH_WITHOUT_CANTON_SUFFIX,Münchwilen (AG),4172,Münchwilen,4172,AG,Münchwilen AG,AG,
UNIQUE_ID_MATCH,Niederhunigen,617,Niederhünigen,617,BE,Niederhünigen,BE,
UNIQUE_ID_MATCH,Essert,7243,Le Mouret (Essert),7243,FR,Essert FR,FR,
SUCCESSOR_MATCH,Linthal,1631,Linthal,1613,GL,Linthal,GL,
UNIQUE_ID_MATCH,Romont FR,2096,Romont,2096,FR,Romont FR,FR,
UNIQUE_ID_MATCH,St. Gallen-Tablatt,7867,St. Gallen-Tablat,7867,SG,St. Gallen,SG,
UNIQUE_ID_MATCH,Kästris,7406,Ilanz/Glion (Castrisch),7406,GR,Castrisch,GR,
FULL_MATCH,Gibloux (Magnedens),7269,Gibloux (Magnedens),7269,FR,Magnedens,FR,
SUCCESSOR_MATCH,Unterendingen,4305,Unterendingen,4321,AG,Unterendingen,AG,
UNIQUE_ID_MATCH,Stein AG,4260,Stein,4260,AG,Stein AG,AG,
UNIQUE_ID_MATCH,St-Saphorin (Lavaux),5610,Saint-Saphorin (Lavaux),5610,VD,St-Saphorin (Lavaux),VD,
UNIQUE_ID_MATCH,Vermes,7128,Vermes (Val Terbi),7128,JU,Vermes,JU,
UNIQUE_ID_MATCH,Poliez-le-Grand,7057,Montilliez (Poliez-le-Grand),7057,VD,Poliez-le-Grand,VD,
UNIQUE_ID_MATCH,Roche VD,5413,Roche,5413,VD,Roche VD,VD,
UNIQUE_ID_MATCH,Les Pommerats,7102,Les Pommerats (Saignelégier),7102,JU,Saignelégier,JU,
UNIQUE_ID_MATCH,Neuchatel,6458,Neuchâtel,6458,NE,Neuchâtel,NE,
UNIQUE_ID_MATCH,Le Châble VS,6031,Bagnes,6031,VS,Le Châble VS,VS,
UNIQUE_ID_MATCH,Volleges,6036,Vollèges,6036,VS,Vollèges,VS,
FULL_MATCH,Ilanz/Glion (Luven),7409,Ilanz/Glion (Luven),7409,GR,Luven,GR,
UNIQUE_ID_MATCH,Planfayon,2299,Plaffeien,2299,FR,Plaffeien,FR,
FULL_MATCH_WITHOUT_CANTON_SUFFIX,Münchwilen (TG),4746,Münchwilen,4746,TG,Münchwilen TG,TG,
UNIQUE_ID_MATCH,Courtemaîche,7109,Courtemaîche (Basse-Allaine),7109,JU,Courtemaîche,JU,
UNIQUE_ID_MATCH,Essertines-s-Rolle,5856,Essertines-sur-Rolle,5856,VD,Essertines-sur-Rolle,VD,
UNIQUE_ID_MATCH,Wangen SZ,1349,Wangen,1349,SZ,Wangen SZ,SZ,
MANUAL,Beromüster,1081,Beromünster,1081,LU,Beromünster,LU,
SUCCESSOR_MATCH,Benzenschwil,4234,Benzenschwil,4225,AG,Benzenschwil,AG,
UNIQUE_ID_MATCH,Oulens-Echallens,5529,Oulens-sous-Echallens,5529,VD,Oulens-sous-Echallens,VD,
UNIQUE_ID_MATCH,Dagmarsellen,1125,Dagmersellen,1125,LU,Dagmersellen,LU,
SUCCESSOR_MATCH,Reckingen,6077,Reckingen,6067,VS,Reckingen VS,VS,
UNIQUE_ID_MATCH,Tiefencastel,7331,Albula/Alvra (Tiefencastel),7331,GR,Tiefencastel,GR,
FULL_MATCH,Stocken-Höfen (Oberstocken),7482,Stocken-Höfen (Oberstocken),7482,BE,Oberstocken,BE,
UNIQUE_ID_MATCH,Oberstocken,7482,Stocken-Höfen (Oberstocken),7482,BE,Oberstocken,BE,
UNIQUE_ID_MATCH,Montagny-les-Monts,7154,Montagny (Montagny-les-Monts),7154,FR,Montagny-les-Monts,FR,
UNIQUE_ID_MATCH,Winterthour,230,Winterthur,230,ZH,Winterthur,ZH,
FULL_MATCH,Calanca (Selma),7396,Calanca (Selma),7396,GR,Selma,GR,
SUCCESSOR_MATCH,Brunnadern,7917,Brunnadern,3371,SG,Brunnadern,SG,
UNIQUE_ID_MATCH,Peney-le-Jorat,7062,Jorat-Menthue (Peney-le-Jorat),7062,VD,Peney-le-Jorat,VD,
SUCCESSOR_MATCH,Uzwil-Henau,3408,Uzwil-Henau,7905,SG,Uzwil,SG,
FULL_MATCH,Thusis (Mutten),7459,Thusis (Mutten),7459,GR,Mutten,GR,
UNIQUE_ID_MATCH,Selma,7396,Calanca (Selma),7396,GR,Selma,GR,
UNIQUE_ID_MATCH,Neckertal - St. Peterzell,7918,Neckertal-St. Peterzell,7918,SG,St. Peterzell,SG,
SUCCESSOR_MATCH,Bidogno,5226,Bidogno,5150,TI,Bidogno,TI,
UNIQUE_ID_MATCH,Savognin,7337,Surses (Savognin),7337,GR,Savognin,GR,
UNIQUE_ID_MATCH,Appenzello,3101,Appenzell,3101,AI,Appenzell,AI,
UNIQUE_ID_MATCH,Teufenthal AG,4145,Teufenthal,4145,AG,Teufenthal AG,AG,
FULL_MATCH,Echichens (Saint-Saphorin-sur-Morges),7039,Echichens (Saint-Saphorin-sur-Morges),7039,VD,St-Saphorin-sur-Morges,VD,
FULL_MATCH,Gibloux (Farvagny),7260,Gibloux (Farvagny),7260,FR,Farvagny-le-Grand,FR,
FULL_MATCH,Chur (Maladers),7469,Chur (Maladers),7469,GR,Maladers,GR,
UNIQUE_ID_MATCH,Andest,7464,Breil/Brigels (Andiast),7464,GR,Andiast,GR,
UNIQUE_ID_MATCH,Zurich,261,Zürich,261,ZH,Zürich,ZH,
FULL_MATCH,Surses (Marmorera),7334,Surses (Marmorera),7334,GR,Marmorera,GR,
FULL_MATCH,Tschiertschen-Praden (Tschiertschen),7364,Tschiertschen-Praden (Tschiertschen),7364,GR,Tschiertschen,GR,
FULL_MATCH,Landquart (Mastrils),7382,Landquart (Mastrils),7382,GR,Mastrils,GR,
FULL_MATCH,Kirchdorf (Gelterfingen),7510,Kirchdorf (Gelterfingen),7510,BE,Gelterfingen,BE,
SUCCESSOR_MATCH,Sitterdorf,4511,Sitterdorf,4517,TG,Sitterdorf,TG,
UNIQUE_ID_MATCH,St.Silvester,2303,St. Silvester,2303,FR,St. Silvester,FR,
FULL_MATCH,Domleschg (Paspels),7438,Domleschg (Paspels),7438,GR,Paspels,GR,
FULL_MATCH,Obersaxen Mundaun (Mundaun),7400,Obersaxen Mundaun (Mundaun),7400,GR,Obersaxen,GR,
UNIQUE_ID_MATCH,Illnau-Effretikon ZH,296,Illnau-Effretikon,296,ZH,Effretikon,ZH,
UNIQUE_ID_MATCH,Essert FR,7243,Le Mouret (Essert),7243,FR,Essert FR,FR,
SUCCESSOR_MATCH,Pfäfers-Valens,7922,Pfäfers-Valens,7884,SG,Valens,SG,
UNIQUE_ID_MATCH,Buch SH,2961,Buch,2961,SH,Buch SH,SH,
UNIQUE_ID_MATCH,Bussy (FR),7136,Estavayer (Bussy (FR)),7136,FR,Bussy FR,FR,
UNIQUE_ID_MATCH,Neuenburg,6458,Neuchâtel,6458,NE,Neuchâtel,NE,
SUCCESSOR_MATCH,Kottwil,1128,Kottwil,1133,LU,Kottwil,LU,
SUCCESSOR_MATCH,Uffikon,1125,Uffikon,1144,LU,Uffikon,LU,
MANUAL,Sales,2152,Sâles,2152,FR,Sâles (Gruyère),FR,
FULL_MATCH,Goumoëns (Goumoens-le-Jux),7054,Goumoëns (Goumoens-le-Jux),7054,VD,Goumoens-le-Jux,VD,
FULL_MATCH,Safiental (Versam),7433,Safiental (Versam),7433,GR,Versam,GR,
FULL_MATCH,Ilanz/Glion (Rueun),7413,Ilanz/Glion (Rueun),7413,GR,Rueun,GR,
UNIQUE_ID_MATCH,Tenna,7435,Safiental (Tenna),7435,GR,Tenna,GR,
UNIQUE_ID_MATCH,Chavannes-s-Moudon,5665,Chavannes-sur-Moudon,5665,VD,Chavannes-sur-Moudon,VD,
UNIQUE_ID_MATCH,Châtel-Montsalvens,2128,Châtel-sur-Montsalvens,2128,FR,Châtel-sur-Montsalvens,FR,
UNIQUE_ID_MATCH,Seigneux,7072,Valbroye (Seigneux),7072,VD,Seigneux,VD,
UNIQUE_ID_MATCH,Wald AR,3036,Wald,3036,AR,Wald AR,AR,
FULL_MATCH,Tévenon (Fontanezier),7040,Tévenon (Fontanezier),7040,VD,Fontanezier,VD,
UNIQUE_ID_MATCH,Hasle-Burgdorf,406,Hasle bei Burgdorf,406,BE,Hasle b. Burgdorf,BE,
UNIQUE_ID_MATCH,Burgdolf,404,Burgdorf,404,BE,Burgdorf,BE,
UNIQUE_ID_MATCH,Lengwil TG,4683,Lengwil,4683,TG,Lengwil,TG,
UNIQUE_ID_MATCH,Villarimboud,7536,Villaz (Villarimboud),7536,FR,Villarimboud,FR,
SUCCESSOR_MATCH,Wildhaus,7920,Wildhaus,3357,SG,Wildhaus,SG,
FULL_MATCH,Metzerlen,2477,Metzerlen,2477,SO,Metzerlen,SO,
UNIQUE_ID_MATCH,Sant Antonio,5002,Bellinzona,5002,TI,Bellinzona,TI,
FULL_MATCH,Gibloux (Rossens (FR)),7262,Gibloux (Rossens (FR)),7262,FR,Rossens FR,FR,
UNIQUE_ID_MATCH,Rossens (FR),7262,Gibloux (Rossens (FR)),7262,FR,Rossens FR,FR,
UNIQUE_ID_MATCH,Rossens FR,7262,Gibloux (Rossens (FR)),7262,FR,Rossens FR,FR,
UNIQUE_ID_MATCH,Fiaugères,7308,Saint-Martin (FR) (Fiaugères),7308,FR,Fiaugères,FR,
UNIQUE_ID_MATCH,Farvagny-Le-Pt,7271,Gibloux (Farvagny-le-Petit),7271,FR,Farvagny-le-Petit,FR,
FULL_MATCH,Villaz (La Folliaz),7533,Villaz (La Folliaz),7533,FR,Villaz-St-Pierre,FR,
FULL_MATCH,Saas Fee,6290,Saas Fee,6290,VS,Saas-Fee,VS,
FULL_MATCH,Somvix,3985,Somvix,3985,GR,Sumvitg,GR,
UNIQUE_ID_MATCH,Surava,7330,Albula/Alvra (Surava),7330,GR,Surava,GR,
SUCCESSOR_MATCH,Vaumarcus,7519,Vaumarcus,6415,NE,Vaumarcus,NE,
FULL_MATCH,Saas Balen,6289,Saas Balen,6289,VS,Saas-Balen,VS,
MANUAL,Saas-Allmagell,6288,Saas-Almagell,6288,VS,Saas-Almagell,VS,
UNIQUE_ID_MATCH,Schwendi b. Thun,7854,Schwendi,7854,BE,Heiligenschwendi,BE,
UNIQUE_ID_MATCH,Bern-Burger,351,Bern,351,BE,Bern,BE,
UNIQUE_ID_MATCH,Sumsiwald,957,Sumiswald,957,BE,Sumiswald,BE,
UNIQUE_ID_MATCH,Ruschein,7414,Ilanz/Glion (Ruschein),7414,GR,Ruschein,GR,
FULL_MATCH_WITHOUT_CANTON_SUFFIX,Lohn (SO),7859,Lohn,7859,SO,Lohn-Ammannsegg,SO,
SUCCESSOR_MATCH,Kyburg-Buchegg,2465,Kyburg-Buchegg,2453,SO,Kyburg-Buchegg,SO,
UNIQUE_ID_MATCH,Bioley-Magnoux VD,5903,Bioley-Magnoux,5903,VD,Bioley-Magnoux,VD,
UNIQUE_ID_MATCH,Rosinieres,5842,Rossinière,5842,VD,Rossinière,VD,
FULL_MATCH,Mont-Vully (Bas-Vully),7302,Mont-Vully (Bas-Vully),7302,FR,Praz (Vully),FR,
UNIQUE_ID_MATCH,Rossiniere,5842,Rossinière,5842,VD,Rossinière,VD,
UNIQUE_ID_MATCH,Rossinieres,5842,Rossinière,5842,VD,Rossinière,VD,
UNIQUE_ID_MATCH,Wahlern (Schwarzenburg),855,Schwarzenburg,855,BE,Schwarzenburg,BE,
SUCCESSOR_MATCH,Niederried bei Kallnach,304,Niederried bei Kallnach,308,BE,Kallnach,BE,
SUCCESSOR_MATCH,Montmollin,7937,Montmollin,6482,NE,Montmollin,NE,
UNIQUE_ID_MATCH,Molinis,7357,Arosa (Molinis),7357,GR,Molinis,GR,
FULL_MATCH,Arosa (Molinis),7357,Arosa (Molinis),7357,GR,Molinis,GR,
SUCCESSOR_MATCH,Niedererlinsbach,2503,Niedererlinsbach,2494,SO,Erlinsbach SO,SO,
UNIQUE_ID_MATCH,Fontanezier,7040,Tévenon (Fontanezier),7040,VD,Fontanezier,VD,
SUCCESSOR_MATCH_WITHOUT_CANTON_SUFFIX,Ferlens (VD),7132,Ferlens,5789,VD,Ferlens VD,VD,
UNIQUE_ID_MATCH,Ferlens VD,7132,Jorat-Mézières (Ferlens),7132,VD,Ferlens VD,VD,
UNIQUE_ID_MATCH,Valeyres-Sous-Ursins,5934,Valeyres-sous-Ursins,5934,VD,Valeyres-sous-Ursins,VD,
UNIQUE_ID_MATCH,Aubonne (Montherod),5432,Montherod,5432,VD,Montherod,VD,
UNIQUE_ID_MATCH,Vuarmarens,7186,Ursy (Vuarmarens),7186,FR,Vuarmarens,FR,
FULL_MATCH,Aubonne (Pizy),7051,Aubonne (Pizy),7051,VD,Pizy,VD,
UNIQUE_ID_MATCH,Château-D'Oex,5841,Château-d'Oex,5841,VD,Château-d'Oex,VD,
SUCCESSOR_MATCH,Matt,1631,Matt,1615,GL,Matt,GL,
UNIQUE_ID_MATCH,Trub,909,Trubschachen,909,BE,Trubschachen,BE,
UNIQUE_ID_MATCH,Saas im Prättigau,7352,Klosters-Serneus (Saas),7352,GR,Klosters,GR,
UNIQUE_ID_MATCH,Monnaz,7038,Echichens (Monnaz),7038,VD,Monnaz,VD,
FULL_MATCH,Echichens (Monnaz),7038,Echichens (Monnaz),7038,VD,Monnaz,VD,
UNIQUE_ID_MATCH,La Baroche,7107,Pleujouse (La Baroche),7107,JU,Pleujouse,JU,
FULL_MATCH,Avenches (Donatyre),7028,Avenches (Donatyre),7028,VD,Donatyre,VD,
FULL_MATCH,Scuol (Sent),7369,Scuol (Sent),7369,GR,Sent,GR,
UNIQUE_ID_MATCH,Bas-Vully,7302,Mont-Vully (Bas-Vully),7302,FR,Praz (Vully),FR,
SUCCESSOR_MATCH_WITHOUT_CANTON_SUFFIX,Stein (SG),7956,Stein,3356,SG,Stein SG,SG,
SUCCESSOR_MATCH,Untersteckholz,329,Untersteckholz,343,BE,Untersteckholz,BE,
SUCCESSOR_MATCH,Röthenbach bei Herzogenbuchsee,977,Röthenbach bei Herzogenbuchsee,986,BE,Heimenhausen,BE,
MANUAL,Rüthi SG,3256,Rüthi,3256,SG,Rüthi (Rheintal),SG,bis 1994 offiziell Rüthi (Rheintal) genannt
UNIQUE_ID_MATCH,Münchwilen TG,4746,Münchwilen,4746,TG,Münchwilen TG,TG,
SUCCESSOR_MATCH,Ettenhausen,4551,Ettenhausen,4553,TG,Ettenhausen TG,TG,
UNIQUE_ID_MATCH,Hergiswil-Willisau,1132,Hergiswil bei Willisau,1132,LU,Hergiswil b. Willisau,LU,
UNIQUE_ID_MATCH,Oetwil a.d.Limmat,246,Oetwil an der Limmat,246,ZH,Oetwil an der Limmat,ZH,
FULL_MATCH,Safiental (Valendas),7432,Safiental (Valendas),7432,GR,Valendas,GR,
UNIQUE_ID_MATCH,Seewis im Oberland,7416,Ilanz/Glion (Sevgein),7416,GR,Sevgein,GR,
UNIQUE_ID_MATCH,Matten b. Interlak,587,Matten bei Interlaken,587,BE,Matten b. Interlaken,BE,
SUCCESSOR_MATCH,Sulz,4170,Sulz,4178,AG,Sulz AG,AG,
UNIQUE_ID_MATCH,Monsang,3394,Mosnang,3394,SG,Mosnang,SG,
UNIQUE_ID_MATCH,Cordast,7280,Gurmels (Cordast),7280,FR,Cordast,FR,
UNIQUE_ID_MATCH,Guschelmuth,7281,Gurmels (Guschelmuth),7281,FR,Guschelmuth,FR,
FULL_MATCH,Gurmels (Grossgurmels),7285,Gurmels (Grossgurmels),7285,FR,Gurmels,FR,
UNIQUE_ID_MATCH,Estavayer Forel FR,7145,Estavayer (Forel (FR)),7145,FR,Forel FR,FR,
FULL_MATCH,Gurmels (Cordast),7280,Gurmels (Cordast),7280,FR,Cordast,FR,
UNIQUE_ID_MATCH,Bleiken bei Oberdiessbach,7477,Oberdiessbach (Bleiken bei Oberdiessbach),7477,BE,Bleiken b. Oberdiessbach,BE,
UNIQUE_ID_MATCH,Bleiken b. Oberdiessbach,619,Oberdiessbach,619,BE,Oberdiessbach,BE,
SUCCESSOR_MATCH,Bleiken,4506,Bleiken,9042,TG,Sulgen,TG,
UNIQUE_ID_MATCH,Bleiken b. Oberdib,619,Oberdiessbach,619,BE,Oberdiessbach,BE,
FULL_MATCH,Oberdiessbach (Bleiken bei Oberdiessbach),7477,Oberdiessbach (Bleiken bei Oberdiessbach),7477,BE,Bleiken b. Oberdiessbach,BE,
UNIQUE_ID_MATCH,Oberdiessbach (Bleiken bei Oberdiessbach,619,Oberdiessbach,619,BE,Oberdiessbach,BE,
SUCCESSOR_MATCH,Krummenau,7957,Krummenau,3354,SG,Krummenau,SG,
UNIQUE_ID_MATCH,"Chaux-de-Fonds, La",6421,La Chaux-de-Fonds,6421,NE,La Chaux-de-Fonds,NE,
MANUAL,Beinwil (Freiamt) AG,4224,Beinwil (Freiamt),4224,AG,Beinwil (Freiamt),AG,Bis Ende 1950 hiess die Gemeinde Beinwil bei Muri.
UNIQUE_ID_MATCH,Teuffenthal BE,940,Teuffenthal,940,BE,Teuffenthal b. Thun,BE,
FULL_MATCH,Lumnezia (Lumbrein),7420,Lumnezia (Lumbrein),7420,GR,Lumbrein,GR,
FULL_MATCH,Brigels,3981,Brigels,3981,GR,Breil/Brigels,GR,
SUCCESSOR_MATCH,Rieden,7955,Rieden,3314,SG,Rieden SG,SG,
UNIQUE_ID_MATCH,Cressier NE,6452,Cressier,6452,NE,Cressier NE,NE,
UNIQUE_ID_MATCH,Cerniaz,7066,Valbroye (Cerniaz),7066,VD,Cerniaz VD,VD,
UNIQUE_ID_MATCH,Cerniaz (VD),7066,Valbroye (Cerniaz),7066,VD,Cerniaz VD,VD,
UNIQUE_ID_MATCH,Rueun,7413,Ilanz/Glion (Rueun),7413,GR,Rueun,GR,
UNIQUE_ID_MATCH,Ruis,7413,Ilanz/Glion (Rueun),7413,GR,Rueun,GR,
UNIQUE_ID_MATCH,Rossinère,5842,Rossinière,5842,VD,Rossinière,VD,
FULL_MATCH,Ilanz/Glion (Ladir),7408,Ilanz/Glion (Ladir),7408,GR,Ladir,GR,
UNIQUE_ID_MATCH,Luven,7409,Ilanz/Glion (Luven),7409,GR,Luven,GR,
FULL_MATCH,Cazis (Präz),7447,Cazis (Präz),7447,GR,Präz,GR,
FULL_MATCH,Allmendingen,630,Allmendingen,630,BE,Allmendingen b. Bern,BE,
FULL_MATCH,Ilanz/Glion (Ruschein),7414,Ilanz/Glion (Ruschein),7414,GR,Ruschein,GR,
UNIQUE_ID_MATCH,Mundaun,7400,Obersaxen Mundaun (Mundaun),7400,GR,Obersaxen,GR,
UNIQUE_ID_MATCH,Igels,7419,Lumnezia (Degen),7419,GR,Degen,GR,
FULL_MATCH,Lumnezia (Camuns),7426,Lumnezia (Camuns),7426,GR,Camuns,GR,
FULL_MATCH,Splügen (Medels i. Rh.),7452,Splügen (Medels i. Rh.),7452,GR,Medels im Rheinwald,GR,
FULL_MATCH,Obersaxen Mundaun (Surcuolm),7402,Obersaxen Mundaun (Surcuolm),7402,GR,Surcuolm,GR,
UNIQUE_ID_MATCH,Pitasch,7411,Ilanz/Glion (Pitasch),7411,GR,Pitasch,GR,
UNIQUE_ID_MATCH,Châtillens,7076,Oron (Châtillens),7076,VD,Châtillens,VD,
FULL_MATCH,Ilanz/Glion (Siat),7417,Ilanz/Glion (Siat),7417,GR,Siat,GR,
FULL_MATCH,Bas-Intyamon (Enney),7226,Bas-Intyamon (Enney),7226,FR,Enney,FR,
UNIQUE_ID_MATCH,Estavannens,7227,Bas-Intyamon (Estavannens),7227,FR,Estavannens,FR,
FULL_MATCH,Bas-Intyamon (Estavannens),7227,Bas-Intyamon (Estavannens),7227,FR,Estavannens,FR,
SUCCESSOR_MATCH,Ligornetto,5254,Ligornetto,5253,TI,Ligornetto,TI,
UNIQUE_ID_MATCH,La Tour-De-Trême,7220,Bulle (La Tour-de-Trême),7220,FR,La Tour-de-Trême,FR,
UNIQUE_ID_MATCH,La Tour-De-Treme,7220,Bulle (La Tour-de-Trême),7220,FR,La Tour-de-Trême,FR,
FULL_MATCH,Miécourt (La Baroche),7106,Miécourt (La Baroche),7106,JU,Miécourt,JU,
UNIQUE_ID_MATCH,Lentigny,7251,La Brillaz (Lentigny),7251,FR,Lentigny,FR,
SUCCESSOR_MATCH,Viganello,5192,Viganello,5234,TI,Viganello,TI,
SUCCESSOR_MATCH,Rancate,5254,Rancate,5262,TI,Rancate,TI,
UNIQUE_ID_MATCH,ilanz,3619,Ilanz/Glion,3619,GR,Ilanz,GR,
UNIQUE_ID_MATCH,Fenin-Vilars-Saule,7932,Fenin-Vilars-Saules (Val-de-Ruz),7932,NE,Fenin,NE,
FULL_MATCH,Rheinwald (Splügen),7522,Rheinwald (Splügen),7522,GR,Splügen,GR,
UNIQUE_ID_MATCH,Dommartin,7055,Montilliez (Dommartin),7055,VD,Dommartin,VD,
SUCCESSOR_MATCH,Chandolin,6252,Chandolin,6233,VS,Chandolin,VS,
FULL_MATCH,Ilanz/Glion (Riein),7412,Ilanz/Glion (Riein),7412,GR,Riein,GR,
FULL_MATCH,Domleschg (Almens),7437,Domleschg (Almens),7437,GR,Almens,GR,
FULL_MATCH,Lumnezia (Surcasti),7427,Lumnezia (Surcasti),7427,GR,Surcasti,GR,
FULL_MATCH,Montanaire (Saint-Cierges),7096,Montanaire (Saint-Cierges),7096,VD,St-Cierges,VD,
FULL_MATCH_WITHOUT_CANTON_SUFFIX,Roche (VD),5413,Roche,5413,VD,Roche VD,VD,
UNIQUE_ID_MATCH,Pontetresa,5213,Ponte Tresa,5213,TI,Ponte Tresa,TI,
SUCCESSOR_MATCH,Pedrinate,5250,Pedrinate,5261,TI,Pedrinate,TI,
SUCCESSOR_MATCH,Comologno,5136,Comologno,5100,TI,Comologno,TI,
FULL_MATCH,Ilanz/Glion (Duvin),7407,Ilanz/Glion (Duvin),7407,GR,Duvin,GR,
UNIQUE_ID_MATCH,Duvin,7407,Ilanz/Glion (Duvin),7407,GR,Duvin,GR,
UNIQUE_ID_MATCH,Mezzovico,5199,Mezzovico-Vira,5199,TI,Mezzovico,TI,
UNIQUE_ID_MATCH,Maennedorf,155,Männedorf,155,ZH,Männedorf,ZH,
SUCCESSOR_MATCH,Corticiasca,5226,Corticiasca,5177,TI,Corticiasca,TI,
UNIQUE_ID_MATCH,Champmartin,7023,Cudrefin (Champmartin),7023,VD,Cudrefin,VD,
SUCCESSOR_MATCH,Loco,5136,Loco,5114,TI,Loco,TI,
UNIQUE_ID_MATCH,Pignia,7451,Andeer (Pignia),7451,GR,Pignia,GR,
MANUAL,Muntogna da Schons (Donat),3705,Donat,3705,GR,Donat,GR,3715 Muntogna da Schons
UNIQUE_ID_MATCH,Salouf,7336,Surses (Salouf),7336,GR,Salouf,GR,
UNIQUE_ID_MATCH,Salux,7336,Surses (Salouf),7336,GR,Salouf,GR,
SUCCESSOR_MATCH,Caneggio,5269,Caneggio,5246,TI,Caneggio,TI,
UNIQUE_ID_MATCH,Montbovon,7213,Haut-Intyamon (Montbovon),7213,FR,Montbovon,FR,
FULL_MATCH,Val Müstair (Sta. Maria),7378,Val Müstair (Sta. Maria),7378,GR,Sta. Maria Val Müstair,GR,
UNIQUE_ID_MATCH,Bressaucourt,7130,Bressaucourt (Fontenais),7130,JU,Fontenais,JU,
UNIQUE_ID_MATCH,Bussigny-sur-Oron,7075,Oron (Bussigny-sur-Oron),7075,VD,Bussigny-sur-Oron,VD,
UNIQUE_ID_MATCH,Léchelles,7166,Belmont-Broye (Léchelles),7166,FR,Léchelles,FR,
FULL_MATCH,Oron (Bussigny-sur-Oron),7075,Oron (Bussigny-sur-Oron),7075,VD,Bussigny-sur-Oron,VD,
UNIQUE_ID_MATCH,Palézieux,7083,Oron (Palézieux),7083,VD,Palézieux,VD,
FULL_MATCH,Ilanz/Glion (Ilanz),7404,Ilanz/Glion (Ilanz),7404,GR,Ilanz,GR,
FULL_MATCH,Ilanz/Glion (Schnaus),7415,Ilanz/Glion (Schnaus),7415,GR,Schnaus,GR,
SUCCESSOR_MATCH,Gluringen,6077,Gluringen,6060,VS,Gluringen,VS,
UNIQUE_ID_MATCH,Dombresson Val-de-Ruz,7930,Dombresson (Val-de-Ruz),7930,NE,Dombresson,NE,
UNIQUE_ID_MATCH,Souboz,7493,Petit-Val (Souboz),7493,BE,Souboz,BE,
UNIQUE_ID_MATCH,St-Nicolas,6292,St. Niklaus,6292,VS,St. Niklaus VS,VS,
FULL_MATCH,Estavayer (Font),7143,Estavayer (Font),7143,FR,Font,FR,
UNIQUE_ID_MATCH,Colombier (VD),7037,Echichens (Colombier),7037,VD,Colombier VD,VD,
FULL_MATCH,Torny (Torny-le-Grand),7207,Torny (Torny-le-Grand),7207,FR,Torny-le-Grand,FR,
FULL_MATCH,Seeberg (Hermiswil),7508,Seeberg (Hermiswil),7508,BE,Hermiswil,BE,
FULL_MATCH,Damvant (Haute-Ajoie),7119,Damvant (Haute-Ajoie),7119,JU,Damvant,JU,
FULL_MATCH,Obersaxen Mundaun (Flond),7401,Obersaxen Mundaun (Flond),7401,GR,Flond,GR,
SUCCESSOR_MATCH,Arzo,5254,Arzo,5241,TI,Arzo,TI,
UNIQUE_ID_MATCH,Bergün/Bravuogn,7461,Bergün Filisur (Bergün/Bravuogn),7461,GR,Bergün/Bravuogn,GR,
UNIQUE_ID_MATCH,Oleyres,7074,Avenches (Oleyres),7074,VD,Oleyres,VD,
UNIQUE_ID_MATCH,Castrisch,7406,Ilanz/Glion (Castrisch),7406,GR,Castrisch,GR,
SUCCESSOR_MATCH,Savagnier,7939,Savagnier,6484,NE,Savagnier,NE,
UNIQUE_ID_MATCH,Neirivue,7214,Haut-Intyamon (Neirivue),7214,FR,Neirivue,FR,
UNIQUE_ID_MATCH,Sommentier,7199,Vuisternens-devant-Romont (Sommentier),7199,FR,Sommentier,FR,
UNIQUE_ID_MATCH,Val-de-Travers NE,6512,Val-de-Travers,6512,NE,Travers,NE,
UNIQUE_ID_MATCH,Leuzingen,388,Leuzigen,388,BE,Leuzigen,BE,
UNIQUE_ID_MATCH,Schoeftland,4144,Schöftland,4144,AG,Schöftland,AG,
SUCCESSOR_MATCH,Brig,6002,Brig,9096,VS,Brig,VS,
UNIQUE_ID_MATCH,Pignieu,7451,Andeer (Pignia),7451,GR,Pignia,GR,
FULL_MATCH,Andeer (Pignia),7451,Andeer (Pignia),7451,GR,Pignia,GR,
SUCCESSOR_MATCH,Bironico,5238,Bironico,5153,TI,Bironico,TI,
SUCCESSOR_MATCH,Intragna,5397,Intragna,5111,TI,Intragna,TI,
UNIQUE_ID_MATCH,Tumegl/Tomils,7442,Domleschg (Tumegl/Tomils),7442,GR,Tumegl/Tomils,GR,
FULL_MATCH_WITHOUT_CANTON_SUFFIX,Ependes (VD),5914,Ependes,5914,VD,Ependes VD,VD,
UNIQUE_ID_MATCH,Peyres-Possens,7095,Montanaire (Peyres-Possens),7095,VD,Peyres-Possens,VD,
UNIQUE_ID_MATCH,Villars-St-Croix,5651,Villars-Ste-Croix,5651,VD,Villars-Ste-Croix,VD,
FULL_MATCH_WITHOUT_CANTON_SUFFIX,La Verrerie (FR),2338,La Verrerie,2338,FR,La Verrerie,FR,
UNIQUE_ID_MATCH,Colombier NE,7925,Colombier (Milvignes),7925,NE,Colombier NE,NE,
SUCCESSOR_MATCH,Bôle,7924,Bôle,6403,NE,Bôle,NE,
UNIQUE_ID_MATCH,Vaugondry,7042,Tévenon (Vaugondry),7042,VD,Vaugondry,VD,
UNIQUE_ID_MATCH,Augio,7398,Rossa (Augio),7398,GR,Augio,GR,
UNIQUE_ID_MATCH,Fontaines NE,7934,Fontaines (Val-de-Ruz),7934,NE,Fontaines NE,NE,
FULL_MATCH_WITHOUT_CANTON_SUFFIX,Cottens (VD),5478,Cottens,5478,VD,Cottens VD,VD,
UNIQUE_ID_MATCH,Grandvaux,7034,Bourg-en-Lavaux (Grandvaux),7034,VD,Grandvaux,VD,
UNIQUE_ID_MATCH,St-Brais,6758,Saint-Brais,6758,JU,St-Brais,JU,
UNIQUE_ID_MATCH,Denezy,7092,Montanaire (Denezy),7092,VD,Denezy,VD,
UNIQUE_ID_MATCH,Cheserex,5709,Chéserex,5709,VD,Chéserex,VD,
UNIQUE_ID_MATCH,Chavannes-sous-Orsonnens,7201,Villorsonnens (Chavannes-sous-Orsonnens),7201,FR,Chavannes-sous-Orsonnens,FR,
UNIQUE_ID_MATCH,Montanaire (Chapelle-sur-Moud),7090,Montanaire (Chapelle-sur-Moudon),7090,VD,Chapelle-sur-Moudon,VD,
UNIQUE_ID_MATCH,Corcellles-Cormondrèche,6407,Corcelles-Cormondrèche,6407,NE,Cormondrèche,NE,
FULL_MATCH,Oron (Les Thioleyres),7080,Oron (Les Thioleyres),7080,VD,Les Thioleyres,VD,
UNIQUE_ID_MATCH,Magnedens,7269,Gibloux (Magnedens),7269,FR,Magnedens,FR,
SUCCESSOR_MATCH,Chesalles-sur-Moudon,7317,Chesalles-sur-Moudon,5666,VD,Chesalles-sur-Moudon,VD,
UNIQUE_ID_MATCH,Carrouge VD,7131,Jorat-Mézières (Carrouge),7131,VD,Carrouge VD,VD,
UNIQUE_ID_MATCH,Estavayer-Le-Gibloux,7264,Gibloux (Estavayer-le-Gibloux),7264,FR,Estavayer-le-Gibloux,FR,
UNIQUE_ID_MATCH,Romanel-sur-Laus,5592,Romanel-sur-Lausanne,5592,VD,Romanel-sur-Lausanne,VD,
UNIQUE_ID_MATCH,Oulens s/Echallens,5529,Oulens-sous-Echallens,5529,VD,Oulens-sous-Echallens,VD,
UNIQUE_ID_MATCH,Oulens-Sous-Echallens,5529,Oulens-sous-Echallens,5529,VD,Oulens-sous-Echallens,VD,
UNIQUE_ID_MATCH,Gründischwand,578,Gündlischwand,578,BE,Gündlischwand,BE,
UNIQUE_ID_MATCH,St-Jean VS,6252,Anniviers,6252,VS,Ayer,VS,
UNIQUE_ID_MATCH,Basse-Nendaz,6024,Nendaz,6024,VS,Basse-Nendaz,VS,
UNIQUE_ID_MATCH,Plan-les Ouates,6633,Plan-les-Ouates,6633,GE,Plan-les-Ouates,GE,
FULL_MATCH,Jorat-Menthue (Peney-le-Jorat),7062,Jorat-Menthue (Peney-le-Jorat),7062,VD,Peney-le-Jorat,VD,
UNIQUE_ID_MATCH,Bévilard,7496,Valbirse (Bévilard),7496,BE,Bévilard,BE,
UNIQUE_ID_MATCH,Bevilard,717,Valbirse,717,BE,Malleray,BE,
UNIQUE_ID_MATCH,Avry-devant-Pont,7215,Pont-en-Ogoz (Avry-devant-Pont),7215,FR,Avry-devant-Pont,FR,
FULL_MATCH,Bussy-Chardonney (Chardonney-sur-Morges),7016,Bussy-Chardonney (Chardonney-sur-Morges),7016,VD,Bussy-Chardonney,VD,
FULL_MATCH,Estavayer (Bussy (FR)),7136,Estavayer (Bussy (FR)),7136,FR,Bussy FR,FR,
UNIQUE_ID_MATCH,Siviriez Prez-vers-Siviriez,7182,Siviriez (Prez-vers-Siviriez),7182,FR,Prez-vers-Siviriez,FR,
UNIQUE_ID_MATCH,Bussy,7136,Estavayer (Bussy (FR)),7136,FR,Bussy FR,FR,
UNIQUE_ID_MATCH,Prez-Vers Siviriez,7182,Siviriez (Prez-vers-Siviriez),7182,FR,Prez-vers-Siviriez,FR,
FULL_MATCH,Siviriez (Prez-vers-Siviriez),7182,Siviriez (Prez-vers-Siviriez),7182,FR,Prez-vers-Siviriez,FR,
UNIQUE_ID_MATCH,Bussy FR,7136,Estavayer (Bussy (FR)),7136,FR,Bussy FR,FR,
FULL_MATCH,Prez (Corserey),7525,Prez (Corserey),7525,FR,Corserey,FR,
FULL_MATCH,Hauterive (FR) (Ecuvillens),7249,Hauterive (FR) (Ecuvillens),7249,FR,Ecuvillens,FR,
UNIQUE_ID_MATCH,Biel-Bözingen,7851,Bözingen,7851,BE,Biel/Bienne,BE,
FULL_MATCH,Epauvillers (Clos du Doubs),7111,Epauvillers (Clos du Doubs),7111,JU,Epauvillers,JU,
UNIQUE_ID_MATCH,Corcelles-Payerne,5816,Corcelles-près-Payerne,5816,VD,Corcelles-près-Payerne,VD,
UNIQUE_ID_MATCH,Saint-Cierges,7096,Montanaire (Saint-Cierges),7096,VD,St-Cierges,VD,
UNIQUE_ID_MATCH,Lavey-Village,5406,Lavey-Morcles,5406,VD,Morcles,VD,
UNIQUE_ID_MATCH,Bruenisried,2292,Brünisried,2292,FR,Brünisried,FR,
FULL_MATCH,Lussery-Villars (Lussery),7022,Lussery-Villars (Lussery),7022,VD,Lussery-Villars,VD,
UNIQUE_ID_MATCH,Combremont-Petit,7068,Valbroye (Combremont-le-Petit),7068,VD,Combremont-le-Petit,VD,
FULL_MATCH,Montreux (Montreux-Planches),7018,Montreux (Montreux-Planches),7018,VD,Montreux,VD,
UNIQUE_ID_MATCH,Ausserbeg,6191,Ausserberg,6191,VS,Ausserberg,VS,
FULL_MATCH,Maracon (La Rogivue),7024,Maracon (La Rogivue),7024,VD,Maracon,VD,
UNIQUE_ID_MATCH,Holderbank SO,2425,Holderbank,2425,SO,Holderbank SO,SO,
FULL_MATCH,Belmont-Broye (Léchelles),7166,Belmont-Broye (Léchelles),7166,FR,Léchelles,FR,
SUCCESSOR_MATCH,Gutenburg,332,Gutenburg,327,BE,Gutenburg,BE,
UNIQUE_ID_MATCH,Affoltern i/E,951,Affoltern im Emmental,951,BE,Affoltern im Emmental,BE,
UNIQUE_ID_MATCH,Rugsau,956,Rüegsau,956,BE,Rüegsau,BE,
UNIQUE_ID_MATCH,Rügsau,956,Rüegsau,956,BE,Rüegsau,BE,
FULL_MATCH,Vully-les-Lacs (Chabrey),7045,Vully-les-Lacs (Chabrey),7045,VD,Chabrey,VD,
UNIQUE_ID_MATCH,Montsevelier Val Terbi,7127,Montsevelier (Val Terbi),7127,JU,Montsevelier,JU,
UNIQUE_ID_MATCH,"Verrières, Les",6511,Les Verrières,6511,NE,Les Verrières,NE,
UNIQUE_ID_MATCH,Santa Maria im Münstertal,7378,Val Müstair (Sta. Maria),7378,GR,Sta. Maria Val Müstair,GR,
UNIQUE_ID_MATCH,Rickenbach LU,1097,Rickenbach,1097,LU,Rickenbach LU,LU,
SUCCESSOR_MATCH,Aquila,5049,Aquila,5031,TI,Aquila,TI,
UNIQUE_ID_MATCH,Bramois/Sion,6266,Sion,6266,VS,Sion,VS,
UNIQUE_ID_MATCH,Salgesch VS,6113,Salgesch,6113,VS,Salgesch,VS,
SUCCESSOR_MATCH,Oberhofen,4184,Oberhofen,4174,AG,Oberhofen AG,AG,
SUCCESSOR_MATCH,Birgisch,6007,Birgisch,6001,VS,Birgisch,VS,
FULL_MATCH,Scuol (Ardez),7366,Scuol (Ardez),7366,GR,Ardez,GR,
SUCCESSOR_MATCH,Mühlebach,6056,Mühlebach,6062,VS,Ernen,VS,
UNIQUE_ID_MATCH,Port Valais,6154,Port-Valais,6154,VS,Bouveret,VS,
FULL_MATCH,Courtepin (Barberêche),7275,Courtepin (Barberêche),7275,FR,Barberêche,FR,
UNIQUE_ID_MATCH,Môtiers (NE),7943,Môtiers (Val-de-Travers),7943,NE,Môtiers NE,NE,
UNIQUE_ID_MATCH,Rueyres-Saint-Laurent,7265,Gibloux (Rueyres-Saint-Laurent),7265,FR,Rueyres-St-Laurent,FR,
UNIQUE_ID_MATCH,Berne,351,Bern,351,BE,Bern,BE,
FULL_MATCH,Gibloux (Grenilles),7272,Gibloux (Grenilles),7272,FR,Grenilles,FR,
FULL_MATCH_WITHOUT_CANTON_SUFFIX,Lohn (GR),3707,Lohn,3707,GR,Lohn GR,GR,
UNIQUE_ID_MATCH,Seleute,7117,Seleute (Clos du Doubs),7117,JU,Seleute,JU,
SUCCESSOR_MATCH,Villaz-Saint-Pierre (Fuyens),7534,Villaz-Saint-Pierre (Fuyens),7192,FR,Villaz-St-Pierre,FR,
FULL_MATCH,Tévenon (Romairon),7041,Tévenon (Romairon),7041,VD,Romairon,VD,
UNIQUE_ID_MATCH,Essert-s-Champvent,7085,Champvent (Essert-sous-Champvent),7085,VD,Essert-sous-Champvent,VD,
FULL_MATCH,Surses (Cunter),7333,Surses (Cunter),7333,GR,Cunter,GR,
FULL_MATCH,Siviriez (Villaraboud),7183,Siviriez (Villaraboud),7183,FR,Villaraboud,FR,
FULL_MATCH,Saint-Aubin (FR) (Les Friques),7155,Saint-Aubin (FR) (Les Friques),7155,FR,Les Friques,FR,
UNIQUE_ID_MATCH,Saint-Aubin FR,2041,Saint-Aubin,2041,FR,St-Aubin FR,FR,
SUCCESSOR_MATCH,Forel-sur-Lucens,7319,Forel-sur-Lucens,5672,VD,Forel-sur-Lucens,VD,
FULL_MATCH,Hüniken,2524,Hüniken,2524,SO,Hüniken,SO,
FULL_MATCH,Pont-en-Ogoz (Villars-d'Affry),7218,Pont-en-Ogoz (Villars-d'Affry),7218,FR,Le Bry,FR,
UNIQUE_ID_MATCH,Chatel-St-Denis,2325,Châtel-Saint-Denis,2325,FR,Châtel-St-Denis,FR,
UNIQUE_ID_MATCH,Mastrils,7382,Landquart (Mastrils),7382,GR,Mastrils,GR,
UNIQUE_ID_MATCH,St-Aubin Sauges,7518,Saint-Aubin-Sauges (La Grande Béroche),7518,NE,St-Aubin-Sauges,NE,
SUCCESSOR_MATCH_WITHOUT_CANTON_SUFFIX,Le Pâquier (NE),7938,Le Pâquier,6483,NE,Le Pâquier NE,NE,
UNIQUE_ID_MATCH,Rodels,7440,Domleschg (Rodels),7440,GR,Rodels,GR,
FULL_MATCH,Domleschg (Rodels),7440,Domleschg (Rodels),7440,GR,Rodels,GR,
UNIQUE_ID_MATCH,Gossau ZH,115,Gossau,115,ZH,Gossau ZH,ZH,
FULL_MATCH,Ursy (Vuarmarens),7186,Ursy (Vuarmarens),7186,FR,Vuarmarens,FR,
UNIQUE_ID_MATCH,Esmonts,7187,Ursy (Esmonts),7187,FR,Esmonts,FR,
UNIQUE_ID_MATCH,Bellerive VD,7044,Vully-les-Lacs (Bellerive),7044,VD,Bellerive VD,VD,
SUCCESSOR_MATCH,Carrouge,7131,Carrouge,5782,VD,Carrouge VD,VD,
UNIQUE_ID_MATCH,Fetan,7367,Scuol (Ftan),7367,GR,Ftan,GR,
FULL_MATCH,Scuol (Ftan),7367,Scuol (Ftan),7367,GR,Ftan,GR,
UNIQUE_ID_MATCH,Chapelle Sur Moudon,7090,Montanaire (Chapelle-sur-Moudon),7090,VD,Chapelle-sur-Moudon,VD,
UNIQUE_ID_MATCH,Soglio,7386,Bregaglia (Soglio),7386,GR,Soglio,GR,
UNIQUE_ID_MATCH,Menières,2027,Ménières,2027,FR,Ménières,FR,
UNIQUE_ID_MATCH,Belmont-Broye Domdidier,7164,Belmont-Broye (Domdidier),7164,FR,Domdidier,FR,
UNIQUE_ID_MATCH,Faoug (Morat),5458,Faoug,5458,VD,Faoug,VD,
FULL_MATCH,Jorat-Menthue (Villars-Mendraz),7065,Jorat-Menthue (Villars-Mendraz),7065,VD,Villars-Mendraz,VD,
FULL_MATCH,Sâles (Rueyres-Treyfayes),7225,Sâles (Rueyres-Treyfayes),7225,FR,Rueyres-Treyfayes,FR,
UNIQUE_ID_MATCH,Seewis i.P.,3972,Seewis im Prättigau,3972,GR,Seewis Dorf,GR,
SUCCESSOR_MATCH,Prugiasco,5048,Prugiasco,5045,TI,Prugiasco,TI,
FULL_MATCH,Valbroye (Sassel),7071,Valbroye (Sassel),7071,VD,Sassel,VD,
UNIQUE_ID_MATCH,Prez-vers-Siviriez,7182,Siviriez (Prez-vers-Siviriez),7182,FR,Prez-vers-Siviriez,FR,
UNIQUE_ID_MATCH,Prez-Vers-Siviriez,7182,Siviriez (Prez-vers-Siviriez),7182,FR,Prez-vers-Siviriez,FR,
UNIQUE_ID_MATCH,Bionnens,7188,Ursy (Bionnens),7188,FR,Bionnens,FR,
SUCCESSOR_MATCH,Sonvico,5192,Sonvico,5224,TI,Sonvico,TI,
SUCCESSOR_MATCH,Vissoie,6252,Vissoie,6251,VS,Vissoie,VS,
FULL_MATCH,Surses (Sur),7338,Surses (Sur),7338,GR,Sur,GR,
UNIQUE_ID_MATCH,Rougemeont,5843,Rougemont,5843,VD,Rougemont,VD,
UNIQUE_ID_MATCH,Bichelsee-Baltersw,4721,Bichelsee-Balterswil,4721,TG,Bichelsee,TG,
UNIQUE_ID_MATCH,Buix,7108,Buix (Basse-Allaine),7108,JU,Buix,JU,
UNIQUE_ID_MATCH,Chesalles-s-Moudon,7317,Lucens (Chesalles-sur-Moudon),7317,VD,Chesalles-sur-Moudon,VD,
UNIQUE_ID_MATCH,Gillarens,7178,Rue (Gillarens),7178,FR,Gillarens,FR,
UNIQUE_ID_MATCH,Chavannes/Moudon,5665,Chavannes-sur-Moudon,5665,VD,Chavannes-sur-Moudon,VD,
FULL_MATCH,Martigny-Bourg,6136,Martigny-Bourg,6136,VS,Martigny,VS,
UNIQUE_ID_MATCH,"Martigny-Combe,Martigny",6137,Martigny-Combe,6137,VS,Martigny-Croix,VS,
UNIQUE_ID_MATCH,Martigny-Combe  Martigny,6137,Martigny-Combe,6137,VS,Martigny-Croix,VS,
MANUAL,"Martigny, Martigny-Combe",6136,Martigny,6136,VS,Martigny,VS,6137 Martigny-Combe
UNIQUE_ID_MATCH,Martigny-Combe Martigny,6137,Martigny-Combe,6137,VS,Martigny-Croix,VS,
UNIQUE_ID_MATCH,Chandon,7168,Belmont-Broye (Chandon),7168,FR,Chandon,FR,
UNIQUE_ID_MATCH,Reinach AG,4141,Reinach,4141,AG,Reinach AG,AG,
UNIQUE_ID_MATCH,Luetzelflueh,955,Lützelflüh,955,BE,Lützelflüh-Goldbach,BE,
UNIQUE_ID_MATCH,Rüti ZH,118,Rüti,118,ZH,Rüti ZH,ZH,
UNIQUE_ID_MATCH,St-Barthélemy,5535,Saint-Barthélemy,5535,VD,St-Barthélemy VD,VD,
UNIQUE_ID_MATCH,Villariaz,7200,Vuisternens-devant-Romont (Villariaz),7200,FR,Villariaz,FR,
SUCCESSOR_MATCH,Le Pâquier,7938,Le Pâquier,6483,NE,Le Pâquier NE,NE,
UNIQUE_ID_MATCH,Nierlet-les-Bois,7241,Ponthaux (Nierlet-les-Bois),7241,FR,Nierlet-les-Bois,FR,
FULL_MATCH,Billens-Hennens (Hennens),7172,Billens-Hennens (Hennens),7172,FR,Hennens,FR,
UNIQUE_ID_MATCH,Orsonnens,7202,Villorsonnens (Orsonnens),7202,FR,Orsonnens,FR,
UNIQUE_ID_MATCH,Rohrbach,339,Rohrbachgraben,339,BE,Rohrbachgraben,BE,
FULL_MATCH,Jorat-Menthue (Montaubion-Chardonney),7061,Jorat-Menthue (Montaubion-Chardonney),7061,VD,Montaubion-Chardonney,VD,
MANUAL,Le Crêt,7313,La Verrerie,2338,FR,La Verrerie,FR,andere Nr.
FULL_MATCH,Montagny (Montagny-la-Ville),7153,Montagny (Montagny-la-Ville),7153,FR,Montagny-la-Ville,FR,
UNIQUE_ID_MATCH,Fullinsdorf,2825,Füllinsdorf,2825,BL,Füllinsdorf,BL,
UNIQUE_ID_MATCH,Thalheim AG,4117,Thalheim,4117,AG,Thalheim AG,AG,
SUCCESSOR_MATCH,Gallenkirch,4124,Gallenkirch,4098,AG,Bözberg,AG,
UNIQUE_ID_MATCH,Autavaux,7144,Estavayer (Autavaux),7144,FR,Autavaux,FR,
SUCCESSOR_MATCH,Oppikon,4921,Oppikon,4927,TG,Oppikon,TG,
UNIQUE_ID_MATCH,Nendaz VS,6024,Nendaz,6024,VS,Basse-Nendaz,VS,
FULL_MATCH,Gibloux (Estavayer-le-Gibloux),7264,Gibloux (Estavayer-le-Gibloux),7264,FR,Estavayer-le-Gibloux,FR,
SUCCESSOR_MATCH,Islikon,4571,Islikon,4573,TG,Islikon,TG,
UNIQUE_ID_MATCH,Zoug,1711,Zug,1711,ZG,Zug,ZG,
UNIQUE_ID_MATCH,Sulz AG,4170,Laufenburg,4170,AG,Laufenburg,AG,
SUCCESSOR_MATCH,Gündelhart-Hörhausen,4816,Gündelhart-Hörhausen,4861,TG,Hörhausen,TG,
UNIQUE_ID_MATCH,Lohnstorf,7530,Thurnen (Lohnstorf),7530,BE,Lohnstorf,BE,
UNIQUE_ID_MATCH,St. Maurice,6217,Saint-Maurice,6217,VS,St-Maurice,VS,
UNIQUE_ID_MATCH,Beinwil SO,2612,Beinwil,2612,SO,Beinwil SO,SO,
SUCCESSOR_MATCH,Mosogno,5136,Mosogno,5119,TI,Mosogno,TI,
UNIQUE_ID_MATCH,Frasses,7159,Les Montets (Frasses),7159,FR,Frasses,FR,
UNIQUE_ID_MATCH,Sivriez,2099,Siviriez,2099,FR,Siviriez,FR,
FULL_MATCH,Montanaire (Peyres-Possens),7095,Montanaire (Peyres-Possens),7095,VD,Peyres-Possens,VD,
SUCCESSOR_MATCH,Sementina,5002,Sementina,5019,TI,Sementina,TI,
UNIQUE_ID_MATCH,Friborgo,2196,Fribourg,2196,FR,Fribourg,FR,
UNIQUE_ID_MATCH,Soletta,2601,Solothurn,2601,SO,Solothurn,SO,
MANUAL,Medel/Lucmagn,3983,Medel (Lucmagn),3983,GR,Curaglia,GR,
UNIQUE_ID_MATCH,Peney-Le-Jorat,7062,Jorat-Menthue (Peney-le-Jorat),7062,VD,Peney-le-Jorat,VD,
FULL_MATCH,Fraubrunnen (Zauggenried),7476,Fraubrunnen (Zauggenried),7476,BE,Zauggenried,BE,
UNIQUE_ID_MATCH,Saviese,6265,Savièse,6265,VS,Savièse,VS,
UNIQUE_ID_MATCH,Brione Sopra Minusio,5096,Brione sopra Minusio,5096,TI,Brione sopra Minusio,TI,
FULL_MATCH_WITHOUT_CANTON_SUFFIX,Corcelles (BE),687,Corcelles,687,BE,Corcelles BE,BE,
UNIQUE_ID_MATCH,Farvagny-le-Grand,7270,Gibloux (Farvagny-le-Grand),7270,FR,Farvagny-le-Grand,FR,
UNIQUE_ID_MATCH,Oberwil BL,2771,Oberwil,2771,BL,Oberwil BL,BL,
UNIQUE_ID_MATCH,Prahins,7088,Donneloye (Prahins),7088,VD,Prahins,VD,
UNIQUE_ID_MATCH,La Joux (FR),7196,Vuisternens-devant-Romont (La Joux),7196,FR,La Joux FR,FR,
FULL_MATCH,Vuisternens-devant-Romont (La Joux),7196,Vuisternens-devant-Romont (La Joux),7196,FR,La Joux FR,FR,
UNIQUE_ID_MATCH,5107,4125,Schinznach,4125,AG,Schinznach Dorf,AG,
UNIQUE_ID_MATCH,Loèche-Ville,6110,Leuk,6110,VS,Leuk Stadt,VS,
UNIQUE_ID_MATCH,Haut-Intyamon FR,2121,Haut-Intyamon,2121,FR,Lessoc,FR,
UNIQUE_ID_MATCH,St-Leonard,6246,Saint-Léonard,6246,VS,St-Léonard,VS,
UNIQUE_ID_MATCH,Munchenstein,2769,Münchenstein,2769,BL,Münchenstein,BL,
MANUAL,Bosco Gurin,5304,Bosco/Gurin,5304,TI,Bosco/Gurin,TI,
UNIQUE_ID_MATCH,Oberried-Brienz,589,Oberried am Brienzersee,589,BE,Oberried am Brienzersee,BE,
UNIQUE_ID_MATCH,Delley,7162,Delley-Portalban (Delley),7162,FR,Delley,FR,
UNIQUE_ID_MATCH,Delely-Protalban,2051,Delley-Portalban,2051,FR,Delley,FR,
UNIQUE_ID_MATCH,Vallamand,7049,Vully-les-Lacs (Vallamand),7049,VD,Vallamand,VD,
FULL_MATCH,Valbroye (Combremont-le-Grand),7067,Valbroye (Combremont-le-Grand),7067,VD,Combremont-le-Grand,VD,
UNIQUE_ID_MATCH,St-Antoni,2302,St. Antoni,2302,FR,St. Antoni,FR,
UNIQUE_ID_MATCH,Fuellinsdorf,2825,Füllinsdorf,2825,BL,Füllinsdorf,BL,
UNIQUE_ID_MATCH,Bouloz,7310,Le Flon (Bouloz),7310,FR,Bouloz,FR,
UNIQUE_ID_MATCH,Montmelon,7114,Montmelon (Clos du Doubs),7114,JU,Montmelon,JU,
UNIQUE_ID_MATCH,Pfäffikon ZH,177,Pfäffikon,177,ZH,Pfäffikon ZH,ZH,
UNIQUE_ID_MATCH,Lüterkofen-Ichert,2455,Lüterkofen-Ichertswil,2455,SO,Lüterkofen,SO,
UNIQUE_ID_MATCH,St Gingolph,6155,Saint-Gingolph,6155,VS,St-Gingolph,VS,
UNIQUE_ID_MATCH,Les Evouettes,6154,Port-Valais,6154,VS,Bouveret,VS,
UNIQUE_ID_MATCH,Pont (Veveyse),7311,Le Flon (Pont),7311,FR,Pont (Veveyse),FR,
MANUAL,Chapelle/Glâne,2066,Chapelle (Glâne),2066,FR,Chapelle (Glâne),FR,
FULL_MATCH,Sâles (Romanens),7224,Sâles (Romanens),7224,FR,Romanens,FR,
SUCCESSOR_MATCH,Essert-Pittet,7322,Essert-Pittet,5915,VD,Essert-Pittet,VD,
FULL_MATCH,Lussery,5487,Lussery,5487,VD,Lussery-Villars,VD,
FULL_MATCH,Lussery-Villars (Villars-Lussery),7021,Lussery-Villars (Villars-Lussery),7021,VD,Lussery-Villars,VD,
UNIQUE_ID_MATCH,Bioley-Orjulaz VD,5513,Bioley-Orjulaz,5513,VD,Bioley-Orjulaz,VD,
UNIQUE_ID_MATCH,Naz,7056,Montilliez (Naz),7056,VD,Naz,VD,
FULL_MATCH,Courtepin (Villarepos),7276,Courtepin (Villarepos),7276,FR,Villarepos,FR,
UNIQUE_ID_MATCH,St-Gall,3203,St. Gallen,3203,SG,St. Gallen,SG,
UNIQUE_ID_MATCH,Les Cullayes,7087,Servion (Les Cullayes),7087,VD,Les Cullayes,VD,
FULL_MATCH,Villorsonnens (Chavannes-sous-Orsonnens),7201,Villorsonnens (Chavannes-sous-Orsonnens),7201,FR,Chavannes-sous-Orsonnens,FR,
UNIQUE_ID_MATCH,Enney,7226,Bas-Intyamon (Enney),7226,FR,Enney,FR,
SUCCESSOR_MATCH,Magadino,5398,Magadino,5116,TI,Magadino,TI,
SUCCESSOR_MATCH,Bratsch,6118,Bratsch,6103,VS,Bratsch,VS,
UNIQUE_ID_MATCH,"Tour-de-Trême, La",7220,Bulle (La Tour-de-Trême),7220,FR,La Tour-de-Trême,FR,
SUCCESSOR_MATCH,Vergeletto,5136,Vergeletto,5132,TI,Vergeletto,TI,
UNIQUE_ID_MATCH,Berg TG,4891,Berg,4891,TG,Berg TG,TG,
UNIQUE_ID_MATCH,Forel,7145,Estavayer (Forel (FR)),7145,FR,Forel FR,FR,
UNIQUE_ID_MATCH,Vugelles-La-Mothe,5937,Vugelles-La Mothe,5937,VD,Vugelles-La Mothe,VD,
SUCCESSOR_MATCH,Niederwichtrach,632,Niederwichtrach,618,BE,Wichtrach,BE,
UNIQUE_ID_MATCH,Wintherthur,230,Winterthur,230,ZH,Winterthur,ZH,
UNIQUE_ID_MATCH,Roggwil TG,4431,Roggwil,4431,TG,Roggwil TG,TG,
UNIQUE_ID_MATCH,Montanaire VD,5693,Montanaire,5693,VD,Thierrens,VD,
FULL_MATCH,Les Montets (Aumont),7158,Les Montets (Aumont),7158,FR,Aumont,FR,
UNIQUE_ID_MATCH,Aumont,7158,Les Montets (Aumont),7158,FR,Aumont,FR,
SUCCESSOR_MATCH,Zuben,4681,Zuben,4679,TG,Zuben,TG,
UNIQUE_ID_MATCH,Unterbach,6201,Unterbäch,6201,VS,Unterbäch VS,VS,
UNIQUE_ID_MATCH,Gossau SG,3443,Gossau,3443,SG,Gossau SG,SG,
FULL_MATCH,Landquart (Igis),7381,Landquart (Igis),7381,GR,Igis,GR,
UNIQUE_ID_MATCH,Hausen b. Brugg,4100,Hausen,4100,AG,Hausen AG,AG,
FULL_MATCH,Arzier,5702,Arzier,5702,VD,Arzier-Le Muids,VD,
SUCCESSOR_MATCH,Rüti bei Riggisberg,879,Rüti bei Riggisberg,882,BE,Riggisberg,BE,
FULL_MATCH,Corsier,5884,Corsier,5884,VD,Corsier-sur-Vevey,VD,
FULL_MATCH,Rue (Gillarens),7178,Rue (Gillarens),7178,FR,Gillarens,FR,
UNIQUE_ID_MATCH,Oron-le-Châtel,7082,Oron (Oron-le-Châtel),7082,VD,Oron-le-Châtel,VD,
UNIQUE_ID_MATCH,Tinzen,7344,Surses (Tinizong),7344,GR,Tinizong,GR,
FULL_MATCH,Surses (Tinizong),7344,Surses (Tinizong),7344,GR,Tinizong,GR,
UNIQUE_ID_MATCH,Tinizong,7342,Surses (Tinizong-Rona),7342,GR,Tinizong,GR,
FULL_MATCH,Surses (Tinizong-Rona),7342,Surses (Tinizong-Rona),7342,GR,Tinizong,GR,
FULL_MATCH,Vuisternens-devant-Romont (Lieffrens),7197,Vuisternens-devant-Romont (Lieffrens),7197,FR,Lieffrens,FR,
SUCCESSOR_MATCH,La Folliaz (Villarimboud),7536,La Folliaz (Villarimboud),7209,FR,Villarimboud,FR,
UNIQUE_ID_MATCH,Torny-Le-Grand,7207,Torny (Torny-le-Grand),7207,FR,Torny-le-Grand,FR,
UNIQUE_ID_MATCH,Bois-d'Amont (Arconciel),2171,Arconciel,2171,FR,Arconciel,FR,
UNIQUE_ID_MATCH,Gruyeres,2135,Gruyères,2135,FR,Gruyères,FR,
UNIQUE_ID_MATCH,Emmenbrücke,1024,Emmen,1024,LU,Emmen,LU,
UNIQUE_ID_MATCH,Praden,7365,Tschiertschen-Praden (Praden),7365,GR,Praden,GR,
UNIQUE_ID_MATCH,Les Ecasseys,7194,Vuisternens-devant-Romont (Les Ecasseys),7194,FR,Les Ecasseys,FR,
FULL_MATCH,Pont-en-Ogoz (Le Bry),7216,Pont-en-Ogoz (Le Bry),7216,FR,Le Bry,FR,
UNIQUE_ID_MATCH,Chaux-De-Fonds,6421,La Chaux-de-Fonds,6421,NE,La Chaux-de-Fonds,NE,
SUCCESSOR_MATCH,Sulz,1030,Sulz,1042,LU,Sulz LU,LU,
SUCCESSOR_MATCH_WITHOUT_CANTON_SUFFIX,Mézières (VD),7133,Mézières,5791,VD,Mézières VD,VD,
SUCCESSOR_MATCH,Mézières,7133,Mézières,5791,VD,Mézières VD,VD,
FULL_MATCH,Montanaire (Neyruz-sur-Moudon),7093,Montanaire (Neyruz-sur-Moudon),7093,VD,Neyruz-sur-Moudon,VD,
UNIQUE_ID_MATCH,Vilters-Wangs  Wangs,7891,"Vilters-Wangs, Wangs",7891,SG,Wangs,SG,
UNIQUE_ID_MATCH,Alstätten,3251,Altstätten,3251,SG,Altstätten SG,SG,
UNIQUE_ID_MATCH,Villars-Bramard,7073,Valbroye (Villars-Bramard),7073,VD,Villars-Bramard,VD,
FULL_MATCH,Estavayer (Forel (FR)),7145,Estavayer (Forel (FR)),7145,FR,Forel FR,FR,
UNIQUE_ID_MATCH,Montbrelloz,7146,Estavayer (Montbrelloz),7146,FR,Montbrelloz,FR,
FULL_MATCH,Le Flon (Pont),7311,Le Flon (Pont),7311,FR,Pont (Veveyse),FR,
FULL_MATCH,Gibloux (Villarsel-le-Gibloux),7267,Gibloux (Villarsel-le-Gibloux),7267,FR,Villarsel-le-Gibloux,FR,
UNIQUE_ID_MATCH,Muhlehorn,1630,Glarus Nord,1630,GL,Näfels,GL,
UNIQUE_ID_MATCH,Schwytz,1372,Schwyz,1372,SZ,Schwyz,SZ,
UNIQUE_ID_MATCH,Montaubion-Chardon,7061,Jorat-Menthue (Montaubion-Chardonney),7061,VD,Montaubion-Chardonney,VD,
FULL_MATCH,Ponthaux (Nierlet-les-Bois),7241,Ponthaux (Nierlet-les-Bois),7241,FR,Nierlet-les-Bois,FR,
UNIQUE_ID_MATCH,Les Verrieres,6511,Les Verrières,6511,NE,Les Verrières,NE,
UNIQUE_ID_MATCH,Tour De Treme,7220,Bulle (La Tour-de-Trême),7220,FR,La Tour-de-Trême,FR,
UNIQUE_ID_MATCH,Tour-de-Trême,7220,Bulle (La Tour-de-Trême),7220,FR,La Tour-de-Trême,FR,
SUCCESSOR_MATCH,Rocourt,7323,Rocourt,6803,BE,Rocourt,JU,
UNIQUE_ID_MATCH,Oulens/Echallens,5529,Oulens-sous-Echallens,5529,VD,Oulens-sous-Echallens,VD,
UNIQUE_ID_MATCH,Oulens S/Echallens,5529,Oulens-sous-Echallens,5529,VD,Oulens-sous-Echallens,VD,
UNIQUE_ID_MATCH,Oberösch,7506,Ersigen (Oberösch),7506,BE,Oberösch,BE,
UNIQUE_ID_MATCH,Farvagny le Grand,7270,Gibloux (Farvagny-le-Grand),7270,FR,Farvagny-le-Grand,FR,
UNIQUE_ID_MATCH,Geneveys-sur-Coffr,7935,Les Geneveys-sur-Coffrane (Val-de-Ruz),7935,NE,Les Geneveys-sur-Coffrane,NE,
UNIQUE_ID_MATCH,Brienz,7327,Albula/Alvra (Brienz/Brinzauls),7327,GR,Brienz/Brinzauls GR,GR,
UNIQUE_ID_MATCH,St.Maurice,6217,Saint-Maurice,6217,VS,St-Maurice,VS,
UNIQUE_ID_MATCH,Granges-p-Marnand,7069,Valbroye (Granges-près-Marnand),7069,VD,Granges-près-Marnand,VD,
UNIQUE_ID_MATCH,Langnau b. Reiden LU,1140,Reiden,1140,LU,Reiden,LU,
UNIQUE_ID_MATCH,Neyruz-sur-Moudon,7093,Montanaire (Neyruz-sur-Moudon),7093,VD,Neyruz-sur-Moudon,VD,
UNIQUE_ID_MATCH,Villars-Burquin,7043,Tévenon (Villars-Burquin),7043,VD,Villars-Burquin,VD,
UNIQUE_ID_MATCH,Suscevaz,5930,Suscévaz,5930,VD,Suscévaz,VD,
UNIQUE_ID_MATCH,Oulens-sur-Lucens,7060,Lucens (Oulens-sur-Lucens),7060,VD,Oulens-sur-Lucens,VD,
UNIQUE_ID_MATCH,Mossel,7189,Ursy (Mossel),7189,FR,Mossel,FR,
MANUAL,Rühti,3256,Rüthi,3256,SG,Rüthi (Rheintal),SG,bis 1994 offiziell Rüthi (Rheintal) genannt
UNIQUE_ID_MATCH,Altmessen,7919,Alt Messen,7919,SO,Messen,SO,
SUCCESSOR_MATCH,Sool,1631,Sool,1629,GL,Sool,GL,
SUCCESSOR_MATCH,Mühlehorn,1630,Mühlehorn,1618,GL,Mühlehorn,GL,
UNIQUE_ID_MATCH,Glarona Sud,1631,Glarus Süd,1631,GL,Schwanden GL,GL,
SUCCESSOR_SUFFIX_MATCH,3941 Guttet,6117,Guttet,6108,VS,Guttet-Feschel,VS,
UNIQUE_ID_MATCH,Blatten (Lötschen),6192,Blatten,6192,VS,Blatten (Lötschen),VS,
UNIQUE_ID_MATCH,Degen,7419,Lumnezia (Degen),7419,GR,Degen,GR,
UNIQUE_ID_MATCH,Val-D Illiez,6157,Val-d'Illiez,6157,VS,Val-d'Illiez,VS,
UNIQUE_ID_MATCH,Villars-sous-Mont,7228,Bas-Intyamon (Villars-sous-Mont),7228,FR,Villars-sous-Mont,FR,
FULL_MATCH,Bas-Intyamon (Villars-sous-Mont),7228,Bas-Intyamon (Villars-sous-Mont),7228,FR,Villars-sous-Mont,FR,
FULL_MATCH,Romainmôtier-Envy (Romainmôtier),7019,Romainmôtier-Envy (Romainmôtier),7019,VD,Romainmôtier,VD,
UNIQUE_ID_MATCH,Oberwil i.S.,766,Oberwil im Simmental,766,BE,Oberwil im Simmental,BE,
FULL_MATCH,Courtepin (Courtaman),7278,Courtepin (Courtaman),7278,FR,Courtaman,FR,
UNIQUE_ID_MATCH,Fontaines Val-de-Ruz,7934,Fontaines (Val-de-Ruz),7934,NE,Fontaines NE,NE,
UNIQUE_ID_MATCH,Granges,7069,Valbroye (Granges-près-Marnand),7069,VD,Granges-près-Marnand,VD,
SUFFIX_MATCH,3960 Sierre,6248,Sierre,6248,VS,Sierre,VS,
UNIQUE_ID_MATCH,3981 Reckingen Vs,6077,Goms,6077,VS,Münster VS,VS,
SUCCESSOR_MATCH,Oberuzwil-Niederglatt,3407,Oberuzwil-Niederglatt,7904,SG,Niederglatt SG,SG,
UNIQUE_ID_MATCH,Wald ZH,120,Wald,120,ZH,Wald ZH,ZH,
UNIQUE_ID_MATCH,Blessens,7180,Rue (Blessens),7180,FR,Blessens,FR,
UNIQUE_ID_MATCH,Ingenbohl-Brunnen,1364,Ingenbohl,1364,SZ,Brunnen,SZ,
UNIQUE_ID_MATCH,Beinwil am See AG,4131,Beinwil am See,4131,AG,Beinwil am See,AG,
UNIQUE_ID_MATCH,La Heutte,7495,Péry-La Heutte (La Heutte),7495,BE,La Heutte,BE,
UNIQUE_ID_MATCH,Langnau am Albis ZH,136,Langnau am Albis,136,ZH,Langnau am Albis,ZH,
SUCCESSOR_MATCH,Ballmoos,540,Ballmoos,531,BE,Ballmoos,BE,
FULL_MATCH,Cazis (Portein),7446,Cazis (Portein),7446,GR,Portein,GR,
MANUAL,Neuhausen-Rheinf.,2937,Neuhausen am Rheinfall,2937,SH,Neuhausen am Rheinfall,SH,
UNIQUE_ID_MATCH,Wynign,424,Wynigen,424,BE,Wynigen,BE,
SUCCESSOR_MATCH,Elm,1631,Elm,1605,GL,Elm,GL,
UNIQUE_ID_MATCH,Treytorrens,5828,Treytorrens (Payerne),5828,VD,Treytorrens (Payerne),VD,
SUCCESSOR_SUFFIX_MATCH,3983 Greich,6181,Greich,6176,VS,Greich,VS,
UNIQUE_ID_MATCH,Plaffeien (Zumholz),7305,Plaffeien  (Zumholz),7305,FR,Zumholz,FR,
UNIQUE_ID_MATCH,Lüterwil,2456,Lüterswil-Gächliwil,2456,SO,Lüterswil,SO,
UNIQUE_ID_MATCH,Lüterswil-Gächli,2456,Lüterswil-Gächliwil,2456,SO,Lüterswil,SO,
UNIQUE_ID_MATCH,Lüterswil-Gächliwill,2456,Lüterswil-Gächliwil,2456,SO,Lüterswil,SO,
SUFFIX_MATCH,3941 Lens,6240,Lens,6240,VS,Lens,VS,
UNIQUE_ID_MATCH,Ballwil,1008,Schüpfheim,1008,LU,Schüpfheim,LU,
UNIQUE_ID_MATCH,Eschholzmatt,1010,Escholzmatt-Marbach,1010,LU,Escholzmatt,LU,
UNIQUE_ID_MATCH,"Grand-Saconnex, Le",6623,Le Grand-Saconnex,6623,GE,Le Grand-Saconnex,GE,
UNIQUE_ID_MATCH,Guntershausen b/Aadorf,4551,Aadorf,4551,TG,Aadorf,TG,
SUCCESSOR_MATCH,Osogna,5287,Osogna,5286,TI,Osogna,TI,
UNIQUE_ID_MATCH,Ober-Erlinsbach,2496,Obererlinsbach,2496,SO,Erlinsbach SO,SO,
UNIQUE_ID_MATCH,Wohlen AG,4082,Wohlen,4082,AG,Wohlen AG,AG,
FULL_MATCH,Greng,2261,Greng,2261,FR,Greng,FR,
UNIQUE_ID_MATCH,Tschiertschen,7364,Tschiertschen-Praden (Tschiertschen),7364,GR,Tschiertschen,GR,
UNIQUE_ID_MATCH,Albula,3542,Albula/Alvra,3542,GR,Alvaneu Dorf,GR,
FULL_MATCH,Ursy (Esmonts),7187,Ursy (Esmonts),7187,FR,Esmonts,FR,
UNIQUE_ID_MATCH,Oey-Diemtigen,762,Diemtigen,762,BE,Diemtigen,BE,
UNIQUE_ID_MATCH,Beinwil Am See,4131,Beinwil am See,4131,AG,Beinwil am See,AG,
SUCCESSOR_MATCH,Friltschen,4921,Friltschen,4922,TG,Friltschen,TG,
UNIQUE_ID_MATCH,Simplon-Dorf,6009,Simplon,6009,VS,Simplon Dorf,VS,
UNIQUE_ID_MATCH,3901 Simplon Dorf,6009,Simplon,6009,VS,Simplon Dorf,VS,
UNIQUE_ID_MATCH,Vellerat (Courrendlin) JU,7466,Vellerat (Courrendlin),7466,JU,Courrendlin,JU,
UNIQUE_ID_MATCH,Vuisternens-devant-Romont La Joux,7196,Vuisternens-devant-Romont (La Joux),7196,FR,La Joux FR,FR,
UNIQUE_ID_MATCH,Brione (sopra Minusio),5096,Brione sopra Minusio,5096,TI,Brione sopra Minusio,TI,
UNIQUE_ID_MATCH,haute-Sorne,6729,Haute-Sorne,6729,JU,Bassecourt,JU,
FULL_MATCH,Le Mouret (Montévraz),7244,Le Mouret (Montévraz),7244,FR,Montévraz,FR,
FULL_MATCH,Sâles (Maules),7223,Sâles (Maules),7223,FR,Maules,FR,
UNIQUE_ID_MATCH,Oberhofen AG,4184,Mettauertal,4184,AG,Wil AG,AG,
FULL_MATCH,Ried bei Kerzers (Agriswil),7301,Ried bei Kerzers (Agriswil),7301,FR,Agriswil,FR,
UNIQUE_ID_MATCH,Altstaetten,3251,Altstätten,3251,SG,Altstätten SG,SG,
FULL_MATCH,Semsales (La Rougève),7309,Semsales (La Rougève),7309,FR,Semsales,FR,
SUCCESSOR_MATCH,Goppisberg,6181,Goppisberg,6175,VS,Goppisberg,VS,
UNIQUE_ID_MATCH,Fahrni b.Thun,925,Fahrni,925,BE,Fahrni b. Thun,BE,
SUCCESSOR_MATCH,Gordevio,5324,Gordevio,5314,TI,Gordevio,TI,
SUCCESSOR_MATCH,Wil,4184,Wil,4180,AG,Wil AG,AG,
FULL_MATCH,Fraubrunnen (Büren zum Hof),7470,Fraubrunnen (Büren zum Hof),7470,BE,Büren zum Hof,BE,
FULL_MATCH,Lucens (Oulens-sur-Lucens),7060,Lucens (Oulens-sur-Lucens),7060,VD,Oulens-sur-Lucens,VD,
SUCCESSOR_MATCH,Hottwil,4184,Hottwil,4101,AG,Hottwil,AG,
UNIQUE_ID_MATCH,San Gallo,3203,St. Gallen,3203,SG,St. Gallen,SG,
UNIQUE_ID_MATCH,Diemtingen,762,Diemtigen,762,BE,Diemtigen,BE,
UNIQUE_ID_MATCH,Bivio,7332,Surses (Bivio),7332,GR,Bivio,GR,
FULL_MATCH,Bregaglia (Soglio),7386,Bregaglia (Soglio),7386,GR,Soglio,GR,
FULL_MATCH,Montilliez (Poliez-le-Grand),7057,Montilliez (Poliez-le-Grand),7057,VD,Poliez-le-Grand,VD,
UNIQUE_ID_MATCH,Penthereaz,5531,Penthéréaz,5531,VD,Penthéréaz,VD,
FULL_MATCH,Oron (Chesalles-sur-Oron),7077,Oron (Chesalles-sur-Oron),7077,VD,Chesalles-sur-Oron,VD,
UNIQUE_ID_MATCH,Ormond-Dessus,5411,Ormont-Dessus,5411,VD,Vers-l'Eglise,VD,
UNIQUE_ID_MATCH,Villars-Sous-Yens,5652,Villars-sous-Yens,5652,VD,Villars-sous-Yens,VD,
SUCCESSOR_MATCH_WITHOUT_CANTON_SUFFIX,Münster (VS),6077,Münster,6063,VS,Münster VS,VS,
UNIQUE_ID_MATCH,3941 Grone,6238,Grône,6238,VS,Grône,VS,
UNIQUE_ID_MATCH,Gibloux (Rossens),7262,Gibloux (Rossens (FR)),7262,FR,Rossens FR,FR,
SUFFIX_MATCH,3965 Chippis,6235,Chippis,6235,VS,Chippis,VS,
UNIQUE_ID_MATCH,Ormant-Dessus,5411,Ormont-Dessus,5411,VD,Vers-l'Eglise,VD,
SUFFIX_MATCH,1950 Sion,6266,Sion,6266,VS,Sion,VS,
UNIQUE_ID_MATCH,Essertines-Sur-Yverd,5520,Essertines-sur-Yverdon,5520,VD,Essertines-sur-Yverdon,VD,
UNIQUE_ID_MATCH,Villars-Mendraz,7065,Jorat-Menthue (Villars-Mendraz),7065,VD,Villars-Mendraz,VD,
SUCCESSOR_MATCH,Caviano,5398,Caviano,5098,TI,Caviano,TI,
SUCCESSOR_MATCH,Oberbözberg,4124,Oberbözberg,4108,AG,Bözberg,AG,
FULL_MATCH,Estavayer (Autavaux),7144,Estavayer (Autavaux),7144,FR,Autavaux,FR,
UNIQUE_ID_MATCH,Reinach BL,2773,Reinach,2773,BL,Reinach BL,BL,
UNIQUE_ID_MATCH,Worb,755,Worben,755,BE,Worben,BE,
FULL_MATCH,Churwalden (Parpan),7363,Churwalden (Parpan),7363,GR,Parpan,GR,
UNIQUE_ID_MATCH,Parpan,7363,Churwalden (Parpan),7363,GR,Parpan,GR,
FULL_MATCH,Stocken-Höfen (Niederstocken),7483,Stocken-Höfen (Niederstocken),7483,BE,Niederstocken,BE,
UNIQUE_ID_MATCH,Strättligen-Thun,7855,Strättligen,7855,BE,Thun,BE,
SUCCESSOR_MATCH,Gorduno,5002,Gorduno,5007,TI,Gorduno,TI,
SUCCESSOR_MATCH,Colombier,7925,Colombier,6406,NE,Colombier NE,NE,
UNIQUE_ID_MATCH,Surpierre (Villeneuve),7157,Surpierre (Villeneuve (FR)),7157,FR,Villeneuve FR,FR,
UNIQUE_ID_MATCH,Bollion,7150,Lully (Bollion),7150,FR,Bollion,FR,
FULL_MATCH,Tesserete,5226,Tesserete,5226,TI,Tesserete,TI,
SUCCESSOR_MATCH,Semione,5050,Semione,5046,TI,Semione,TI,
SUCCESSOR_MATCH,Fontainemelon,7933,Fontainemelon,6478,NE,Fontainemelon,NE,
UNIQUE_ID_MATCH,Haemikon,1030,Hitzkirch,1030,LU,Hitzkirch,LU,
FULL_MATCH,Montignez (Basse-Allaine),7110,Montignez (Basse-Allaine),7110,JU,Montignez,JU,
SUCCESSOR_MATCH,Rüti,1631,Rüti,1626,GL,Rüti GL,GL,
FULL_MATCH,Le Flon (Bouloz),7310,Le Flon (Bouloz),7310,FR,Bouloz,FR,
UNIQUE_ID_MATCH,Noiraigue,7946,Noiraigue (Val-de-Travers),7946,NE,Noiraigue,NE,
UNIQUE_ID_MATCH,Colombier,7037,Echichens (Colombier),7037,VD,Colombier VD,VD,
SUCCESSOR_SUFFIX_MATCH,3941 Bratsch,6118,Bratsch,6103,VS,Bratsch,VS,
UNIQUE_ID_MATCH,Castiel,7354,Arosa (Castiel),7354,GR,Castiel,GR,
SUCCESSOR_MATCH,Mitlödi,1631,Mitlödi,1616,GL,Mitlödi,GL,
SUCCESSOR_MATCH,Gresso,5136,Gresso,5109,TI,Gresso,TI,
UNIQUE_ID_MATCH,Grand-Lancy,6628,Lancy,6628,GE,Grand-Lancy,GE,
SUCCESSOR_MATCH,Richenthal,1140,Richenthal,1141,LU,Richenthal,LU,
UNIQUE_ID_MATCH,Pratval,7439,Domleschg (Pratval),7439,GR,Pratval,GR,
UNIQUE_ID_MATCH,Tartar,7449,Cazis (Tartar),7449,GR,Tartar,GR,
FULL_MATCH,Kirchdorf (Mühledorf),7512,Kirchdorf (Mühledorf),7512,BE,Mühledorf BE,BE,
UNIQUE_ID_MATCH,Muri AG,4236,Muri,4236,AG,Muri AG,AG,
FULL_MATCH,Hagneck,736,Hagneck,736,BE,Hagneck,BE,
MANUAL,Mustér,3982,Disentis/Mustér,3982,GR,Disentis/Mustér,GR,
UNIQUE_ID_MATCH,Stans,1510,Stansstad,1510,NW,Stansstad,NW,
UNIQUE_ID_MATCH,Flüeli,1004,Flühli,1004,LU,Flühli LU,LU,
FULL_MATCH,Bregaglia (Stampa),7387,Bregaglia (Stampa),7387,GR,Stampa,GR,
UNIQUE_ID_MATCH,Fraubrunnen (Etzelkofen),7471,Fraubrunnen  (Etzelkofen),7471,BE,Etzelkofen,BE,
UNIQUE_ID_MATCH,St.Antönien-Castels,7347,Luzein (St. Antönien-Castels),7347,GR,St. Antönien,GR,
UNIQUE_ID_MATCH,Brione s/Minusio,5096,Brione sopra Minusio,5096,TI,Brione sopra Minusio,TI,
UNIQUE_ID_MATCH,Evolene,6083,Evolène,6083,VS,Evolène,VS,
UNIQUE_ID_MATCH,Courtaman,7278,Courtepin (Courtaman),7278,FR,Courtaman,FR,
UNIQUE_ID_MATCH,Fetigny,2016,Fétigny,2016,FR,Fétigny,FR,
FULL_MATCH,Surses (Riom),7340,Surses (Riom),7340,GR,Riom,GR,
UNIQUE_ID_MATCH,Küsnacht ZH,154,Küsnacht,154,ZH,Küsnacht ZH,ZH,
FULL_MATCH,Belmont-Broye (Russy),7167,Belmont-Broye (Russy),7167,FR,Russy,FR,
UNIQUE_ID_MATCH,Belmont-Broye FR,2053,Belmont-Broye,2053,FR,Dompierre FR,FR,
SUCCESSOR_MATCH,Filzbach,1630,Filzbach,1608,GL,Filzbach,GL,
SUFFIX_MATCH,3966 Chalais,6232,Chalais,6232,VS,Chalais,VS,
UNIQUE_ID_MATCH,Portalban,7163,Delley-Portalban (Portalban),7163,FR,Portalban,FR,
SUFFIX_MATCH,1961 Nendaz,6024,Nendaz,6024,VS,Basse-Nendaz,VS,
UNIQUE_ID_MATCH,Vauffelin,7479,Sauge (Vauffelin),7479,BE,Vauffelin,BE,
FULL_MATCH,Haut-Intyamon (Lessoc),7212,Haut-Intyamon (Lessoc),7212,FR,Lessoc,FR,
UNIQUE_ID_MATCH,Gumefens,7217,Pont-en-Ogoz (Gumefens),7217,FR,Gumefens,FR,
FULL_MATCH,Pont-en-Ogoz (Gumefens),7217,Pont-en-Ogoz (Gumefens),7217,FR,Gumefens,FR,
UNIQUE_ID_MATCH,Sennwald-Frümsen SG,7875,Sennwald-Frümsen,7875,SG,Frümsen,SG,
UNIQUE_ID_MATCH,Campo (Blenio),5049,Blenio,5049,TI,Olivone,TI,
UNIQUE_ID_MATCH,Villorsonnens Villarsiviriaux,7204,Villorsonnens (Villarsiviriaux),7204,FR,Villarsiviriaux,FR,
MANUAL,Muntogna da Schons,3705,Donat,3705,GR,Donat,GR,3715 Muntogna da Schons
SUCCESSOR_MATCH,Hersiwil,2535,Hersiwil,2522,SO,Hersiwil,SO,
UNIQUE_ID_MATCH,Diepoldsau-Shmitter,7869,Diepoldsau-Schmitter,7869,SG,Diepoldsau,SG,
UNIQUE_ID_MATCH,Heinrichswil-Winistorf,2535,Drei Höfe,2535,SO,Heinrichswil,SO,
UNIQUE_ID_MATCH,Melchau,333,Melchnau,333,BE,Melchnau,BE,
SUCCESSOR_MATCH,Niederwil,4571,Niederwil,4575,TG,Gachnang,TG,
UNIQUE_ID_MATCH,3985 Muenster Vs,6077,Goms,6077,VS,Münster VS,VS,
FULL_MATCH,Niederbipp (Wolfisberg),7531,Niederbipp (Wolfisberg),7531,BE,Wolfisberg,BE,
UNIQUE_ID_MATCH,Erlinsbach SO,2503,Erlinsbach,2503,SO,Erlinsbach,AG,
UNIQUE_ID_MATCH,St-Cierges,7096,Montanaire (Saint-Cierges),7096,VD,St-Cierges,VD,
SUCCESSOR_MATCH,Ruppoldsried,310,Ruppoldsried,548,BE,Ruppoldsried,BE,
UNIQUE_ID_MATCH,Kirchdorf BE,872,Kirchdorf,872,BE,Kirchdorf BE,BE,
UNIQUE_ID_MATCH,Domieschg,3673,Domleschg,3673,GR,Paspels,GR,
UNIQUE_ID_MATCH,Crazis,3661,Cazis,3661,GR,Cazis,GR,
FULL_MATCH,Landeron-Combes,6455,Landeron-Combes,6455,NE,Le Landeron,NE,
MANUAL,"Noirmont, Le",6754,Le Noirmont,6754,BE,Le Noirmont,JU,
SUFFIX_MATCH,1917 Ardon,6021,Ardon,6021,VS,Ardon,VS,
UNIQUE_ID_MATCH,Ocourt/Ju,7115,Ocourt (Clos du Doubs),7115,JU,Ocourt,JU,
MANUAL,Courtetelle,6710,Courtételle,6710,BE,Courtételle,JU,
UNIQUE_ID_MATCH,Ringgenberg BE,590,Ringgenberg,590,BE,Ringgenberg BE,BE,
SUCCESSOR_MATCH,Amlikon,4881,Amlikon,9036,TG,Amlikon-Bissegg,TG,
FULL_MATCH,Fraubrunnen (Limpach),7473,Fraubrunnen (Limpach),7473,BE,Limpach,BE,
FULL_MATCH_WITHOUT_CANTON_SUFFIX,Niederwil (SO),2552,Niederwil,2552,SO,Niederwil SO,SO,
SUCCESSOR_MATCH,Kleindietwil,332,Kleindietwil,328,BE,Kleindietwil,BE,
FULL_MATCH,Oron (Oron-la-Ville),7081,Oron (Oron-la-Ville),7081,VD,Oron-la-Ville,VD,
SUCCESSOR_MATCH,Cadro,5192,Cadro,5163,TI,Cadro,TI,
UNIQUE_ID_MATCH,Oberhofen-Thun,934,Oberhofen am Thunersee,934,BE,Oberhofen am Thunersee,BE,
SUCCESSOR_MATCH,Schwarzenbach,1081,Schwarzenbach,1101,LU,Schwarzenbach LU,LU,
UNIQUE_ID_MATCH,Küttighofen,7967,Küttigkofen,7967,SO,Küttigkofen,SO,
SUCCESSOR_MATCH,Mosen,1030,Mosen,1035,LU,Mosen,LU,
SUFFIX_MATCH,3920 Zermatt,6300,Zermatt,6300,VS,Zermatt,VS,
UNIQUE_ID_MATCH,St. Gallen-Tablat SG,7867,St. Gallen-Tablat,7867,SG,St. Gallen,SG,
UNIQUE_ID_MATCH,3924 St  Niklaus Vs,6292,St. Niklaus,6292,VS,St. Niklaus VS,VS,
SUCCESSOR_MATCH,Etzgen,4184,Etzgen,4162,AG,Etzgen,AG,
UNIQUE_ID_MATCH,La Rogivue,7024,Maracon (La Rogivue),7024,VD,Maracon,VD,
UNIQUE_ID_MATCH,Morat,2275,Murten,2275,FR,Murten,FR,
UNIQUE_ID_MATCH,Renan BE,441,Renan,441,BE,Renan BE,BE,
UNIQUE_ID_MATCH,Montecarasso,5002,Bellinzona,5002,TI,Bellinzona,TI,
SUCCESSOR_MATCH,Monte Carasso,5002,Monte Carasso,5013,TI,Monte Carasso,TI,
UNIQUE_ID_MATCH,Bargen BE,302,Bargen,302,BE,Bargen BE,BE,
SUCCESSOR_MATCH,Ried-Mörel,6181,Ried-Mörel,6180,VS,Ried-Mörel,VS,
UNIQUE_ID_MATCH,Lussy,7535,Villaz (Lussy),7535,FR,Lussy FR,FR,
FULL_MATCH,Albula/Alvra (Mon),7328,Albula/Alvra (Mon),7328,GR,Mon,GR,
SUCCESSOR_MATCH,Neukirch an der Thur,4501,Neukirch an der Thur,9057,TG,Neukirch an der Thur,TG,
UNIQUE_ID_MATCH,Flond,7401,Obersaxen Mundaun (Flond),7401,GR,Flond,GR,
SUCCESSOR_MATCH,Unterehrendingen,4049,Unterehrendingen,4043,AG,Ehrendingen,AG,
FULL_MATCH,Montagny (Mannens-Grandsivaz),7152,Montagny (Mannens-Grandsivaz),7152,FR,Mannens,FR,
UNIQUE_ID_MATCH,Vigens,7423,Lumnezia (Vignogn),7423,GR,Vignogn,GR,
FULL_MATCH,Safiental (Tenna),7435,Safiental (Tenna),7435,GR,Tenna,GR,
UNIQUE_ID_MATCH,1961 St-Martin Vs,6087,Saint-Martin,6087,VS,St-Martin VS,VS,
UNIQUE_ID_MATCH,Aeschi SO,2511,Aeschi,2511,SO,Aeschi SO,SO,
UNIQUE_ID_MATCH,Diepoldsau,7869,Diepoldsau-Schmitter,7869,SG,Diepoldsau,SG,
UNIQUE_ID_MATCH,Nunnigen,2621,Nunningen,2621,SO,Nunningen,SO,
SUFFIX_MATCH,3904 Naters,6007,Naters,6007,VS,Naters,VS,
UNIQUE_ID_MATCH,Sottens,7063,Jorat-Menthue (Sottens),7063,VD,Sottens,VD,
FULL_MATCH,Plateau de Diesse (Prêles),7487,Plateau de Diesse (Prêles),7487,BE,Prêles,BE,
UNIQUE_ID_MATCH,Belmont-s-Yverdon,5902,Belmont-sur-Yverdon,5902,VD,Belmont-sur-Yverdon,VD,
UNIQUE_ID_MATCH,Vuippens,7222,Marsens (Vuippens),7222,FR,Vuippens,FR,
UNIQUE_ID_MATCH,Rueyres-les-Près,7140,Estavayer (Rueyres-les-Prés),7140,FR,Rueyres-les-Prés,FR,
UNIQUE_ID_MATCH,Cerneux-Péquignot,6434,Le Cerneux-Péquignot,6434,NE,Le Cerneux-Péquignot,NE,
UNIQUE_ID_MATCH,Cerneux-Pequignot,6434,Le Cerneux-Péquignot,6434,NE,Le Cerneux-Péquignot,NE,
FULL_MATCH,Ursy (Bionnens),7188,Ursy (Bionnens),7188,FR,Bionnens,FR,
UNIQUE_ID_MATCH,Wildhaus-Alt St  Johann  Wildhaus,7920,"Wildhaus-Alt St. Johann, Wildhaus",7920,SG,Wildhaus,SG,
UNIQUE_ID_MATCH,Münster VS,6077,Goms,6077,VS,Münster VS,VS,
UNIQUE_ID_MATCH,Tägertschi,7509,Münsingen (Tägertschi),7509,BE,Tägertschi,BE,
FULL_MATCH,Münsingen (Tägertschi),7509,Münsingen (Tägertschi),7509,BE,Tägertschi,BE,
UNIQUE_ID_MATCH,Fursteanu,3633,Fürstenau,3633,GR,Fürstenau,GR,
MANUAL,Reichenbach i. K.,567,Reichenbach im Kandertal,567,BE,Reichenbach im Kandertal,BE,
UNIQUE_ID_MATCH,Degersheim-Dorf,3401,Degersheim,3401,SG,Degersheim,SG,
FULL_MATCH,Cazis (Sarn),7448,Cazis (Sarn),7448,GR,Sarn,GR,
SUCCESSOR_MATCH,Chironico,5072,Chironico,5070,TI,Chironico,TI,
FULL_MATCH,Belfaux (Cutterwil),7234,Belfaux (Cutterwil),7234,FR,Belfaux,FR,
UNIQUE_ID_MATCH,Neyruz,7093,Montanaire (Neyruz-sur-Moudon),7093,VD,Neyruz-sur-Moudon,VD,
SUCCESSOR_MATCH,Preonzo,5002,Preonzo,5015,TI,Preonzo,TI,
SUCCESSOR_MATCH,Cresciano,5287,Cresciano,5283,TI,Cresciano,TI,
UNIQUE_ID_MATCH,Farvagny-Le-Grand,7270,Gibloux (Farvagny-le-Grand),7270,FR,Farvagny-le-Grand,FR,
UNIQUE_ID_MATCH,Constantine,7046,Vully-les-Lacs (Constantine),7046,VD,Constantine,VD,
MANUAL,Arzier-Le-Muids,5702,Arzier-Le Muids,5702,VD,Arzier-Le Muids,VD,Bis zum 30. April 2014 hiess die Gemeinde offiziell Arzier.
UNIQUE_ID_MATCH,Langnau i/E.,902,Langnau im Emmental,902,BE,Langnau im Emmental,BE,
UNIQUE_ID_MATCH,Röthenbach i. E.,904,Röthenbach im Emmental,904,BE,Röthenbach im Emmental,BE,
SUCCESSOR_MATCH,Guntmadingen,2932,Guntmadingen,2902,SH,Guntmadingen,SH,
SUCCESSOR_MATCH,Capolago,5254,Capolago,5247,TI,Capolago,TI,
SUFFIX_MATCH,3715 Adelboden,561,Adelboden,561,BE,Adelboden,BE,
SUCCESSOR_MATCH,Gottshaus,4486,Gottshaus,9049,TG,Wilen (Gottshaus),TG,
FULL_MATCH,Albula/Alvra (Surava),7330,Albula/Alvra (Surava),7330,GR,Surava,GR,
UNIQUE_ID_MATCH,Wohlen b.Bern,360,Wohlen bei Bern,360,BE,Wohlen b. Bern,BE,
UNIQUE_ID_MATCH,Vicosoprano,7388,Bregaglia (Vicosoprano),7388,GR,Vicosoprano,GR,
UNIQUE_ID_MATCH,Fiado,5072,Faido,5072,TI,Faido,TI,
SUCCESSOR_MATCH,Sobrio,5072,Sobrio,5081,TI,Sobrio,TI,
FULL_MATCH,Bregaglia (Castasegna),7385,Bregaglia (Castasegna),7385,GR,Castasegna,GR,
MANUAL,Les  Genevez (JU),6748,Les Genevez,6748,BE,Les Genevez JU,JU,
UNIQUE_ID_MATCH,Nesslau-Krummenau,3360,Nesslau,3360,SG,Nesslau,SG,
SUCCESSOR_MATCH,Netstal,1632,Netstal,1620,GL,Netstal,GL,
FULL_MATCH,Goumois (Saignelégier),7101,Goumois (Saignelégier),7101,JU,Saignelégier,JU,
FULL_MATCH,Botterens (Villarbeney),7219,Botterens (Villarbeney),7219,FR,Villarbeney,FR,
UNIQUE_ID_MATCH,Combremont-Grand,7067,Valbroye (Combremont-le-Grand),7067,VD,Combremont-le-Grand,VD,
FULL_MATCH,Champvent (Essert-sous-Champvent),7085,Champvent (Essert-sous-Champvent),7085,VD,Essert-sous-Champvent,VD,
UNIQUE_ID_MATCH,Grimusat,6263,Grimisuat,6263,VS,Grimisuat,VS,
UNIQUE_ID_MATCH,Saint Leonard,6246,Saint-Léonard,6246,VS,St-Léonard,VS,
UNIQUE_ID_MATCH,3958 St-Leonard,6246,Saint-Léonard,6246,VS,St-Léonard,VS,
UNIQUE_ID_MATCH,1914 Iserables,6134,Isérables,6134,VS,Isérables,VS,
UNIQUE_ID_MATCH,"Chaux-du-Milieu,La",6435,La Chaux-du-Milieu,6435,NE,La Chaux-du-Milieu,NE,
UNIQUE_ID_MATCH,Collina D'Oro,5236,Collina d'Oro,5236,TI,Montagnola,TI,
SUCCESSOR_MATCH,Medeglia,5238,Medeglia,5011,TI,Medeglia,TI,
UNIQUE_ID_MATCH,Lieffrens,7197,Vuisternens-devant-Romont (Lieffrens),7197,FR,Lieffrens,FR,
FULL_MATCH,Montmelon (Clos du Doubs),7114,Montmelon (Clos du Doubs),7114,JU,Montmelon,JU,
MANUAL,Bémont,6741,Le Bémont,6741,BE,Le Bémont JU,JU,
UNIQUE_ID_MATCH,Pontenet,7498,Valbirse (Pontenet),7498,BE,Pontenet,BE,
UNIQUE_ID_MATCH,8116 Wuerenlos,4048,Würenlos,4048,AG,Würenlos,AG,
UNIQUE_ID_MATCH,Brigue-Glis,6002,Brig-Glis,6002,VS,Brig,VS,
UNIQUE_ID_MATCH,Brig/Glis,6002,Brig-Glis,6002,VS,Brig,VS,
UNIQUE_ID_MATCH,Brigue/Glis,6002,Brig-Glis,6002,VS,Brig,VS,
UNIQUE_ID_MATCH,Niedergosgen,2495,Niedergösgen,2495,SO,Niedergösgen,SO,
UNIQUE_ID_MATCH,Unterschaechen,1219,Unterschächen,1219,UR,Unterschächen,UR,
SUCCESSOR_MATCH,Luchsingen,1631,Luchsingen,1614,GL,Luchsingen,GL,
FULL_MATCH,Jegenstorf (Münchringen),7489,Jegenstorf (Münchringen),7489,BE,Münchringen,BE,
UNIQUE_ID_MATCH,Signy,5728,Signy-Avenex,5728,VD,Signy,VD,
UNIQUE_ID_MATCH,Ecublens FR,2072,Ecublens,2072,FR,Ecublens FR,FR,
FULL_MATCH,Fregiécourt (La Baroche),7105,Fregiécourt (La Baroche),7105,JU,Fregiécourt,JU,
FULL_MATCH,Bergün Filisur (Bergün/Bravuogn),7461,Bergün Filisur (Bergün/Bravuogn),7461,GR,Bergün/Bravuogn,GR,
FULL_MATCH,Mézières (FR) (Berlens),7175,Mézières (FR) (Berlens),7175,FR,Berlens,FR,
UNIQUE_ID_MATCH,Bevaix La Grande Béroche,7514,Bevaix (La Grande Béroche),7514,NE,Bevaix,NE,
UNIQUE_ID_MATCH,Neckertal,7918,Neckertal-St. Peterzell,7918,SG,St. Peterzell,SG,
UNIQUE_ID_MATCH,Walterswil BE,959,Walterswil,959,BE,Walterswil BE,BE,
FULL_MATCH,Villarzel (Sédeilles),7027,Villarzel (Sédeilles),7027,VD,Sédeilles,VD,
FULL_MATCH,Cheiry (Chapelle (Broye)),7134,Cheiry (Chapelle (Broye)),7134,FR,Chapelle (Broye),FR,
UNIQUE_ID_MATCH,Sédeilles,7027,Villarzel (Sédeilles),7027,VD,Sédeilles,VD,
UNIQUE_ID_MATCH,Arnex-Sur-Orbe,5743,Arnex-sur-Orbe,5743,VD,Arnex-sur-Orbe,VD,
UNIQUE_ID_MATCH,Arnex s/Orbe,5743,Arnex-sur-Orbe,5743,VD,Arnex-sur-Orbe,VD,
UNIQUE_ID_MATCH,Rütscheleln,340,Rütschelen,340,BE,Rütschelen,BE,
UNIQUE_ID_MATCH,Oberdiessbach (Bleiken b. Oberdiessbach),619,Oberdiessbach,619,BE,Oberdiessbach,BE,
UNIQUE_ID_MATCH,Donatyre,7028,Avenches (Donatyre),7028,VD,Donatyre,VD,
FULL_MATCH_WITHOUT_CANTON_SUFFIX,Bargen (SH),2931,Bargen,2931,SH,Bargen SH,SH,
SUCCESSOR_MATCH,Breno,5237,Breno,5159,TI,Breno,TI,
UNIQUE_ID_MATCH,la Côte-aux-Fées,6504,La Côte-aux-Fées,6504,NE,La Côte-aux-Fées,NE,
UNIQUE_ID_MATCH,FULLY,6133,Fully,6133,VS,Fully,VS,
FULL_MATCH,Haut-Intyamon (Montbovon),7213,Haut-Intyamon (Montbovon),7213,FR,Montbovon,FR,
SUCCESSOR_MATCH,Tremona,5254,Tremona,5267,TI,Tremona,TI,
UNIQUE_ID_MATCH,Oberdorf SO,2553,Oberdorf,2553,SO,Oberdorf SO,SO,
SUCCESSOR_MATCH,Zihlschlacht,4511,Zihlschlacht,4518,TG,Zihlschlacht,TG,
UNIQUE_ID_MATCH,Niederwil AG,4072,Niederwil,4072,AG,Niederwil AG,AG,
UNIQUE_ID_MATCH,Promasens,7179,Rue (Promasens),7179,FR,Promasens,FR,
UNIQUE_ID_MATCH,Luetisburg Dorf,3393,Lütisburg,3393,SG,Lütisburg,SG,
UNIQUE_ID_MATCH,Bretigny-s-Morrens,5515,Bretigny-sur-Morrens,5515,VD,Bretigny-sur-Morrens,VD,
UNIQUE_ID_MATCH,Port-valais,6154,Port-Valais,6154,VS,Bouveret,VS,
SUCCESSOR_MATCH,Jona,3340,Jona,3335,SG,Jona,SG,
UNIQUE_ID_MATCH,Büren a.A.,383,Büren an der Aare,383,BE,Büren an der Aare,BE,
UNIQUE_ID_MATCH,Büren a. Aare,383,Büren an der Aare,383,BE,Büren an der Aare,BE,
FULL_MATCH_WITHOUT_CANTON_SUFFIX,Kilchberg (BL),2851,Kilchberg,2851,BL,Kilchberg BL,BL,
UNIQUE_ID_MATCH,St-Stephan,793,St. Stephan,793,BE,St. Stephan,BE,
SUCCESSOR_MATCH,Fontaines,7934,Fontaines,6479,NE,Fontaines NE,NE,
UNIQUE_ID_MATCH,Rickenbach SO,2582,Rickenbach,2582,SO,Rickenbach SO,SO,
UNIQUE_ID_MATCH,Ausserferrera,7457,Ferrera (Ausserferrera),7457,GR,Ausserferrera,GR,
UNIQUE_ID_MATCH,Pignia bei Andeer,7451,Andeer (Pignia),7451,GR,Pignia,GR,
FULL_MATCH,Domleschg (Scheid),7444,Domleschg (Scheid),7444,GR,Scheid,GR,
FULL_MATCH,Péry-La Heutte (La Heutte),7495,Péry-La Heutte (La Heutte),7495,BE,La Heutte,BE,
UNIQUE_ID_MATCH,Affoltern im Emmenthal,951,Affoltern im Emmental,951,BE,Affoltern im Emmental,BE,
UNIQUE_ID_MATCH,Bremgarten AG,4063,Bremgarten,4063,AG,Bremgarten AG,AG,
UNIQUE_ID_MATCH,Surcuolm,7402,Obersaxen Mundaun (Surcuolm),7402,GR,Surcuolm,GR,
UNIQUE_ID_MATCH,Arni b. Biglen,602,Arni,602,BE,Arni BE,BE,
UNIQUE_ID_MATCH,Rüti b.L.,422,Rüti bei Lyssach,422,BE,Rüti b. Lyssach,BE,
UNIQUE_ID_MATCH,Walliswil-Bipp,990,Walliswil bei Niederbipp,990,BE,Walliswil b. Niederbipp,BE,
SUCCESSOR_MATCH,Wanzwil,977,Wanzwil,994,BE,Wanzwil,BE,
FULL_MATCH,Rovray (Arrissoules),7025,Rovray (Arrissoules),7025,VD,Rovray,VD,
UNIQUE_ID_MATCH,Fenin,7932,Fenin-Vilars-Saules (Val-de-Ruz),7932,NE,Fenin,NE,
SUCCESSOR_MATCH,Palagnedra,5397,Palagnedra,5122,TI,Palagnedra,TI,
UNIQUE_ID_MATCH,St-Légier-La Chiésaz,5888,Saint-Légier-La Chiésaz,5888,VD,St-Légier-La Chiésaz,VD,
MANUAL,"Martigny,  Martigny-Combe",6136,Martigny,6136,VS,Martigny,VS,6137 Martigny-Combe
UNIQUE_ID_MATCH,Hermiswil,7508,Seeberg (Hermiswil),7508,BE,Hermiswil,BE,
FULL_MATCH,Bergün Filisur (Latsch),7463,Bergün Filisur (Latsch),7463,GR,Latsch,GR,
SUFFIX_MATCH,1411 Cronay,5910,Cronay,5910,VD,Cronay,VD,
SUCCESSOR_MATCH,Auvernier,7923,Auvernier,6401,NE,Auvernier,NE,
UNIQUE_ID_MATCH,Villars-Lussery,7021,Lussery-Villars (Villars-Lussery),7021,VD,Lussery-Villars,VD,
UNIQUE_ID_MATCH,Estavayer Vernay,7141,Estavayer (Vernay),7141,FR,Forel FR,FR,
UNIQUE_ID_MATCH,Progens,7315,La Verrerie (Progens),7315,FR,Progens,FR,
UNIQUE_ID_MATCH,Langwies,7355,Arosa (Langwies),7355,GR,Langwies,GR,
SUCCESSOR_MATCH,Engwilen,4701,Engwilen,9046,TG,Engwilen,TG,
UNIQUE_ID_MATCH,Kirchdorf Mühledorf,7512,Kirchdorf (Mühledorf),7512,BE,Mühledorf BE,BE,
UNIQUE_ID_MATCH,Donath,7453,Donat (Donath),7453,GR,Donat,GR,
UNIQUE_ID_MATCH,Ried b/Kerzers,2276,Ried bei Kerzers,2276,FR,Ried b. Kerzers,FR,
UNIQUE_ID_MATCH,Ried b. Kerzers,2276,Ried bei Kerzers,2276,FR,Ried b. Kerzers,FR,
UNIQUE_ID_MATCH,Kerzers,2276,Ried bei Kerzers,2276,FR,Ried b. Kerzers,FR,
UNIQUE_ID_MATCH,Thielle-Wavre,7942,Thielle-Wavre (La Tène),7942,NE,Thielle,NE,
UNIQUE_ID_MATCH,Sarn,7448,Cazis (Sarn),7448,GR,Sarn,GR,
SUCCESSOR_MATCH,Rickenbach bei Wil,4751,Rickenbach bei Wil,4755,TG,Rickenbach b. Wil,TG,
UNIQUE_ID_MATCH,Rona,7343,Surses (Rona),7343,GR,Rona,GR,
UNIQUE_ID_MATCH,Rekingen AG,4315,Rekingen,4315,AG,Rekingen AG,AG,
UNIQUE_ID_MATCH,Walliswil-Wangen,991,Walliswil bei Wangen,991,BE,Walliswil b. Wangen,BE,
SUCCESSOR_MATCH,Opfertshofen,2920,Opfertshofen,2918,SH,Opfertshofen SH,SH,
UNIQUE_ID_MATCH,Mümsliswil-Ramiswil,2428,Mümliswil-Ramiswil,2428,SO,Mümliswil,SO,
SUCCESSOR_MATCH,Wiezikon,4761,Wiezikon,4766,TG,Sirnach,TG,
UNIQUE_ID_MATCH,Waedenswil,293,Wädenswil,293,ZH,Wädenswil,ZH,
UNIQUE_ID_MATCH,Thalheim An Der Thur,39,Thalheim an der Thur,39,ZH,Thalheim an der Thur,ZH,
UNIQUE_ID_MATCH,San Gallo-Tablat,7867,St. Gallen-Tablat,7867,SG,St. Gallen,SG,
UNIQUE_ID_MATCH,1905 Dorenaz,6212,Dorénaz,6212,VS,Dorénaz,VS,
UNIQUE_ID_MATCH,Biere,5425,Bière,5425,VD,Bière,VD,
UNIQUE_ID_MATCH,Altstätten SG,3251,Altstätten,3251,SG,Altstätten SG,SG,
UNIQUE_ID_MATCH,Langnau a.A.,136,Langnau am Albis,136,ZH,Langnau am Albis,ZH,
UNIQUE_ID_MATCH,Biel-Benken BL,2764,Biel-Benken,2764,BL,Biel-Benken BL,BL,
UNIQUE_ID_MATCH,Diessbach b. Büren,385,Diessbach bei Büren,385,BE,Diessbach b. Büren,BE,
UNIQUE_ID_MATCH,Schinznach Dorf,4125,Schinznach,4125,AG,Schinznach Dorf,AG,
MANUAL,Moeriken - Wildegg,4203,Möriken-Wildegg,4203,AG,Wildegg,AG,
FULL_MATCH,Grüsch (Valzeina),7351,Grüsch (Valzeina),7351,GR,Valzeina,GR,
FULL_MATCH,Rheinwald (Nufenen),7521,Rheinwald (Nufenen),7521,GR,Nufenen,GR,
UNIQUE_ID_MATCH,Watt-Roggwil,4431,Roggwil,4431,TG,Roggwil TG,TG,
SUCCESSOR_MATCH,Hemmental,2939,Hemmental,2934,SH,Hemmental,SH,
UNIQUE_ID_MATCH,Hägendorf/,2579,Hägendorf,2579,SO,Hägendorf,SO,
SUCCESSOR_MATCH,Mattwil,4901,Mattwil,4906,TG,Mattwil,TG,
UNIQUE_ID_MATCH,Gessenay,843,Saanen,843,BE,Saanen,BE,
SUCCESSOR_MATCH,Roveredo-Capriasca,5226,Roveredo-Capriasca,5218,TI,Tesserete,TI,
FULL_MATCH,Avry (Corjolens),7232,Avry (Corjolens),7232,FR,Corjolens,FR,
FULL_MATCH,Vuisternens-devant-Romont (Les Ecasseys),7194,Vuisternens-devant-Romont (Les Ecasseys),7194,FR,Les Ecasseys,FR,
SUCCESSOR_MATCH,Riedern,1632,Riedern,1625,GL,Riedern,GL,
UNIQUE_ID_MATCH,Mueswangen,1030,Hitzkirch,1030,LU,Hitzkirch,LU,
SUCCESSOR_MATCH,Balterswil,4721,Balterswil,9041,TG,Balterswil,TG,
MANUAL,Neuhausen a/Rheinfall,2937,Neuhausen am Rheinfall,2937,SH,Neuhausen am Rheinfall,SH,
UNIQUE_ID_MATCH,Calfreisen,7353,Arosa (Calfreisen),7353,GR,Calfreisen,GR,
UNIQUE_ID_MATCH,St. Peter,7361,Arosa (St. Peter),7361,GR,St. Peter,GR,
UNIQUE_ID_MATCH,Rapperswil SG,3340,Rapperswil-Jona,3340,SG,Jona,SG,
FULL_MATCH,Murten (Lurtigen),7295,Murten (Lurtigen),7295,FR,Lurtigen,FR,
UNIQUE_ID_MATCH,Murten / Morat (Lurtigen),7295,Murten (Lurtigen),7295,FR,Lurtigen,FR,
FULL_MATCH,Trimmis (Says),7383,Trimmis (Says),7383,GR,Says,GR,
UNIQUE_ID_MATCH,Oberägeri ZG,1706,Oberägeri,1706,ZG,Oberägeri,ZG,
UNIQUE_ID_MATCH,Couvet Val-de-Travers,7944,Couvet (Val-de-Travers),7944,NE,Couvet,NE,
UNIQUE_ID_MATCH,Vuillierens,5654,Vullierens,5654,VD,Vullierens,VD,
SUFFIX_MATCH,3941 Albinen,6102,Albinen,6102,VS,Albinen,VS,
SUCCESSOR_MATCH,Wittenwil,4551,Wittenwil,4555,TG,Wittenwil,TG,
UNIQUE_ID_MATCH,Coire,3901,Chur,3901,GR,Chur,GR,
UNIQUE_ID_MATCH,Muehleberg,668,Mühleberg,668,BE,Mühleberg,BE,
UNIQUE_ID_MATCH,Muhleberg,668,Mühleberg,668,BE,Mühleberg,BE,
UNIQUE_ID_MATCH,Schinznach Bad,4095,Brugg,4095,AG,Brugg AG,AG,
UNIQUE_ID_MATCH,Messen,7919,Alt Messen,7919,SO,Messen,SO,
SUCCESSOR_MATCH,Niederurnen,1630,Niederurnen,1622,GL,Niederurnen,GL,
UNIQUE_ID_MATCH,Bucholterberg,923,Buchholterberg,923,BE,Heimenschwand,BE,
FULL_MATCH,Fraubrunnen  (Etzelkofen),7471,Fraubrunnen  (Etzelkofen),7471,BE,Etzelkofen,BE,
UNIQUE_ID_MATCH,3953 Loeche-La-Ville,6110,Leuk,6110,VS,Leuk Stadt,VS,
UNIQUE_ID_MATCH,Boezen,4094,Bözen,4094,AG,Bözen,AG,
SUCCESSOR_MATCH,Hofen,2920,Hofen,2916,SH,Hofen SH,SH,
UNIQUE_ID_MATCH,Beinwil a.See AG,4131,Beinwil am See,4131,AG,Beinwil am See,AG,
SUCCESSOR_MATCH,Kefikon,4571,Kefikon,4574,TG,Kefikon TG,TG,
UNIQUE_ID_MATCH,Biel BE,371,Biel/Bienne,371,BE,Biel/Bienne,BE,
UNIQUE_ID_MATCH,Neukirch bei Ilanz,7400,Obersaxen Mundaun (Mundaun),7400,GR,Obersaxen,GR,
UNIQUE_ID_MATCH,Splügen (Medel i. Rh.),7523,Rheinwald (Medels i. Rh.),7523,GR,Medels im Rheinwald,GR,
FULL_MATCH,Arosa (Langwies),7355,Arosa (Langwies),7355,GR,Langwies,GR,
UNIQUE_ID_MATCH,Essert-sous-Champvent,7085,Champvent (Essert-sous-Champvent),7085,VD,Essert-sous-Champvent,VD,
MANUAL,Schönbühl-Urtenen,551,Urtenen-Schönbühl,551,BE,Urtenen-Schönbühl,BE,
SUCCESSOR_MATCH,Kaltenbach,4871,Kaltenbach,7502,TG,Kaltenbach,TG,
SUCCESSOR_MATCH,Hermetschwil-Staffeln,4063,Hermetschwil-Staffeln,4069,AG,Hermetschwil-Staffeln,AG,
UNIQUE_ID_MATCH,3984 Fiescherthal,6058,Fieschertal,6058,VS,Fieschertal,VS,
SUCCESSOR_MATCH,Horben,4761,Horben,4763,TG,Sirnach,TG,
UNIQUE_ID_MATCH,Fiescherthal,6058,Fieschertal,6058,VS,Fieschertal,VS,
UNIQUE_ID_MATCH,Berg SG,3211,Berg,3211,SG,Berg SG,SG,
SUCCESSOR_MATCH,Lippoldswilen,4666,Lippoldswilen,4635,TG,Lippoldswilen,TG,
SUCCESSOR_MATCH,Illhart,4951,Illhart,4953,TG,Illhart,TG,
UNIQUE_ID_MATCH,Chavannes-Veyron,5475,Chavannes-le-Veyron,5475,VD,Chavannes-le-Veyron,VD,
FULL_MATCH,Villarzel (Rossens),7026,Villarzel (Rossens),7026,VD,Rossens VD,VD,
FULL_MATCH,Sauge (Vauffelin),7479,Sauge (Vauffelin),7479,BE,Vauffelin,BE,
UNIQUE_ID_MATCH,Safien Platz,7434,Safiental (Safien),7434,GR,Safien Platz,GR,
UNIQUE_ID_MATCH,Hergiswil b.Willisau,1132,Hergiswil bei Willisau,1132,LU,Hergiswil b. Willisau,LU,
MANUAL,Disentis/Muster,3982,Disentis/Mustér,3982,GR,Disentis/Mustér,GR,
UNIQUE_ID_MATCH,S. Antonio,5002,Bellinzona,5002,TI,Bellinzona,TI,
SUCCESSOR_MATCH_WITHOUT_CANTON_SUFFIX,Rohr (AG),4001,Rohr,4011,AG,Aarau,AG,
UNIQUE_ID_MATCH,Kirchberg SG,3392,Kirchberg,3392,SG,Kirchberg SG,SG,
FULL_MATCH,Uttigen (Kienersrüti),7480,Uttigen (Kienersrüti),7480,BE,Uttigen,BE,
UNIQUE_ID_MATCH,Baeretswil,111,Bäretswil,111,ZH,Bäretswil,ZH,
UNIQUE_ID_MATCH,Guntershausen b. Aadorf,4551,Aadorf,4551,TG,Aadorf,TG,
UNIQUE_ID_MATCH,Santa Maria Val Müstair,7378,Val Müstair (Sta. Maria),7378,GR,Sta. Maria Val Müstair,GR,
UNIQUE_ID_MATCH,Mühledorf BE,7512,Kirchdorf (Mühledorf),7512,BE,Mühledorf BE,BE,
FULL_MATCH,Le Mouret (Zénauva),7247,Le Mouret (Zénauva),7247,FR,Zénauva,FR,
UNIQUE_ID_MATCH,Saint-Nicolas,6292,St. Niklaus,6292,VS,St. Niklaus VS,VS,
UNIQUE_ID_MATCH,Brigue,6002,Brig-Glis,6002,VS,Brig,VS,
UNIQUE_ID_MATCH,Innertkirchen (Gadmen ),784,Innertkirchen,784,BE,Innertkirchen,BE,
UNIQUE_ID_MATCH,Briga-Glis,6002,Brig-Glis,6002,VS,Brig,VS,
SUCCESSOR_MATCH,Geschinen,6077,Geschinen,6059,VS,Geschinen,VS,
UNIQUE_ID_MATCH,Sils i.D.,3640,Sils im Domleschg,3640,GR,Sils im Domleschg,GR,
UNIQUE_ID_MATCH,Schlossrüd,4142,Schlossrued,4142,AG,Schlossrued,AG,
SUCCESSOR_MATCH,Bollodingen,973,Bollodingen,974,BE,Bollodingen,BE,
UNIQUE_ID_MATCH,Niederried-Interl.,588,Niederried bei Interlaken,588,BE,Niederried b. Interlaken,BE,
FULL_MATCH,Ursy (Mossel),7189,Ursy (Mossel),7189,FR,Mossel,FR,
UNIQUE_ID_MATCH,Aetikofen,7961,Aetigkofen,7961,SO,Aetigkofen,SO,
UNIQUE_ID_MATCH,Hasle b.B.,406,Hasle bei Burgdorf,406,BE,Hasle b. Burgdorf,BE,
SUCCESSOR_MATCH,Ganterschwil,7960,Ganterschwil,3403,SG,Ganterschwil,SG,
SUCCESSOR_MATCH,Gelfingen,1030,Gelfingen,1027,LU,Gelfingen,LU,
FULL_MATCH,Surses (Bivio),7332,Surses (Bivio),7332,GR,Bivio,GR,
UNIQUE_ID_MATCH,Ormont-dessous,5410,Ormont-Dessous,5410,VD,Le Sépey,VD,
UNIQUE_ID_MATCH,St-Croix,5568,Sainte-Croix,5568,VD,Ste-Croix,VD,
UNIQUE_ID_MATCH,Montaubion-Chardonney,7061,Jorat-Menthue (Montaubion-Chardonney),7061,VD,Montaubion-Chardonney,VD,
UNIQUE_ID_MATCH,Sugnens,7058,Montilliez (Sugnens),7058,VD,Sugnens,VD,
UNIQUE_ID_MATCH,Montmollin Val-de-Ruz,7937,Montmollin (Val-de-Ruz),7937,NE,Montmollin,NE,
FULL_MATCH,Siviriez (Villaranon),7185,Siviriez (Villaranon),7185,FR,Siviriez,FR,
MANUAL,Roggenburg BL,2790,Roggenburg,2790,BE,Roggenburg,BL,
UNIQUE_ID_MATCH,Feldbrunnen-St.-Niklaus,2544,Feldbrunnen-St. Niklaus,2544,SO,Feldbrunnen,SO,
UNIQUE_ID_MATCH,Feldbrunnen-St.Niklaus,2544,Feldbrunnen-St. Niklaus,2544,SO,Feldbrunnen,SO,
UNIQUE_ID_MATCH,1961 Vernamiege,6090,Mont-Noble,6090,VS,Nax,VS,
UNIQUE_ID_MATCH,Gsteig b. Gstaad,841,Gsteig,841,BE,Gsteig b. Gstaad,BE,
MANUAL,Schleins,3987,Schleins,3753,GR,Tschlin,GR,3987 -> 3984 Schlans ?
UNIQUE_ID_MATCH,Les Diablerets,5411,Ormont-Dessus,5411,VD,Vers-l'Eglise,VD,
UNIQUE_ID_MATCH,Villars le Comte,5690,Villars-le-Comte,5690,VD,Villars-le-Comte,VD,
UNIQUE_ID_MATCH,Villars Le Grand,7050,Vully-les-Lacs (Villars-le-Grand),7050,VD,Villars-le-Grand,VD,
UNIQUE_ID_MATCH,Chapelle (Broye),7134,Cheiry (Chapelle (Broye)),7134,FR,Chapelle (Broye),FR,
UNIQUE_ID_MATCH,Chabrey,7045,Vully-les-Lacs (Chabrey),7045,VD,Chabrey,VD,
UNIQUE_ID_MATCH,Montenol Clos du Doubs,7113,Montenol (Clos du Doubs),7113,JU,Montenol,JU,
UNIQUE_ID_MATCH,Val-De-Travers,6512,Val-de-Travers,6512,NE,Travers,NE,
UNIQUE_ID_MATCH,Mont-La-Ville,5491,Mont-la-Ville,5491,VD,Mont-la-Ville,VD,
FULL_MATCH,Surses (Mulegns),7335,Surses (Mulegns),7335,GR,Mulegns,GR,
UNIQUE_ID_MATCH,Mühlen,7335,Surses (Mulegns),7335,GR,Mulegns,GR,
UNIQUE_ID_MATCH,4227 Buesserach,2614,Büsserach,2614,SO,Büsserach,SO,
UNIQUE_ID_MATCH,Laufen -Stadt,7862,Laufen-Stadt,7862,BL,Laufen,BL,
UNIQUE_ID_MATCH,Meikrich,307,Meikirch,307,BE,Meikirch,BE,
UNIQUE_ID_MATCH,Birmensdorf ZH,242,Birmensdorf,242,ZH,Birmensdorf ZH,ZH,
FULL_MATCH,Pleujouse (La Baroche),7107,Pleujouse (La Baroche),7107,JU,Pleujouse,JU,
MANUAL,2852 Courtetelle,6710,Courtételle,6710,BE,Courtételle,JU,
UNIQUE_ID_MATCH,Réclère,7120,Réclère (Haute-Ajoie),7120,JU,Réclère,JU,
UNIQUE_ID_MATCH,Burgaeschi,2511,Aeschi,2511,SO,Aeschi SO,SO,
UNIQUE_ID_MATCH,Les Riedes-Dessus,7912,Riedes-Dessus,7912,JU,Soyhières,JU,
UNIQUE_ID_MATCH,Willisau Stadt,1151,Willisau,1151,LU,Willisau,LU,
SUCCESSOR_MATCH,Halden,4471,Halden,4497,TG,Halden,TG,
SUCCESSOR_MATCH_WITHOUT_CANTON_SUFFIX,Colombier (NE),7925,Colombier,6406,NE,Colombier NE,NE,
FULL_MATCH,Petit-Val (Châtelat),7490,Petit-Val (Châtelat),7490,BE,Châtelat,BE,
UNIQUE_ID_MATCH,St. Gallen,7867,St. Gallen-Tablat,7867,SG,St. Gallen,SG,
UNIQUE_ID_MATCH,Avry-Devant-Pont,7215,Pont-en-Ogoz (Avry-devant-Pont),7215,FR,Avry-devant-Pont,FR,
UNIQUE_ID_MATCH,St-Sylvestre,2303,St. Silvester,2303,FR,St. Silvester,FR,
UNIQUE_ID_MATCH,Deisswil b. Münchenbuch.,535,Deisswil bei Münchenbuchsee,535,BE,Deisswil b. Münchenbuchsee,BE,
FULL_MATCH,Arosa (Peist),7358,Arosa (Peist),7358,GR,Peist,GR,
MANUAL,Domat-Ems,3722,Domat/Ems,3722,GR,Domat/Ems,GR,
UNIQUE_ID_MATCH,Höchstetten-Hells,410,Höchstetten,410,BE,Höchstetten,BE,
SUFFIX_MATCH,1908 Riddes,6139,Riddes,6139,VS,Riddes,VS,
UNIQUE_ID_MATCH,Wangen a.A.,992,Wangen an der Aare,992,BE,Wangen an der Aare,BE,
SUFFIX_MATCH,3941 Icogne,6239,Icogne,6239,VS,Icogne,VS,
UNIQUE_ID_MATCH,Wattenwil BE,886,Wattenwil,886,BE,Wattenwil,BE,
SUCCESSOR_MATCH,Selkingen,6077,Selkingen,6069,VS,Selkingen,VS,
UNIQUE_ID_MATCH,9524 Zuzwil Sg,3426,Zuzwil,3426,SG,Zuzwil SG,SG,
UNIQUE_ID_MATCH,Lessoc,7212,Haut-Intyamon (Lessoc),7212,FR,Lessoc,FR,
FULL_MATCH,Roche-d'Or (Haute-Ajoie),7121,Roche-d'Or (Haute-Ajoie),7121,JU,Roche-d'Or,JU,
SUCCESSOR_MATCH,Wilihof,1104,Wilihof,1105,LU,Wilihof,LU,
UNIQUE_ID_MATCH,Oeberthal,620,Oberthal,620,BE,Oberthal,BE,
UNIQUE_ID_MATCH,Winterhur,230,Winterthur,230,ZH,Winterthur,ZH,
UNIQUE_ID_MATCH,Stein AR,3005,Stein,3005,AR,Stein AR,AR,
SUCCESSOR_MATCH,Oberaach,4461,Oberaach,4463,TG,Oberaach,TG,
UNIQUE_ID_MATCH,Klus,2422,Balsthal,2422,SO,Balsthal,SO,
UNIQUE_ID_MATCH,Thal,7870,Thal-Altenrhein,7870,SG,Thal,SG,
MANUAL,Freienstein Teufen,57,Freienstein-Teufen,57,ZH,Freienstein,ZH,
UNIQUE_ID_MATCH,Küssnacht A.R.,1331,Küssnacht,1331,SZ,Küssnacht am Rigi,,
SUFFIX_MATCH,3931 Zeneggen,6299,Zeneggen,6299,VS,Zeneggen,VS,
FULL_MATCH,Domleschg (Pratval),7439,Domleschg (Pratval),7439,GR,Pratval,GR,
UNIQUE_ID_MATCH,Liebistorf,7282,Gurmels (Liebistorf),7282,FR,Liebistorf,FR,
FULL_MATCH,Gurmels (Liebistorf),7282,Gurmels (Liebistorf),7282,FR,Liebistorf,FR,
UNIQUE_ID_MATCH,Krienz,1059,Kriens,1059,LU,Kriens,LU,
UNIQUE_ID_MATCH,Eschenbach SG,3342,Eschenbach,3342,SG,Eschenbach SG,SG,
UNIQUE_ID_MATCH,Medels-Rheinwald,7523,Rheinwald (Medels i. Rh.),7523,GR,Medels im Rheinwald,GR,
UNIQUE_ID_MATCH,Neckerstal,3378,Neckertal,3378,SG,Mogelsberg,SG,
UNIQUE_ID_MATCH,Oberbueren,3424,Oberbüren,3424,SG,Oberbüren,SG,
UNIQUE_ID_MATCH,Fahrnern,975,Farnern,975,BE,Farnern,BE,
UNIQUE_ID_MATCH,Affoltern i. Emmental,951,Affoltern im Emmental,951,BE,Affoltern im Emmental,BE,
UNIQUE_ID_MATCH,Schwändi b. Schwanden,1631,Glarus Süd,1631,GL,Schwanden GL,GL,
UNIQUE_ID_MATCH,Märstetten Dorf,4941,Märstetten,4941,TG,Märstetten,TG,
UNIQUE_ID_MATCH,Büren zum Hof,7470,Fraubrunnen (Büren zum Hof),7470,BE,Büren zum Hof,BE,
MANUAL,Ruethi,3256,Rüthi,3256,SG,Rüthi (Rheintal),SG,bis 1994 offiziell Rüthi (Rheintal) genannt
FULL_MATCH,Ilanz/Glion (Pitasch),7411,Ilanz/Glion (Pitasch),7411,GR,Pitasch,GR,
UNIQUE_ID_MATCH,7312 Pfaefers Dorf,3294,Pfäfers,3294,SG,Pfäfers,SG,
MANUAL,Aesch ZH,241,Aesch,241,ZH,Aesch ZH,ZH,bis 2001 offiziell Aesch bei Birmensdorf genannt
SUFFIX_MATCH,3792 Saanen,843,Saanen,843,BE,Saanen,BE,
UNIQUE_ID_MATCH,Bâle-Ville,2701,Basel,2701,BS,Basel,BS,
UNIQUE_ID_MATCH,Alt. St. Johann,7921,"Wildhaus-Alt St. Johann, Alt St. Johann",7921,SG,Alt St. Johann,SG,
UNIQUE_ID_MATCH,Alt St.Johann,7921,"Wildhaus-Alt St. Johann, Alt St. Johann",7921,SG,Alt St. Johann,SG,
UNIQUE_ID_MATCH,Essert (FR),7243,Le Mouret (Essert),7243,FR,Essert FR,FR,
FULL_MATCH,Neuhausen,2937,Neuhausen,2937,SH,Neuhausen am Rheinfall,SH,
UNIQUE_ID_MATCH,Rüti b.Riggisberg,879,Riggisberg,879,BE,Riggisberg,BE,
UNIQUE_ID_MATCH,Unterbaech,6201,Unterbäch,6201,VS,Unterbäch VS,VS,
UNIQUE_ID_MATCH,Hergiswil b. Willisau,1132,Hergiswil bei Willisau,1132,LU,Hergiswil b. Willisau,LU,
UNIQUE_ID_MATCH,Flühli LU,1004,Flühli,1004,LU,Flühli LU,LU,
UNIQUE_ID_MATCH,Fluehli,1004,Flühli,1004,LU,Flühli LU,LU,
UNIQUE_ID_MATCH,Sconosciuta,403,Bäriswil,403,BE,Bäriswil BE,BE,
UNIQUE_ID_MATCH,Bale,2701,Basel,2701,BS,Basel,BS,
UNIQUE_ID_MATCH,Maegenwil,4032,Mägenwil,4032,AG,Mägenwil,AG,
MANUAL,Segl,3789,Sils im Engadin/Segl,3789,GR,Sils/Segl Maria,GR,
UNIQUE_ID_MATCH,3361 Hoechstetten-H,410,Höchstetten,410,BE,Höchstetten,BE,
UNIQUE_ID_MATCH,Höchstetten b/Koppigen,410,Höchstetten,410,BE,Höchstetten,BE,
UNIQUE_ID_MATCH,Tracheslwald,958,Trachselwald,958,BE,Trachselwald,BE,
SUCCESSOR_MATCH,Langnau bei Reiden,1140,Langnau bei Reiden,1134,LU,Reiden,LU,
SUCCESSOR_MATCH_WITHOUT_CANTON_SUFFIX,Rüti (GL),1631,Rüti,1626,GL,Rüti GL,GL,
UNIQUE_ID_MATCH,Studen b. Brügg,749,Studen,749,BE,Studen BE,BE,
UNIQUE_ID_MATCH,Nesslau-Stein,3360,Nesslau,3360,SG,Nesslau,SG,
UNIQUE_ID_MATCH,Hildisireden,1088,Hildisrieden,1088,LU,Hildisrieden,LU,
SUCCESSOR_MATCH,Barzheim,2920,Barzheim,2912,SH,Barzheim,SH,
SUFFIX_MATCH,3931 Ausserberg,6191,Ausserberg,6191,VS,Ausserberg,VS,
UNIQUE_ID_MATCH,Deisswil Mbuchsee,535,Deisswil bei Münchenbuchsee,535,BE,Deisswil b. Münchenbuchsee,BE,
FULL_MATCH,Scuol (Guarda),7368,Scuol (Guarda),7368,GR,Guarda,GR,
UNIQUE_ID_MATCH,Corsier GE,6619,Corsier,6619,GE,Corsier GE,GE,
SUCCESSOR_MATCH,Pfäfers-Vasön,7922,Pfäfers-Vasön,7885,SG,Vasön,SG,
UNIQUE_ID_MATCH,Arni b.B.,602,Arni,602,BE,Arni BE,BE,
UNIQUE_ID_MATCH,Geneveys/Coffrane,7935,Les Geneveys-sur-Coffrane (Val-de-Ruz),7935,NE,Les Geneveys-sur-Coffrane,NE,
UNIQUE_ID_MATCH,Jorat-Menthue Peney-le-Jorat,7062,Jorat-Menthue (Peney-le-Jorat),7062,VD,Peney-le-Jorat,VD,
UNIQUE_ID_MATCH,La Scheulte,708,Schelten,708,BE,Schelten,BE,
SUCCESSOR_MATCH,Coglio,5317,Coglio,5311,TI,Coglio,TI,
SUCCESSOR_MATCH,Indemini,5398,Indemini,5110,TI,Indemini,TI,
SUCCESSOR_MATCH_WITHOUT_CANTON_SUFFIX,Reckingen (VS),6077,Reckingen,6067,VS,Reckingen VS,VS,
UNIQUE_ID_MATCH,Châtillon FR,2008,Châtillon,2008,FR,Châtillon FR,FR,
UNIQUE_ID_MATCH,Ronco s/Ascona,5125,Ronco sopra Ascona,5125,TI,Ronco sopra Ascona,TI,
SUCCESSOR_MATCH,Lottigna,5048,Lottigna,5039,TI,Lottigna,TI,
UNIQUE_ID_MATCH,Naefels,1630,Glarus Nord,1630,GL,Näfels,GL,
UNIQUE_ID_MATCH,Lully VD,5639,Lully,5639,VD,Lully VD,VD,
UNIQUE_ID_MATCH,Buchs ZH,83,Buchs,83,ZH,Buchs ZH,ZH,
SUCCESSOR_MATCH,St. Gallen-Rotmonten,3203,St. Gallen-Rotmonten,7865,SG,St. Gallen,SG,
UNIQUE_ID_MATCH,Präz,7447,Cazis (Präz),7447,GR,Präz,GR,
UNIQUE_ID_MATCH,Münchenstein BL,2769,Münchenstein,2769,BL,Münchenstein,BL,
UNIQUE_ID_MATCH,Gregiols,6177,Grengiols,6177,VS,Grengiols,VS,
SUCCESSOR_MATCH,Ohmstal,1143,Ohmstal,1138,LU,Ohmstal,LU,
FULL_MATCH,Davos (Wiesen),7349,Davos (Wiesen),7349,GR,Davos Wiesen,GR,
UNIQUE_ID_MATCH,6196 Marbach Lu,1010,Escholzmatt-Marbach,1010,LU,Escholzmatt,LU,
UNIQUE_ID_MATCH,Neukirch a.d.T.,4501,Kradolf-Schönenberg,4501,TG,Kradolf,TG,
UNIQUE_ID_MATCH,Forel(Lavaux),5604,Forel (Lavaux),5604,VD,Forel (Lavaux),VD,
UNIQUE_ID_MATCH,Gollion / Bremblens,5484,Gollion,5484,VD,Gollion,VD,
UNIQUE_ID_MATCH,Romairon,7041,Tévenon (Romairon),7041,VD,Romairon,VD,
UNIQUE_ID_MATCH,Montet-Broye,7161,Les Montets (Montet (Broye)),7161,FR,Montet (Broye),FR,
FULL_MATCH,Yverdon,5938,Yverdon,5938,VD,Yverdon-les-Bains,VD,
UNIQUE_ID_MATCH,Le Saulgy,7184,Siviriez (Le Saulgy),7184,FR,Siviriez,FR,
FULL_MATCH,Murten (Büchslen),7297,Murten (Büchslen),7297,FR,Büchslen,FR,
UNIQUE_ID_MATCH,St  Gallen-Straubenzell,3203,St. Gallen,3203,SG,St. Gallen,SG,
SUCCESSOR_SUFFIX_MATCH,3945 Gampel,6118,Gampel,6107,VS,Gampel,VS,
UNIQUE_ID_MATCH,Affoltern i.E./BE,951,Affoltern im Emmental,951,BE,Affoltern im Emmental,BE,
MANUAL,Reichenbach i. Kandertal,567,Reichenbach im Kandertal,567,BE,Reichenbach im Kandertal,BE,
SUFFIX_MATCH,9113 Degersheim,3401,Degersheim,3401,SG,Degersheim,SG,
UNIQUE_ID_MATCH,La Vounaise,7149,Estavayer (La Vounaise),7149,FR,Murist,FR,
UNIQUE_ID_MATCH,Üsslingen,4616,Uesslingen-Buch,4616,TG,Uesslingen,TG,
UNIQUE_ID_MATCH,Leubringen,372,Evilard,372,BE,Evilard,BE,
UNIQUE_ID_MATCH,Rohrbachbraben,339,Rohrbachgraben,339,BE,Rohrbachgraben,BE,
UNIQUE_ID_MATCH,Dorénaz/Vernayaz,6212,Dorénaz,6212,VS,Dorénaz,VS,
UNIQUE_ID_MATCH,Rothenturm,1370,Rothenthurm,1370,SZ,Rothenthurm,SZ,
UNIQUE_ID_MATCH,Fideris Dorf,3861,Fideris,3861,GR,Fideris,GR,
UNIQUE_ID_MATCH,Urkheim,4286,Uerkheim,4286,AG,Uerkheim,AG,
UNIQUE_ID_MATCH,St-Bathélémy,5535,Saint-Barthélemy,5535,VD,St-Barthélemy VD,VD,
UNIQUE_ID_MATCH,St-George,5434,Saint-George,5434,VD,St-George,VD,
UNIQUE_ID_MATCH,Sevgein,7416,Ilanz/Glion (Sevgein),7416,GR,Sevgein,GR,
UNIQUE_ID_MATCH,Medels im Rheinwald,7523,Rheinwald (Medels i. Rh.),7523,GR,Medels im Rheinwald,GR,
UNIQUE_ID_MATCH,Tentligen,2307,Tentlingen,2307,FR,Tentlingen,FR,
UNIQUE_ID_MATCH,Hasle B.Burgdorf,406,Hasle bei Burgdorf,406,BE,Hasle b. Burgdorf,BE,
UNIQUE_ID_MATCH,Ensiedeln,1301,Einsiedeln,1301,SZ,Einsiedeln,SZ,
UNIQUE_ID_MATCH,"Kappel, Ebnat-Kappel",7900,"Ebnat-Kappel, Kappel",7900,SG,Ebnat-Kappel,SG,
SUCCESSOR_MATCH,Braunwald,1631,Braunwald,1603,GL,Braunwald,GL,
UNIQUE_ID_MATCH,Rickenbach b. Wil,4751,Rickenbach,4751,TG,Rickenbach b. Wil,TG,
UNIQUE_ID_MATCH,3921 Toerbel,6296,Törbel,6296,VS,Törbel,VS,
UNIQUE_ID_MATCH,Zuerich,261,Zürich,261,ZH,Zürich,ZH,
UNIQUE_ID_MATCH,Loèche-Les-Bains,6111,Leukerbad,6111,VS,Leukerbad,VS,
UNIQUE_ID_MATCH,Loèche-les-Bains,6111,Leukerbad,6111,VS,Leukerbad,VS,
UNIQUE_ID_MATCH,3954 Loeche-Les-Bain,6111,Leukerbad,6111,VS,Leukerbad,VS,
FULL_MATCH,Estavayer (La Vounaise),7149,Estavayer (La Vounaise),7149,FR,Murist,FR,
FULL_MATCH,Vully-les-Lacs (Montmagny),7047,Vully-les-Lacs (Montmagny),7047,VD,Montmagny,VD,
UNIQUE_ID_MATCH,Vully-les-Lacs Montmagny,7047,Vully-les-Lacs (Montmagny),7047,VD,Montmagny,VD,
SUCCESSOR_MATCH,Oberönz,979,Oberönz,984,BE,Oberönz,BE,
FULL_MATCH,Tévenon (Villars-Burquin),7043,Tévenon (Villars-Burquin),7043,VD,Villars-Burquin,VD,
UNIQUE_ID_MATCH,La Joux,7196,Vuisternens-devant-Romont (La Joux),7196,FR,La Joux FR,FR,
UNIQUE_ID_MATCH,Zetwil,4147,Zetzwil,4147,AG,Zetzwil,AG,
SUFFIX_MATCH,1904 Vernayaz,6219,Vernayaz,6219,VS,Vernayaz,VS,
UNIQUE_ID_MATCH,Reute AR,3035,Reute,3035,AR,Reute AR,AR,
UNIQUE_ID_MATCH,Mühledorf SO,7968,Mühledorf,7968,SO,Mühledorf SO,SO,
SUCCESSOR_MATCH,Willisdorf,4545,Willisdorf,4542,TG,Willisdorf,TG,
UNIQUE_ID_MATCH,Bollingen,3340,Rapperswil-Jona,3340,SG,Jona,SG,
SUCCESSOR_MATCH,Kulmerau,1104,Kulmerau,1090,LU,Kulmerau,LU,
UNIQUE_ID_MATCH,Röthenbach Hbsee,977,Heimenhausen,977,BE,Heimenhausen,BE,
UNIQUE_ID_MATCH,Lützelflüh-Goldbach,955,Lützelflüh,955,BE,Lützelflüh-Goldbach,BE,
FULL_MATCH,Bregaglia (Bondo),7384,Bregaglia (Bondo),7384,GR,Bondo,GR,
UNIQUE_ID_MATCH,Rueyres-St-Laurent,7265,Gibloux (Rueyres-Saint-Laurent),7265,FR,Rueyres-St-Laurent,FR,
FULL_MATCH,Gibloux (Rueyres-Saint-Laurent),7265,Gibloux (Rueyres-Saint-Laurent),7265,FR,Rueyres-St-Laurent,FR,
UNIQUE_ID_MATCH,Hasle/Burgdorf,406,Hasle bei Burgdorf,406,BE,Hasle b. Burgdorf,BE,
FULL_MATCH,Torny (Middes),7206,Torny (Middes),7206,FR,Middes,FR,
UNIQUE_ID_MATCH,Castel S. Pietro,5249,Castel San Pietro,5249,TI,Castel San Pietro,TI,
UNIQUE_ID_MATCH,Seravalle,5050,Serravalle,5050,TI,Malvaglia,TI,
UNIQUE_ID_MATCH,Granges-près-Marand,7069,Valbroye (Granges-près-Marnand),7069,VD,Granges-près-Marnand,VD,
UNIQUE_ID_MATCH,La Magne,7198,Vuisternens-devant-Romont (La Magne),7198,FR,La Magne,FR,
FULL_MATCH,Vuisternens-devant-Romont (La Magne),7198,Vuisternens-devant-Romont (La Magne),7198,FR,La Magne,FR,
UNIQUE_ID_MATCH,Roche-d'Or,7121,Roche-d'Or (Haute-Ajoie),7121,JU,Roche-d'Or,JU,
UNIQUE_ID_MATCH,Villaranon,7185,Siviriez (Villaranon),7185,FR,Siviriez,FR,
UNIQUE_ID_MATCH,Hennens,7172,Billens-Hennens (Hennens),7172,FR,Hennens,FR,
MANUAL,Disentis-Mustér,3982,Disentis/Mustér,3982,GR,Disentis/Mustér,GR,
UNIQUE_ID_MATCH,Nuglar-ST.Pantaleon,2478,Nuglar-St. Pantaleon,2478,SO,Nuglar,SO,
FULL_MATCH,Ferrera (Ausserferrera),7457,Ferrera (Ausserferrera),7457,GR,Ausserferrera,GR,
UNIQUE_ID_MATCH,Les Tavernes,7079,Oron (Les Tavernes),7079,VD,Les Tavernes,VD,
FULL_MATCH,Oron (Les Tavernes),7079,Oron (Les Tavernes),7079,VD,Les Tavernes,VD,
UNIQUE_ID_MATCH,St. Croix,5568,Sainte-Croix,5568,VD,Ste-Croix,VD,
SUCCESSOR_SUFFIX_MATCH,3900 Brig,6002,Brig,9096,VS,Brig,VS,
UNIQUE_ID_MATCH,Fenin-Vilars-Saules (Val-de-Ru,7932,Fenin-Vilars-Saules (Val-de-Ruz),7932,NE,Fenin,NE,
UNIQUE_ID_MATCH,ST.Gallen,3203,St. Gallen,3203,SG,St. Gallen,SG,
UNIQUE_ID_MATCH,Vuisternens-en-Ogz,7263,Gibloux (Vuisternens-en-Ogoz),7263,FR,Vuisternens-en-Ogoz,FR,
SUFFIX_MATCH,1934 Bagnes,6031,Bagnes,6031,VS,Le Châble VS,VS,
MANUAL,Capriasca TI,5226,Capriasca,5226,TI,Tesserete,TI,
SUCCESSOR_MATCH,Lopagno,5226,Lopagno,5190,TI,Lopagno,TI,
UNIQUE_ID_MATCH,Sils i. Domleschg,3640,Sils im Domleschg,3640,GR,Sils im Domleschg,GR,
FULL_MATCH,Donneloye (Mézery-près-Donneloye),7029,Donneloye (Mézery-près-Donneloye),7029,VD,Mézery-près-Donneloye,VD,
UNIQUE_ID_MATCH,Forel (FR),7145,Estavayer (Forel (FR)),7145,FR,Forel FR,FR,
UNIQUE_ID_MATCH,Portein,7446,Cazis (Portein),7446,GR,Portein,GR,
UNIQUE_ID_MATCH,Saint-Sulpice NE,7951,Saint-Sulpice (Val-de-Travers),7951,NE,St-Sulpice NE,NE,
UNIQUE_ID_MATCH,Vufflens-La-Ville,5503,Vufflens-la-Ville,5503,VD,Vufflens-la-Ville,VD,
UNIQUE_ID_MATCH,Batterkinden,533,Bätterkinden,533,BE,Bätterkinden,BE,
UNIQUE_ID_MATCH,Mülchi,7474,Fraubrunnen (Mülchi),7474,BE,Mülchi,BE,
UNIQUE_ID_MATCH,4571 Bruegglen,7964,Brügglen,7964,SO,Brügglen,SO,
FULL_MATCH,Fraubrunnen (Mülchi),7474,Fraubrunnen (Mülchi),7474,BE,Mülchi,BE,
UNIQUE_ID_MATCH,Valeyres s/Montagny,5933,Valeyres-sous-Montagny,5933,VD,Valeyres-sous-Montagny,VD,
UNIQUE_ID_MATCH,St. Luc,6252,Anniviers,6252,VS,Ayer,VS,
UNIQUE_ID_MATCH,Cadoro,5192,Lugano,5192,TI,Lugano,TI,
SUFFIX_MATCH,1912 Leytron,6135,Leytron,6135,VS,Leytron,VS,
UNIQUE_ID_MATCH,Riva S. Vitale,5263,Riva San Vitale,5263,TI,Riva San Vitale,TI,
UNIQUE_ID_MATCH,Wallilswil bei Niederbipp,990,Walliswil bei Niederbipp,990,BE,Walliswil b. Niederbipp,BE,
UNIQUE_ID_MATCH,Bellinzona TI,5002,Bellinzona,5002,TI,Bellinzona,TI,
UNIQUE_ID_MATCH,Macconnens,7537,Villaz (Macconnens),7537,FR,Villarimboud,FR,
UNIQUE_ID_MATCH,Gipf-oberfrick,4165,Gipf-Oberfrick,4165,AG,Gipf-Oberfrick,AG,
UNIQUE_ID_MATCH,3961 Venthone,6249,Venthône,6249,VS,Venthône,VS,
SUFFIX_MATCH,3956 Salgesch,6113,Salgesch,6113,VS,Salgesch,VS,
UNIQUE_ID_MATCH,Salquenen,6113,Salgesch,6113,VS,Salgesch,VS,
UNIQUE_ID_MATCH,3931 Buerchen,6193,Bürchen,6193,VS,Bürchen,VS,
UNIQUE_ID_MATCH,5742 Koelliken,4276,Kölliken,4276,AG,Kölliken,AG,
UNIQUE_ID_MATCH,Bôle Milvignes,7924,Bôle (Milvignes),7924,NE,Bôle,NE,
FULL_MATCH,Steffisburg (Schwendibach),7532,Steffisburg (Schwendibach),7532,BE,Schwendibach,BE,
UNIQUE_ID_MATCH,St. Gallen - Straubenzell,3203,St. Gallen,3203,SG,St. Gallen,SG,
SUFFIX_MATCH,3126 Kaufdorf,869,Kaufdorf,869,BE,Kaufdorf,BE,
SUCCESSOR_MATCH,Trimstein,616,Trimstein,631,BE,Trimstein,BE,
UNIQUE_ID_MATCH,St. Sylvester,2303,St. Silvester,2303,FR,St. Silvester,FR,
UNIQUE_ID_MATCH,St. Silvestre,2303,St. Silvester,2303,FR,St. Silvester,FR,
UNIQUE_ID_MATCH,Noreaz,7526,Prez (Noréaz),7526,FR,Noréaz,FR,
UNIQUE_ID_MATCH,Tschlin,7374,Valsot (Tschlin),7374,GR,Tschlin,GR,
UNIQUE_ID_MATCH,Villars-sous-Champvent,7086,Champvent (Villars-sous-Champvent),7086,VD,Villars-sous-Champvent,VD,
FULL_MATCH,Champvent (Villars-sous-Champvent),7086,Champvent (Villars-sous-Champvent),7086,VD,Villars-sous-Champvent,VD,
SUCCESSOR_MATCH,Oberbussnang,4921,Oberbussnang,4926,TG,Oberbussnang,TG,
UNIQUE_ID_MATCH,8165 Schoefflisdorf,99,Schöfflisdorf,99,ZH,Schöfflisdorf,ZH,
SUCCESSOR_MATCH,Schweizersholz,4471,Schweizersholz,4500,TG,Schweizersholz,TG,
UNIQUE_ID_MATCH,Büren SO,2472,Büren,2472,SO,Büren SO,SO,
UNIQUE_ID_MATCH,Oberaegeri,1706,Oberägeri,1706,ZG,Oberägeri,ZG,
FULL_MATCH,Arosa (St. Peter-Pagig),7359,Arosa (St. Peter-Pagig),7359,GR,St. Peter,GR,
UNIQUE_ID_MATCH,Fischbach-Goeslikon,4067,Fischbach-Göslikon,4067,AG,Fischbach-Göslikon,AG,
UNIQUE_ID_MATCH,Combremont-Le-Petit,7068,Valbroye (Combremont-le-Petit),7068,VD,Combremont-le-Petit,VD,
UNIQUE_ID_MATCH,Tenero Contra,5131,Tenero-Contra,5131,TI,Tenero,TI,
SUCCESSOR_MATCH,Leontica,5048,Leontica,5038,TI,Leontica,TI,
UNIQUE_ID_MATCH,Panix,7410,Ilanz/Glion (Pigniu),7410,GR,Pigniu,GR,
UNIQUE_ID_MATCH,Says,7383,Trimmis (Says),7383,GR,Says,GR,
UNIQUE_ID_MATCH,La Joux FR,7196,Vuisternens-devant-Romont (La Joux),7196,FR,La Joux FR,FR,
UNIQUE_ID_MATCH,Chavannes-les-Forts,7181,Siviriez (Chavannes-les-Forts),7181,FR,Chavannes-les-Forts,FR,
FULL_MATCH,Misery-Courtion (Cournillens),7290,Misery-Courtion (Cournillens),7290,FR,Cournillens,FR,
UNIQUE_ID_MATCH,Zweissimmen,794,Zweisimmen,794,BE,Zweisimmen,BE,
UNIQUE_ID_MATCH,Poliez-Le-Grand,7057,Montilliez (Poliez-le-Grand),7057,VD,Poliez-le-Grand,VD,
UNIQUE_ID_MATCH,Beinwil a.S./AG,4131,Beinwil am See,4131,AG,Beinwil am See,AG,
SUCCESSOR_MATCH,Längenbühl,948,Längenbühl,933,BE,Längenbühl,BE,
UNIQUE_ID_MATCH,Severy,5500,Sévery,5500,VD,Sévery,VD,
UNIQUE_ID_MATCH,Chapelle sur Moudon,7090,Montanaire (Chapelle-sur-Moudon),7090,VD,Chapelle-sur-Moudon,VD,
FULL_MATCH,Rheinwald (Medels i. Rh.),7523,Rheinwald (Medels i. Rh.),7523,GR,Medels im Rheinwald,GR,
UNIQUE_ID_MATCH,Turtman,6119,Turtmann-Unterems,6119,VS,Turtmann,VS,
SUCCESSOR_MATCH,Hilfikon,4080,Hilfikon,4070,AG,Hilfikon,AG,
UNIQUE_ID_MATCH,Schoren/Langenthal,7850,Schoren,7850,BE,Langenthal,BE,
UNIQUE_ID_MATCH,Tourtemagne,6119,Turtmann-Unterems,6119,VS,Turtmann,VS,
UNIQUE_ID_MATCH,Casti-Wdergenstein,3703,Casti-Wergenstein,3703,GR,Wergenstein,GR,
UNIQUE_ID_MATCH,Pagig,7360,Arosa (Pagig),7360,GR,Pagig,GR,
FULL_MATCH,Arosa (Pagig),7360,Arosa (Pagig),7360,GR,Pagig,GR,
UNIQUE_ID_MATCH,Koniz,355,Köniz,355,BE,Köniz,BE,
UNIQUE_ID_MATCH,Chatel St-Denis,2325,Châtel-Saint-Denis,2325,FR,Châtel-St-Denis,FR,
UNIQUE_ID_MATCH,Wohlen Bei Bern,360,Wohlen bei Bern,360,BE,Wohlen b. Bern,BE,
UNIQUE_ID_MATCH,Vex VS,6089,Vex,6089,VS,Vex,VS,
UNIQUE_ID_MATCH,Petit-Lancy,6628,Lancy,6628,GE,Grand-Lancy,GE,
UNIQUE_ID_MATCH,Hessikgofen,7966,Hessigkofen,7966,SO,Hessigkofen,SO,
UNIQUE_ID_MATCH,3762 Erlenbach-I-S,763,Erlenbach im Simmental,763,BE,Erlenbach im Simmental,BE,
UNIQUE_ID_MATCH,Moenchaltorf,196,Mönchaltorf,196,ZH,Mönchaltorf,ZH,
UNIQUE_ID_MATCH,Mönchaltdorf,196,Mönchaltorf,196,ZH,Mönchaltorf,ZH,
SUCCESSOR_MATCH,Les Hauts-Geneveys,7936,Les Hauts-Geneveys,6481,NE,Les Hauts-Geneveys,NE,
UNIQUE_ID_MATCH,Belmont S/Yverdon,5902,Belmont-sur-Yverdon,5902,VD,Belmont-sur-Yverdon,VD,
UNIQUE_ID_MATCH,Montignez,7110,Montignez (Basse-Allaine),7110,JU,Montignez,JU,
UNIQUE_ID_MATCH,Les-Hauts-Geneveys Val-deRuz,7936,Les Hauts-Geneveys (Val-de-Ruz),7936,NE,Les Hauts-Geneveys,NE,
UNIQUE_ID_MATCH,Fenin-Vilars-Saules Val-de-Ruz,7932,Fenin-Vilars-Saules (Val-de-Ruz),7932,NE,Fenin,NE,
UNIQUE_ID_MATCH,Martherenges,7094,Montanaire (Martherenges),7094,VD,Martherenges,VD,
MANUAL,"Tujetsch,",3986,Tujetsch,3986,GR,Sedrun,GR,
UNIQUE_ID_MATCH,Fechy,5427,Féchy,5427,VD,Féchy,VD,
FULL_MATCH,Rue (Blessens),7180,Rue (Blessens),7180,FR,Blessens,FR,
UNIQUE_ID_MATCH,Cournillens,7290,Misery-Courtion (Cournillens),7290,FR,Cournillens,FR,
UNIQUE_ID_MATCH,Belmont-Broye (Dompierre),7165,Belmont-Broye (Dompierre (FR)),7165,FR,Dompierre FR,FR,
FULL_MATCH,Misery-Courtion (Courtion),7291,Misery-Courtion (Courtion),7291,FR,Courtion,FR,
UNIQUE_ID_MATCH,Valeyres-s-Rances,5763,Valeyres-sous-Rances,5763,VD,Valeyres-sous-Rances,VD,
SUFFIX_MATCH,1966 Ayent,6082,Ayent,6082,VS,St-Romain (Ayent),VS,
UNIQUE_ID_MATCH,3921 Taesch,6295,Täsch,6295,VS,Täsch,VS,
UNIQUE_ID_MATCH,Avry Devant Pont,7215,Pont-en-Ogoz (Avry-devant-Pont),7215,FR,Avry-devant-Pont,FR,
SUFFIX_MATCH,1882 Gryon,5405,Gryon,5405,VD,Gryon,VD,
UNIQUE_ID_MATCH,Matigny-Combe,6137,Martigny-Combe,6137,VS,Martigny-Croix,VS,
UNIQUE_ID_MATCH,Könz,355,Köniz,355,BE,Köniz,BE,
UNIQUE_ID_MATCH,Brunnadern (Neckertal),7917,Neckertal-Brunnadern,7917,SG,Brunnadern,SG,
SUCCESSOR_MATCH,Herblingen,2939,Herblingen,2935,SH,Schaffhausen,SH,
UNIQUE_ID_MATCH,Wuerenlos,4048,Würenlos,4048,AG,Würenlos,AG,
UNIQUE_ID_MATCH,Albueron,1122,Altbüron,1122,LU,Altbüron,LU,
UNIQUE_ID_MATCH,Fluelen,1207,Flüelen,1207,UR,Flüelen,UR,
SUCCESSOR_MATCH,Donzhausen,4506,Donzhausen,4912,TG,Donzhausen,TG,
SUFFIX_MATCH,3903 Kippel,6197,Kippel,6197,VS,Kippel,VS,
SUFFIX_MATCH,1915 Chamoson,6022,Chamoson,6022,VS,Chamoson,VS,
UNIQUE_ID_MATCH,Steinenberg,1374,Steinerberg,1374,SZ,Steinerberg,SZ,
UNIQUE_ID_MATCH,Schwanden-Brienz,592,Schwanden bei Brienz,592,BE,Schwanden b. Brienz,BE,
UNIQUE_ID_MATCH,Wiler b.Utzenstorf,554,Wiler bei Utzenstorf,554,BE,Wiler b. Utzenstorf,BE,
UNIQUE_ID_MATCH,Evolène VS,6083,Evolène,6083,VS,Evolène,VS,
SUFFIX_MATCH,1961 Grimisuat,6263,Grimisuat,6263,VS,Grimisuat,VS,
MANUAL,Wünnewil-Flamat,2309,Wünnewil-Flamatt,2309,FR,Wünnewil,FR,
UNIQUE_ID_MATCH,Zell LU,1150,Zell,1150,LU,Zell LU,LU,
UNIQUE_ID_MATCH,Krillberg-Wängi,4781,Wängi,4781,TG,Wängi,TG,
UNIQUE_ID_MATCH,Mettauertal AG,4184,Mettauertal,4184,AG,Wil AG,AG,
UNIQUE_ID_MATCH,Oberhofen bei Laufenburg,4184,Mettauertal,4184,AG,Wil AG,AG,
UNIQUE_ID_MATCH,Hospenthal,1210,Hospental,1210,UR,Hospental,UR,
UNIQUE_ID_MATCH,Feldbrunnen,2544,Feldbrunnen-St. Niklaus,2544,SO,Feldbrunnen,SO,
UNIQUE_ID_MATCH,Birmenstorf AG,4024,Birmenstorf,4024,AG,Birmenstorf AG,AG,
UNIQUE_ID_MATCH,Wangen b.Olten,2586,Wangen bei Olten,2586,SO,Wangen b. Olten,SO,
UNIQUE_ID_MATCH,Wohlen b.B.,360,Wohlen bei Bern,360,BE,Wohlen b. Bern,BE,
MANUAL,Reichenbach i.K.,567,Reichenbach im Kandertal,567,BE,Reichenbach im Kandertal,BE,
UNIQUE_ID_MATCH,Le Pâquier Val-de-Ruz,7938,Le Pâquier (Val-de-Ruz),7938,NE,Le Pâquier NE,NE,
UNIQUE_ID_MATCH,Saint-Aubin-Sauges (La Grande,7518,Saint-Aubin-Sauges (La Grande Béroche),7518,NE,St-Aubin-Sauges,NE,
SUCCESSOR_MATCH,Glis,6002,Glis,6005,VS,Glis,VS,
UNIQUE_ID_MATCH,Saint-Croix,5568,Sainte-Croix,5568,VD,Ste-Croix,VD,
SUCCESSOR_MATCH,Hugelshofen,4666,Hugelshofen,4937,TG,Hugelshofen,TG,
UNIQUE_ID_MATCH,Oulens-sur-Echalens,5529,Oulens-sous-Echallens,5529,VD,Oulens-sous-Echallens,VD,
UNIQUE_ID_MATCH,Haegglingen,4068,Hägglingen,4068,AG,Hägglingen,AG,
SUCCESSOR_MATCH,Lugaggia,5226,Lugaggia,5191,TI,Lugaggia,TI,
UNIQUE_ID_MATCH,Langnau I. E.,902,Langnau im Emmental,902,BE,Langnau im Emmental,BE,
SUCCESSOR_MATCH,Betschwanden,1631,Betschwanden,1601,GL,Betschwanden,GL,
SUCCESSOR_MATCH,La Folliaz (Lussy),7535,La Folliaz (Lussy),7208,FR,Lussy FR,FR,
UNIQUE_ID_MATCH,Chavannes-le-Veyro,5475,Chavannes-le-Veyron,5475,VD,Chavannes-le-Veyron,VD,
UNIQUE_ID_MATCH,Les Clees,5750,Les Clées,5750,VD,Les Clées,VD,
SUFFIX_MATCH,6383 Dallenwil,1503,Dallenwil,1503,NW,Dallenwil,NW,
UNIQUE_ID_MATCH,Riedt-Sulgen,4476,Erlen,4476,TG,Erlen,TG,
UNIQUE_ID_MATCH,3981 Muehlebach,6056,Ernen,6056,VS,Ernen,VS,
UNIQUE_ID_MATCH,Muhlebach,6056,Ernen,6056,VS,Ernen,VS,
SUCCESSOR_MATCH,Heinrichswil,2535,Heinrichswil,7860,SO,Heinrichswil,SO,
UNIQUE_ID_MATCH,S. Antonino,5017,Sant'Antonino,5017,TI,S. Antonino,TI,
SUCCESSOR_MATCH,Berzona,5136,Berzona,5093,TI,Berzona,TI,
UNIQUE_ID_MATCH,Les Pont-de-Martel,6437,Les Ponts-de-Martel,6437,NE,Les Ponts-de-Martel,NE,
FULL_MATCH,Thurnen (Lohnstorf),7530,Thurnen (Lohnstorf),7530,BE,Lohnstorf,BE,
UNIQUE_ID_MATCH,Oberärgi,1706,Oberägeri,1706,ZG,Oberägeri,ZG,
UNIQUE_ID_MATCH,Rüschegg FR,853,Rüschegg,853,BE,Rüschegg Heubach,BE,
SUCCESSOR_MATCH,Märwil,4711,Märwil,4713,TG,Märwil,TG,
UNIQUE_ID_MATCH,Kilchberg ZH,135,Kilchberg,135,ZH,Kilchberg ZH,ZH,
SUCCESSOR_MATCH,Ittenthal,4169,Ittenthal,4168,AG,Ittenthal,AG,
SUCCESSOR_MATCH,Herlisberg,1039,Herlisberg,1029,LU,Herlisberg,LU,
FULL_MATCH,Scuol/Schuls,3762,Scuol/Schuls,3762,GR,Scuol,GR,
UNIQUE_ID_MATCH,Oetwil a.d. Limmat,246,Oetwil an der Limmat,246,ZH,Oetwil an der Limmat,ZH,
UNIQUE_ID_MATCH,llnau-Effretikon,296,Illnau-Effretikon,296,ZH,Effretikon,ZH,
UNIQUE_ID_MATCH,Wolwil,2408,Wolfwil,2408,SO,Wolfwil,SO,
UNIQUE_ID_MATCH,Lutzelflueh-Goldbach,955,Lützelflüh,955,BE,Lützelflüh-Goldbach,BE,
UNIQUE_ID_MATCH,Vuisternens-d-Romont,2113,Vuisternens-devant-Romont,2113,FR,Vuisternens-devant-Romont,FR,
UNIQUE_ID_MATCH,Rueyres-Treyfayes,7225,Sâles (Rueyres-Treyfayes),7225,FR,Rueyres-Treyfayes,FR,
UNIQUE_ID_MATCH,Vuisternens-Romont,2113,Vuisternens-devant-Romont,2113,FR,Vuisternens-devant-Romont,FR,
UNIQUE_ID_MATCH,La Neirigue,7193,Vuisternens-devant-Romont (La Neirigue),7193,FR,La Neirigue,FR,
UNIQUE_ID_MATCH,Maules,7223,Sâles (Maules),7223,FR,Maules,FR,
UNIQUE_ID_MATCH,Vuisternens d/Romont,2113,Vuisternens-devant-Romont,2113,FR,Vuisternens-devant-Romont,FR,
UNIQUE_ID_MATCH,Vuisternens-Devan- Romont,2113,Vuisternens-devant-Romont,2113,FR,Vuisternens-devant-Romont,FR,
UNIQUE_ID_MATCH,Vuisternens s/Romont,2113,Vuisternens-devant-Romont,2113,FR,Vuisternens-devant-Romont,FR,
UNIQUE_ID_MATCH,Estévenens,7195,Vuisternens-devant-Romont (Estévenens),7195,FR,Estévenens,FR,
FULL_MATCH,Vuisternens-devant-Romont (La Neirigue),7193,Vuisternens-devant-Romont (La Neirigue),7193,FR,La Neirigue,FR,
UNIQUE_ID_MATCH,Vuisternans-d-Romont,2113,Vuisternens-devant-Romont,2113,FR,Vuisternens-devant-Romont,FR,
UNIQUE_ID_MATCH,Bellerive,7044,Vully-les-Lacs (Bellerive),7044,VD,Bellerive VD,VD,
UNIQUE_ID_MATCH,Malix,7362,Churwalden (Malix),7362,GR,Malix,GR,
SUCCESSOR_MATCH_WITHOUT_CANTON_SUFFIX,Sulz (AG),4170,Sulz,4178,AG,Sulz AG,AG,
UNIQUE_ID_MATCH,Schaffhouse,2939,Schaffhausen,2939,SH,Schaffhausen,SH,
UNIQUE_ID_MATCH,Strätligen,7855,Strättligen,7855,BE,Thun,BE,
UNIQUE_ID_MATCH,Strättligen (Thun),7855,Strättligen,7855,BE,Thun,BE,
SUCCESSOR_MATCH_WITHOUT_CANTON_SUFFIX,Wil (AG),4184,Wil,4180,AG,Wil AG,AG,
UNIQUE_ID_MATCH,1963 Vetroz,6025,Vétroz,6025,VS,Vétroz,VS,
UNIQUE_ID_MATCH,3941 Feschel-Guttet,6117,Guttet-Feschel,6117,VS,Guttet-Feschel,VS,
SUCCESSOR_MATCH,Morbio Superiore,5269,Morbio Superiore,5258,TI,Morbio Superiore,TI,
UNIQUE_ID_MATCH,Morbio-Superiore,5269,Breggia,5269,TI,Morbio Superiore,TI,
UNIQUE_ID_MATCH,Le Chatelard-Pres-Romont,2067,Le Châtelard,2067,FR,Le Châtelard-près-Romont,FR,
UNIQUE_ID_MATCH,S.Nazzaro,5398,Gambarogno,5398,TI,Magadino,TI,
UNIQUE_ID_MATCH,Chatonnaye,2068,Châtonnaye,2068,FR,Châtonnaye,FR,
FULL_MATCH,Siviriez (Le Saulgy),7184,Siviriez (Le Saulgy),7184,FR,Siviriez,FR,
FULL_MATCH,Grolley (Corsalettes (Lac)),7237,Grolley (Corsalettes (Lac)),7237,FR,Grolley,FR,
FULL_MATCH,Bussy-Chardonney (Bussy-sur-Morges),7015,Bussy-Chardonney (Bussy-sur-Morges),7015,VD,Bussy-Chardonney,VD,
SUCCESSOR_MATCH,Bramois,6266,Bramois,6262,VS,Bramois,VS,
UNIQUE_ID_MATCH,Vernamiege,6090,Mont-Noble,6090,VS,Nax,VS,
UNIQUE_ID_MATCH,Trévaux,2226,Treyvaux,2226,FR,Treyvaux,FR,
UNIQUE_ID_MATCH,Maconnens,7537,Villaz (Macconnens),7537,FR,Villarimboud,FR,
FULL_MATCH,Arosa (Lüen),7356,Arosa (Lüen),7356,GR,Lüen,GR,
SUFFIX_MATCH,1630 Bulle,2125,Bulle,2125,FR,Bulle,FR,
FULL_MATCH,Cazis (Tartar),7449,Cazis (Tartar),7449,GR,Tartar,GR,
FULL_MATCH,Arosa (Castiel),7354,Arosa (Castiel),7354,GR,Castiel,GR,
SUCCESSOR_MATCH,Oberhofen bei Kreuzlingen,4683,Oberhofen bei Kreuzlingen,4662,TG,Lengwil,TG,
UNIQUE_ID_MATCH,Corcelles-Près-Concise,5555,Corcelles-près-Concise,5555,VD,Corcelles-près-Concise,VD,
SUCCESSOR_MATCH,Osco,5072,Osco,5075,TI,Osco,TI,
UNIQUE_ID_MATCH,Arbedo Castione,5001,Arbedo-Castione,5001,TI,Arbedo,TI,
UNIQUE_ID_MATCH,Corcelles-Le-Jorat,5785,Corcelles-le-Jorat,5785,VD,Corcelles-le-Jorat,VD,
UNIQUE_ID_MATCH,Onnens FR,7253,La Brillaz (Onnens),7253,FR,Onnens FR,FR,
UNIQUE_ID_MATCH,1425 Onnens Vd,5565,Onnens,5565,VD,Onnens VD,VD,
UNIQUE_ID_MATCH,Chene-Bourg,6613,Chêne-Bourg,6613,GE,Chêne-Bourg,GE,
UNIQUE_ID_MATCH,Bois-d'Amont (Senèdes),2225,Senèdes,2225,FR,Senèdes,FR,
UNIQUE_ID_MATCH,Le Châble,6031,Bagnes,6031,VS,Le Châble VS,VS,
UNIQUE_ID_MATCH,La Sagne NE,6423,La Sagne,6423,NE,La Sagne NE,NE,
SUFFIX_MATCH,1926 Fully,6133,Fully,6133,VS,Fully,VS,
FULL_MATCH,Courtepin (Chandossel),7279,Courtepin (Chandossel),7279,FR,Villarepos,FR,
UNIQUE_ID_MATCH,Val D'Illez,6157,Val-d'Illiez,6157,VS,Val-d'Illiez,VS,
FULL_MATCH,Gibloux (Villarlod),7266,Gibloux (Villarlod),7266,FR,Villarlod,FR,
UNIQUE_ID_MATCH,Mézières FR,2087,Mézières,2087,FR,Mézières FR,FR,
UNIQUE_ID_MATCH,Berlens,7175,Mézières (FR) (Berlens),7175,FR,Berlens,FR,
UNIQUE_ID_MATCH,Les Hauts-Geneveys (Val-de-Ruz,7936,Les Hauts-Geneveys (Val-de-Ruz),7936,NE,Les Hauts-Geneveys,NE,
UNIQUE_ID_MATCH,Hofstetten b. Elgg,294,Elgg,294,ZH,Elgg,ZH,
UNIQUE_ID_MATCH,Chaneaz,7089,Montanaire (Chanéaz),7089,VD,Chanéaz,VD,
SUFFIX_MATCH,1961 Arbaz,6261,Arbaz,6261,VS,Arbaz,VS,
UNIQUE_ID_MATCH,Toerbel,6296,Törbel,6296,VS,Törbel,VS,
FULL_MATCH,Bregaglia (Vicosoprano),7388,Bregaglia (Vicosoprano),7388,GR,Vicosoprano,GR,
SUFFIX_MATCH,3941 Eischoll,6194,Eischoll,6194,VS,Eischoll,VS,
UNIQUE_ID_MATCH,Sitten,6266,Sion,6266,VS,Sion,VS,
UNIQUE_ID_MATCH,Altavilla,7298,Murten (Altavilla),7298,FR,Murten,FR,
UNIQUE_ID_MATCH,Breil/Brigels(Waltensb./Vuorz),7465,Breil/Brigels (Waltensburg/Vuorz),7465,GR,Waltensburg/Vuorz,GR,
UNIQUE_ID_MATCH,Pont En Veveyse,7311,Le Flon (Pont),7311,FR,Pont (Veveyse),FR,
UNIQUE_ID_MATCH,Kradolf-Schönenbg,4501,Kradolf-Schönenberg,4501,TG,Kradolf,TG,
SUFFIX_MATCH,3921 Embd,6283,Embd,6283,VS,Embd,VS,
UNIQUE_ID_MATCH,Benken SG,3312,Benken,3312,SG,Benken SG,SG,
UNIQUE_ID_MATCH,Rossinières,5842,Rossinière,5842,VD,Rossinière,VD,
UNIQUE_ID_MATCH,Montagny-p-Yverdon,5922,Montagny-près-Yverdon,5922,VD,Montagny-près-Yverdon,VD,
FULL_MATCH,Lully (Seiry),7151,Lully (Seiry),7151,FR,Seiry,FR,
FULL_MATCH,Lully (Bollion),7150,Lully (Bollion),7150,FR,Bollion,FR,
UNIQUE_ID_MATCH,Ependes (Sales),7236,Ependes (FR) (Sales),7236,FR,Ependes FR,FR,
UNIQUE_ID_MATCH,Cottens VD,5478,Cottens,5478,VD,Cottens VD,VD,
SUFFIX_MATCH,1961 Vex,6089,Vex,6089,VS,Vex,VS,
SUCCESSOR_MATCH,Agettes,6266,Agettes,6081,VS,Les Agettes,VS,
FULL_MATCH,Vuisternens-devant-Romont (Estévenens),7195,Vuisternens-devant-Romont (Estévenens),7195,FR,Estévenens,FR,
UNIQUE_ID_MATCH,Vuisternens-devant- Romont,2113,Vuisternens-devant-Romont,2113,FR,Vuisternens-devant-Romont,FR,
UNIQUE_ID_MATCH,Bellinzone,5002,Bellinzona,5002,TI,Bellinzona,TI,
UNIQUE_ID_MATCH,Varone,6116,Varen,6116,VS,Varen,VS,
UNIQUE_ID_MATCH,Bretzwil BL,2883,Bretzwil,2883,BL,Bretzwil,BL,
UNIQUE_ID_MATCH,Dompierre FR,7165,Belmont-Broye (Dompierre (FR)),7165,FR,Dompierre FR,FR,
UNIQUE_ID_MATCH,Wisen SO,2502,Wisen,2502,SO,Wisen SO,SO,
UNIQUE_ID_MATCH,Corcelles près Concise,5555,Corcelles-près-Concise,5555,VD,Corcelles-près-Concise,VD,
FULL_MATCH,Surses (Rona),7343,Surses (Rona),7343,GR,Rona,GR,
UNIQUE_ID_MATCH,St.-Luc,6252,Anniviers,6252,VS,Ayer,VS,
UNIQUE_ID_MATCH,Gamborogno,5398,Gambarogno,5398,TI,Magadino,TI,
UNIQUE_ID_MATCH,Corcelles-l.Jorat,5785,Corcelles-le-Jorat,5785,VD,Corcelles-le-Jorat,VD,
UNIQUE_ID_MATCH,Corcelles-l.Jurat,5785,Corcelles-le-Jorat,5785,VD,Corcelles-le-Jorat,VD,
UNIQUE_ID_MATCH,Zihlschlacht-Sittendorf,4511,Zihlschlacht-Sitterdorf,4511,TG,Zihlschlacht,TG,
UNIQUE_ID_MATCH,Boeningen,572,Bönigen,572,BE,Bönigen b. Interlaken,BE,
SUFFIX_MATCH,3931 Baltschieder,6281,Baltschieder,6281,VS,Baltschieder,VS,
UNIQUE_ID_MATCH,Mézery-près-Donneloye,7029,Donneloye (Mézery-près-Donneloye),7029,VD,Mézery-près-Donneloye,VD,
UNIQUE_ID_MATCH,1937 Orsieres,6034,Orsières,6034,VS,Orsières,VS,
UNIQUE_ID_MATCH,Mümliswil -Ramiswil,2428,Mümliswil-Ramiswil,2428,SO,Mümliswil,SO,
UNIQUE_ID_MATCH,Courtion-Misery,2272,Misery-Courtion,2272,FR,Misery,FR,
SUCCESSOR_SUFFIX_MATCH,3945 Steg,6204,Steg,6200,VS,Steg VS,VS,
UNIQUE_ID_MATCH,Grand-Saconnex,6623,Le Grand-Saconnex,6623,GE,Le Grand-Saconnex,GE,
UNIQUE_ID_MATCH,Volléges,6036,Vollèges,6036,VS,Vollèges,VS,
UNIQUE_ID_MATCH,St.Antonino,5017,Sant'Antonino,5017,TI,S. Antonino,TI,
UNIQUE_ID_MATCH,Haut-Intiyamon,2121,Haut-Intyamon,2121,FR,Lessoc,FR,
UNIQUE_ID_MATCH,Oberriet Holzerhoden,7872,Oberriet-Holzrhode,7872,SG,Oberriet SG,SG,
SUCCESSOR_MATCH,Bignasco,5310,Bignasco,5303,TI,Bignasco,TI,
UNIQUE_ID_MATCH,Chateau-d'Oex,5841,Château-d'Oex,5841,VD,Château-d'Oex,VD,
UNIQUE_ID_MATCH,Taesch,6295,Täsch,6295,VS,Täsch,VS,
UNIQUE_ID_MATCH,Le Mont-Sur-Lausanne,5587,Le Mont-sur-Lausanne,5587,VD,Le Mont-sur-Lausanne,VD,
UNIQUE_ID_MATCH,Rueyres les Prés,7140,Estavayer (Rueyres-les-Prés),7140,FR,Rueyres-les-Prés,FR,
SUFFIX_MATCH,1902 Evionnaz,6213,Evionnaz,6213,VS,Evionnaz,VS,
SUCCESSOR_MATCH,Retschwil,1030,Retschwil,1038,LU,Retschwil,LU,
UNIQUE_ID_MATCH,Valeyres S/Rances,5763,Valeyres-sous-Rances,5763,VD,Valeyres-sous-Rances,VD,
UNIQUE_ID_MATCH,Erlenbach im Simmental BE,763,Erlenbach im Simmental,763,BE,Erlenbach im Simmental,BE,
UNIQUE_ID_MATCH,Appenzel/Innerrhoden,3101,Appenzell,3101,AI,Appenzell,AI,
UNIQUE_ID_MATCH,Vignogn,7423,Lumnezia (Vignogn),7423,GR,Vignogn,GR,
UNIQUE_ID_MATCH,Muotathal SZ,1367,Muotathal,1367,SZ,Muotathal,SZ,
UNIQUE_ID_MATCH,St. Antoni FR,2302,St. Antoni,2302,FR,St. Antoni,FR,
UNIQUE_ID_MATCH,Rorhbachgraben,339,Rohrbachgraben,339,BE,Rohrbachgraben,BE,
UNIQUE_ID_MATCH,Walliswil b.N.bipp,990,Walliswil bei Niederbipp,990,BE,Walliswil b. Niederbipp,BE,
UNIQUE_ID_MATCH,Rueschlikon,139,Rüschlikon,139,ZH,Rüschlikon,ZH,
UNIQUE_ID_MATCH,Rüthi,360,Wohlen bei Bern,360,BE,Wohlen b. Bern,BE,
UNIQUE_ID_MATCH,Mont-Sur-Rolle,5859,Mont-sur-Rolle,5859,VD,Mont-sur-Rolle,VD,
SUCCESSOR_MATCH,Vira (Gambarogno),5398,Vira (Gambarogno),5134,TI,Vira (Gambarogno),TI,
UNIQUE_ID_MATCH,Boettstein,4303,Böttstein,4303,AG,Böttstein,AG,
SUFFIX_MATCH,1922 Salvan,6218,Salvan,6218,VS,Salvan,VS,
UNIQUE_ID_MATCH,Loèche,6110,Leuk,6110,VS,Leuk Stadt,VS,
UNIQUE_ID_MATCH,Saint-Sulpice (NE),7951,Saint-Sulpice (Val-de-Travers),7951,NE,St-Sulpice NE,NE,
UNIQUE_ID_MATCH,Saint-Sulpice,7951,Saint-Sulpice (Val-de-Travers),7951,NE,St-Sulpice NE,NE,
UNIQUE_ID_MATCH,Posat,7273,Gibloux (Posat),7273,FR,Posat,FR,
SUCCESSOR_MATCH,Pregassona,5192,Pregassona,5215,TI,Pregassona,TI,
FULL_MATCH,Villaz (Lussy),7535,Villaz (Lussy),7535,FR,Lussy FR,FR,
SUCCESSOR_MATCH,Vezio,5237,Vezio,5232,TI,Vezio,TI,
UNIQUE_ID_MATCH,Oberwil b.Büren,391,Oberwil bei Büren,391,BE,Oberwil b. Büren,BE,
UNIQUE_ID_MATCH,Biel (BE),371,Biel/Bienne,371,BE,Biel/Bienne,BE,
UNIQUE_ID_MATCH,Mex VD,5489,Mex,5489,VD,Mex VD,VD,
UNIQUE_ID_MATCH,Zénauva,7247,Le Mouret (Zénauva),7247,FR,Zénauva,FR,
SUCCESSOR_MATCH,Osterfingen,2974,Osterfingen,2905,SH,Osterfingen,SH,
UNIQUE_ID_MATCH,Art,1362,Arth,1362,SZ,Arth,SZ,
UNIQUE_ID_MATCH,1716 Oberschrot,7304,Plaffeien (Oberschrot),7304,FR,Oberschrot,FR,
UNIQUE_ID_MATCH,Thun (Strättligen),7855,Strättligen,7855,BE,Thun,BE,
UNIQUE_ID_MATCH,Sta. Maria-Calanca,3810,Santa Maria in Calanca,3810,GR,Sta. Maria in Calanca,GR,
UNIQUE_ID_MATCH,Jouxtens-Mezery,5585,Jouxtens-Mézery,5585,VD,Jouxtens-Mézery,VD,
FULL_MATCH,Calanca (Cauco),7395,Calanca (Cauco),7395,GR,Cauco,GR,
UNIQUE_ID_MATCH,Lüthelflüh,955,Lützelflüh,955,BE,Lützelflüh-Goldbach,BE,
UNIQUE_ID_MATCH,Le Chatelard,2067,Le Châtelard,2067,FR,Le Châtelard-près-Romont,FR,
UNIQUE_ID_MATCH,Niedergestlen,6198,Niedergesteln,6198,VS,Niedergesteln,VS,
MANUAL,Chene-Paquier,5908,Chêne-Pâquier,5908,VD,Chêne-Pâquier,VD,
UNIQUE_ID_MATCH,Bourg-St. Pierre,6032,Bourg-St-Pierre,6032,VS,Bourg-St-Pierre,VS,
UNIQUE_ID_MATCH,Laufen,7863,Laufen-Vorstadt,7863,BL,Laufen,BL,
UNIQUE_ID_MATCH,Hirschtal,4007,Hirschthal,4007,AG,Hirschthal,AG,
UNIQUE_ID_MATCH,La-Chaux-de-Fonds,6421,La Chaux-de-Fonds,6421,NE,La Chaux-de-Fonds,NE,
UNIQUE_ID_MATCH,Collombey,6152,Collombey-Muraz,6152,VS,Collombey,VS,
UNIQUE_ID_MATCH,La Chaux-de--Fonds,6421,La Chaux-de-Fonds,6421,NE,La Chaux-de-Fonds,NE,
UNIQUE_ID_MATCH,Corsalettes,7237,Grolley (Corsalettes (Lac)),7237,FR,Grolley,FR,
UNIQUE_ID_MATCH,Rothenburg,4551,Aadorf,4551,TG,Aadorf,TG,
UNIQUE_ID_MATCH,Grenilles,7272,Gibloux (Grenilles),7272,FR,Grenilles,FR,
UNIQUE_ID_MATCH,Niederried  bei Interlaken,588,Niederried bei Interlaken,588,BE,Niederried b. Interlaken,BE,
FULL_MATCH,Murten (Burg),7299,Murten (Burg),7299,FR,Murten,FR,
FULL_MATCH_WITHOUT_CANTON_SUFFIX,Crans-Montana (VS),6253,Crans-Montana,6253,VS,Crans-Montana,VS,
SUCCESSOR_MATCH,Cavagnago,5072,Cavagnago,5068,TI,Cavagnago,TI,
FULL_MATCH,Les Montets (Granges-de-Vesin),7160,Les Montets (Granges-de-Vesin),7160,FR,Granges-de-Vesin,FR,
SUFFIX_MATCH,1171 Bougy-Villars,5426,Bougy-Villars,5426,VD,Bougy-Villars,VD,
UNIQUE_ID_MATCH,Montagny-La-Ville,7153,Montagny (Montagny-la-Ville),7153,FR,Montagny-la-Ville,FR,
SUCCESSOR_MATCH,Basadingen,4536,Basadingen,4540,TG,Basadingen,TG,
UNIQUE_ID_MATCH,Chesailles-Marly,7238,Marly (Chésalles),7238,FR,Marly,FR,
SUFFIX_MATCH,3941 Varen,6116,Varen,6116,VS,Varen,VS,
UNIQUE_ID_MATCH,Etzikon,2518,Etziken,2518,SO,Etziken,SO,
MANUAL,Yverdon Les Bains,5938,Yverdon-les-Bains,5938,VD,Yverdon-les-Bains,VD,
UNIQUE_ID_MATCH,Rossens VD,7026,Villarzel (Rossens),7026,VD,Rossens VD,VD,
UNIQUE_ID_MATCH,Villarzel Rossens,7026,Villarzel (Rossens),7026,VD,Rossens VD,VD,
MANUAL,Reichenbach im Kandertal BE,567,Reichenbach im Kandertal,567,BE,Reichenbach im Kandertal,BE,
UNIQUE_ID_MATCH,3903 Blatten-Loetsch,6192,Blatten,6192,VS,Blatten (Lötschen),VS,
FULL_MATCH,Donat (Donath),7453,Donat (Donath),7453,GR,Donat,GR,
UNIQUE_ID_MATCH,MARCHISSY,5430,Marchissy,5430,VD,Marchissy,VD,
FULL_MATCH_WITHOUT_CANTON_SUFFIX,Bibern (SO),7963,Bibern,7963,SO,Bibern SO,SO,
SUFFIX_MATCH,3556 Trub,908,Trub,908,BE,Trub,BE,
UNIQUE_ID_MATCH,Villarbeney,7219,Botterens (Villarbeney),7219,FR,Villarbeney,FR,
UNIQUE_ID_MATCH,Charmey (Gruyère),7230,Val-de-Charmey (Charmey),7230,FR,Charmey (Gruyère),FR,
SUFFIX_MATCH,3941 Ergisch,6104,Ergisch,6104,VS,Ergisch,VS,
SUFFIX_MATCH,3931 Lalden,6286,Lalden,6286,VS,Lalden,VS,
UNIQUE_ID_MATCH,Schuebelbach,1346,Schübelbach,1346,SZ,Schübelbach,SZ,
UNIQUE_ID_MATCH,Signau FR,907,Signau,907,BE,Signau,BE,
SUFFIX_MATCH,3942 Raron,6199,Raron,6199,VS,Raron,VS,
SUFFIX_MATCH,3901 Saas Balen,6289,Saas Balen,6289,VS,Saas-Balen,VS,
UNIQUE_ID_MATCH,Strättligen BE,7855,Strättligen,7855,BE,Thun,BE,
UNIQUE_ID_MATCH,Oberwilim Simmental,766,Oberwil im Simmental,766,BE,Oberwil im Simmental,BE,
MANUAL,Châtillon JU,6704,Châtillon,6704,BE,Châtillon JU,JU,
UNIQUE_ID_MATCH,Wangen b. Olten SO,2586,Wangen bei Olten,2586,SO,Wangen b. Olten,SO,
UNIQUE_ID_MATCH,Seegräben-Hinwil,119,Seegräben,119,ZH,Aathal-Seegräben,ZH,
UNIQUE_ID_MATCH,Wachelsdorn,946,Wachseldorn,946,BE,Süderen,BE,
UNIQUE_ID_MATCH,Röthenbach i.E./,904,Röthenbach im Emmental,904,BE,Röthenbach im Emmental,BE,
UNIQUE_ID_MATCH,Starrkirch,2584,Starrkirch-Wil,2584,SO,Starrkirch-Wil,SO,
UNIQUE_ID_MATCH,Glasrus Nord,1630,Glarus Nord,1630,GL,Näfels,GL,
UNIQUE_ID_MATCH,Kirchberg BE,412,Kirchberg,412,BE,Kirchberg BE,BE,
SUFFIX_MATCH,3964 Veyras,6250,Veyras,6250,VS,Veyras,VS,
UNIQUE_ID_MATCH,Wohlen b. Bern,360,Wohlen bei Bern,360,BE,Wohlen b. Bern,BE,
UNIQUE_ID_MATCH,1891 Verossaz,6220,Vérossaz,6220,VS,Vérossaz,VS,
UNIQUE_ID_MATCH,Nuglar-St.Pantaleon,2478,Nuglar-St. Pantaleon,2478,SO,Nuglar,SO,
UNIQUE_ID_MATCH,Veysonnaz/Nendaz,6267,Veysonnaz,6267,VS,Veysonnaz,VS,
UNIQUE_ID_MATCH,S.Antonino,5017,Sant'Antonino,5017,TI,S. Antonino,TI,
UNIQUE_ID_MATCH,Villaz-St-Piere,7524,Villaz (Villaz-Saint-Pierre),7524,FR,Villaz-St-Pierre,FR,
UNIQUE_ID_MATCH,Eggiswil,901,Eggiwil,901,BE,Eggiwil,BE,
UNIQUE_ID_MATCH,Bremgarten b. Bern,353,Bremgarten bei Bern,353,BE,Bremgarten b. Bern,BE,
SUFFIX_MATCH,1931 Bovernier,6131,Bovernier,6131,VS,Bovernier,VS,
SUCCESSOR_MATCH,Casima,5249,Casima,5248,TI,Casima,TI,
UNIQUE_ID_MATCH,Thalheim a.d. Thur,39,Thalheim an der Thur,39,ZH,Thalheim an der Thur,ZH,
UNIQUE_ID_MATCH,Besencens,7307,Saint-Martin (FR) (Besencens),7307,FR,Besencens,FR,
UNIQUE_ID_MATCH,St.-Jean,6252,Anniviers,6252,VS,Ayer,VS,
UNIQUE_ID_MATCH,Bondo,7384,Bregaglia (Bondo),7384,GR,Bondo,GR,
FULL_MATCH,Grossbösingen,2295,Grossbösingen,2295,FR,Bösingen,FR,
UNIQUE_ID_MATCH,8200 Schaffhouse,2939,Schaffhausen,2939,SH,Schaffhausen,SH,
UNIQUE_ID_MATCH,Diessbach b.Büren,385,Diessbach bei Büren,385,BE,Diessbach b. Büren,BE,
MANUAL,Rudolfstetten-Friedl.,4075,Rudolfstetten-Friedlisberg,4075,AG,Rudolfstetten,,
UNIQUE_ID_MATCH,Röthenbach i.Emment.,904,Röthenbach im Emmental,904,BE,Röthenbach im Emmental,BE,
UNIQUE_ID_MATCH,Grub AR,3031,Grub,3031,AR,Grub AR,AR,
UNIQUE_ID_MATCH,Lengnau BE,387,Lengnau,387,BE,Lengnau BE,BE,
SUCCESSOR_MATCH,Steinhof,2511,Steinhof,2531,SO,Steinhof SO,SO,
UNIQUE_ID_MATCH,Mumliswil,2428,Mümliswil-Ramiswil,2428,SO,Mümliswil,SO,
SUCCESSOR_MATCH,Rothenhausen,4921,Rothenhausen,4929,TG,Rothenhausen,TG,
UNIQUE_ID_MATCH,Bütschwil-Ganterschwil Ganterschwil,7960,"Bütschwil-Ganterschwil, Ganterschwil",7960,SG,Ganterschwil,SG,
UNIQUE_ID_MATCH,Oberehrendinger,4049,Ehrendingen,4049,AG,Ehrendingen,AG,
UNIQUE_ID_MATCH,Stürvis,7329,Albula/Alvra (Stierva),7329,GR,Stierva,GR,
SUCCESSOR_SUFFIX_MATCH,5276 Wil,4184,Wil,4180,AG,Wil AG,AG,
FULL_MATCH_WITHOUT_CANTON_SUFFIX,St. Ursen (FR),2304,St. Ursen,2304,FR,St. Ursen,FR,
UNIQUE_ID_MATCH,Speicher (Appenzel),3023,Speicher,3023,AR,Speicher,AR,
FULL_MATCH,Bergün Filisur (Stugl/Stuls),7462,Bergün Filisur (Stugl/Stuls),7462,GR,Stugl/Stuls,GR,
SUCCESSOR_SUFFIX_MATCH,3150 Wahlern,855,Wahlern,854,BE,Schwarzenburg,BE,
UNIQUE_ID_MATCH,Schoren b. Langenthal,7850,Schoren,7850,BE,Langenthal,BE,
UNIQUE_ID_MATCH,Oechlenberg,985,Ochlenberg,985,BE,Ochlenberg,BE,
UNIQUE_ID_MATCH,Leimiswil BE,332,Madiswil,332,BE,Madiswil,BE,
SUCCESSOR_MATCH,Mannenbach,4851,Mannenbach,4852,TG,Salenstein,TG,
SUCCESSOR_SUFFIX_MATCH,3941 Erschmatt,6110,Erschmatt,6105,VS,Erschmatt,VS,
UNIQUE_ID_MATCH,Bourg-St.Pierre,6032,Bourg-St-Pierre,6032,VS,Bourg-St-Pierre,VS,
UNIQUE_ID_MATCH,3941 Unterbaech Vs,6201,Unterbäch,6201,VS,Unterbäch VS,VS,
UNIQUE_ID_MATCH,Affoltern i. Emmenthal,951,Affoltern im Emmental,951,BE,Affoltern im Emmental,BE,
UNIQUE_ID_MATCH,Launen,842,Lauenen,842,BE,Lauenen b. Gstaad,BE,
UNIQUE_ID_MATCH,8862 Schuebelbach,1346,Schübelbach,1346,SZ,Schübelbach,SZ,
UNIQUE_ID_MATCH,Barbereche,7275,Courtepin (Barberêche),7275,FR,Barberêche,FR,
UNIQUE_ID_MATCH,Busswil b.Melchnau,325,Busswil bei Melchnau,325,BE,Busswil b. Melchnau,BE,
UNIQUE_ID_MATCH,Wangen b. Olten,2586,Wangen bei Olten,2586,SO,Wangen b. Olten,SO,
UNIQUE_ID_MATCH,Wangen b. O.,2586,Wangen bei Olten,2586,SO,Wangen b. Olten,SO,
UNIQUE_ID_MATCH,Oberwil b. Büren,391,Oberwil bei Büren,391,BE,Oberwil b. Büren,BE,
UNIQUE_ID_MATCH,Arch bei Büren,381,Arch,381,BE,Arch,BE,
UNIQUE_ID_MATCH,Hasle bei Burgdorf BE,406,Hasle bei Burgdorf,406,BE,Hasle b. Burgdorf,BE,
UNIQUE_ID_MATCH,Brunnandern,7917,Neckertal-Brunnadern,7917,SG,Brunnadern,SG,
SUFFIX_MATCH,3981 Bitsch,6173,Bitsch,6173,VS,Bitsch,VS,
SUCCESSOR_MATCH,Frasnacht,4401,Frasnacht,4402,TG,Frasnacht,TG,
FULL_MATCH,Wünnewil,2309,Wünnewil,2309,FR,Wünnewil,FR,
UNIQUE_ID_MATCH,Hergiswil b. W.,1132,Hergiswil bei Willisau,1132,LU,Hergiswil b. Willisau,LU,
UNIQUE_ID_MATCH,Bütschwil SG,7959,"Bütschwil-Ganterschwil, Bütschwil",7959,SG,Bütschwil,SG,
SUCCESSOR_MATCH,Buhwil,4501,Buhwil,4496,TG,Buhwil,TG,
SUCCESSOR_MATCH,Istighofen,4911,Istighofen,4923,TG,Istighofen,TG,
UNIQUE_ID_MATCH,Fenin-Villars-Saules,7932,Fenin-Vilars-Saules (Val-de-Ruz),7932,NE,Fenin,NE,
UNIQUE_ID_MATCH,Grosshochstetten,608,Grosshöchstetten,608,BE,Grosshöchstetten,BE,
UNIQUE_ID_MATCH,Arni BE,602,Arni,602,BE,Arni BE,BE,
UNIQUE_ID_MATCH,Appenzell IR,3101,Appenzell,3101,AI,Appenzell,AI,
SUCCESSOR_MATCH,Buchs,1125,Buchs,1124,LU,Buchs LU,LU,
UNIQUE_ID_MATCH,Küssnacht a. R.,1331,Küssnacht,1331,SZ,Küssnacht am Rigi,,
SUCCESSOR_MATCH,Schlattingen,4536,Schlattingen,4533,TG,Schlattingen,TG,
UNIQUE_ID_MATCH,Steg VS,6204,Steg-Hohtenn,6204,VS,Steg VS,VS,
UNIQUE_ID_MATCH,Grattavache,7314,La Verrerie (Grattavache),7314,FR,Grattavache,FR,
MANUAL,Wettswil A. Albis,14,Wettswil am Albis,14,ZH,Wettswil,ZH,
UNIQUE_ID_MATCH,Schangnau /,906,Schangnau,906,BE,Schangnau,BE,
UNIQUE_ID_MATCH,Arni B.Biglen,602,Arni,602,BE,Arni BE,BE,
UNIQUE_ID_MATCH,Winkel b. Bülach,72,Winkel,72,ZH,Winkel,ZH,
SUFFIX_MATCH,3182 Ueberstorf,2308,Ueberstorf,2308,FR,Ueberstorf,FR,
UNIQUE_ID_MATCH,Schauffhausen,2939,Schaffhausen,2939,SH,Schaffhausen,SH,
UNIQUE_ID_MATCH,Doerflingen,2915,Dörflingen,2915,SH,Dörflingen,SH,
SUCCESSOR_SUFFIX_MATCH,8561 Dotnacht,4666,Dotnacht,4936,TG,Dotnacht,TG,
UNIQUE_ID_MATCH,Franex,7147,Estavayer (Franex),7147,FR,Murist,FR,
UNIQUE_ID_MATCH,Schoenenbuch,2774,Schönenbuch,2774,BL,Schönenbuch,BL,
FULL_MATCH,Bressaucourt (Fontenais),7130,Bressaucourt (Fontenais),7130,JU,Fontenais,JU,
SUCCESSOR_MATCH,Villa Luganese,5192,Villa Luganese,5235,TI,Villa Luganese,TI,
SUCCESSOR_SUFFIX_MATCH,1961 Nax,6090,Nax,6086,VS,Nax,VS,
SUFFIX_MATCH,6981 Astano,5146,Astano,5146,TI,Astano,TI,
SUCCESSOR_MATCH,Schönenbaumgarten,4681,Schönenbaumgarten,4663,TG,Schönenbaumgarten,TG,
MANUAL,Bad Ragaz SG,3291,Bad Ragaz,3291,SG,Bad Ragaz,SG,bis 1937 Ragaz
FULL_MATCH_WITHOUT_CANTON_SUFFIX,Ueberstorf (FR),2308,Ueberstorf,2308,FR,Ueberstorf,FR,
FULL_MATCH,Arosa (Calfreisen),7353,Arosa (Calfreisen),7353,GR,Calfreisen,GR,
FULL_MATCH,Thurnen (Kirchenthurnen),7528,Thurnen (Kirchenthurnen),7528,BE,Kirchenthurnen,BE,
SUCCESSOR_MATCH,Guntershausen bei Aadorf,4551,Guntershausen bei Aadorf,4554,TG,Aadorf,TG,
UNIQUE_ID_MATCH,Balm-Günsberg,2541,Balm bei Günsberg,2541,SO,Balm b. Günsberg,SO,
UNIQUE_ID_MATCH,Thöringen,989,Thörigen,989,BE,Thörigen,BE,
UNIQUE_ID_MATCH,Oberoenz,979,Herzogenbuchsee,979,BE,Herzogenbuchsee,BE,
UNIQUE_ID_MATCH,Röthenbach i.E./BE,904,Röthenbach im Emmental,904,BE,Röthenbach im Emmental,BE,
UNIQUE_ID_MATCH,Kaltbrunnen,3313,Kaltbrunn,3313,SG,Kaltbrunn,SG,
SUCCESSOR_SUFFIX_MATCH,3901 Hohtenn,6204,Hohtenn,6196,VS,Hohtenn,VS,
UNIQUE_ID_MATCH,Horriswil,2523,Horriwil,2523,SO,Horriwil,SO,
UNIQUE_ID_MATCH,St. Gallen SG,3203,St. Gallen,3203,SG,St. Gallen,SG,
UNIQUE_ID_MATCH,Brunisried,2292,Brünisried,2292,FR,Brünisried,FR,
FULL_MATCH_WITHOUT_CANTON_SUFFIX,Oberriet-Holzrhode (SG),7872,Oberriet-Holzrhode,7872,SG,Oberriet SG,SG,
SUCCESSOR_MATCH,Buch bei Märwil,4711,Buch bei Märwil,4712,TG,Affeltrangen,TG,
UNIQUE_ID_MATCH,Egg bei Zürich,192,Egg,192,ZH,Egg b. Zürich,ZH,
UNIQUE_ID_MATCH,Wichtrach BE,632,Wichtrach,632,BE,Wichtrach,BE,
UNIQUE_ID_MATCH,Bütschwil-Ganterschwil  Bütschwil,7959,"Bütschwil-Ganterschwil, Bütschwil",7959,SG,Bütschwil,SG,
UNIQUE_ID_MATCH,Rothenbach I.E.,904,Röthenbach im Emmental,904,BE,Röthenbach im Emmental,BE,
UNIQUE_ID_MATCH,Rötenbach i.E.,904,Röthenbach im Emmental,904,BE,Röthenbach im Emmental,BE,
UNIQUE_ID_MATCH,3033 Wohlen B  Bern,360,Wohlen bei Bern,360,BE,Wohlen b. Bern,BE,
UNIQUE_ID_MATCH,Hauenstein/Ifenthal,2491,Hauenstein-Ifenthal,2491,SO,Hauenstein,SO,
UNIQUE_ID_MATCH,Hauenstein-Ifenth.,2491,Hauenstein-Ifenthal,2491,SO,Hauenstein,SO,
SUCCESSOR_MATCH,Schocherswil,4461,Schocherswil,4516,TG,Schocherswil,TG,
SUCCESSOR_MATCH,Dünnershaus,4681,Dünnershaus,4676,TG,Langrickenbach,TG,
UNIQUE_ID_MATCH,Taegerig,4077,Tägerig,4077,AG,Tägerig,AG,
UNIQUE_ID_MATCH,Hergiswil LU,1132,Hergiswil bei Willisau,1132,LU,Hergiswil b. Willisau,LU,
UNIQUE_ID_MATCH,Peuchapatte,7100,Le Peuchapatte (Muriaux),7100,JU,Muriaux,JU,
UNIQUE_ID_MATCH,Wiler-Utzenstorf,554,Wiler bei Utzenstorf,554,BE,Wiler b. Utzenstorf,BE,
UNIQUE_ID_MATCH,Wiler b.U.,554,Wiler bei Utzenstorf,554,BE,Wiler b. Utzenstorf,BE,
UNIQUE_ID_MATCH,Graenichen,4006,Gränichen,4006,AG,Gränichen,AG,
UNIQUE_ID_MATCH,Koeliken,4276,Kölliken,4276,AG,Kölliken,AG,
UNIQUE_ID_MATCH,Alt St-Johann,7921,"Wildhaus-Alt St. Johann, Alt St. Johann",7921,SG,Alt St. Johann,SG,
UNIQUE_ID_MATCH,St-Saphorin-s-Morg,7039,Echichens (Saint-Saphorin-sur-Morges),7039,VD,St-Saphorin-sur-Morges,VD,
SUCCESSOR_MATCH,Dongio,5048,Dongio,5035,TI,Dongio,TI,
UNIQUE_ID_MATCH,Langnau-Reiden,1140,Reiden,1140,LU,Reiden,LU,
FULL_MATCH,Surpierre (Praratoud),7156,Surpierre (Praratoud),7156,FR,Praratoud,FR,
UNIQUE_ID_MATCH,Rochefort(Brot-Dessous),7098,Brot-Dessous (Rochefort),7098,NE,Rochefort,NE,
UNIQUE_ID_MATCH,Limpach BE,7473,Fraubrunnen (Limpach),7473,BE,Limpach,BE,
UNIQUE_ID_MATCH,Niederdof,2891,Niederdorf,2891,BL,Niederdorf,BL,
UNIQUE_ID_MATCH,Niderdorf,2891,Niederdorf,2891,BL,Niederdorf,BL,
UNIQUE_ID_MATCH,Valsot Ramosch,7373,Valsot (Ramosch),7373,GR,Ramosch,GR,
SUCCESSOR_MATCH_WITHOUT_CANTON_SUFFIX,Carrouge (VD),7131,Carrouge,5782,VD,Carrouge VD,VD,
UNIQUE_ID_MATCH,Oberkirch LU,1095,Oberkirch,1095,LU,Oberkirch LU,LU,
SUFFIX_MATCH,1913 Saillon,6140,Saillon,6140,VS,Saillon,VS,
FULL_MATCH,Albula/Alvra (Tiefencastel),7331,Albula/Alvra (Tiefencastel),7331,GR,Tiefencastel,GR,
UNIQUE_ID_MATCH,Valangin (Neuchâtel),6485,Valangin,6485,NE,Valangin,NE,
UNIQUE_ID_MATCH,Cugy VD,5516,Cugy,5516,VD,Cugy VD,VD,
UNIQUE_ID_MATCH,Mühleturnen,889,Thurnen,889,BE,Mühlethurnen,BE,
UNIQUE_ID_MATCH,Rüti b.R.,879,Riggisberg,879,BE,Riggisberg,BE,
UNIQUE_ID_MATCH,Schoefflisdorf,99,Schöfflisdorf,99,ZH,Schöfflisdorf,ZH,
FULL_MATCH,Rheinwald (Hinterrhein),7520,Rheinwald (Hinterrhein),7520,GR,Hinterrhein,GR,
UNIQUE_ID_MATCH,Saint-Saphorin-sur-Morges,7039,Echichens (Saint-Saphorin-sur-Morges),7039,VD,St-Saphorin-sur-Morges,VD,
SUFFIX_MATCH,1055 Froideville,5523,Froideville,5523,VD,Froideville,VD,
UNIQUE_ID_MATCH,Murten  Morat Salvenach,7296,Murten (Salvenach),7296,FR,Salvenach,FR,
UNIQUE_ID_MATCH,Ecotaux,7078,Oron (Ecoteaux),7078,VD,Ecoteaux,VD,
UNIQUE_ID_MATCH,Nottwil,1093,Neuenkirch,1093,LU,Neuenkirch,LU,
SUFFIX_MATCH,3921 Randa,6287,Randa,6287,VS,Randa,VS,
UNIQUE_ID_MATCH,Schlosswil/BE,7513,Grosshöchstetten (Schlosswil),7513,BE,Schlosswil,BE,
SUFFIX_MATCH,3901 Zwischbergen,6011,Zwischbergen,6011,VS,Gondo,VS,
UNIQUE_ID_MATCH,Matten b.I.,587,Matten bei Interlaken,587,BE,Matten b. Interlaken,BE,
UNIQUE_ID_MATCH,3961 Miege,6241,Miège,6241,VS,Miège,VS,
FULL_MATCH,La Sonnaz (La Corbaz),7254,La Sonnaz (La Corbaz),7254,FR,La Corbaz,FR,
SUFFIX_MATCH,1870 Monthey,6153,Monthey,6153,VS,Monthey,VS,
SUFFIX_MATCH,1964 Conthey,6023,Conthey,6023,VS,Conthey,VS,
UNIQUE_ID_MATCH,Stadt Basel,2701,Basel,2701,BS,Basel,BS,
UNIQUE_ID_MATCH,Reisiwil,336,Reisiswil,336,BE,Reisiswil,BE,
UNIQUE_ID_MATCH,Benken ZH,22,Benken,22,ZH,Benken ZH,ZH,
UNIQUE_ID_MATCH,Mur VD,7048,Vully-les-Lacs (Mur),7048,VD,Mur (Vully) VD,VD,
FULL_MATCH,Wettswil,14,Wettswil,14,ZH,Wettswil,ZH,
MANUAL,Wettswil am Ablis,14,Wettswil am Albis,14,ZH,Wettswil,ZH,
UNIQUE_ID_MATCH,Glarona Süd,1631,Glarus Süd,1631,GL,Schwanden GL,GL,
UNIQUE_ID_MATCH,Riva S.Vitale,5263,Riva San Vitale,5263,TI,Riva San Vitale,TI,
UNIQUE_ID_MATCH,"Pâquier NE, Le",7938,Le Pâquier (Val-de-Ruz),7938,NE,Le Pâquier NE,NE,
MANUAL,Medel Lucmagn,3983,Medel (Lucmagn),3983,GR,Curaglia,GR,
MANUAL,Medel-Lucmagn,3983,Medel (Lucmagn),3983,GR,Curaglia,GR,
UNIQUE_ID_MATCH,Montmagny,7047,Vully-les-Lacs (Montmagny),7047,VD,Montmagny,VD,
UNIQUE_ID_MATCH,Gross-Gurmels,7285,Gurmels (Grossgurmels),7285,FR,Gurmels,FR,
UNIQUE_ID_MATCH,Grossgurmels,7285,Gurmels (Grossgurmels),7285,FR,Gurmels,FR,
UNIQUE_ID_MATCH,Appenzel,3101,Appenzell,3101,AI,Appenzell,AI,
UNIQUE_ID_MATCH,Granges/Sierre,6248,Sierre,6248,VS,Sierre,VS,
UNIQUE_ID_MATCH,Guin,2293,Düdingen,2293,FR,Düdingen,FR,
UNIQUE_ID_MATCH,Bürglen UR,1205,Bürglen,1205,UR,Bürglen UR,UR,
UNIQUE_ID_MATCH,Vufflens-le-Châtea,5653,Vufflens-le-Château,5653,VD,Vufflens-le-Château,VD,
UNIQUE_ID_MATCH,Jorat Menthue,5804,Jorat-Menthue,5804,VD,Villars-Tiercelin,VD,
UNIQUE_ID_MATCH,3855 Brienz Be,573,Brienz,573,BE,Brienz BE,BE,
UNIQUE_ID_MATCH,St-Marint,2335,Saint-Martin,2335,FR,St-Martin FR,FR,
MANUAL,Genevez,6748,Les Genevez,6748,BE,Les Genevez JU,JU,
UNIQUE_ID_MATCH,St.Antoni,2302,St. Antoni,2302,FR,St. Antoni,FR,
UNIQUE_ID_MATCH,Teufen AR,3024,Teufen,3024,AR,Teufen AR,AR,
UNIQUE_ID_MATCH,"Martigny,Martigny-Combe",6137,Martigny-Combe,6137,VS,Martigny-Croix,VS,
UNIQUE_ID_MATCH,Grone,6238,Grône,6238,VS,Grône,VS,
UNIQUE_ID_MATCH,Graffenried,7472,Fraubrunnen (Grafenried),7472,BE,Grafenried,BE,
UNIQUE_ID_MATCH,Buchs SG,3271,Buchs,3271,SG,Buchs SG,SG,
UNIQUE_ID_MATCH,Trueb,908,Trub,908,BE,Trub,BE,
UNIQUE_ID_MATCH,Gurtnellen Dorf,1209,Gurtnellen,1209,UR,Gurtnellen,UR,
UNIQUE_ID_MATCH,Lenk i.S.,792,Lenk,792,BE,Lenk im Simmental,BE,
UNIQUE_ID_MATCH,Buchs LU,1125,Dagmersellen,1125,LU,Dagmersellen,LU,
UNIQUE_ID_MATCH,Bruettelen,491,Brüttelen,491,BE,Brüttelen,BE,
MANUAL,Brüttisellen,200,Wangen-Brüttisellen,200,ZH,Brüttisellen,ZH,
UNIQUE_ID_MATCH,Moerschwil,3214,Mörschwil,3214,SG,Mörschwil,SG,
UNIQUE_ID_MATCH,Zell ZH,231,Zell,231,ZH,Zell ZH,ZH,
UNIQUE_ID_MATCH,Ruschegg,853,Rüschegg,853,BE,Rüschegg Heubach,BE,
UNIQUE_ID_MATCH,Forst-Längebühl,948,Forst-Längenbühl,948,BE,Längenbühl,BE,
FULL_MATCH_WITHOUT_CANTON_SUFFIX,Wolfenschiessen (NW),1511,Wolfenschiessen,1511,NW,Wolfenschiessen,NW,
UNIQUE_ID_MATCH,Mühlh,4235,Mühlau,4235,AG,Mühlau,AG,
UNIQUE_ID_MATCH,Schupfheim,1008,Schüpfheim,1008,LU,Schüpfheim,LU,
MANUAL,Delemont,6711,Delémont,6711,BE,Delémont,JU,
SUCCESSOR_MATCH,Herrenhof,4681,Herrenhof,4677,TG,Herrenhof,TG,
UNIQUE_ID_MATCH,Buetschwil,7959,"Bütschwil-Ganterschwil, Bütschwil",7959,SG,Bütschwil,SG,
UNIQUE_ID_MATCH,Oberuzwi-Bichwil,3407,Oberuzwil,3407,SG,Oberuzwil,SG,
UNIQUE_ID_MATCH,Flums Dorf,7879,Flums-Dorf,7879,SG,Flums,SG,
UNIQUE_ID_MATCH,Basilea-Città,2701,Basel,2701,BS,Basel,BS,
UNIQUE_ID_MATCH,Langnau i. Emmental,902,Langnau im Emmental,902,BE,Langnau im Emmental,BE,
UNIQUE_ID_MATCH,Buenzen,4229,Bünzen,4229,AG,Bünzen,AG,
UNIQUE_ID_MATCH,Heinrichswil SO und Hersiwil,2535,Drei Höfe,2535,SO,Heinrichswil,SO,
UNIQUE_ID_MATCH,Corcelles BE,687,Corcelles,687,BE,Corcelles BE,BE,
UNIQUE_ID_MATCH,Baeriswil,403,Bäriswil,403,BE,Bäriswil BE,BE,
UNIQUE_ID_MATCH,Montalchez La Grande Béroche,7517,Montalchez (La Grande Béroche),7517,NE,Montalchez,NE,
UNIQUE_ID_MATCH,Thierarchern,941,Thierachern,941,BE,Thierachern,BE,
UNIQUE_ID_MATCH,Landiswil (Obergoldbach),613,Landiswil,613,BE,Landiswil,BE,
SUCCESSOR_SUFFIX_MATCH,3901 Mund,6007,Mund,6006,VS,Mund,VS,
UNIQUE_ID_MATCH,Lenk i. Simmenthal,792,Lenk,792,BE,Lenk im Simmental,BE,
UNIQUE_ID_MATCH,Mels,7882,Mels-Weisstannen,7882,SG,Mels,SG,
UNIQUE_ID_MATCH,Orisères,6034,Orsières,6034,VS,Orsières,VS,
UNIQUE_ID_MATCH,Koblenz AG,4310,Koblenz,4310,AG,Koblenz,AG,
UNIQUE_ID_MATCH,Boenigen b. Interlaken,572,Bönigen,572,BE,Bönigen b. Interlaken,BE,
UNIQUE_ID_MATCH,Lützelflüh,1093,Neuenkirch,1093,LU,Neuenkirch,LU,
SUCCESSOR_MATCH,Campello,5072,Campello,5067,TI,Campello,TI,
UNIQUE_ID_MATCH,Hergiswil b. Willisau LU,1132,Hergiswil bei Willisau,1132,LU,Hergiswil b. Willisau,LU,
UNIQUE_ID_MATCH,Hochdorf,1054,Ebikon,1054,LU,Ebikon,LU,
UNIQUE_ID_MATCH,Flueelen,1207,Flüelen,1207,UR,Flüelen,UR,
UNIQUE_ID_MATCH,Doettingen,4304,Döttingen,4304,AG,Döttingen,AG,
UNIQUE_ID_MATCH,Wattenwill,886,Wattenwil,886,BE,Wattenwil,BE,
UNIQUE_ID_MATCH,Évolène,6083,Evolène,6083,VS,Evolène,VS,
UNIQUE_ID_MATCH,Busswil b. Melchnau BE,325,Busswil bei Melchnau,325,BE,Busswil b. Melchnau,BE,
UNIQUE_ID_MATCH,Saint-Aubin-Sauges La Grande Béroc,7518,Saint-Aubin-Sauges (La Grande Béroche),7518,NE,St-Aubin-Sauges,NE,
UNIQUE_ID_MATCH,Saint-Aubin-Sauges La Grande Béroche,7518,Saint-Aubin-Sauges (La Grande Béroche),7518,NE,St-Aubin-Sauges,NE,
UNIQUE_ID_MATCH,St-Aubin-Sauges,7518,Saint-Aubin-Sauges (La Grande Béroche),7518,NE,St-Aubin-Sauges,NE,
UNIQUE_ID_MATCH,Tröbel,6296,Törbel,6296,VS,Törbel,VS,
UNIQUE_ID_MATCH,Ruegsau,956,Rüegsau,956,BE,Rüegsau,BE,
UNIQUE_ID_MATCH,St-Blaise,6459,Saint-Blaise,6459,NE,St-Blaise,NE,
UNIQUE_ID_MATCH,Sselisberg,1215,Seelisberg,1215,UR,Seelisberg,UR,
FULL_MATCH_WITHOUT_CANTON_SUFFIX,Escholzmatt-Marbach (LU),1010,Escholzmatt-Marbach,1010,LU,Escholzmatt,LU,
UNIQUE_ID_MATCH,Trusbachen,909,Trubschachen,909,BE,Trubschachen,BE,
UNIQUE_ID_MATCH,Walterswil SO,2585,Walterswil,2585,SO,Walterswil SO,SO,
UNIQUE_ID_MATCH,Heimswil,407,Heimiswil,407,BE,Heimiswil,BE,
UNIQUE_ID_MATCH,Aeschi b. Spiez BE,562,Aeschi bei Spiez,562,BE,Aeschi b. Spiez,BE,
UNIQUE_ID_MATCH,Aeschlen b. Oberdiessbach,619,Oberdiessbach,619,BE,Oberdiessbach,BE,
