ID,NAME,MUNICIPALITY,DISTRICT,CANTON,COUNTRY
1,Aeugst am Albis,Aeugst am Albis,Bezirk Affoltern,ZH,CH
2,Aeugstertal,Aeugst am Albis,Bezirk Affoltern,ZH,CH
3,Zwillikon,Affoltern am Albis,Bezirk Affoltern,ZH,CH
4,Affoltern am Albis,Affoltern am Albis,Bezirk Affoltern,ZH,CH
5,Bonstetten,Bonstetten,Bezirk Affoltern,ZH,CH
6,Hausen am Albis,Hausen am Albis,Bezirk Affoltern,ZH,CH
7,Ebertswil,Hausen am Albis,Bezirk Affoltern,ZH,CH
8,Hedingen,Hedingen,Bezirk Affoltern,ZH,CH
9,Kappel am Albis,Kappel am Albis,Bezirk Affoltern,ZH,CH
10,Hauptikon,Kappel am Albis,Bezirk Affoltern,ZH,CH
11,Uerzlikon,Kappel am Albis,Bezirk Affoltern,ZH,CH
12,Knonau,Knonau,Bezirk Affoltern,ZH,CH
13,Maschwanden,Maschwanden,Bezirk Affoltern,ZH,CH
14,Mettmenstetten,Mettmenstetten,Bezirk Affoltern,ZH,CH
15,Obfelden,Obfelden,Bezirk Affoltern,ZH,CH
16,Ottenbach,Ottenbach,Bezirk Affoltern,ZH,CH
17,Rifferswil,Rifferswil,Bezirk Affoltern,ZH,CH
18,Stallikon,Stallikon,Bezirk Affoltern,ZH,CH
19,Uetliberg,Stallikon,Bezirk Affoltern,ZH,CH
20,Wettswil,Wettswil am Albis,Bezirk Affoltern,ZH,CH
21,Adlikon b. Andelfingen,Adlikon,Bezirk Andelfingen,ZH,CH
22,Benken ZH,Benken (ZH),Bezirk Andelfingen,ZH,CH
23,Berg am Irchel,Berg am Irchel,Bezirk Andelfingen,ZH,CH
24,Gräslikon,Berg am Irchel,Bezirk Andelfingen,ZH,CH
25,Buch am Irchel,Buch am Irchel,Bezirk Andelfingen,ZH,CH
26,Dachsen,Dachsen,Bezirk Andelfingen,ZH,CH
27,Dorf,Dorf,Bezirk Andelfingen,ZH,CH
28,Feuerthalen,Feuerthalen,Bezirk Andelfingen,ZH,CH
29,Langwiesen,Feuerthalen,Bezirk Andelfingen,ZH,CH
30,Flaach,Flaach,Bezirk Andelfingen,ZH,CH
31,Flurlingen,Flurlingen,Bezirk Andelfingen,ZH,CH
32,Andelfingen,Andelfingen,Bezirk Andelfingen,ZH,CH
33,Henggart,Henggart,Bezirk Andelfingen,ZH,CH
34,Humlikon,Humlikon,Bezirk Andelfingen,ZH,CH
35,Kleinandelfingen,Kleinandelfingen,Bezirk Andelfingen,ZH,CH
36,Alten,Kleinandelfingen,Bezirk Andelfingen,ZH,CH
37,Oerlingen,Kleinandelfingen,Bezirk Andelfingen,ZH,CH
38,Nohl,Laufen-Uhwiesen,Bezirk Andelfingen,ZH,CH
39,Uhwiesen,Laufen-Uhwiesen,Bezirk Andelfingen,ZH,CH
40,Marthalen,Marthalen,Bezirk Andelfingen,ZH,CH
41,Ellikon am Rhein,Marthalen,Bezirk Andelfingen,ZH,CH
42,Ossingen,Ossingen,Bezirk Andelfingen,ZH,CH
43,Rheinau,Rheinau,Bezirk Andelfingen,ZH,CH
44,Thalheim an der Thur,Thalheim an der Thur,Bezirk Andelfingen,ZH,CH
45,Rudolfingen,Trüllikon,Bezirk Andelfingen,ZH,CH
46,Wildensbuch,Trüllikon,Bezirk Andelfingen,ZH,CH
47,Trüllikon,Trüllikon,Bezirk Andelfingen,ZH,CH
48,Truttikon,Truttikon,Bezirk Andelfingen,ZH,CH
49,Volken,Volken,Bezirk Andelfingen,ZH,CH
50,Bachenbülach,Bachenbülach,Bezirk Bülach,ZH,CH
51,Bassersdorf,Bassersdorf,Bezirk Bülach,ZH,CH
52,Bülach,Bülach,Bezirk Bülach,ZH,CH
53,Dietlikon,Dietlikon,Bezirk Bülach,ZH,CH
54,Eglisau,Eglisau,Bezirk Bülach,ZH,CH
55,Embrach,Embrach,Bezirk Bülach,ZH,CH
56,Freienstein,Freienstein-Teufen,Bezirk Bülach,ZH,CH
57,Teufen ZH,Freienstein-Teufen,Bezirk Bülach,ZH,CH
58,Glattfelden,Glattfelden,Bezirk Bülach,ZH,CH
59,Zweidlen,Glattfelden,Bezirk Bülach,ZH,CH
60,Hochfelden,Hochfelden,Bezirk Bülach,ZH,CH
61,Höri,Höri,Bezirk Bülach,ZH,CH
62,Hüntwangen,Hüntwangen,Bezirk Bülach,ZH,CH
63,Kloten,Kloten,Bezirk Bülach,ZH,CH
64,Lufingen,Lufingen,Bezirk Bülach,ZH,CH
65,Nürensdorf,Nürensdorf,Bezirk Bülach,ZH,CH
66,Oberembrach,Oberembrach,Bezirk Bülach,ZH,CH
67,Glattbrugg,Opfikon,Bezirk Bülach,ZH,CH
68,Opfikon,Opfikon,Bezirk Bülach,ZH,CH
69,Glattpark (Opfikon),Opfikon,Bezirk Bülach,ZH,CH
70,Rafz,Rafz,Bezirk Bülach,ZH,CH
71,Rorbas,Rorbas,Bezirk Bülach,ZH,CH
72,Wallisellen,Wallisellen,Bezirk Bülach,ZH,CH
73,Wasterkingen,Wasterkingen,Bezirk Bülach,ZH,CH
74,Wil ZH,Wil (ZH),Bezirk Bülach,ZH,CH
75,Winkel,Winkel,Bezirk Bülach,ZH,CH
76,Bachs,Bachs,Bezirk Dielsdorf,ZH,CH
77,Boppelsen,Boppelsen,Bezirk Dielsdorf,ZH,CH
78,Buchs ZH,Buchs (ZH),Bezirk Dielsdorf,ZH,CH
79,Dällikon,Dällikon,Bezirk Dielsdorf,ZH,CH
80,Dänikon ZH,Dänikon,Bezirk Dielsdorf,ZH,CH
81,Dielsdorf,Dielsdorf,Bezirk Dielsdorf,ZH,CH
82,Hüttikon,Hüttikon,Bezirk Dielsdorf,ZH,CH
83,Neerach,Neerach,Bezirk Dielsdorf,ZH,CH
84,Niederglatt ZH,Niederglatt,Bezirk Dielsdorf,ZH,CH
85,Niederhasli,Niederhasli,Bezirk Dielsdorf,ZH,CH
86,Nassenwil,Niederhasli,Bezirk Dielsdorf,ZH,CH
87,Oberhasli,Niederhasli,Bezirk Dielsdorf,ZH,CH
88,Niederweningen,Niederweningen,Bezirk Dielsdorf,ZH,CH
89,Oberglatt ZH,Oberglatt,Bezirk Dielsdorf,ZH,CH
90,Oberweningen,Oberweningen,Bezirk Dielsdorf,ZH,CH
91,Otelfingen,Otelfingen,Bezirk Dielsdorf,ZH,CH
92,Regensberg,Regensberg,Bezirk Dielsdorf,ZH,CH
93,Regensdorf,Regensdorf,Bezirk Dielsdorf,ZH,CH
94,Watt,Regensdorf,Bezirk Dielsdorf,ZH,CH
95,Adlikon b. Regensdorf,Regensdorf,Bezirk Dielsdorf,ZH,CH
96,Rümlang,Rümlang,Bezirk Dielsdorf,ZH,CH
97,Schleinikon,Schleinikon,Bezirk Dielsdorf,ZH,CH
98,Schöfflisdorf,Schöfflisdorf,Bezirk Dielsdorf,ZH,CH
99,Stadel b. Niederglatt,Stadel,Bezirk Dielsdorf,ZH,CH
100,Windlach,Stadel,Bezirk Dielsdorf,ZH,CH
101,Steinmaur,Steinmaur,Bezirk Dielsdorf,ZH,CH
102,Sünikon,Steinmaur,Bezirk Dielsdorf,ZH,CH
103,Weiach,Weiach,Bezirk Dielsdorf,ZH,CH
104,Bäretswil,Bäretswil,Bezirk Hinwil,ZH,CH
105,Adetswil,Bäretswil,Bezirk Hinwil,ZH,CH
106,Bubikon,Bubikon,Bezirk Hinwil,ZH,CH
107,Wolfhausen,Bubikon,Bezirk Hinwil,ZH,CH
108,Tann,Dürnten,Bezirk Hinwil,ZH,CH
109,Dürnten,Dürnten,Bezirk Hinwil,ZH,CH
110,Steg im Tösstal,Fischenthal,Bezirk Hinwil,ZH,CH
111,Fischenthal,Fischenthal,Bezirk Hinwil,ZH,CH
112,Gibswil,Fischenthal,Bezirk Hinwil,ZH,CH
113,Bertschikon (Gossau ZH),Gossau (ZH),Bezirk Hinwil,ZH,CH
114,Grüt (Gossau ZH),Gossau (ZH),Bezirk Hinwil,ZH,CH
115,Gossau ZH,Gossau (ZH),Bezirk Hinwil,ZH,CH
116,Ottikon (Gossau ZH),Gossau (ZH),Bezirk Hinwil,ZH,CH
117,Grüningen,Grüningen,Bezirk Hinwil,ZH,CH
118,Hinwil,Hinwil,Bezirk Hinwil,ZH,CH
119,Wernetshausen,Hinwil,Bezirk Hinwil,ZH,CH
120,Rüti ZH,Rüti (ZH),Bezirk Hinwil,ZH,CH
121,Aathal-Seegräben,Seegräben,Bezirk Hinwil,ZH,CH
122,Wald ZH,Wald (ZH),Bezirk Hinwil,ZH,CH
123,Laupen ZH,Wald (ZH),Bezirk Hinwil,ZH,CH
124,Wetzikon ZH,Wetzikon (ZH),Bezirk Hinwil,ZH,CH
125,Adliswil,Adliswil,Bezirk Horgen,ZH,CH
126,Kilchberg ZH,Kilchberg (ZH),Bezirk Horgen,ZH,CH
127,Langnau am Albis,Langnau am Albis,Bezirk Horgen,ZH,CH
128,Oberrieden,Oberrieden,Bezirk Horgen,ZH,CH
129,Richterswil,Richterswil,Bezirk Horgen,ZH,CH
130,Samstagern,Richterswil,Bezirk Horgen,ZH,CH
131,Rüschlikon,Rüschlikon,Bezirk Horgen,ZH,CH
132,Gattikon,Thalwil,Bezirk Horgen,ZH,CH
133,Thalwil,Thalwil,Bezirk Horgen,ZH,CH
134,Erlenbach ZH,Erlenbach (ZH),Bezirk Meilen,ZH,CH
135,Herrliberg,Herrliberg,Bezirk Meilen,ZH,CH
136,Hombrechtikon,Hombrechtikon,Bezirk Meilen,ZH,CH
137,Feldbach,Hombrechtikon,Bezirk Meilen,ZH,CH
138,Forch,Küsnacht (ZH),Bezirk Meilen,ZH,CH
139,Küsnacht ZH,Küsnacht (ZH),Bezirk Meilen,ZH,CH
140,Männedorf,Männedorf,Bezirk Meilen,ZH,CH
141,Meilen,Meilen,Bezirk Meilen,ZH,CH
142,Oetwil am See,Oetwil am See,Bezirk Meilen,ZH,CH
143,Stäfa,Stäfa,Bezirk Meilen,ZH,CH
144,Uerikon,Stäfa,Bezirk Meilen,ZH,CH
145,Uetikon am See,Uetikon am See,Bezirk Meilen,ZH,CH
146,Zumikon,Zumikon,Bezirk Meilen,ZH,CH
147,Zollikerberg,Zollikon,Bezirk Meilen,ZH,CH
148,Zollikon,Zollikon,Bezirk Meilen,ZH,CH
149,Fehraltorf,Fehraltorf,Bezirk Pfäffikon,ZH,CH
150,Hittnau,Hittnau,Bezirk Pfäffikon,ZH,CH
151,Kemptthal,Lindau,Bezirk Pfäffikon,ZH,CH
152,Grafstal,Lindau,Bezirk Pfäffikon,ZH,CH
153,Winterberg ZH,Lindau,Bezirk Pfäffikon,ZH,CH
154,Lindau,Lindau,Bezirk Pfäffikon,ZH,CH
155,Tagelswangen,Lindau,Bezirk Pfäffikon,ZH,CH
156,Pfäffikon ZH,Pfäffikon,Bezirk Pfäffikon,ZH,CH
157,Auslikon,Pfäffikon,Bezirk Pfäffikon,ZH,CH
158,Madetswil,Russikon,Bezirk Pfäffikon,ZH,CH
159,Gündisau,Russikon,Bezirk Pfäffikon,ZH,CH
160,Russikon,Russikon,Bezirk Pfäffikon,ZH,CH
161,Rumlikon,Russikon,Bezirk Pfäffikon,ZH,CH
162,Weisslingen,Weisslingen,Bezirk Pfäffikon,ZH,CH
163,Neschwil,Weisslingen,Bezirk Pfäffikon,ZH,CH
164,Theilingen,Weisslingen,Bezirk Pfäffikon,ZH,CH
165,Wila,Wila,Bezirk Pfäffikon,ZH,CH
166,Wildberg,Wildberg,Bezirk Pfäffikon,ZH,CH
167,Schalchen,Wildberg,Bezirk Pfäffikon,ZH,CH
168,Ehrikon,Wildberg,Bezirk Pfäffikon,ZH,CH
169,Gockhausen,Dübendorf,Bezirk Uster,ZH,CH
170,Dübendorf,Dübendorf,Bezirk Uster,ZH,CH
171,Egg b. Zürich,Egg,Bezirk Uster,ZH,CH
172,Hinteregg,Egg,Bezirk Uster,ZH,CH
173,Esslingen,Egg,Bezirk Uster,ZH,CH
174,Fällanden,Fällanden,Bezirk Uster,ZH,CH
175,Pfaffhausen,Fällanden,Bezirk Uster,ZH,CH
176,Benglen,Fällanden,Bezirk Uster,ZH,CH
177,Greifensee,Greifensee,Bezirk Uster,ZH,CH
178,Binz,Maur,Bezirk Uster,ZH,CH
179,Ebmatingen,Maur,Bezirk Uster,ZH,CH
180,Maur,Maur,Bezirk Uster,ZH,CH
181,Mönchaltorf,Mönchaltorf,Bezirk Uster,ZH,CH
182,Schwerzenbach,Schwerzenbach,Bezirk Uster,ZH,CH
183,Nänikon,Uster,Bezirk Uster,ZH,CH
184,Uster,Uster,Bezirk Uster,ZH,CH
185,Sulzbach,Uster,Bezirk Uster,ZH,CH
186,Wermatswil,Uster,Bezirk Uster,ZH,CH
187,Freudwil,Uster,Bezirk Uster,ZH,CH
188,Riedikon,Uster,Bezirk Uster,ZH,CH
189,Volketswil,Volketswil,Bezirk Uster,ZH,CH
190,Gutenswil,Volketswil,Bezirk Uster,ZH,CH
191,Brüttisellen,Wangen-Brüttisellen,Bezirk Uster,ZH,CH
192,Wangen b. Dübendorf,Wangen-Brüttisellen,Bezirk Uster,ZH,CH
193,Altikon,Altikon,Bezirk Winterthur,ZH,CH
194,Brütten,Brütten,Bezirk Winterthur,ZH,CH
195,Rutschwil (Dägerlen),Dägerlen,Bezirk Winterthur,ZH,CH
196,Dägerlen,Dägerlen,Bezirk Winterthur,ZH,CH
197,Oberwil (Dägerlen),Dägerlen,Bezirk Winterthur,ZH,CH
198,Berg (Dägerlen),Dägerlen,Bezirk Winterthur,ZH,CH
199,Bänk (Dägerlen),Dägerlen,Bezirk Winterthur,ZH,CH
200,Dättlikon,Dättlikon,Bezirk Winterthur,ZH,CH
201,Dinhard,Dinhard,Bezirk Winterthur,ZH,CH
202,Ellikon an der Thur,Ellikon an der Thur,Bezirk Winterthur,ZH,CH
203,Elsau,Elsau,Bezirk Winterthur,ZH,CH
204,Hagenbuch ZH,Hagenbuch,Bezirk Winterthur,ZH,CH
205,Hettlingen,Hettlingen,Bezirk Winterthur,ZH,CH
206,Aesch (Neftenbach),Neftenbach,Bezirk Winterthur,ZH,CH
207,Riet (Neftenbach),Neftenbach,Bezirk Winterthur,ZH,CH
208,Hünikon (Neftenbach),Neftenbach,Bezirk Winterthur,ZH,CH
209,Neftenbach,Neftenbach,Bezirk Winterthur,ZH,CH
210,Pfungen,Pfungen,Bezirk Winterthur,ZH,CH
211,Rickenbach ZH,Rickenbach (ZH),Bezirk Winterthur,ZH,CH
212,Rickenbach Sulz,Rickenbach (ZH),Bezirk Winterthur,ZH,CH
213,Schlatt ZH,Schlatt (ZH),Bezirk Winterthur,ZH,CH
214,Seuzach,Seuzach,Bezirk Winterthur,ZH,CH
215,Turbenthal,Turbenthal,Bezirk Winterthur,ZH,CH
216,Schmidrüti,Turbenthal,Bezirk Winterthur,ZH,CH
217,Ricketwil (Winterthur),Winterthur,Bezirk Winterthur,ZH,CH
218,Winterthur,Winterthur,Bezirk Winterthur,ZH,CH
219,Reutlingen (Winterthur),Winterthur,Bezirk Winterthur,ZH,CH
220,Stadel (Winterthur),Winterthur,Bezirk Winterthur,ZH,CH
221,Sennhof (Winterthur),Winterthur,Bezirk Winterthur,ZH,CH
222,Kollbrunn,Zell (ZH),Bezirk Winterthur,ZH,CH
223,Rikon im Tösstal,Zell (ZH),Bezirk Winterthur,ZH,CH
224,Zell ZH,Zell (ZH),Bezirk Winterthur,ZH,CH
225,Rämismühle,Zell (ZH),Bezirk Winterthur,ZH,CH
226,Aesch ZH,Aesch (ZH),Bezirk Dietikon,ZH,CH
227,Birmensdorf ZH,Birmensdorf (ZH),Bezirk Dietikon,ZH,CH
228,Dietikon,Dietikon,Bezirk Dietikon,ZH,CH
229,Fahrweid,Geroldswil,Bezirk Dietikon,ZH,CH
230,Geroldswil,Geroldswil,Bezirk Dietikon,ZH,CH
231,Oberengstringen,Oberengstringen,Bezirk Dietikon,ZH,CH
232,Oetwil an der Limmat,Oetwil an der Limmat,Bezirk Dietikon,ZH,CH
233,Schlieren,Schlieren,Bezirk Dietikon,ZH,CH
234,Uitikon Waldegg,Uitikon,Bezirk Dietikon,ZH,CH
235,Unterengstringen,Unterengstringen,Bezirk Dietikon,ZH,CH
236,Urdorf,Urdorf,Bezirk Dietikon,ZH,CH
237,Weiningen ZH,Weiningen (ZH),Bezirk Dietikon,ZH,CH
238,Zürich,Zürich,Bezirk Zürich,ZH,CH
239,Waltalingen,Stammheim,Bezirk Andelfingen,ZH,CH
240,Guntalingen,Stammheim,Bezirk Andelfingen,ZH,CH
241,Unterstammheim,Stammheim,Bezirk Andelfingen,ZH,CH
242,Oberstammheim,Stammheim,Bezirk Andelfingen,ZH,CH
243,Wilen b. Neunforn,Stammheim,Bezirk Andelfingen,ZH,CH
244,Au ZH,Wädenswil,Bezirk Horgen,ZH,CH
245,Wädenswil,Wädenswil,Bezirk Horgen,ZH,CH
246,Schönenberg ZH,Wädenswil,Bezirk Horgen,ZH,CH
247,Hütten,Wädenswil,Bezirk Horgen,ZH,CH
248,Elgg,Elgg,Bezirk Winterthur,ZH,CH
249,Hofstetten ZH,Elgg,Bezirk Winterthur,ZH,CH
250,Dickbuch,Elgg,Bezirk Winterthur,ZH,CH
251,Sihlbrugg Station,Horgen,Bezirk Horgen,ZH,CH
252,Sihlwald,Horgen,Bezirk Horgen,ZH,CH
253,Horgen,Horgen,Bezirk Horgen,ZH,CH
254,Horgenberg,Horgen,Bezirk Horgen,ZH,CH
255,Hirzel,Horgen,Bezirk Horgen,ZH,CH
256,Effretikon,Illnau-Effretikon,Bezirk Pfäffikon,ZH,CH
257,Ottikon b. Kemptthal,Illnau-Effretikon,Bezirk Pfäffikon,ZH,CH
258,Illnau,Illnau-Effretikon,Bezirk Pfäffikon,ZH,CH
259,Agasul,Illnau-Effretikon,Bezirk Pfäffikon,ZH,CH
260,Kyburg,Illnau-Effretikon,Bezirk Pfäffikon,ZH,CH
261,Saland,Bauma,Bezirk Pfäffikon,ZH,CH
262,Bauma,Bauma,Bezirk Pfäffikon,ZH,CH
263,Sternenberg,Bauma,Bezirk Pfäffikon,ZH,CH
264,Wiesendangen,Wiesendangen,Bezirk Winterthur,ZH,CH
265,Bertschikon,Wiesendangen,Bezirk Winterthur,ZH,CH
266,Gundetswil,Wiesendangen,Bezirk Winterthur,ZH,CH
267,Kefikon ZH,Wiesendangen,Bezirk Winterthur,ZH,CH
268,Attikon,Wiesendangen,Bezirk Winterthur,ZH,CH
269,Menzengrüt,Wiesendangen,Bezirk Winterthur,ZH,CH
270,Aarberg,Aarberg,Verwaltungskreis Seeland,BE,CH
271,Bargen BE,Bargen (BE),Verwaltungskreis Seeland,BE,CH
272,Grossaffoltern,Grossaffoltern,Verwaltungskreis Seeland,BE,CH
273,Ammerzwil BE,Grossaffoltern,Verwaltungskreis Seeland,BE,CH
274,Suberg,Grossaffoltern,Verwaltungskreis Seeland,BE,CH
275,Golaten,Kallnach,Verwaltungskreis Seeland,BE,CH
276,Kallnach,Kallnach,Verwaltungskreis Seeland,BE,CH
277,Niederried b. Kallnach,Kallnach,Verwaltungskreis Seeland,BE,CH
278,Kappelen,Kappelen,Verwaltungskreis Seeland,BE,CH
279,Lyss,Lyss,Verwaltungskreis Seeland,BE,CH
280,Busswil BE,Lyss,Verwaltungskreis Seeland,BE,CH
281,Ortschwaben,Meikirch,Verwaltungskreis Bern-Mittelland,BE,CH
282,Meikirch,Meikirch,Verwaltungskreis Bern-Mittelland,BE,CH
283,Wahlendorf,Meikirch,Verwaltungskreis Bern-Mittelland,BE,CH
284,Detligen,Radelfingen,Verwaltungskreis Seeland,BE,CH
285,Radelfingen b. Aarberg,Radelfingen,Verwaltungskreis Seeland,BE,CH
286,Lätti,Rapperswil (BE),Verwaltungskreis Seeland,BE,CH
287,Ruppoldsried,Rapperswil (BE),Verwaltungskreis Seeland,BE,CH
288,Rapperswil BE,Rapperswil (BE),Verwaltungskreis Seeland,BE,CH
289,Dieterswil,Rapperswil (BE),Verwaltungskreis Seeland,BE,CH
290,Bangerten b. Dieterswil,Rapperswil (BE),Verwaltungskreis Seeland,BE,CH
291,Seewil,Rapperswil (BE),Verwaltungskreis Seeland,BE,CH
292,Schüpfen,Schüpfen,Verwaltungskreis Seeland,BE,CH
293,Frieswil,Seedorf (BE),Verwaltungskreis Seeland,BE,CH
294,Wiler b. Seedorf,Seedorf (BE),Verwaltungskreis Seeland,BE,CH
295,Seedorf BE,Seedorf (BE),Verwaltungskreis Seeland,BE,CH
296,Lobsigen,Seedorf (BE),Verwaltungskreis Seeland,BE,CH
297,Aarwangen,Aarwangen,Verwaltungskreis Oberaargau,BE,CH
298,Auswil,Auswil,Verwaltungskreis Oberaargau,BE,CH
299,Bannwil,Bannwil,Verwaltungskreis Oberaargau,BE,CH
300,Bleienbach,Bleienbach,Verwaltungskreis Oberaargau,BE,CH
301,Busswil b. Melchnau,Busswil bei Melchnau,Verwaltungskreis Oberaargau,BE,CH
302,Gondiswil,Gondiswil,Verwaltungskreis Oberaargau,BE,CH
303,Langenthal,Langenthal,Verwaltungskreis Oberaargau,BE,CH
304,Untersteckholz,Langenthal,Verwaltungskreis Oberaargau,BE,CH
305,Obersteckholz,Langenthal,Verwaltungskreis Oberaargau,BE,CH
306,Lotzwil,Lotzwil,Verwaltungskreis Oberaargau,BE,CH
307,Gutenburg,Madiswil,Verwaltungskreis Oberaargau,BE,CH
308,Madiswil,Madiswil,Verwaltungskreis Oberaargau,BE,CH
309,Leimiswil,Madiswil,Verwaltungskreis Oberaargau,BE,CH
310,Kleindietwil,Madiswil,Verwaltungskreis Oberaargau,BE,CH
311,Melchnau,Melchnau,Verwaltungskreis Oberaargau,BE,CH
312,Oeschenbach,Oeschenbach,Verwaltungskreis Oberaargau,BE,CH
313,Reisiswil,Reisiswil,Verwaltungskreis Oberaargau,BE,CH
314,Roggwil BE,Roggwil (BE),Verwaltungskreis Oberaargau,BE,CH
315,Rohrbach,Rohrbach,Verwaltungskreis Oberaargau,BE,CH
316,Rohrbachgraben,Rohrbachgraben,Verwaltungskreis Oberaargau,BE,CH
317,Rütschelen,Rütschelen,Verwaltungskreis Oberaargau,BE,CH
318,Schwarzhäusern,Schwarzhäusern,Verwaltungskreis Oberaargau,BE,CH
319,Bützberg,Thunstetten,Verwaltungskreis Oberaargau,BE,CH
320,Thunstetten,Thunstetten,Verwaltungskreis Oberaargau,BE,CH
321,Ursenbach,Ursenbach,Verwaltungskreis Oberaargau,BE,CH
322,Wynau,Wynau,Verwaltungskreis Oberaargau,BE,CH
323,Bern,Bern,Verwaltungskreis Bern-Mittelland,BE,CH
324,Bolligen,Bolligen,Verwaltungskreis Bern-Mittelland,BE,CH
325,Bremgarten b. Bern,Bremgarten bei Bern,Verwaltungskreis Bern-Mittelland,BE,CH
326,Herrenschwanden,Kirchlindach,Verwaltungskreis Bern-Mittelland,BE,CH
327,Kirchlindach,Kirchlindach,Verwaltungskreis Bern-Mittelland,BE,CH
328,Wabern,Köniz,Verwaltungskreis Bern-Mittelland,BE,CH
329,Spiegel b. Bern,Köniz,Verwaltungskreis Bern-Mittelland,BE,CH
330,Liebefeld,Köniz,Verwaltungskreis Bern-Mittelland,BE,CH
331,Köniz,Köniz,Verwaltungskreis Bern-Mittelland,BE,CH
332,Schliern b. Köniz,Köniz,Verwaltungskreis Bern-Mittelland,BE,CH
333,Gasel,Köniz,Verwaltungskreis Bern-Mittelland,BE,CH
334,Niederscherli,Köniz,Verwaltungskreis Bern-Mittelland,BE,CH
335,Mittelhäusern,Köniz,Verwaltungskreis Bern-Mittelland,BE,CH
336,Niederwangen b. Bern,Köniz,Verwaltungskreis Bern-Mittelland,BE,CH
337,Oberwangen b. Bern,Köniz,Verwaltungskreis Bern-Mittelland,BE,CH
338,Thörishaus,Köniz,Verwaltungskreis Bern-Mittelland,BE,CH
339,Gümligen,Muri bei Bern,Verwaltungskreis Bern-Mittelland,BE,CH
340,Muri b. Bern,Muri bei Bern,Verwaltungskreis Bern-Mittelland,BE,CH
341,Oberbalm,Oberbalm,Verwaltungskreis Bern-Mittelland,BE,CH
342,Stettlen,Stettlen,Verwaltungskreis Bern-Mittelland,BE,CH
343,Boll,Vechigen,Verwaltungskreis Bern-Mittelland,BE,CH
344,Utzigen,Vechigen,Verwaltungskreis Bern-Mittelland,BE,CH
345,Hinterkappelen,Wohlen bei Bern,Verwaltungskreis Bern-Mittelland,BE,CH
346,Wohlen b. Bern,Wohlen bei Bern,Verwaltungskreis Bern-Mittelland,BE,CH
347,Murzelen,Wohlen bei Bern,Verwaltungskreis Bern-Mittelland,BE,CH
348,Uettligen,Wohlen bei Bern,Verwaltungskreis Bern-Mittelland,BE,CH
349,Innerberg,Wohlen bei Bern,Verwaltungskreis Bern-Mittelland,BE,CH
350,Säriswil,Wohlen bei Bern,Verwaltungskreis Bern-Mittelland,BE,CH
351,Zollikofen,Zollikofen,Verwaltungskreis Bern-Mittelland,BE,CH
352,Worblaufen,Ittigen,Verwaltungskreis Bern-Mittelland,BE,CH
353,Ittigen,Ittigen,Verwaltungskreis Bern-Mittelland,BE,CH
354,Ostermundigen,Ostermundigen,Verwaltungskreis Bern-Mittelland,BE,CH
355,Biel/Bienne,Biel/Bienne,Verwaltungskreis Biel/Bienne,BE,CH
356,Magglingen/Macolin,Evilard,Verwaltungskreis Biel/Bienne,BE,CH
357,Evilard,Evilard,Verwaltungskreis Biel/Bienne,BE,CH
358,Arch,Arch,Verwaltungskreis Seeland,BE,CH
359,Büetigen,Büetigen,Verwaltungskreis Seeland,BE,CH
360,Büren an der Aare,Büren an der Aare,Verwaltungskreis Seeland,BE,CH
361,Diessbach b. Büren,Diessbach bei Büren,Verwaltungskreis Seeland,BE,CH
362,Dotzigen,Dotzigen,Verwaltungskreis Seeland,BE,CH
363,Lengnau BE,Lengnau (BE),Verwaltungskreis Biel/Bienne,BE,CH
364,Leuzigen,Leuzigen,Verwaltungskreis Seeland,BE,CH
365,Meienried,Meienried,Verwaltungskreis Seeland,BE,CH
366,Meinisberg,Meinisberg,Verwaltungskreis Biel/Bienne,BE,CH
367,Oberwil b. Büren,Oberwil bei Büren,Verwaltungskreis Seeland,BE,CH
368,Pieterlen,Pieterlen,Verwaltungskreis Biel/Bienne,BE,CH
369,Rüti b. Büren,Rüti bei Büren,Verwaltungskreis Seeland,BE,CH
370,Wengi b. Büren,Wengi,Verwaltungskreis Seeland,BE,CH
371,Aefligen,Aefligen,Verwaltungskreis Emmental,BE,CH
372,Alchenstorf,Alchenstorf,Verwaltungskreis Emmental,BE,CH
373,Bäriswil BE,Bäriswil,Verwaltungskreis Bern-Mittelland,BE,CH
374,Burgdorf,Burgdorf,Verwaltungskreis Emmental,BE,CH
375,Ersigen,Ersigen,Verwaltungskreis Emmental,BE,CH
376,Niederösch,Ersigen,Verwaltungskreis Emmental,BE,CH
377,Oberösch,Ersigen,Verwaltungskreis Emmental,BE,CH
378,Hasle b. Burgdorf,Hasle bei Burgdorf,Verwaltungskreis Emmental,BE,CH
379,Schafhausen im Emmental,Hasle bei Burgdorf,Verwaltungskreis Emmental,BE,CH
380,Biembach im Emmental,Hasle bei Burgdorf,Verwaltungskreis Emmental,BE,CH
381,Heimiswil,Heimiswil,Verwaltungskreis Emmental,BE,CH
382,Kaltacker,Heimiswil,Verwaltungskreis Emmental,BE,CH
383,Hellsau,Hellsau,Verwaltungskreis Emmental,BE,CH
384,Hindelbank,Hindelbank,Verwaltungskreis Emmental,BE,CH
385,Mötschwil,Hindelbank,Verwaltungskreis Emmental,BE,CH
386,Höchstetten,Höchstetten,Verwaltungskreis Emmental,BE,CH
387,Kernenried,Kernenried,Verwaltungskreis Emmental,BE,CH
388,Kirchberg BE,Kirchberg (BE),Verwaltungskreis Emmental,BE,CH
389,Koppigen,Koppigen,Verwaltungskreis Emmental,BE,CH
390,Hettiswil b. Hindelbank,Krauchthal,Verwaltungskreis Emmental,BE,CH
391,Krauchthal,Krauchthal,Verwaltungskreis Emmental,BE,CH
392,Lyssach,Lyssach,Verwaltungskreis Emmental,BE,CH
393,Oberburg,Oberburg,Verwaltungskreis Emmental,BE,CH
394,Rüdtligen,Rüdtligen-Alchenflüh,Verwaltungskreis Emmental,BE,CH
395,Alchenflüh,Rüdtligen-Alchenflüh,Verwaltungskreis Emmental,BE,CH
396,Rumendingen,Rumendingen,Verwaltungskreis Emmental,BE,CH
397,Rüti b. Lyssach,Rüti bei Lyssach,Verwaltungskreis Emmental,BE,CH
398,Willadingen,Willadingen,Verwaltungskreis Emmental,BE,CH
399,Wynigen,Wynigen,Verwaltungskreis Emmental,BE,CH
400,Rüedisbach,Wynigen,Verwaltungskreis Emmental,BE,CH
401,Corgémont,Corgémont,Arrondissement administratif Jura bernois,BE,CH
402,Mont-Crosin,Cormoret,Arrondissement administratif Jura bernois,BE,CH
403,Cormoret,Cormoret,Arrondissement administratif Jura bernois,BE,CH
404,Cortébert,Cortébert,Arrondissement administratif Jura bernois,BE,CH
405,Montagne-de-Courtelary,Cortébert,Arrondissement administratif Jura bernois,BE,CH
406,Courtelary,Courtelary,Arrondissement administratif Jura bernois,BE,CH
407,La Ferrière,La Ferrière,Arrondissement administratif Jura bernois,BE,CH
408,Mont-Tramelan,Mont-Tramelan,Arrondissement administratif Jura bernois,BE,CH
409,Orvin,Orvin,Arrondissement administratif Jura bernois,BE,CH
410,Les Prés-d'Orvin,Orvin,Arrondissement administratif Jura bernois,BE,CH
411,Renan BE,Renan (BE),Arrondissement administratif Jura bernois,BE,CH
412,Romont BE,Romont (BE),Arrondissement administratif Jura bernois,BE,CH
413,St-Imier,Saint-Imier,Arrondissement administratif Jura bernois,BE,CH
414,Mont-Soleil,Saint-Imier,Arrondissement administratif Jura bernois,BE,CH
415,Les Pontins,Saint-Imier,Arrondissement administratif Jura bernois,BE,CH
416,Sonceboz-Sombeval,Sonceboz-Sombeval,Arrondissement administratif Jura bernois,BE,CH
417,Sonvilier,Sonvilier,Arrondissement administratif Jura bernois,BE,CH
418,Montagne-de-Sonvilier,Sonvilier,Arrondissement administratif Jura bernois,BE,CH
419,Tramelan,Tramelan,Arrondissement administratif Jura bernois,BE,CH
420,Les Reussilles,Tramelan,Arrondissement administratif Jura bernois,BE,CH
421,Villeret,Villeret,Arrondissement administratif Jura bernois,BE,CH
422,Frinvillier,Sauge,Arrondissement administratif Jura bernois,BE,CH
423,Plagne,Sauge,Arrondissement administratif Jura bernois,BE,CH
424,Vauffelin,Sauge,Arrondissement administratif Jura bernois,BE,CH
425,Péry,Péry-La Heutte,Arrondissement administratif Jura bernois,BE,CH
426,La Heutte,Péry-La Heutte,Arrondissement administratif Jura bernois,BE,CH
427,Brüttelen,Brüttelen,Verwaltungskreis Seeland,BE,CH
428,Erlach,Erlach,Verwaltungskreis Seeland,BE,CH
429,Finsterhennen,Finsterhennen,Verwaltungskreis Seeland,BE,CH
430,Gals,Gals,Verwaltungskreis Seeland,BE,CH
431,Gampelen,Gampelen,Verwaltungskreis Seeland,BE,CH
432,Ins,Ins,Verwaltungskreis Seeland,BE,CH
433,Lüscherz,Lüscherz,Verwaltungskreis Seeland,BE,CH
434,Müntschemier,Müntschemier,Verwaltungskreis Seeland,BE,CH
435,Siselen BE,Siselen,Verwaltungskreis Seeland,BE,CH
436,Treiten,Treiten,Verwaltungskreis Seeland,BE,CH
437,Tschugg,Tschugg,Verwaltungskreis Seeland,BE,CH
438,Vinelz,Vinelz,Verwaltungskreis Seeland,BE,CH
439,Bätterkinden,Bätterkinden,Verwaltungskreis Emmental,BE,CH
440,Kräiligen,Bätterkinden,Verwaltungskreis Emmental,BE,CH
441,Deisswil b. Münchenbuchsee,Deisswil bei Münchenbuchsee,Verwaltungskreis Bern-Mittelland,BE,CH
442,Diemerswil,Diemerswil,Verwaltungskreis Bern-Mittelland,BE,CH
443,Etzelkofen,Fraubrunnen,Verwaltungskreis Bern-Mittelland,BE,CH
444,Grafenried,Fraubrunnen,Verwaltungskreis Bern-Mittelland,BE,CH
445,Zauggenried,Fraubrunnen,Verwaltungskreis Bern-Mittelland,BE,CH
446,Fraubrunnen,Fraubrunnen,Verwaltungskreis Bern-Mittelland,BE,CH
447,Büren zum Hof,Fraubrunnen,Verwaltungskreis Bern-Mittelland,BE,CH
448,Schalunen,Fraubrunnen,Verwaltungskreis Bern-Mittelland,BE,CH
449,Limpach,Fraubrunnen,Verwaltungskreis Bern-Mittelland,BE,CH
450,Mülchi,Fraubrunnen,Verwaltungskreis Bern-Mittelland,BE,CH
451,Jegenstorf,Jegenstorf,Verwaltungskreis Bern-Mittelland,BE,CH
452,Münchringen,Jegenstorf,Verwaltungskreis Bern-Mittelland,BE,CH
453,Ballmoos,Jegenstorf,Verwaltungskreis Bern-Mittelland,BE,CH
454,Scheunen,Jegenstorf,Verwaltungskreis Bern-Mittelland,BE,CH
455,Iffwil,Iffwil,Verwaltungskreis Bern-Mittelland,BE,CH
456,Mattstetten,Mattstetten,Verwaltungskreis Bern-Mittelland,BE,CH
457,Moosseedorf,Moosseedorf,Verwaltungskreis Bern-Mittelland,BE,CH
458,Münchenbuchsee,Münchenbuchsee,Verwaltungskreis Bern-Mittelland,BE,CH
459,Urtenen-Schönbühl,Urtenen-Schönbühl,Verwaltungskreis Bern-Mittelland,BE,CH
460,Utzenstorf,Utzenstorf,Verwaltungskreis Emmental,BE,CH
461,Wiggiswil,Wiggiswil,Verwaltungskreis Bern-Mittelland,BE,CH
462,Wiler b. Utzenstorf,Wiler bei Utzenstorf,Verwaltungskreis Emmental,BE,CH
463,Zielebach,Zielebach,Verwaltungskreis Emmental,BE,CH
464,Zuzwil BE,Zuzwil (BE),Verwaltungskreis Bern-Mittelland,BE,CH
465,Adelboden,Adelboden,Verwaltungskreis Frutigen-Niedersimmental,BE,CH
466,Aeschi b. Spiez,Aeschi bei Spiez,Verwaltungskreis Frutigen-Niedersimmental,BE,CH
467,Aeschiried,Aeschi bei Spiez,Verwaltungskreis Frutigen-Niedersimmental,BE,CH
468,Emdthal,Aeschi bei Spiez,Verwaltungskreis Frutigen-Niedersimmental,BE,CH
469,Frutigen,Frutigen,Verwaltungskreis Frutigen-Niedersimmental,BE,CH
470,Ried (Frutigen),Frutigen,Verwaltungskreis Frutigen-Niedersimmental,BE,CH
471,Achseten,Frutigen,Verwaltungskreis Frutigen-Niedersimmental,BE,CH
472,Kandergrund,Kandergrund,Verwaltungskreis Frutigen-Niedersimmental,BE,CH
473,Blausee-Mitholz,Kandergrund,Verwaltungskreis Frutigen-Niedersimmental,BE,CH
474,Kandersteg,Kandersteg,Verwaltungskreis Frutigen-Niedersimmental,BE,CH
475,Krattigen,Krattigen,Verwaltungskreis Frutigen-Niedersimmental,BE,CH
476,Mülenen,Reichenbach im Kandertal,Verwaltungskreis Frutigen-Niedersimmental,BE,CH
477,Reichenbach im Kandertal,Reichenbach im Kandertal,Verwaltungskreis Frutigen-Niedersimmental,BE,CH
478,Wengi b. Frutigen,Reichenbach im Kandertal,Verwaltungskreis Frutigen-Niedersimmental,BE,CH
479,Scharnachtal,Reichenbach im Kandertal,Verwaltungskreis Frutigen-Niedersimmental,BE,CH
480,Kiental,Reichenbach im Kandertal,Verwaltungskreis Frutigen-Niedersimmental,BE,CH
481,Sundlauenen,Beatenberg,Verwaltungskreis Interlaken-Oberhasli,BE,CH
482,Beatenberg,Beatenberg,Verwaltungskreis Interlaken-Oberhasli,BE,CH
483,Bönigen b. Interlaken,Bönigen,Verwaltungskreis Interlaken-Oberhasli,BE,CH
484,Brienz BE,Brienz (BE),Verwaltungskreis Interlaken-Oberhasli,BE,CH
485,Axalp,Brienz (BE),Verwaltungskreis Interlaken-Oberhasli,BE,CH
486,Brienzwiler,Brienzwiler,Verwaltungskreis Interlaken-Oberhasli,BE,CH
487,Därligen,Därligen,Verwaltungskreis Interlaken-Oberhasli,BE,CH
488,Burglauenen,Grindelwald,Verwaltungskreis Interlaken-Oberhasli,BE,CH
489,Grindelwald,Grindelwald,Verwaltungskreis Interlaken-Oberhasli,BE,CH
490,Gsteigwiler,Gsteigwiler,Verwaltungskreis Interlaken-Oberhasli,BE,CH
491,Zweilütschinen,Gündlischwand,Verwaltungskreis Interlaken-Oberhasli,BE,CH
492,Gündlischwand,Gündlischwand,Verwaltungskreis Interlaken-Oberhasli,BE,CH
493,Habkern,Habkern,Verwaltungskreis Interlaken-Oberhasli,BE,CH
494,Hofstetten b. Brienz,Hofstetten bei Brienz,Verwaltungskreis Interlaken-Oberhasli,BE,CH
495,Interlaken,Interlaken,Verwaltungskreis Interlaken-Oberhasli,BE,CH
496,Iseltwald,Iseltwald,Verwaltungskreis Interlaken-Oberhasli,BE,CH
497,Lauterbrunnen,Lauterbrunnen,Verwaltungskreis Interlaken-Oberhasli,BE,CH
498,Isenfluh,Lauterbrunnen,Verwaltungskreis Interlaken-Oberhasli,BE,CH
499,Wengen,Lauterbrunnen,Verwaltungskreis Interlaken-Oberhasli,BE,CH
500,Kleine Scheidegg,Lauterbrunnen,Verwaltungskreis Interlaken-Oberhasli,BE,CH
501,Eigergletscher,Lauterbrunnen,Verwaltungskreis Interlaken-Oberhasli,BE,CH
502,Stechelberg,Lauterbrunnen,Verwaltungskreis Interlaken-Oberhasli,BE,CH
503,Mürren,Lauterbrunnen,Verwaltungskreis Interlaken-Oberhasli,BE,CH
504,Gimmelwald,Lauterbrunnen,Verwaltungskreis Interlaken-Oberhasli,BE,CH
505,Leissigen,Leissigen,Verwaltungskreis Interlaken-Oberhasli,BE,CH
506,Lütschental,Lütschental,Verwaltungskreis Interlaken-Oberhasli,BE,CH
507,Matten b. Interlaken,Matten bei Interlaken,Verwaltungskreis Interlaken-Oberhasli,BE,CH
508,Niederried b. Interlaken,Niederried bei Interlaken,Verwaltungskreis Interlaken-Oberhasli,BE,CH
509,Oberried am Brienzersee,Oberried am Brienzersee,Verwaltungskreis Interlaken-Oberhasli,BE,CH
510,Goldswil b. Interlaken,Ringgenberg (BE),Verwaltungskreis Interlaken-Oberhasli,BE,CH
511,Ringgenberg BE,Ringgenberg (BE),Verwaltungskreis Interlaken-Oberhasli,BE,CH
512,Saxeten,Saxeten,Verwaltungskreis Interlaken-Oberhasli,BE,CH
513,Schwanden b. Brienz,Schwanden bei Brienz,Verwaltungskreis Interlaken-Oberhasli,BE,CH
514,Unterseen,Unterseen,Verwaltungskreis Interlaken-Oberhasli,BE,CH
515,Wilderswil,Wilderswil,Verwaltungskreis Interlaken-Oberhasli,BE,CH
516,Arni BE,Arni (BE),Verwaltungskreis Bern-Mittelland,BE,CH
517,Biglen,Biglen,Verwaltungskreis Bern-Mittelland,BE,CH
518,Bowil,Bowil,Verwaltungskreis Bern-Mittelland,BE,CH
519,Brenzikofen,Brenzikofen,Verwaltungskreis Bern-Mittelland,BE,CH
520,Freimettigen,Freimettigen,Verwaltungskreis Bern-Mittelland,BE,CH
521,Schlosswil,Grosshöchstetten,Verwaltungskreis Bern-Mittelland,BE,CH
522,Grosshöchstetten,Grosshöchstetten,Verwaltungskreis Bern-Mittelland,BE,CH
523,Häutligen,Häutligen,Verwaltungskreis Bern-Mittelland,BE,CH
524,Herbligen,Herbligen,Verwaltungskreis Bern-Mittelland,BE,CH
525,Kiesen,Kiesen,Verwaltungskreis Bern-Mittelland,BE,CH
526,Gysenstein,Konolfingen,Verwaltungskreis Bern-Mittelland,BE,CH
527,Konolfingen,Konolfingen,Verwaltungskreis Bern-Mittelland,BE,CH
528,Obergoldbach,Landiswil,Verwaltungskreis Bern-Mittelland,BE,CH
529,Landiswil,Landiswil,Verwaltungskreis Bern-Mittelland,BE,CH
530,Linden,Linden,Verwaltungskreis Bern-Mittelland,BE,CH
531,Mirchel,Mirchel,Verwaltungskreis Bern-Mittelland,BE,CH
532,Trimstein,Münsingen,Verwaltungskreis Bern-Mittelland,BE,CH
533,Münsingen,Münsingen,Verwaltungskreis Bern-Mittelland,BE,CH
534,Tägertschi,Münsingen,Verwaltungskreis Bern-Mittelland,BE,CH
535,Niederhünigen,Niederhünigen,Verwaltungskreis Bern-Mittelland,BE,CH
536,Oberdiessbach,Oberdiessbach,Verwaltungskreis Bern-Mittelland,BE,CH
537,Aeschlen b. Oberdiessbach,Oberdiessbach,Verwaltungskreis Bern-Mittelland,BE,CH
538,Bleiken b. Oberdiessbach,Oberdiessbach,Verwaltungskreis Bern-Mittelland,BE,CH
539,Oberthal,Oberthal,Verwaltungskreis Bern-Mittelland,BE,CH
540,Oppligen,Oppligen,Verwaltungskreis Bern-Mittelland,BE,CH
541,Rubigen,Rubigen,Verwaltungskreis Bern-Mittelland,BE,CH
542,Walkringen,Walkringen,Verwaltungskreis Bern-Mittelland,BE,CH
543,Bigenthal,Walkringen,Verwaltungskreis Bern-Mittelland,BE,CH
544,Rüfenacht BE,Worb,Verwaltungskreis Bern-Mittelland,BE,CH
545,Vielbringen b. Worb,Worb,Verwaltungskreis Bern-Mittelland,BE,CH
546,Worb,Worb,Verwaltungskreis Bern-Mittelland,BE,CH
547,Enggistein,Worb,Verwaltungskreis Bern-Mittelland,BE,CH
548,Richigen,Worb,Verwaltungskreis Bern-Mittelland,BE,CH
549,Zäziwil,Zäziwil,Verwaltungskreis Bern-Mittelland,BE,CH
550,Oberhünigen,Oberhünigen,Verwaltungskreis Bern-Mittelland,BE,CH
551,Allmendingen b. Bern,Allmendingen,Verwaltungskreis Bern-Mittelland,BE,CH
552,Wichtrach,Wichtrach,Verwaltungskreis Bern-Mittelland,BE,CH
553,Clavaleyres,Murten,Bezirk See / District du Lac,FR,CH
554,Rizenbach,Ferenbalm,Verwaltungskreis Bern-Mittelland,BE,CH
555,Ferenbalm,Ferenbalm,Verwaltungskreis Bern-Mittelland,BE,CH
556,Biberen,Ferenbalm,Verwaltungskreis Bern-Mittelland,BE,CH
557,Gammen,Ferenbalm,Verwaltungskreis Bern-Mittelland,BE,CH
558,Frauenkappelen,Frauenkappelen,Verwaltungskreis Bern-Mittelland,BE,CH
559,Gurbrü,Gurbrü,Verwaltungskreis Bern-Mittelland,BE,CH
560,Kriechenwil,Kriechenwil,Verwaltungskreis Bern-Mittelland,BE,CH
561,Laupen BE,Laupen,Verwaltungskreis Bern-Mittelland,BE,CH
562,Mühleberg,Mühleberg,Verwaltungskreis Bern-Mittelland,BE,CH
563,Rosshäusern,Mühleberg,Verwaltungskreis Bern-Mittelland,BE,CH
564,Gümmenen,Mühleberg,Verwaltungskreis Bern-Mittelland,BE,CH
565,Münchenwiler,Münchenwiler,Verwaltungskreis Bern-Mittelland,BE,CH
566,Neuenegg,Neuenegg,Verwaltungskreis Bern-Mittelland,BE,CH
567,Wileroltigen,Wileroltigen,Verwaltungskreis Bern-Mittelland,BE,CH
568,Belprahon,Belprahon,Arrondissement administratif Jura bernois,BE,CH
569,Champoz,Champoz,Arrondissement administratif Jura bernois,BE,CH
570,Corcelles BE,Corcelles (BE),Arrondissement administratif Jura bernois,BE,CH
571,Court,Court,Arrondissement administratif Jura bernois,BE,CH
572,Crémines,Crémines,Arrondissement administratif Jura bernois,BE,CH
573,Eschert,Eschert,Arrondissement administratif Jura bernois,BE,CH
574,Grandval,Grandval,Arrondissement administratif Jura bernois,BE,CH
575,Loveresse,Loveresse,Arrondissement administratif Jura bernois,BE,CH
576,Moutier,Moutier,Arrondissement administratif Jura bernois,BE,CH
577,Perrefitte,Perrefitte,Arrondissement administratif Jura bernois,BE,CH
578,Reconvilier,Reconvilier,Arrondissement administratif Jura bernois,BE,CH
579,Roches BE,Roches (BE),Arrondissement administratif Jura bernois,BE,CH
580,Le Fuet,Saicourt,Arrondissement administratif Jura bernois,BE,CH
581,Bellelay,Saicourt,Arrondissement administratif Jura bernois,BE,CH
582,Saicourt,Saicourt,Arrondissement administratif Jura bernois,BE,CH
583,Saules BE,Saules (BE),Arrondissement administratif Jura bernois,BE,CH
584,Schelten,Schelten,Arrondissement administratif Jura bernois,BE,CH
585,Seehof,Seehof,Arrondissement administratif Jura bernois,BE,CH
586,Sorvilier,Sorvilier,Arrondissement administratif Jura bernois,BE,CH
587,Tavannes,Tavannes,Arrondissement administratif Jura bernois,BE,CH
588,La Tanne,Tavannes,Arrondissement administratif Jura bernois,BE,CH
589,Rebévelier,Rebévelier,Arrondissement administratif Jura bernois,BE,CH
590,Châtelat,Petit-Val,Arrondissement administratif Jura bernois,BE,CH
591,Monible,Petit-Val,Arrondissement administratif Jura bernois,BE,CH
592,Sornetan,Petit-Val,Arrondissement administratif Jura bernois,BE,CH
593,Fornet-Dessous,Petit-Val,Arrondissement administratif Jura bernois,BE,CH
594,Souboz,Petit-Val,Arrondissement administratif Jura bernois,BE,CH
595,Les Ecorcheresses,Petit-Val,Arrondissement administratif Jura bernois,BE,CH
596,Pontenet,Valbirse,Arrondissement administratif Jura bernois,BE,CH
597,Bévilard,Valbirse,Arrondissement administratif Jura bernois,BE,CH
598,Malleray,Valbirse,Arrondissement administratif Jura bernois,BE,CH
599,La Neuveville,La Neuveville,Arrondissement administratif Jura bernois,BE,CH
600,Nods,Nods,Arrondissement administratif Jura bernois,BE,CH
601,Prêles,Plateau de Diesse,Arrondissement administratif Jura bernois,BE,CH
602,Lamboing,Plateau de Diesse,Arrondissement administratif Jura bernois,BE,CH
603,Diesse,Plateau de Diesse,Arrondissement administratif Jura bernois,BE,CH
604,Aegerten,Aegerten,Verwaltungskreis Biel/Bienne,BE,CH
605,Bellmund,Bellmund,Verwaltungskreis Biel/Bienne,BE,CH
606,Brügg BE,Brügg,Verwaltungskreis Biel/Bienne,BE,CH
607,Bühl b. Aarberg,Bühl,Verwaltungskreis Seeland,BE,CH
608,Epsach,Epsach,Verwaltungskreis Seeland,BE,CH
609,Hagneck,Hagneck,Verwaltungskreis Seeland,BE,CH
610,Hermrigen,Hermrigen,Verwaltungskreis Seeland,BE,CH
611,Jens,Jens,Verwaltungskreis Seeland,BE,CH
612,Ipsach,Ipsach,Verwaltungskreis Biel/Bienne,BE,CH
613,Ligerz,Ligerz,Verwaltungskreis Biel/Bienne,BE,CH
614,Merzligen,Merzligen,Verwaltungskreis Seeland,BE,CH
615,Mörigen,Mörigen,Verwaltungskreis Biel/Bienne,BE,CH
616,Nidau,Nidau,Verwaltungskreis Biel/Bienne,BE,CH
617,Orpund,Orpund,Verwaltungskreis Biel/Bienne,BE,CH
618,Port,Port,Verwaltungskreis Biel/Bienne,BE,CH
619,Safnern,Safnern,Verwaltungskreis Biel/Bienne,BE,CH
620,Scheuren,Scheuren,Verwaltungskreis Biel/Bienne,BE,CH
621,Schwadernau,Schwadernau,Verwaltungskreis Biel/Bienne,BE,CH
622,Studen BE,Studen (BE),Verwaltungskreis Seeland,BE,CH
623,Sutz,Sutz-Lattrigen,Verwaltungskreis Biel/Bienne,BE,CH
624,Täuffelen,Täuffelen,Verwaltungskreis Seeland,BE,CH
625,Gerolfingen,Täuffelen,Verwaltungskreis Seeland,BE,CH
626,Walperswil,Walperswil,Verwaltungskreis Seeland,BE,CH
627,Worben,Worben,Verwaltungskreis Seeland,BE,CH
628,Tüscherz-Alfermée,Twann-Tüscherz,Verwaltungskreis Biel/Bienne,BE,CH
629,Twann,Twann-Tüscherz,Verwaltungskreis Biel/Bienne,BE,CH
630,Därstetten,Därstetten,Verwaltungskreis Frutigen-Niedersimmental,BE,CH
631,Weissenburg,Därstetten,Verwaltungskreis Frutigen-Niedersimmental,BE,CH
632,Oey,Diemtigen,Verwaltungskreis Frutigen-Niedersimmental,BE,CH
633,Diemtigen,Diemtigen,Verwaltungskreis Frutigen-Niedersimmental,BE,CH
634,Horboden,Diemtigen,Verwaltungskreis Frutigen-Niedersimmental,BE,CH
635,Zwischenflüh,Diemtigen,Verwaltungskreis Frutigen-Niedersimmental,BE,CH
636,Schwenden im Diemtigtal,Diemtigen,Verwaltungskreis Frutigen-Niedersimmental,BE,CH
637,Latterbach,Erlenbach im Simmental,Verwaltungskreis Frutigen-Niedersimmental,BE,CH
638,Erlenbach im Simmental,Erlenbach im Simmental,Verwaltungskreis Frutigen-Niedersimmental,BE,CH
639,Oberwil im Simmental,Oberwil im Simmental,Verwaltungskreis Frutigen-Niedersimmental,BE,CH
640,Reutigen,Reutigen,Verwaltungskreis Thun,BE,CH
641,Gwatt (Thun),Spiez,Verwaltungskreis Frutigen-Niedersimmental,BE,CH
642,Einigen,Spiez,Verwaltungskreis Frutigen-Niedersimmental,BE,CH
643,Spiez,Spiez,Verwaltungskreis Frutigen-Niedersimmental,BE,CH
644,Hondrich,Spiez,Verwaltungskreis Frutigen-Niedersimmental,BE,CH
645,Faulensee,Spiez,Verwaltungskreis Frutigen-Niedersimmental,BE,CH
646,Wimmis,Wimmis,Verwaltungskreis Frutigen-Niedersimmental,BE,CH
647,Höfen b. Thun,Stocken-Höfen,Verwaltungskreis Thun,BE,CH
648,Niederstocken,Stocken-Höfen,Verwaltungskreis Thun,BE,CH
649,Oberstocken,Stocken-Höfen,Verwaltungskreis Thun,BE,CH
650,Guttannen,Guttannen,Verwaltungskreis Interlaken-Oberhasli,BE,CH
651,Hasliberg Hohfluh,Hasliberg,Verwaltungskreis Interlaken-Oberhasli,BE,CH
652,Hasliberg Wasserwendi,Hasliberg,Verwaltungskreis Interlaken-Oberhasli,BE,CH
653,Hasliberg Goldern,Hasliberg,Verwaltungskreis Interlaken-Oberhasli,BE,CH
654,Hasliberg Reuti,Hasliberg,Verwaltungskreis Interlaken-Oberhasli,BE,CH
655,Innertkirchen,Innertkirchen,Verwaltungskreis Interlaken-Oberhasli,BE,CH
656,Gadmen,Innertkirchen,Verwaltungskreis Interlaken-Oberhasli,BE,CH
657,Unterbach BE,Meiringen,Verwaltungskreis Interlaken-Oberhasli,BE,CH
658,Meiringen,Meiringen,Verwaltungskreis Interlaken-Oberhasli,BE,CH
659,Brünig,Meiringen,Verwaltungskreis Interlaken-Oberhasli,BE,CH
660,Rosenlaui,Schattenhalb,Verwaltungskreis Interlaken-Oberhasli,BE,CH
661,Schattenhalb,Schattenhalb,Verwaltungskreis Interlaken-Oberhasli,BE,CH
662,Boltigen,Boltigen,Verwaltungskreis Obersimmental-Saanen,BE,CH
663,Lenk im Simmental,Lenk,Verwaltungskreis Obersimmental-Saanen,BE,CH
664,St. Stephan,St. Stephan,Verwaltungskreis Obersimmental-Saanen,BE,CH
665,Matten (St. Stephan),St. Stephan,Verwaltungskreis Obersimmental-Saanen,BE,CH
666,Zweisimmen,Zweisimmen,Verwaltungskreis Obersimmental-Saanen,BE,CH
667,Blankenburg,Zweisimmen,Verwaltungskreis Obersimmental-Saanen,BE,CH
668,Oeschseite,Zweisimmen,Verwaltungskreis Obersimmental-Saanen,BE,CH
669,Feutersoey,Gsteig,Verwaltungskreis Obersimmental-Saanen,BE,CH
670,Gsteig b. Gstaad,Gsteig,Verwaltungskreis Obersimmental-Saanen,BE,CH
671,Lauenen b. Gstaad,Lauenen,Verwaltungskreis Obersimmental-Saanen,BE,CH
672,Abländschen,Saanen,Verwaltungskreis Obersimmental-Saanen,BE,CH
673,Saanenmöser,Saanen,Verwaltungskreis Obersimmental-Saanen,BE,CH
674,Schönried,Saanen,Verwaltungskreis Obersimmental-Saanen,BE,CH
675,Gstaad,Saanen,Verwaltungskreis Obersimmental-Saanen,BE,CH
676,Turbach,Saanen,Verwaltungskreis Obersimmental-Saanen,BE,CH
677,Grund b. Gstaad,Saanen,Verwaltungskreis Obersimmental-Saanen,BE,CH
678,Saanen,Saanen,Verwaltungskreis Obersimmental-Saanen,BE,CH
679,Sangernboden,Guggisberg,Verwaltungskreis Bern-Mittelland,BE,CH
680,Riffenmatt,Guggisberg,Verwaltungskreis Bern-Mittelland,BE,CH
681,Guggisberg,Guggisberg,Verwaltungskreis Bern-Mittelland,BE,CH
682,Riedstätt,Guggisberg,Verwaltungskreis Bern-Mittelland,BE,CH
683,Rüschegg Gambach,Rüschegg,Verwaltungskreis Bern-Mittelland,BE,CH
684,Rüschegg Heubach,Rüschegg,Verwaltungskreis Bern-Mittelland,BE,CH
685,Lanzenhäusern,Schwarzenburg,Verwaltungskreis Bern-Mittelland,BE,CH
686,Schwarzenburg,Schwarzenburg,Verwaltungskreis Bern-Mittelland,BE,CH
687,Mamishaus,Schwarzenburg,Verwaltungskreis Bern-Mittelland,BE,CH
688,Milken,Schwarzenburg,Verwaltungskreis Bern-Mittelland,BE,CH
689,Albligen,Schwarzenburg,Verwaltungskreis Bern-Mittelland,BE,CH
690,Belp,Belp,Verwaltungskreis Bern-Mittelland,BE,CH
691,Belpberg,Belp,Verwaltungskreis Bern-Mittelland,BE,CH
692,Burgistein,Burgistein,Verwaltungskreis Thun,BE,CH
693,Gerzensee,Gerzensee,Verwaltungskreis Bern-Mittelland,BE,CH
694,Gurzelen,Gurzelen,Verwaltungskreis Thun,BE,CH
695,Jaberg,Jaberg,Verwaltungskreis Bern-Mittelland,BE,CH
696,Kaufdorf,Kaufdorf,Verwaltungskreis Bern-Mittelland,BE,CH
697,Kehrsatz,Kehrsatz,Verwaltungskreis Bern-Mittelland,BE,CH
698,Kirchdorf BE,Kirchdorf (BE),Verwaltungskreis Bern-Mittelland,BE,CH
699,Mühledorf BE,Kirchdorf (BE),Verwaltungskreis Bern-Mittelland,BE,CH
700,Noflen BE,Kirchdorf (BE),Verwaltungskreis Bern-Mittelland,BE,CH
701,Gelterfingen,Kirchdorf (BE),Verwaltungskreis Bern-Mittelland,BE,CH
702,Niedermuhlern,Niedermuhlern,Verwaltungskreis Bern-Mittelland,BE,CH
703,Rüti b. Riggisberg,Riggisberg,Verwaltungskreis Bern-Mittelland,BE,CH
704,Rümligen,Riggisberg,Verwaltungskreis Bern-Mittelland,BE,CH
705,Riggisberg,Riggisberg,Verwaltungskreis Bern-Mittelland,BE,CH
706,Rüeggisberg,Rüeggisberg,Verwaltungskreis Bern-Mittelland,BE,CH
707,Oberbütschel,Rüeggisberg,Verwaltungskreis Bern-Mittelland,BE,CH
708,Hinterfultigen,Rüeggisberg,Verwaltungskreis Bern-Mittelland,BE,CH
709,Helgisried-Rohrbach,Rüeggisberg,Verwaltungskreis Bern-Mittelland,BE,CH
710,Seftigen,Seftigen,Verwaltungskreis Thun,BE,CH
711,Toffen,Toffen,Verwaltungskreis Bern-Mittelland,BE,CH
712,Uttigen,Uttigen,Verwaltungskreis Thun,BE,CH
713,Wattenwil,Wattenwil,Verwaltungskreis Thun,BE,CH
714,Zimmerwald,Wald (BE),Verwaltungskreis Bern-Mittelland,BE,CH
715,Englisberg,Wald (BE),Verwaltungskreis Bern-Mittelland,BE,CH
716,Mühlethurnen,Thurnen,Verwaltungskreis Bern-Mittelland,BE,CH
717,Lohnstorf,Thurnen,Verwaltungskreis Bern-Mittelland,BE,CH
718,Kirchenthurnen,Thurnen,Verwaltungskreis Bern-Mittelland,BE,CH
719,Aeschau,Eggiwil,Verwaltungskreis Emmental,BE,CH
720,Eggiwil,Eggiwil,Verwaltungskreis Emmental,BE,CH
721,Langnau im Emmental,Langnau im Emmental,Verwaltungskreis Emmental,BE,CH
722,Oberfrittenbach,Langnau im Emmental,Verwaltungskreis Emmental,BE,CH
723,Bärau,Langnau im Emmental,Verwaltungskreis Emmental,BE,CH
724,Gohl,Langnau im Emmental,Verwaltungskreis Emmental,BE,CH
725,Lauperswil,Lauperswil,Verwaltungskreis Emmental,BE,CH
726,Emmenmatt,Lauperswil,Verwaltungskreis Emmental,BE,CH
727,Röthenbach im Emmental,Röthenbach im Emmental,Verwaltungskreis Emmental,BE,CH
728,Schwanden im Emmental,Rüderswil,Verwaltungskreis Emmental,BE,CH
729,Zollbrück,Rüderswil,Verwaltungskreis Emmental,BE,CH
730,Rüderswil,Rüderswil,Verwaltungskreis Emmental,BE,CH
731,Schangnau,Schangnau,Verwaltungskreis Emmental,BE,CH
732,Signau,Signau,Verwaltungskreis Emmental,BE,CH
733,Schüpbach,Signau,Verwaltungskreis Emmental,BE,CH
734,Trub,Trub,Verwaltungskreis Emmental,BE,CH
735,Fankhaus (Trub),Trub,Verwaltungskreis Emmental,BE,CH
736,Trubschachen,Trubschachen,Verwaltungskreis Emmental,BE,CH
737,Amsoldingen,Amsoldingen,Verwaltungskreis Thun,BE,CH
738,Blumenstein,Blumenstein,Verwaltungskreis Thun,BE,CH
739,Heimenschwand,Buchholterberg,Verwaltungskreis Thun,BE,CH
740,Eriz,Eriz,Verwaltungskreis Thun,BE,CH
741,Fahrni b. Thun,Fahrni,Verwaltungskreis Thun,BE,CH
742,Heiligenschwendi,Heiligenschwendi,Verwaltungskreis Thun,BE,CH
743,Heimberg,Heimberg,Verwaltungskreis Thun,BE,CH
744,Hünibach,Hilterfingen,Verwaltungskreis Thun,BE,CH
745,Hilterfingen,Hilterfingen,Verwaltungskreis Thun,BE,CH
746,Homberg b. Thun,Homberg,Verwaltungskreis Thun,BE,CH
747,Horrenbach,Horrenbach-Buchen,Verwaltungskreis Thun,BE,CH
748,Buchen BE,Horrenbach-Buchen,Verwaltungskreis Thun,BE,CH
749,Oberhofen am Thunersee,Oberhofen am Thunersee,Verwaltungskreis Thun,BE,CH
750,Pohlern,Pohlern,Verwaltungskreis Thun,BE,CH
751,Gunten,Sigriswil,Verwaltungskreis Thun,BE,CH
752,Sigriswil,Sigriswil,Verwaltungskreis Thun,BE,CH
753,Tschingel ob Gunten,Sigriswil,Verwaltungskreis Thun,BE,CH
754,Aeschlen ob Gunten,Sigriswil,Verwaltungskreis Thun,BE,CH
755,Ringoldswil,Sigriswil,Verwaltungskreis Thun,BE,CH
756,Schwanden (Sigriswil),Sigriswil,Verwaltungskreis Thun,BE,CH
757,Merligen,Sigriswil,Verwaltungskreis Thun,BE,CH
758,Steffisburg,Steffisburg,Verwaltungskreis Thun,BE,CH
759,Schwendibach,Steffisburg,Verwaltungskreis Thun,BE,CH
760,Teuffenthal b. Thun,Teuffenthal (BE),Verwaltungskreis Thun,BE,CH
761,Thierachern,Thierachern,Verwaltungskreis Thun,BE,CH
762,Thun,Thun,Verwaltungskreis Thun,BE,CH
763,Goldiwil (Thun),Thun,Verwaltungskreis Thun,BE,CH
764,Uebeschi,Uebeschi,Verwaltungskreis Thun,BE,CH
765,Uetendorf,Uetendorf,Verwaltungskreis Thun,BE,CH
766,Unterlangenegg,Oberlangenegg/Unterlangenegg,Verwaltungskreis Thun,BE,CH
767,Schwarzenegg,Oberlangenegg/Unterlangenegg,Verwaltungskreis Thun,BE,CH
768,Süderen,Wachseldorn,Verwaltungskreis Thun,BE,CH
769,Zwieselberg,Zwieselberg,Verwaltungskreis Thun,BE,CH
770,Längenbühl,Forst-Längenbühl,Verwaltungskreis Thun,BE,CH
771,Forst b. Längenbühl,Forst-Längenbühl,Verwaltungskreis Thun,BE,CH
772,Affoltern im Emmental,Affoltern im Emmental,Verwaltungskreis Emmental,BE,CH
773,Weier im Emmental,Affoltern im Emmental,Verwaltungskreis Emmental,BE,CH
774,Häusernmoos im Emmental,Affoltern im Emmental,Verwaltungskreis Emmental,BE,CH
775,Dürrenroth,Dürrenroth,Verwaltungskreis Emmental,BE,CH
776,Eriswil,Eriswil,Verwaltungskreis Oberaargau,BE,CH
777,Huttwil,Huttwil,Verwaltungskreis Oberaargau,BE,CH
778,Schwarzenbach (Huttwil),Huttwil,Verwaltungskreis Oberaargau,BE,CH
779,Lützelflüh-Goldbach,Lützelflüh,Verwaltungskreis Emmental,BE,CH
780,Ramsei,Lützelflüh,Verwaltungskreis Emmental,BE,CH
781,Ranflüh,Lützelflüh,Verwaltungskreis Emmental,BE,CH
782,Grünenmatt,Lützelflüh,Verwaltungskreis Emmental,BE,CH
783,Rüegsauschachen,Rüegsau,Verwaltungskreis Emmental,BE,CH
784,Rüegsau,Rüegsau,Verwaltungskreis Emmental,BE,CH
785,Rüegsbach,Rüegsau,Verwaltungskreis Emmental,BE,CH
786,Sumiswald,Sumiswald,Verwaltungskreis Emmental,BE,CH
787,Grünen,Sumiswald,Verwaltungskreis Emmental,BE,CH
788,Wasen im Emmental,Sumiswald,Verwaltungskreis Emmental,BE,CH
789,Heimisbach,Trachselwald,Verwaltungskreis Emmental,BE,CH
790,Trachselwald,Trachselwald,Verwaltungskreis Emmental,BE,CH
791,Schmidigen-Mühleweg,Walterswil (BE),Verwaltungskreis Oberaargau,BE,CH
792,Walterswil BE,Walterswil (BE),Verwaltungskreis Oberaargau,BE,CH
793,Wyssachen,Wyssachen,Verwaltungskreis Oberaargau,BE,CH
794,Attiswil,Attiswil,Verwaltungskreis Oberaargau,BE,CH
795,Berken,Berken,Verwaltungskreis Oberaargau,BE,CH
796,Bettenhausen,Bettenhausen,Verwaltungskreis Oberaargau,BE,CH
797,Bollodingen,Bettenhausen,Verwaltungskreis Oberaargau,BE,CH
798,Farnern,Farnern,Verwaltungskreis Oberaargau,BE,CH
799,Graben,Graben,Verwaltungskreis Oberaargau,BE,CH
800,Wanzwil,Heimenhausen,Verwaltungskreis Oberaargau,BE,CH
801,Röthenbach Herzogenbuchsee,Heimenhausen,Verwaltungskreis Oberaargau,BE,CH
802,Heimenhausen,Heimenhausen,Verwaltungskreis Oberaargau,BE,CH
803,Herzogenbuchsee,Herzogenbuchsee,Verwaltungskreis Oberaargau,BE,CH
804,Oberönz,Herzogenbuchsee,Verwaltungskreis Oberaargau,BE,CH
805,Inkwil,Inkwil,Verwaltungskreis Oberaargau,BE,CH
806,Niederbipp,Niederbipp,Verwaltungskreis Oberaargau,BE,CH
807,Wolfisberg,Niederbipp,Verwaltungskreis Oberaargau,BE,CH
808,Niederönz,Niederönz,Verwaltungskreis Oberaargau,BE,CH
809,Oberbipp,Oberbipp,Verwaltungskreis Oberaargau,BE,CH
810,Ochlenberg,Ochlenberg,Verwaltungskreis Oberaargau,BE,CH
811,Oschwand,Ochlenberg,Verwaltungskreis Oberaargau,BE,CH
812,Rumisberg,Rumisberg,Verwaltungskreis Oberaargau,BE,CH
813,Grasswil,Seeberg,Verwaltungskreis Oberaargau,BE,CH
814,Seeberg,Seeberg,Verwaltungskreis Oberaargau,BE,CH
815,Riedtwil,Seeberg,Verwaltungskreis Oberaargau,BE,CH
816,Hermiswil,Seeberg,Verwaltungskreis Oberaargau,BE,CH
817,Thörigen,Thörigen,Verwaltungskreis Oberaargau,BE,CH
818,Walliswil b. Niederbipp,Walliswil bei Niederbipp,Verwaltungskreis Oberaargau,BE,CH
819,Walliswil b. Wangen,Walliswil bei Wangen,Verwaltungskreis Oberaargau,BE,CH
820,Wangen an der Aare,Wangen an der Aare,Verwaltungskreis Oberaargau,BE,CH
821,Wangenried,Wangenried,Verwaltungskreis Oberaargau,BE,CH
822,Wiedlisbach,Wiedlisbach,Verwaltungskreis Oberaargau,BE,CH
823,Doppleschwand,Doppleschwand,Wahlkreis Entlebuch,LU,CH
824,Entlebuch,Entlebuch,Wahlkreis Entlebuch,LU,CH
825,Rengg,Entlebuch,Wahlkreis Entlebuch,LU,CH
826,Finsterwald b. Entlebuch,Entlebuch,Wahlkreis Entlebuch,LU,CH
827,Ebnet,Entlebuch,Wahlkreis Entlebuch,LU,CH
828,Flühli LU,Flühli,Wahlkreis Entlebuch,LU,CH
829,Sörenberg,Flühli,Wahlkreis Entlebuch,LU,CH
830,Hasle LU,Hasle (LU),Wahlkreis Entlebuch,LU,CH
831,Fontannen b. Wolhusen,Romoos,Wahlkreis Entlebuch,LU,CH
832,Romoos,Romoos,Wahlkreis Entlebuch,LU,CH
833,Bramboden,Romoos,Wahlkreis Entlebuch,LU,CH
834,Schüpfheim,Schüpfheim,Wahlkreis Entlebuch,LU,CH
835,Schachen LU,Werthenstein,Wahlkreis Entlebuch,LU,CH
836,Werthenstein,Werthenstein,Wahlkreis Entlebuch,LU,CH
837,Escholzmatt,Escholzmatt-Marbach,Wahlkreis Entlebuch,LU,CH
838,Wiggen,Escholzmatt-Marbach,Wahlkreis Entlebuch,LU,CH
839,Marbach LU,Escholzmatt-Marbach,Wahlkreis Entlebuch,LU,CH
840,Aesch LU,Aesch (LU),Wahlkreis Hochdorf,LU,CH
841,Ballwil,Ballwil,Wahlkreis Hochdorf,LU,CH
842,Emmenbrücke,Emmen,Wahlkreis Hochdorf,LU,CH
843,Emmen,Emmen,Wahlkreis Hochdorf,LU,CH
844,Ermensee,Ermensee,Wahlkreis Hochdorf,LU,CH
845,Eschenbach LU,Eschenbach (LU),Wahlkreis Hochdorf,LU,CH
846,Gelfingen,Hitzkirch,Wahlkreis Hochdorf,LU,CH
847,Sulz LU,Hitzkirch,Wahlkreis Hochdorf,LU,CH
848,Hitzkirch,Hitzkirch,Wahlkreis Hochdorf,LU,CH
849,Retschwil,Hitzkirch,Wahlkreis Hochdorf,LU,CH
850,Altwis,Hitzkirch,Wahlkreis Hochdorf,LU,CH
851,Müswangen,Hitzkirch,Wahlkreis Hochdorf,LU,CH
852,Hämikon,Hitzkirch,Wahlkreis Hochdorf,LU,CH
853,Mosen,Hitzkirch,Wahlkreis Hochdorf,LU,CH
854,Hochdorf,Hochdorf,Wahlkreis Hochdorf,LU,CH
855,Urswil,Hochdorf,Wahlkreis Hochdorf,LU,CH
856,Baldegg,Hochdorf,Wahlkreis Hochdorf,LU,CH
857,Hohenrain,Hohenrain,Wahlkreis Hochdorf,LU,CH
858,Kleinwangen,Hohenrain,Wahlkreis Hochdorf,LU,CH
859,Lieli LU,Hohenrain,Wahlkreis Hochdorf,LU,CH
860,Inwil,Inwil,Wahlkreis Hochdorf,LU,CH
861,Rain,Rain,Wahlkreis Hochdorf,LU,CH
862,Römerswil LU,Römerswil,Wahlkreis Hochdorf,LU,CH
863,Herlisberg,Römerswil,Wahlkreis Hochdorf,LU,CH
864,Rothenburg,Rothenburg,Wahlkreis Hochdorf,LU,CH
865,Schongau,Schongau,Wahlkreis Hochdorf,LU,CH
866,Adligenswil,Adligenswil,Wahlkreis Luzern-Land,LU,CH
867,Buchrain,Buchrain,Wahlkreis Luzern-Land,LU,CH
868,Perlen,Buchrain,Wahlkreis Luzern-Land,LU,CH
869,Dierikon,Dierikon,Wahlkreis Luzern-Land,LU,CH
870,Ebikon,Ebikon,Wahlkreis Luzern-Land,LU,CH
871,Gisikon,Gisikon,Wahlkreis Luzern-Land,LU,CH
872,Greppen,Greppen,Wahlkreis Luzern-Land,LU,CH
873,Honau,Honau,Wahlkreis Luzern-Land,LU,CH
874,St. Niklausen LU,Horw,Wahlkreis Luzern-Land,LU,CH
875,Kastanienbaum,Horw,Wahlkreis Luzern-Land,LU,CH
876,Horw,Horw,Wahlkreis Luzern-Land,LU,CH
877,Kriens,Kriens,Wahlkreis Luzern-Land,LU,CH
878,Obernau,Kriens,Wahlkreis Luzern-Land,LU,CH
879,Luzern,Luzern,Wahlkreis Luzern-Stadt,LU,CH
880,Malters,Malters,Wahlkreis Luzern-Land,LU,CH
881,Meggen,Meggen,Wahlkreis Luzern-Land,LU,CH
882,Meierskappel,Meierskappel,Wahlkreis Luzern-Land,LU,CH
883,Root,Root,Wahlkreis Luzern-Land,LU,CH
884,Root D4,Root,Wahlkreis Luzern-Land,LU,CH
885,Eigenthal,Schwarzenberg,Wahlkreis Luzern-Land,LU,CH
886,Schwarzenberg LU,Schwarzenberg,Wahlkreis Luzern-Land,LU,CH
887,Udligenswil,Udligenswil,Wahlkreis Luzern-Land,LU,CH
888,Vitznau,Vitznau,Wahlkreis Luzern-Land,LU,CH
889,Weggis,Weggis,Wahlkreis Luzern-Land,LU,CH
890,Rigi Kaltbad,Weggis,Wahlkreis Luzern-Land,LU,CH
891,Neudorf,Beromünster,Wahlkreis Sursee,LU,CH
892,Beromünster,Beromünster,Wahlkreis Sursee,LU,CH
893,Schwarzenbach LU,Beromünster,Wahlkreis Sursee,LU,CH
894,Gunzwil,Beromünster,Wahlkreis Sursee,LU,CH
895,Büron,Büron,Wahlkreis Sursee,LU,CH
896,Buttisholz,Buttisholz,Wahlkreis Sursee,LU,CH
897,Eich,Eich,Wahlkreis Sursee,LU,CH
898,Geuensee,Geuensee,Wahlkreis Sursee,LU,CH
899,Grosswangen,Grosswangen,Wahlkreis Sursee,LU,CH
900,Hildisrieden,Hildisrieden,Wahlkreis Sursee,LU,CH
901,St. Erhard,Knutwil,Wahlkreis Sursee,LU,CH
902,Knutwil,Knutwil,Wahlkreis Sursee,LU,CH
903,Kaltbach,Mauensee,Wahlkreis Sursee,LU,CH
904,Mauensee,Mauensee,Wahlkreis Sursee,LU,CH
905,Hellbühl,Neuenkirch,Wahlkreis Sursee,LU,CH
906,Sempach Station,Neuenkirch,Wahlkreis Sursee,LU,CH
907,Neuenkirch,Neuenkirch,Wahlkreis Sursee,LU,CH
908,Nottwil,Nottwil,Wahlkreis Sursee,LU,CH
909,Oberkirch LU,Oberkirch,Wahlkreis Sursee,LU,CH
910,Pfeffikon LU,Rickenbach (LU),Wahlkreis Sursee,LU,CH
911,Rickenbach LU,Rickenbach (LU),Wahlkreis Sursee,LU,CH
912,Ruswil,Ruswil,Wahlkreis Sursee,LU,CH
913,Sigigen,Ruswil,Wahlkreis Sursee,LU,CH
914,Schenkon,Schenkon,Wahlkreis Sursee,LU,CH
915,Schlierbach,Schlierbach,Wahlkreis Sursee,LU,CH
916,Sempach,Sempach,Wahlkreis Sursee,LU,CH
917,Sursee,Sursee,Wahlkreis Sursee,LU,CH
918,Triengen,Triengen,Wahlkreis Sursee,LU,CH
919,Kulmerau,Triengen,Wahlkreis Sursee,LU,CH
920,Winikon,Triengen,Wahlkreis Sursee,LU,CH
921,Wilihof,Triengen,Wahlkreis Sursee,LU,CH
922,Wolhusen,Wolhusen,Wahlkreis Entlebuch,LU,CH
923,Steinhuserberg,Wolhusen,Wahlkreis Entlebuch,LU,CH
924,Alberswil,Alberswil,Wahlkreis Willisau,LU,CH
925,Altbüron,Altbüron,Wahlkreis Willisau,LU,CH
926,Ebersecken,Altishofen,Wahlkreis Willisau,LU,CH
927,Altishofen,Altishofen,Wahlkreis Willisau,LU,CH
928,Buchs LU,Dagmersellen,Wahlkreis Willisau,LU,CH
929,Dagmersellen,Dagmersellen,Wahlkreis Willisau,LU,CH
930,Uffikon,Dagmersellen,Wahlkreis Willisau,LU,CH
931,Egolzwil,Egolzwil,Wahlkreis Willisau,LU,CH
932,Kottwil,Ettiswil,Wahlkreis Willisau,LU,CH
933,Ettiswil,Ettiswil,Wahlkreis Willisau,LU,CH
934,Fischbach LU,Fischbach,Wahlkreis Willisau,LU,CH
935,Grossdietwil,Grossdietwil,Wahlkreis Willisau,LU,CH
936,Hergiswil b. Willisau,Hergiswil bei Willisau,Wahlkreis Willisau,LU,CH
937,Hofstatt,Luthern,Wahlkreis Willisau,LU,CH
938,Luthern,Luthern,Wahlkreis Willisau,LU,CH
939,Luthern Bad,Luthern,Wahlkreis Willisau,LU,CH
940,Menznau,Menznau,Wahlkreis Willisau,LU,CH
941,Geiss,Menznau,Wahlkreis Willisau,LU,CH
942,Menzberg,Menznau,Wahlkreis Willisau,LU,CH
943,Nebikon,Nebikon,Wahlkreis Willisau,LU,CH
944,St. Urban,Pfaffnau,Wahlkreis Willisau,LU,CH
945,Pfaffnau,Pfaffnau,Wahlkreis Willisau,LU,CH
946,Reiden,Reiden,Wahlkreis Willisau,LU,CH
947,Reidermoos,Reiden,Wahlkreis Willisau,LU,CH
948,Mehlsecken,Reiden,Wahlkreis Willisau,LU,CH
949,Langnau b. Reiden,Reiden,Wahlkreis Willisau,LU,CH
950,Richenthal,Reiden,Wahlkreis Willisau,LU,CH
951,Roggliswil,Roggliswil,Wahlkreis Willisau,LU,CH
952,Ohmstal,Schötz,Wahlkreis Willisau,LU,CH
953,Schötz,Schötz,Wahlkreis Willisau,LU,CH
954,Ufhusen,Ufhusen,Wahlkreis Willisau,LU,CH
955,Wauwil,Wauwil,Wahlkreis Willisau,LU,CH
956,Wikon,Wikon,Wahlkreis Willisau,LU,CH
957,Hintermoos,Wikon,Wahlkreis Willisau,LU,CH
958,Zell LU,Zell (LU),Wahlkreis Willisau,LU,CH
959,Hüswil,Zell (LU),Wahlkreis Willisau,LU,CH
960,Daiwil,Willisau,Wahlkreis Willisau,LU,CH
961,Willisau,Willisau,Wahlkreis Willisau,LU,CH
962,Rohrmatt,Willisau,Wahlkreis Willisau,LU,CH
963,Gettnau,Willisau,Wahlkreis Willisau,LU,CH
964,Altdorf UR,Altdorf (UR),Kanton Uri,UR,CH
965,Andermatt,Andermatt,Kanton Uri,UR,CH
966,Attinghausen,Attinghausen,Kanton Uri,UR,CH
967,Bürglen UR,Bürglen (UR),Kanton Uri,UR,CH
968,Erstfeld,Erstfeld,Kanton Uri,UR,CH
969,Flüelen,Flüelen,Kanton Uri,UR,CH
970,Göschenen,Göschenen,Kanton Uri,UR,CH
971,Intschi,Gurtnellen,Kanton Uri,UR,CH
972,Gurtnellen,Gurtnellen,Kanton Uri,UR,CH
973,Hospental,Hospental,Kanton Uri,UR,CH
974,Isenthal,Isenthal,Kanton Uri,UR,CH
975,Realp,Realp,Kanton Uri,UR,CH
976,Schattdorf,Schattdorf,Kanton Uri,UR,CH
977,Haldi b. Schattdorf,Schattdorf,Kanton Uri,UR,CH
978,Seedorf UR,Seedorf (UR),Kanton Uri,UR,CH
979,Bauen,Seedorf (UR),Kanton Uri,UR,CH
980,Seelisberg,Seelisberg,Kanton Uri,UR,CH
981,Rütli,Seelisberg,Kanton Uri,UR,CH
982,Silenen,Silenen,Kanton Uri,UR,CH
983,Amsteg,Silenen,Kanton Uri,UR,CH
984,Bristen,Silenen,Kanton Uri,UR,CH
985,Sisikon,Sisikon,Kanton Uri,UR,CH
986,Spiringen,Spiringen,Kanton Uri,UR,CH
987,Urnerboden,Spiringen,Kanton Uri,UR,CH
988,Unterschächen,Unterschächen,Kanton Uri,UR,CH
989,Wassen UR,Wassen,Kanton Uri,UR,CH
990,Meien,Wassen,Kanton Uri,UR,CH
991,Bennau,Einsiedeln,Bezirk Einsiedeln,SZ,CH
992,Einsiedeln,Einsiedeln,Bezirk Einsiedeln,SZ,CH
993,Trachslau,Einsiedeln,Bezirk Einsiedeln,SZ,CH
994,Gross,Einsiedeln,Bezirk Einsiedeln,SZ,CH
995,Euthal,Einsiedeln,Bezirk Einsiedeln,SZ,CH
996,Willerzell,Einsiedeln,Bezirk Einsiedeln,SZ,CH
997,Egg SZ,Einsiedeln,Bezirk Einsiedeln,SZ,CH
998,Rigi Scheidegg,Gersau,Bezirk Gersau,SZ,CH
999,Gersau,Gersau,Bezirk Gersau,SZ,CH
1000,Schindellegi,Feusisberg,Bezirk Höfe,SZ,CH
1001,Feusisberg,Feusisberg,Bezirk Höfe,SZ,CH
1002,Hurden,Freienbach,Bezirk Höfe,SZ,CH
1003,Bäch SZ,Freienbach,Bezirk Höfe,SZ,CH
1004,Freienbach,Freienbach,Bezirk Höfe,SZ,CH
1005,Pfäffikon SZ,Freienbach,Bezirk Höfe,SZ,CH
1006,Wilen b. Wollerau,Freienbach,Bezirk Höfe,SZ,CH
1007,Wollerau,Wollerau,Bezirk Höfe,SZ,CH
1008,Merlischachen,Küssnacht (SZ),Bezirk Küssnacht (SZ),SZ,CH
1009,Küssnacht am Rigi,Küssnacht (SZ),Bezirk Küssnacht (SZ),SZ,CH
1010,Immensee,Küssnacht (SZ),Bezirk Küssnacht (SZ),SZ,CH
1011,Altendorf,Altendorf,Bezirk March,SZ,CH
1012,Galgenen,Galgenen,Bezirk March,SZ,CH
1013,Innerthal,Innerthal,Bezirk March,SZ,CH
1014,Lachen SZ,Lachen,Bezirk March,SZ,CH
1015,Reichenburg,Reichenburg,Bezirk March,SZ,CH
1016,Siebnen,Schübelbach,Bezirk March,SZ,CH
1017,Schübelbach,Schübelbach,Bezirk March,SZ,CH
1018,Buttikon SZ,Schübelbach,Bezirk March,SZ,CH
1019,Tuggen,Tuggen,Bezirk March,SZ,CH
1020,Vorderthal,Vorderthal,Bezirk March,SZ,CH
1021,Wangen SZ,Wangen (SZ),Bezirk March,SZ,CH
1022,Alpthal,Alpthal,Bezirk Schwyz,SZ,CH
1023,Goldau,Arth,Bezirk Schwyz,SZ,CH
1024,Rigi Klösterli,Arth,Bezirk Schwyz,SZ,CH
1025,Rigi Staffel,Arth,Bezirk Schwyz,SZ,CH
1026,Rigi Kulm,Arth,Bezirk Schwyz,SZ,CH
1027,Oberarth,Arth,Bezirk Schwyz,SZ,CH
1028,Arth,Arth,Bezirk Schwyz,SZ,CH
1029,Illgau,Illgau,Bezirk Schwyz,SZ,CH
1030,Brunnen,Ingenbohl,Bezirk Schwyz,SZ,CH
1031,Lauerz,Lauerz,Bezirk Schwyz,SZ,CH
1032,Stoos SZ,Morschach,Bezirk Schwyz,SZ,CH
1033,Morschach,Morschach,Bezirk Schwyz,SZ,CH
1034,Muotathal,Muotathal,Bezirk Schwyz,SZ,CH
1035,Bisisthal,Muotathal,Bezirk Schwyz,SZ,CH
1036,Ried (Muotathal),Muotathal,Bezirk Schwyz,SZ,CH
1037,Oberiberg,Oberiberg,Bezirk Schwyz,SZ,CH
1038,Riemenstalden,Riemenstalden,Bezirk Schwyz,SZ,CH
1039,Rothenthurm,Rothenthurm,Bezirk Schwyz,SZ,CH
1040,Sattel,Sattel,Bezirk Schwyz,SZ,CH
1041,Seewen SZ,Schwyz,Bezirk Schwyz,SZ,CH
1042,Schwyz,Schwyz,Bezirk Schwyz,SZ,CH
1043,Rickenbach b. Schwyz,Schwyz,Bezirk Schwyz,SZ,CH
1044,Ibach,Schwyz,Bezirk Schwyz,SZ,CH
1045,Steinen,Steinen,Bezirk Schwyz,SZ,CH
1046,Steinerberg,Steinerberg,Bezirk Schwyz,SZ,CH
1047,Unteriberg,Unteriberg,Bezirk Schwyz,SZ,CH
1048,Studen SZ,Unteriberg,Bezirk Schwyz,SZ,CH
1049,Pilatus Kulm,Alpnach,Kanton Obwalden,OW,CH
1050,Alpnachstad,Alpnach,Kanton Obwalden,OW,CH
1051,Alpnach Dorf,Alpnach,Kanton Obwalden,OW,CH
1052,Grafenort,Engelberg,Kanton Obwalden,OW,CH
1053,Engelberg,Engelberg,Kanton Obwalden,OW,CH
1054,Giswil,Giswil,Kanton Obwalden,OW,CH
1055,Kerns,Kerns,Kanton Obwalden,OW,CH
1056,St. Niklausen OW,Kerns,Kanton Obwalden,OW,CH
1057,Melchtal,Kerns,Kanton Obwalden,OW,CH
1058,Melchsee-Frutt,Kerns,Kanton Obwalden,OW,CH
1059,Lungern,Lungern,Kanton Obwalden,OW,CH
1060,Bürglen OW,Lungern,Kanton Obwalden,OW,CH
1061,Sachseln,Sachseln,Kanton Obwalden,OW,CH
1062,Flüeli-Ranft,Sachseln,Kanton Obwalden,OW,CH
1063,Kägiswil,Sarnen,Kanton Obwalden,OW,CH
1064,Sarnen,Sarnen,Kanton Obwalden,OW,CH
1065,Ramersberg,Sarnen,Kanton Obwalden,OW,CH
1066,Wilen (Sarnen),Sarnen,Kanton Obwalden,OW,CH
1067,Stalden (Sarnen),Sarnen,Kanton Obwalden,OW,CH
1068,Beckenried,Beckenried,Kanton Nidwalden,NW,CH
1069,Buochs,Buochs,Kanton Nidwalden,NW,CH
1070,Dallenwil,Dallenwil,Kanton Nidwalden,NW,CH
1071,Wiesenberg,Dallenwil,Kanton Nidwalden,NW,CH
1072,Wirzweli,Dallenwil,Kanton Nidwalden,NW,CH
1073,Emmetten,Emmetten,Kanton Nidwalden,NW,CH
1074,Bürgenstock,Ennetbürgen,Kanton Nidwalden,NW,CH
1075,Ennetbürgen,Ennetbürgen,Kanton Nidwalden,NW,CH
1076,Ennetmoos,Ennetmoos,Kanton Nidwalden,NW,CH
1077,Hergiswil NW,Hergiswil (NW),Kanton Nidwalden,NW,CH
1078,Oberdorf NW,Oberdorf (NW),Kanton Nidwalden,NW,CH
1079,Büren NW,Oberdorf (NW),Kanton Nidwalden,NW,CH
1080,Niederrickenbach,Oberdorf (NW),Kanton Nidwalden,NW,CH
1081,Stans,Stans,Kanton Nidwalden,NW,CH
1082,Stansstad,Stansstad,Kanton Nidwalden,NW,CH
1083,Obbürgen,Stansstad,Kanton Nidwalden,NW,CH
1084,Fürigen,Stansstad,Kanton Nidwalden,NW,CH
1085,Kehrsiten,Stansstad,Kanton Nidwalden,NW,CH
1086,Wolfenschiessen,Wolfenschiessen,Kanton Nidwalden,NW,CH
1087,Oberrickenbach,Wolfenschiessen,Kanton Nidwalden,NW,CH
1088,Näfels,Glarus Nord,Kanton Glarus,GL,CH
1089,Mollis,Glarus Nord,Kanton Glarus,GL,CH
1090,Filzbach,Glarus Nord,Kanton Glarus,GL,CH
1091,Obstalden,Glarus Nord,Kanton Glarus,GL,CH
1092,Bilten,Glarus Nord,Kanton Glarus,GL,CH
1093,Niederurnen,Glarus Nord,Kanton Glarus,GL,CH
1094,Oberurnen,Glarus Nord,Kanton Glarus,GL,CH
1095,Mühlehorn,Glarus Nord,Kanton Glarus,GL,CH
1096,Mitlödi,Glarus Süd,Kanton Glarus,GL,CH
1097,Schwanden GL,Glarus Süd,Kanton Glarus,GL,CH
1098,Schwändi b. Schwanden,Glarus Süd,Kanton Glarus,GL,CH
1099,Sool,Glarus Süd,Kanton Glarus,GL,CH
1100,Engi,Glarus Süd,Kanton Glarus,GL,CH
1101,Matt,Glarus Süd,Kanton Glarus,GL,CH
1102,Elm,Glarus Süd,Kanton Glarus,GL,CH
1103,Nidfurn,Glarus Süd,Kanton Glarus,GL,CH
1104,Haslen GL,Glarus Süd,Kanton Glarus,GL,CH
1105,Leuggelbach,Glarus Süd,Kanton Glarus,GL,CH
1106,Luchsingen,Glarus Süd,Kanton Glarus,GL,CH
1107,Hätzingen,Glarus Süd,Kanton Glarus,GL,CH
1108,Diesbach GL,Glarus Süd,Kanton Glarus,GL,CH
1109,Betschwanden,Glarus Süd,Kanton Glarus,GL,CH
1110,Rüti GL,Glarus Süd,Kanton Glarus,GL,CH
1111,Linthal,Glarus Süd,Kanton Glarus,GL,CH
1112,Braunwald,Glarus Süd,Kanton Glarus,GL,CH
1113,Glarus,Glarus,Kanton Glarus,GL,CH
1114,Riedern,Glarus,Kanton Glarus,GL,CH
1115,Klöntal,Glarus,Kanton Glarus,GL,CH
1116,Netstal,Glarus,Kanton Glarus,GL,CH
1117,Ennenda,Glarus,Kanton Glarus,GL,CH
1118,Allenwinden,Baar,Kanton Zug,ZG,CH
1119,Baar,Baar,Kanton Zug,ZG,CH
1120,Cham,Cham,Kanton Zug,ZG,CH
1121,Hagendorn,Cham,Kanton Zug,ZG,CH
1122,Hünenberg,Hünenberg,Kanton Zug,ZG,CH
1123,Hünenberg See,Hünenberg,Kanton Zug,ZG,CH
1124,Menzingen,Menzingen,Kanton Zug,ZG,CH
1125,Edlibach,Menzingen,Kanton Zug,ZG,CH
1126,Finstersee,Menzingen,Kanton Zug,ZG,CH
1127,Sihlbrugg,Neuheim,Kanton Zug,ZG,CH
1128,Neuheim,Neuheim,Kanton Zug,ZG,CH
1129,Oberägeri,Oberägeri,Kanton Zug,ZG,CH
1130,Alosen,Oberägeri,Kanton Zug,ZG,CH
1131,Morgarten,Oberägeri,Kanton Zug,ZG,CH
1132,Rotkreuz,Risch,Kanton Zug,ZG,CH
1133,Buonas,Risch,Kanton Zug,ZG,CH
1134,Risch,Risch,Kanton Zug,ZG,CH
1135,Holzhäusern ZG,Risch,Kanton Zug,ZG,CH
1136,Steinhausen,Steinhausen,Kanton Zug,ZG,CH
1137,Unterägeri,Unterägeri,Kanton Zug,ZG,CH
1138,Neuägeri,Unterägeri,Kanton Zug,ZG,CH
1139,Walchwil,Walchwil,Kanton Zug,ZG,CH
1140,Zug,Zug,Kanton Zug,ZG,CH
1141,Zugerberg,Zug,Kanton Zug,ZG,CH
1142,Oberwil b. Zug,Zug,Kanton Zug,ZG,CH
1143,Châtillon FR,Châtillon (FR),District de la Broye,FR,CH
1144,Cugy FR,Cugy (FR),District de la Broye,FR,CH
1145,Vesin,Cugy (FR),District de la Broye,FR,CH
1146,Fétigny,Fétigny,District de la Broye,FR,CH
1147,Gletterens,Gletterens,District de la Broye,FR,CH
1148,Lully FR,Lully (FR),District de la Broye,FR,CH
1149,Seiry,Lully (FR),District de la Broye,FR,CH
1150,Bollion,Lully (FR),District de la Broye,FR,CH
1151,Ménières,Ménières,District de la Broye,FR,CH
1152,Cousset,Montagny (FR),District de la Broye,FR,CH
1153,Montagny-les-Monts,Montagny (FR),District de la Broye,FR,CH
1154,Mannens,Montagny (FR),District de la Broye,FR,CH
1155,Grandsivaz,Montagny (FR),District de la Broye,FR,CH
1156,Montagny-la-Ville,Montagny (FR),District de la Broye,FR,CH
1157,Nuvilly,Nuvilly,District de la Broye,FR,CH
1158,Prévondavaux,Prévondavaux,District de la Broye,FR,CH
1159,St-Aubin FR,Saint-Aubin (FR),District de la Broye,FR,CH
1160,Les Friques,Saint-Aubin (FR),District de la Broye,FR,CH
1161,Sévaz,Sévaz,District de la Broye,FR,CH
1162,Villeneuve FR,Surpierre,District de la Broye,FR,CH
1163,Surpierre,Surpierre,District de la Broye,FR,CH
1164,Praratoud,Surpierre,District de la Broye,FR,CH
1165,Cheiry,Surpierre,District de la Broye,FR,CH
1166,Chapelle (Broye),Surpierre,District de la Broye,FR,CH
1167,Vallon,Vallon,District de la Broye,FR,CH
1168,Montet (Broye),Les Montets,District de la Broye,FR,CH
1169,Frasses,Les Montets,District de la Broye,FR,CH
1170,Aumont,Les Montets,District de la Broye,FR,CH
1171,Granges-de-Vesin,Les Montets,District de la Broye,FR,CH
1172,Delley,Delley-Portalban,District de la Broye,FR,CH
1173,Portalban,Delley-Portalban,District de la Broye,FR,CH
1174,Dompierre FR,Belmont-Broye,District de la Broye,FR,CH
1175,Domdidier,Belmont-Broye,District de la Broye,FR,CH
1176,Léchelles,Belmont-Broye,District de la Broye,FR,CH
1177,Chandon,Belmont-Broye,District de la Broye,FR,CH
1178,Russy,Belmont-Broye,District de la Broye,FR,CH
1179,Estavayer-le-Lac,Estavayer,District de la Broye,FR,CH
1180,Font,Estavayer,District de la Broye,FR,CH
1181,Autavaux,Estavayer,District de la Broye,FR,CH
1182,Forel FR,Estavayer,District de la Broye,FR,CH
1183,Montbrelloz,Estavayer,District de la Broye,FR,CH
1184,Vuissens,Estavayer,District de la Broye,FR,CH
1185,Murist,Estavayer,District de la Broye,FR,CH
1186,Bussy FR,Estavayer,District de la Broye,FR,CH
1187,Morens FR,Estavayer,District de la Broye,FR,CH
1188,Rueyres-les-Prés,Estavayer,District de la Broye,FR,CH
1189,Cheyres,Cheyres-Châbles,District de la Broye,FR,CH
1190,Châbles FR,Cheyres-Châbles,District de la Broye,FR,CH
1191,Auboranges,Auboranges,District de la Glâne,FR,CH
1192,Billens,Billens-Hennens,District de la Glâne,FR,CH
1193,Hennens,Billens-Hennens,District de la Glâne,FR,CH
1194,Chapelle (Glâne),Chapelle (Glâne),District de la Glâne,FR,CH
1195,Le Châtelard-près-Romont,Le Châtelard,District de la Glâne,FR,CH
1196,Châtonnaye,Châtonnaye,District de la Glâne,FR,CH
1197,Ecublens FR,Ecublens (FR),District de la Glâne,FR,CH
1198,Grangettes-près-Romont,Grangettes,District de la Glâne,FR,CH
1199,Massonnens,Massonnens,District de la Glâne,FR,CH
1200,Berlens,Mézières (FR),District de la Glâne,FR,CH
1201,Mézières FR,Mézières (FR),District de la Glâne,FR,CH
1202,Montet (Glâne),Montet (Glâne),District de la Glâne,FR,CH
1203,Romont FR,Romont (FR),District de la Glâne,FR,CH
1204,Promasens,Rue,District de la Glâne,FR,CH
1205,Gillarens,Rue,District de la Glâne,FR,CH
1206,Rue,Rue,District de la Glâne,FR,CH
1207,Blessens,Rue,District de la Glâne,FR,CH
1208,Chavannes-les-Forts,Siviriez,District de la Glâne,FR,CH
1209,Prez-vers-Siviriez,Siviriez,District de la Glâne,FR,CH
1210,Siviriez,Siviriez,District de la Glâne,FR,CH
1211,Villaraboud,Siviriez,District de la Glâne,FR,CH
1212,Ursy,Ursy,District de la Glâne,FR,CH
1213,Bionnens,Ursy,District de la Glâne,FR,CH
1214,Esmonts,Ursy,District de la Glâne,FR,CH
1215,Vuarmarens,Ursy,District de la Glâne,FR,CH
1216,Morlens,Ursy,District de la Glâne,FR,CH
1217,Vauderens,Ursy,District de la Glâne,FR,CH
1218,Mossel,Ursy,District de la Glâne,FR,CH
1219,Villariaz,Vuisternens-devant-Romont,District de la Glâne,FR,CH
1220,La Neirigue,Vuisternens-devant-Romont,District de la Glâne,FR,CH
1221,Vuisternens-devant-Romont,Vuisternens-devant-Romont,District de la Glâne,FR,CH
1222,La Magne,Vuisternens-devant-Romont,District de la Glâne,FR,CH
1223,Estévenens,Vuisternens-devant-Romont,District de la Glâne,FR,CH
1224,Sommentier,Vuisternens-devant-Romont,District de la Glâne,FR,CH
1225,Lieffrens,Vuisternens-devant-Romont,District de la Glâne,FR,CH
1226,La Joux FR,Vuisternens-devant-Romont,District de la Glâne,FR,CH
1227,Les Ecasseys,Vuisternens-devant-Romont,District de la Glâne,FR,CH
1228,Villarsiviriaux,Villorsonnens,District de la Glâne,FR,CH
1229,Villargiroud,Villorsonnens,District de la Glâne,FR,CH
1230,Orsonnens,Villorsonnens,District de la Glâne,FR,CH
1231,Chavannes-sous-Orsonnens,Villorsonnens,District de la Glâne,FR,CH
1232,Torny-le-Grand,Torny,District de la Glâne,FR,CH
1233,Middes,Torny,District de la Glâne,FR,CH
1234,Villaz-St-Pierre,Villaz,District de la Glâne,FR,CH
1235,Lussy FR,Villaz,District de la Glâne,FR,CH
1236,Villarimboud,Villaz,District de la Glâne,FR,CH
1237,Albeuve,Haut-Intyamon,District de la Gruyère,FR,CH
1238,Lessoc,Haut-Intyamon,District de la Gruyère,FR,CH
1239,Les Sciernes-d'Albeuve,Haut-Intyamon,District de la Gruyère,FR,CH
1240,Neirivue,Haut-Intyamon,District de la Gruyère,FR,CH
1241,Montbovon,Haut-Intyamon,District de la Gruyère,FR,CH
1242,Gumefens,Pont-en-Ogoz,District de la Gruyère,FR,CH
1243,Avry-devant-Pont,Pont-en-Ogoz,District de la Gruyère,FR,CH
1244,Le Bry,Pont-en-Ogoz,District de la Gruyère,FR,CH
1245,Botterens,Botterens,District de la Gruyère,FR,CH
1246,Villarbeney,Botterens,District de la Gruyère,FR,CH
1247,Broc,Broc,District de la Gruyère,FR,CH
1248,Bulle,Bulle,District de la Gruyère,FR,CH
1249,La Tour-de-Trême,Bulle,District de la Gruyère,FR,CH
1250,Châtel-sur-Montsalvens,Châtel-sur-Montsalvens,District de la Gruyère,FR,CH
1251,Corbières,Corbières,District de la Gruyère,FR,CH
1252,Villarvolard,Corbières,District de la Gruyère,FR,CH
1253,Crésuz,Crésuz,District de la Gruyère,FR,CH
1254,Echarlens,Echarlens,District de la Gruyère,FR,CH
1255,Grandvillard,Grandvillard,District de la Gruyère,FR,CH
1256,Gruyères,Gruyères,District de la Gruyère,FR,CH
1257,Pringy,Gruyères,District de la Gruyère,FR,CH
1258,Epagny,Gruyères,District de la Gruyère,FR,CH
1259,Moléson-sur-Gruyères,Gruyères,District de la Gruyère,FR,CH
1260,Hauteville,Hauteville,District de la Gruyère,FR,CH
1261,Jaun,Jaun,District de la Gruyère,FR,CH
1262,Im Fang,Jaun,District de la Gruyère,FR,CH
1263,Marsens,Marsens,District de la Gruyère,FR,CH
1264,Vuippens,Marsens,District de la Gruyère,FR,CH
1265,Morlon,Morlon,District de la Gruyère,FR,CH
1266,Le Pâquier-Montbarry,Le Pâquier (FR),District de la Gruyère,FR,CH
1267,Pont-la-Ville,Pont-la-Ville,District de la Gruyère,FR,CH
1268,Riaz,Riaz,District de la Gruyère,FR,CH
1269,La Roche FR,La Roche,District de la Gruyère,FR,CH
1270,Sâles (Gruyère),Sâles,District de la Gruyère,FR,CH
1271,Maules,Sâles,District de la Gruyère,FR,CH
1272,Romanens,Sâles,District de la Gruyère,FR,CH
1273,Treyfayes,Sâles,District de la Gruyère,FR,CH
1274,Rueyres-Treyfayes,Sâles,District de la Gruyère,FR,CH
1275,Sorens,Sorens,District de la Gruyère,FR,CH
1276,Vaulruz,Vaulruz,District de la Gruyère,FR,CH
1277,Vuadens,Vuadens,District de la Gruyère,FR,CH
1278,Estavannens,Bas-Intyamon,District de la Gruyère,FR,CH
1279,Villars-sous-Mont,Bas-Intyamon,District de la Gruyère,FR,CH
1280,Enney,Bas-Intyamon,District de la Gruyère,FR,CH
1281,Charmey (Gruyère),Val-de-Charmey,District de la Gruyère,FR,CH
1282,Cerniat FR,Val-de-Charmey,District de la Gruyère,FR,CH
1283,Autigny,Autigny,District de la Sarine,FR,CH
1284,Corjolens,Avry,District de la Sarine,FR,CH
1285,Avry-sur-Matran,Avry,District de la Sarine,FR,CH
1286,Belfaux,Belfaux,District de la Sarine,FR,CH
1287,Autafond,Belfaux,District de la Sarine,FR,CH
1288,Chénens,Chénens,District de la Sarine,FR,CH
1289,Corminboeuf,Corminboeuf,District de la Sarine,FR,CH
1290,Chésopelloz,Corminboeuf,District de la Sarine,FR,CH
1291,Cottens FR,Cottens (FR),District de la Sarine,FR,CH
1292,Ferpicloz,Ferpicloz,District de la Sarine,FR,CH
1293,Fribourg,Fribourg,District de la Sarine,FR,CH
1294,Bourguillon,Fribourg,District de la Sarine,FR,CH
1295,Givisiez,Givisiez,District de la Sarine,FR,CH
1296,Granges-Paccot,Granges-Paccot,District de la Sarine,FR,CH
1297,Grolley,Grolley,District de la Sarine,FR,CH
1298,Marly,Marly,District de la Sarine,FR,CH
1299,Matran,Matran,District de la Sarine,FR,CH
1300,Neyruz FR,Neyruz (FR),District de la Sarine,FR,CH
1301,Pierrafortscha,Pierrafortscha,District de la Sarine,FR,CH
1302,Nierlet-les-Bois,Ponthaux,District de la Sarine,FR,CH
1303,Ponthaux,Ponthaux,District de la Sarine,FR,CH
1304,Le Mouret,Le Mouret,District de la Sarine,FR,CH
1305,Essert FR,Le Mouret,District de la Sarine,FR,CH
1306,Montévraz,Le Mouret,District de la Sarine,FR,CH
1307,Oberried FR,Le Mouret,District de la Sarine,FR,CH
1308,Zénauva,Le Mouret,District de la Sarine,FR,CH
1309,Bonnefontaine,Le Mouret,District de la Sarine,FR,CH
1310,Treyvaux,Treyvaux,District de la Sarine,FR,CH
1311,Villars-sur-Glâne,Villars-sur-Glâne,District de la Sarine,FR,CH
1312,Villarsel-sur-Marly,Villarsel-sur-Marly,District de la Sarine,FR,CH
1313,Posieux,Hauterive (FR),District de la Sarine,FR,CH
1314,Ecuvillens,Hauterive (FR),District de la Sarine,FR,CH
1315,Lentigny,La Brillaz,District de la Sarine,FR,CH
1316,Onnens FR,La Brillaz,District de la Sarine,FR,CH
1317,Lovens,La Brillaz,District de la Sarine,FR,CH
1318,Lossy,La Sonnaz,District de la Sarine,FR,CH
1319,La Corbaz,La Sonnaz,District de la Sarine,FR,CH
1320,Cormagens,La Sonnaz,District de la Sarine,FR,CH
1321,Formangueires,La Sonnaz,District de la Sarine,FR,CH
1322,Villarlod,Gibloux,District de la Sarine,FR,CH
1323,Rueyres-St-Laurent,Gibloux,District de la Sarine,FR,CH
1324,Estavayer-le-Gibloux,Gibloux,District de la Sarine,FR,CH
1325,Villarsel-le-Gibloux,Gibloux,District de la Sarine,FR,CH
1326,Vuisternens-en-Ogoz,Gibloux,District de la Sarine,FR,CH
1327,Farvagny-le-Grand,Gibloux,District de la Sarine,FR,CH
1328,Farvagny-le-Petit,Gibloux,District de la Sarine,FR,CH
1329,Grenilles,Gibloux,District de la Sarine,FR,CH
1330,Posat,Gibloux,District de la Sarine,FR,CH
1331,Corpataux,Gibloux,District de la Sarine,FR,CH
1332,Magnedens,Gibloux,District de la Sarine,FR,CH
1333,Rossens FR,Gibloux,District de la Sarine,FR,CH
1334,Prez-vers-Noréaz,Prez,District de la Sarine,FR,CH
1335,Corserey,Prez,District de la Sarine,FR,CH
1336,Noréaz,Prez,District de la Sarine,FR,CH
1337,Senèdes,Bois-d'Amont,District de la Sarine,FR,CH
1338,Ependes FR,Bois-d'Amont,District de la Sarine,FR,CH
1339,Arconciel,Bois-d'Amont,District de la Sarine,FR,CH
1340,Courgevaux,Courgevaux,Bezirk See / District du Lac,FR,CH
1341,Villarepos,Courtepin,Bezirk See / District du Lac,FR,CH
1342,Pensier,Courtepin,Bezirk See / District du Lac,FR,CH
1343,Barberêche,Courtepin,Bezirk See / District du Lac,FR,CH
1344,Courtepin,Courtepin,Bezirk See / District du Lac,FR,CH
1345,Wallenried,Courtepin,Bezirk See / District du Lac,FR,CH
1346,Courtaman,Courtepin,Bezirk See / District du Lac,FR,CH
1347,Cressier FR,Cressier (FR),Bezirk See / District du Lac,FR,CH
1348,Fräschels,Fräschels,Bezirk See / District du Lac,FR,CH
1349,Galmiz,Murten,Bezirk See / District du Lac,FR,CH
1350,Gempenach,Murten,Bezirk See / District du Lac,FR,CH
1351,Greng,Greng,Bezirk See / District du Lac,FR,CH
1352,Cordast,Gurmels,Bezirk See / District du Lac,FR,CH
1353,Guschelmuth,Gurmels,Bezirk See / District du Lac,FR,CH
1354,Wallenbuch,Gurmels,Bezirk See / District du Lac,FR,CH
1355,Gurmels,Gurmels,Bezirk See / District du Lac,FR,CH
1356,Kleingurmels,Gurmels,Bezirk See / District du Lac,FR,CH
1357,Liebistorf,Gurmels,Bezirk See / District du Lac,FR,CH
1358,Kerzers,Kerzers,Bezirk See / District du Lac,FR,CH
1359,Kleinbösingen,Kleinbösingen,Bezirk See / District du Lac,FR,CH
1360,Meyriez,Meyriez,Bezirk See / District du Lac,FR,CH
1361,Misery,Misery-Courtion,Bezirk See / District du Lac,FR,CH
1362,Cormérod,Misery-Courtion,Bezirk See / District du Lac,FR,CH
1363,Courtion,Misery-Courtion,Bezirk See / District du Lac,FR,CH
1364,Cournillens,Misery-Courtion,Bezirk See / District du Lac,FR,CH
1365,Muntelier,Muntelier,Bezirk See / District du Lac,FR,CH
1366,Jeuss,Murten,Bezirk See / District du Lac,FR,CH
1367,Salvenach,Murten,Bezirk See / District du Lac,FR,CH
1368,Courlevon,Murten,Bezirk See / District du Lac,FR,CH
1369,Büchslen,Murten,Bezirk See / District du Lac,FR,CH
1370,Lurtigen,Murten,Bezirk See / District du Lac,FR,CH
1371,Murten,Murten,Bezirk See / District du Lac,FR,CH
1372,Ried b. Kerzers,Ried bei Kerzers,Bezirk See / District du Lac,FR,CH
1373,Agriswil,Ried bei Kerzers,Bezirk See / District du Lac,FR,CH
1374,Ulmiz,Ulmiz,Bezirk See / District du Lac,FR,CH
1375,Sugiez,Mont-Vully,Bezirk See / District du Lac,FR,CH
1376,Môtier (Vully),Mont-Vully,Bezirk See / District du Lac,FR,CH
1377,Mur (Vully) FR,Mont-Vully,Bezirk See / District du Lac,FR,CH
1378,Praz (Vully),Mont-Vully,Bezirk See / District du Lac,FR,CH
1379,Lugnorre,Mont-Vully,Bezirk See / District du Lac,FR,CH
1380,Brünisried,Brünisried,Bezirk Sense,FR,CH
1381,Düdingen,Düdingen,Bezirk Sense,FR,CH
1382,Giffers,Giffers,Bezirk Sense,FR,CH
1383,Bösingen,Bösingen,Bezirk Sense,FR,CH
1384,Heitenried,Heitenried,Bezirk Sense,FR,CH
1385,Plaffeien,Plaffeien,Bezirk Sense,FR,CH
1386,Oberschrot,Plaffeien,Bezirk Sense,FR,CH
1387,Schwarzsee,Plaffeien,Bezirk Sense,FR,CH
1388,Zumholz,Plaffeien,Bezirk Sense,FR,CH
1389,Plasselb,Plasselb,Bezirk Sense,FR,CH
1390,Rechthalten,Rechthalten,Bezirk Sense,FR,CH
1391,St. Silvester,St. Silvester,Bezirk Sense,FR,CH
1392,St. Ursen,St. Ursen,Bezirk Sense,FR,CH
1393,Schmitten FR,Schmitten (FR),Bezirk Sense,FR,CH
1394,Tafers,Tafers,Bezirk Sense,FR,CH
1395,St. Antoni,Tafers,Bezirk Sense,FR,CH
1396,Alterswil FR,Tafers,Bezirk Sense,FR,CH
1397,Tentlingen,Tentlingen,Bezirk Sense,FR,CH
1398,Ueberstorf,Ueberstorf,Bezirk Sense,FR,CH
1399,Flamatt,Wünnewil-Flamatt,Bezirk Sense,FR,CH
1400,Wünnewil,Wünnewil-Flamatt,Bezirk Sense,FR,CH
1401,Attalens,Attalens,District de la Veveyse,FR,CH
1402,Tatroz,Attalens,District de la Veveyse,FR,CH
1403,Bossonnens,Bossonnens,District de la Veveyse,FR,CH
1404,Châtel-St-Denis,Châtel-Saint-Denis,District de la Veveyse,FR,CH
1405,Les Paccots,Châtel-Saint-Denis,District de la Veveyse,FR,CH
1406,Granges (Veveyse),Granges (Veveyse),District de la Veveyse,FR,CH
1407,Remaufens,Remaufens,District de la Veveyse,FR,CH
1408,St-Martin FR,Saint-Martin (FR),District de la Veveyse,FR,CH
1409,Besencens,Saint-Martin (FR),District de la Veveyse,FR,CH
1410,Fiaugères,Saint-Martin (FR),District de la Veveyse,FR,CH
1411,Semsales,Semsales,District de la Veveyse,FR,CH
1412,Porsel,Le Flon,District de la Veveyse,FR,CH
1413,Pont (Veveyse),Le Flon,District de la Veveyse,FR,CH
1414,Bouloz,Le Flon,District de la Veveyse,FR,CH
1415,Le Crêt-près-Semsales,La Verrerie,District de la Veveyse,FR,CH
1416,La Verrerie,La Verrerie,District de la Veveyse,FR,CH
1417,Grattavache,La Verrerie,District de la Veveyse,FR,CH
1418,Progens,La Verrerie,District de la Veveyse,FR,CH
1419,Egerkingen,Egerkingen,Bezirk Gäu,SO,CH
1420,Härkingen,Härkingen,Bezirk Gäu,SO,CH
1421,Kestenholz,Kestenholz,Bezirk Gäu,SO,CH
1422,Neuendorf,Neuendorf,Bezirk Gäu,SO,CH
1423,Niederbuchsiten,Niederbuchsiten,Bezirk Gäu,SO,CH
1424,Oberbuchsiten,Oberbuchsiten,Bezirk Gäu,SO,CH
1425,Oensingen,Oensingen,Bezirk Gäu,SO,CH
1426,Wolfwil,Wolfwil,Bezirk Gäu,SO,CH
1427,Aedermannsdorf,Aedermannsdorf,Bezirk Thal,SO,CH
1428,Balsthal,Balsthal,Bezirk Thal,SO,CH
1429,Herbetswil,Herbetswil,Bezirk Thal,SO,CH
1430,Holderbank SO,Holderbank (SO),Bezirk Thal,SO,CH
1431,Laupersdorf,Laupersdorf,Bezirk Thal,SO,CH
1432,Matzendorf,Matzendorf,Bezirk Thal,SO,CH
1433,Mümliswil,Mümliswil-Ramiswil,Bezirk Thal,SO,CH
1434,Ramiswil,Mümliswil-Ramiswil,Bezirk Thal,SO,CH
1435,Welschenrohr,Welschenrohr-Gänsbrunnen,Bezirk Thal,SO,CH
1436,Gänsbrunnen,Welschenrohr-Gänsbrunnen,Bezirk Thal,SO,CH
1437,Biezwil,Biezwil,Bezirk Bucheggberg,SO,CH
1438,Lüterkofen,Lüterkofen-Ichertswil,Bezirk Bucheggberg,SO,CH
1439,Ichertswil,Lüterkofen-Ichertswil,Bezirk Bucheggberg,SO,CH
1440,Lüterswil,Lüterswil-Gächliwil,Bezirk Bucheggberg,SO,CH
1441,Gächliwil,Lüterswil-Gächliwil,Bezirk Bucheggberg,SO,CH
1442,Messen,Messen,Bezirk Bucheggberg,SO,CH
1443,Balm b. Messen,Messen,Bezirk Bucheggberg,SO,CH
1444,Brunnenthal,Messen,Bezirk Bucheggberg,SO,CH
1445,Oberramsern,Messen,Bezirk Bucheggberg,SO,CH
1446,Schnottwil,Schnottwil,Bezirk Bucheggberg,SO,CH
1447,Unterramsern,Unterramsern,Bezirk Bucheggberg,SO,CH
1448,Nennigkofen,Lüsslingen-Nennigkofen,Bezirk Bucheggberg,SO,CH
1449,Lüsslingen,Lüsslingen-Nennigkofen,Bezirk Bucheggberg,SO,CH
1450,Tscheppach,Buchegg,Bezirk Bucheggberg,SO,CH
1451,Hessigkofen,Buchegg,Bezirk Bucheggberg,SO,CH
1452,Bibern SO,Buchegg,Bezirk Bucheggberg,SO,CH
1453,Gossliwil,Buchegg,Bezirk Bucheggberg,SO,CH
1454,Küttigkofen,Buchegg,Bezirk Bucheggberg,SO,CH
1455,Brügglen,Buchegg,Bezirk Bucheggberg,SO,CH
1456,Mühledorf SO,Buchegg,Bezirk Bucheggberg,SO,CH
1457,Aetigkofen,Buchegg,Bezirk Bucheggberg,SO,CH
1458,Kyburg-Buchegg,Buchegg,Bezirk Bucheggberg,SO,CH
1459,Aetingen,Buchegg,Bezirk Bucheggberg,SO,CH
1460,Brittern,Buchegg,Bezirk Bucheggberg,SO,CH
1461,Bättwil,Bättwil,Bezirk Dorneck,SO,CH
1462,Büren SO,Büren (SO),Bezirk Dorneck,SO,CH
1463,Dornach,Dornach,Bezirk Dorneck,SO,CH
1464,Gempen,Gempen,Bezirk Dorneck,SO,CH
1465,Hochwald,Hochwald,Bezirk Dorneck,SO,CH
1466,Flüh,Hofstetten-Flüh,Bezirk Dorneck,SO,CH
1467,Hofstetten SO,Hofstetten-Flüh,Bezirk Dorneck,SO,CH
1468,Mariastein,Metzerlen-Mariastein,Bezirk Dorneck,SO,CH
1469,Metzerlen,Metzerlen-Mariastein,Bezirk Dorneck,SO,CH
1470,Nuglar,Nuglar-St. Pantaleon,Bezirk Dorneck,SO,CH
1471,St. Pantaleon,Nuglar-St. Pantaleon,Bezirk Dorneck,SO,CH
1472,Rodersdorf,Rodersdorf,Bezirk Dorneck,SO,CH
1473,Seewen SO,Seewen,Bezirk Dorneck,SO,CH
1474,Witterswil,Witterswil,Bezirk Dorneck,SO,CH
1475,Hauenstein,Hauenstein-Ifenthal,Bezirk Gösgen,SO,CH
1476,Kienberg,Kienberg,Bezirk Gösgen,SO,CH
1477,Lostorf,Lostorf,Bezirk Gösgen,SO,CH
1478,Niedergösgen,Niedergösgen,Bezirk Gösgen,SO,CH
1479,Obergösgen,Obergösgen,Bezirk Gösgen,SO,CH
1480,Stüsslingen,Stüsslingen,Bezirk Gösgen,SO,CH
1481,Rohr b. Olten,Stüsslingen,Bezirk Gösgen,SO,CH
1482,Trimbach,Trimbach,Bezirk Gösgen,SO,CH
1483,Winznau,Winznau,Bezirk Gösgen,SO,CH
1484,Wisen SO,Wisen (SO),Bezirk Gösgen,SO,CH
1485,Erlinsbach SO,Erlinsbach (SO),Bezirk Gösgen,SO,CH
1486,Aeschi SO,Aeschi (SO),Bezirk Wasseramt,SO,CH
1487,Burgäschi,Aeschi (SO),Bezirk Wasseramt,SO,CH
1488,Steinhof SO,Aeschi (SO),Bezirk Wasseramt,SO,CH
1489,Biberist,Biberist,Bezirk Wasseramt,SO,CH
1490,Bolken,Bolken,Bezirk Wasseramt,SO,CH
1491,Deitingen,Deitingen,Bezirk Wasseramt,SO,CH
1492,Derendingen,Derendingen,Bezirk Wasseramt,SO,CH
1493,Etziken,Etziken,Bezirk Wasseramt,SO,CH
1494,Gerlafingen,Gerlafingen,Bezirk Wasseramt,SO,CH
1495,Halten,Halten,Bezirk Wasseramt,SO,CH
1496,Horriwil,Horriwil,Bezirk Wasseramt,SO,CH
1497,Hüniken,Hüniken,Bezirk Wasseramt,SO,CH
1498,Kriegstetten,Kriegstetten,Bezirk Wasseramt,SO,CH
1499,Lohn-Ammannsegg,Lohn-Ammannsegg,Bezirk Wasseramt,SO,CH
1500,Luterbach,Luterbach,Bezirk Wasseramt,SO,CH
1501,Obergerlafingen,Obergerlafingen,Bezirk Wasseramt,SO,CH
1502,Oekingen,Oekingen,Bezirk Wasseramt,SO,CH
1503,Recherswil,Recherswil,Bezirk Wasseramt,SO,CH
1504,Subingen,Subingen,Bezirk Wasseramt,SO,CH
1505,Zuchwil,Zuchwil,Bezirk Wasseramt,SO,CH
1506,Hersiwil,Drei Höfe,Bezirk Wasseramt,SO,CH
1507,Heinrichswil,Drei Höfe,Bezirk Wasseramt,SO,CH
1508,Winistorf,Drei Höfe,Bezirk Wasseramt,SO,CH
1509,Balmberg,Balm bei Günsberg,Bezirk Lebern,SO,CH
1510,Oberbalmberg,Balm bei Günsberg,Bezirk Lebern,SO,CH
1511,Balm b. Günsberg,Balm bei Günsberg,Bezirk Lebern,SO,CH
1512,Bellach,Bellach,Bezirk Lebern,SO,CH
1513,Bettlach,Bettlach,Bezirk Lebern,SO,CH
1514,Feldbrunnen,Feldbrunnen-St. Niklaus,Bezirk Lebern,SO,CH
1515,Flumenthal,Flumenthal,Bezirk Lebern,SO,CH
1516,Grenchen,Grenchen,Bezirk Lebern,SO,CH
1517,Günsberg,Günsberg,Bezirk Lebern,SO,CH
1518,Hubersdorf,Hubersdorf,Bezirk Lebern,SO,CH
1519,Kammersrohr,Kammersrohr,Bezirk Lebern,SO,CH
1520,Langendorf,Langendorf,Bezirk Lebern,SO,CH
1521,Lommiswil,Lommiswil,Bezirk Lebern,SO,CH
1522,Oberdorf SO,Oberdorf (SO),Bezirk Lebern,SO,CH
1523,Weissenstein b. Solothurn,Oberdorf (SO),Bezirk Lebern,SO,CH
1524,Niederwil SO,Riedholz,Bezirk Lebern,SO,CH
1525,Riedholz,Riedholz,Bezirk Lebern,SO,CH
1526,Rüttenen,Rüttenen,Bezirk Lebern,SO,CH
1527,Selzach,Selzach,Bezirk Lebern,SO,CH
1528,Boningen,Boningen,Bezirk Olten,SO,CH
1529,Däniken SO,Däniken,Bezirk Olten,SO,CH
1530,Dulliken,Dulliken,Bezirk Olten,SO,CH
1531,Wöschnau,Eppenberg-Wöschnau,Bezirk Olten,SO,CH
1532,Eppenberg,Eppenberg-Wöschnau,Bezirk Olten,SO,CH
1533,Fulenbach,Fulenbach,Bezirk Olten,SO,CH
1534,Gretzenbach,Gretzenbach,Bezirk Olten,SO,CH
1535,Gunzgen,Gunzgen,Bezirk Olten,SO,CH
1536,Hägendorf,Hägendorf,Bezirk Olten,SO,CH
1537,Allerheiligenberg,Hägendorf,Bezirk Olten,SO,CH
1538,Kappel SO,Kappel (SO),Bezirk Olten,SO,CH
1539,Olten,Olten,Bezirk Olten,SO,CH
1540,Rickenbach SO,Rickenbach (SO),Bezirk Olten,SO,CH
1541,Schönenwerd,Schönenwerd,Bezirk Olten,SO,CH
1542,Starrkirch-Wil,Starrkirch-Wil,Bezirk Olten,SO,CH
1543,Walterswil SO,Walterswil (SO),Bezirk Olten,SO,CH
1544,Wangen b. Olten,Wangen bei Olten,Bezirk Olten,SO,CH
1545,Solothurn,Solothurn,Bezirk Solothurn,SO,CH
1546,Bärschwil,Bärschwil,Bezirk Thierstein,SO,CH
1547,Beinwil SO,Beinwil (SO),Bezirk Thierstein,SO,CH
1548,Breitenbach,Breitenbach,Bezirk Thierstein,SO,CH
1549,Büsserach,Büsserach,Bezirk Thierstein,SO,CH
1550,Erschwil,Erschwil,Bezirk Thierstein,SO,CH
1551,Fehren,Fehren,Bezirk Thierstein,SO,CH
1552,Grindel,Grindel,Bezirk Thierstein,SO,CH
1553,Himmelried,Himmelried,Bezirk Thierstein,SO,CH
1554,Kleinlützel,Kleinlützel,Bezirk Thierstein,SO,CH
1555,Meltingen,Meltingen,Bezirk Thierstein,SO,CH
1556,Nunningen,Nunningen,Bezirk Thierstein,SO,CH
1557,Zullwil,Zullwil,Bezirk Thierstein,SO,CH
1558,Basel,Basel,Kanton Basel-Stadt,BS,CH
1559,Bettingen,Bettingen,Kanton Basel-Stadt,BS,CH
1560,Riehen,Riehen,Kanton Basel-Stadt,BS,CH
1561,Aesch BL,Aesch (BL),Bezirk Arlesheim,BL,CH
1562,Allschwil,Allschwil,Bezirk Arlesheim,BL,CH
1563,Arlesheim,Arlesheim,Bezirk Arlesheim,BL,CH
1564,Biel-Benken BL,Biel-Benken,Bezirk Arlesheim,BL,CH
1565,Bruderholz,Binningen,Bezirk Arlesheim,BL,CH
1566,Binningen,Binningen,Bezirk Arlesheim,BL,CH
1567,Birsfelden,Birsfelden,Bezirk Arlesheim,BL,CH
1568,Bottmingen,Bottmingen,Bezirk Arlesheim,BL,CH
1569,Ettingen,Ettingen,Bezirk Arlesheim,BL,CH
1570,Münchenstein,Münchenstein,Bezirk Arlesheim,BL,CH
1571,Muttenz,Muttenz,Bezirk Arlesheim,BL,CH
1572,Oberwil BL,Oberwil (BL),Bezirk Arlesheim,BL,CH
1573,Pfeffingen,Pfeffingen,Bezirk Arlesheim,BL,CH
1574,Reinach BL,Reinach (BL),Bezirk Arlesheim,BL,CH
1575,Schönenbuch,Schönenbuch,Bezirk Arlesheim,BL,CH
1576,Therwil,Therwil,Bezirk Arlesheim,BL,CH
1577,Blauen,Blauen,Bezirk Laufen,BL,CH
1578,Brislach,Brislach,Bezirk Laufen,BL,CH
1579,Burg im Leimental,Burg im Leimental,Bezirk Laufen,BL,CH
1580,Dittingen,Dittingen,Bezirk Laufen,BL,CH
1581,Duggingen,Duggingen,Bezirk Laufen,BL,CH
1582,Grellingen,Grellingen,Bezirk Laufen,BL,CH
1583,Laufen,Laufen,Bezirk Laufen,BL,CH
1584,Liesberg,Liesberg,Bezirk Laufen,BL,CH
1585,Liesberg Dorf,Liesberg,Bezirk Laufen,BL,CH
1586,Nenzlingen,Nenzlingen,Bezirk Laufen,BL,CH
1587,Roggenburg,Roggenburg,Bezirk Laufen,BL,CH
1588,Röschenz,Röschenz,Bezirk Laufen,BL,CH
1589,Wahlen b. Laufen,Wahlen,Bezirk Laufen,BL,CH
1590,Zwingen,Zwingen,Bezirk Laufen,BL,CH
1591,Arisdorf,Arisdorf,Bezirk Liestal,BL,CH
1592,Augst BL,Augst,Bezirk Liestal,BL,CH
1593,Bubendorf,Bubendorf,Bezirk Liestal,BL,CH
1594,Frenkendorf,Frenkendorf,Bezirk Liestal,BL,CH
1595,Füllinsdorf,Füllinsdorf,Bezirk Liestal,BL,CH
1596,Giebenach,Giebenach,Bezirk Liestal,BL,CH
1597,Hersberg,Hersberg,Bezirk Liestal,BL,CH
1598,Lausen,Lausen,Bezirk Liestal,BL,CH
1599,Liestal,Liestal,Bezirk Liestal,BL,CH
1600,Lupsingen,Lupsingen,Bezirk Liestal,BL,CH
1601,Pratteln,Pratteln,Bezirk Liestal,BL,CH
1602,Ramlinsburg,Ramlinsburg,Bezirk Liestal,BL,CH
1603,Seltisberg,Seltisberg,Bezirk Liestal,BL,CH
1604,Ziefen,Ziefen,Bezirk Liestal,BL,CH
1605,Anwil,Anwil,Bezirk Sissach,BL,CH
1606,Böckten,Böckten,Bezirk Sissach,BL,CH
1607,Buckten,Buckten,Bezirk Sissach,BL,CH
1608,Buus,Buus,Bezirk Sissach,BL,CH
1609,Diepflingen,Diepflingen,Bezirk Sissach,BL,CH
1610,Gelterkinden,Gelterkinden,Bezirk Sissach,BL,CH
1611,Häfelfingen,Häfelfingen,Bezirk Sissach,BL,CH
1612,Hemmiken,Hemmiken,Bezirk Sissach,BL,CH
1613,Itingen,Itingen,Bezirk Sissach,BL,CH
1614,Känerkinden,Känerkinden,Bezirk Sissach,BL,CH
1615,Kilchberg BL,Kilchberg (BL),Bezirk Sissach,BL,CH
1616,Läufelfingen,Läufelfingen,Bezirk Sissach,BL,CH
1617,Maisprach,Maisprach,Bezirk Sissach,BL,CH
1618,Nusshof,Nusshof,Bezirk Sissach,BL,CH
1619,Oltingen,Oltingen,Bezirk Sissach,BL,CH
1620,Ormalingen,Ormalingen,Bezirk Sissach,BL,CH
1621,Rickenbach BL,Rickenbach (BL),Bezirk Sissach,BL,CH
1622,Rothenfluh,Rothenfluh,Bezirk Sissach,BL,CH
1623,Rümlingen,Rümlingen,Bezirk Sissach,BL,CH
1624,Rünenberg,Rünenberg,Bezirk Sissach,BL,CH
1625,Sissach,Sissach,Bezirk Sissach,BL,CH
1626,Tecknau,Tecknau,Bezirk Sissach,BL,CH
1627,Tenniken,Tenniken,Bezirk Sissach,BL,CH
1628,Thürnen,Thürnen,Bezirk Sissach,BL,CH
1629,Wenslingen,Wenslingen,Bezirk Sissach,BL,CH
1630,Wintersingen,Wintersingen,Bezirk Sissach,BL,CH
1631,Wittinsburg,Wittinsburg,Bezirk Sissach,BL,CH
1632,Zeglingen,Zeglingen,Bezirk Sissach,BL,CH
1633,Zunzgen,Zunzgen,Bezirk Sissach,BL,CH
1634,Arboldswil,Arboldswil,Bezirk Waldenburg,BL,CH
1635,Bennwil,Bennwil,Bezirk Waldenburg,BL,CH
1636,Bretzwil,Bretzwil,Bezirk Waldenburg,BL,CH
1637,Diegten,Diegten,Bezirk Waldenburg,BL,CH
1638,Eptingen,Eptingen,Bezirk Waldenburg,BL,CH
1639,Hölstein,Hölstein,Bezirk Waldenburg,BL,CH
1640,Lampenberg,Lampenberg,Bezirk Waldenburg,BL,CH
1641,Langenbruck,Langenbruck,Bezirk Waldenburg,BL,CH
1642,Lauwil,Lauwil,Bezirk Waldenburg,BL,CH
1643,Liedertswil,Liedertswil,Bezirk Waldenburg,BL,CH
1644,Niederdorf,Niederdorf,Bezirk Waldenburg,BL,CH
1645,Oberdorf BL,Oberdorf (BL),Bezirk Waldenburg,BL,CH
1646,Reigoldswil,Reigoldswil,Bezirk Waldenburg,BL,CH
1647,Titterten,Titterten,Bezirk Waldenburg,BL,CH
1648,Waldenburg,Waldenburg,Bezirk Waldenburg,BL,CH
1649,Gächlingen,Gächlingen,Bezirk Oberklettgau,SH,CH
1650,Löhningen,Löhningen,Bezirk Oberklettgau,SH,CH
1651,Neunkirch,Neunkirch,Bezirk Oberklettgau,SH,CH
1652,Büttenhardt,Büttenhardt,Bezirk Reiat,SH,CH
1653,Dörflingen,Dörflingen,Bezirk Reiat,SH,CH
1654,Lohn SH,Lohn (SH),Bezirk Reiat,SH,CH
1655,Stetten SH,Stetten (SH),Bezirk Reiat,SH,CH
1656,Opfertshofen SH,Thayngen,Bezirk Reiat,SH,CH
1657,Thayngen,Thayngen,Bezirk Reiat,SH,CH
1658,Barzheim,Thayngen,Bezirk Reiat,SH,CH
1659,Bibern SH,Thayngen,Bezirk Reiat,SH,CH
1660,Hofen SH,Thayngen,Bezirk Reiat,SH,CH
1661,Altdorf SH,Thayngen,Bezirk Reiat,SH,CH
1662,Bargen SH,Bargen (SH),Bezirk Schaffhausen,SH,CH
1663,Beringen,Beringen,Bezirk Schaffhausen,SH,CH
1664,Guntmadingen,Beringen,Bezirk Schaffhausen,SH,CH
1665,Buchberg,Buchberg,Bezirk Schaffhausen,SH,CH
1666,Merishausen,Merishausen,Bezirk Schaffhausen,SH,CH
1667,Neuhausen am Rheinfall,Neuhausen am Rheinfall,Bezirk Schaffhausen,SH,CH
1668,Rüdlingen,Rüdlingen,Bezirk Schaffhausen,SH,CH
1669,Schaffhausen,Schaffhausen,Bezirk Schaffhausen,SH,CH
1670,Hemmental,Schaffhausen,Bezirk Schaffhausen,SH,CH
1671,Beggingen,Beggingen,Bezirk Schleitheim,SH,CH
1672,Schleitheim,Schleitheim,Bezirk Schleitheim,SH,CH
1673,Siblingen,Siblingen,Bezirk Schleitheim,SH,CH
1674,Buch SH,Buch (SH),Bezirk Stein,SH,CH
1675,Hemishofen,Hemishofen,Bezirk Stein,SH,CH
1676,Ramsen,Ramsen,Bezirk Stein,SH,CH
1677,Stein am Rhein,Stein am Rhein,Bezirk Stein,SH,CH
1678,Hallau,Hallau,Bezirk Unterklettgau,SH,CH
1679,Oberhallau,Oberhallau,Bezirk Unterklettgau,SH,CH
1680,Trasadingen,Trasadingen,Bezirk Unterklettgau,SH,CH
1681,Wilchingen,Wilchingen,Bezirk Unterklettgau,SH,CH
1682,Osterfingen,Wilchingen,Bezirk Unterklettgau,SH,CH
1683,Herisau,Herisau,Bezirk Hinterland,AR,CH
1684,Schachen b. Herisau,Herisau,Bezirk Hinterland,AR,CH
1685,Hundwil,Hundwil,Bezirk Hinterland,AR,CH
1686,Schönengrund,Schönengrund,Bezirk Hinterland,AR,CH
1687,Schwellbrunn,Schwellbrunn,Bezirk Hinterland,AR,CH
1688,Stein AR,Stein (AR),Bezirk Hinterland,AR,CH
1689,Urnäsch,Urnäsch,Bezirk Hinterland,AR,CH
1690,Waldstatt,Waldstatt,Bezirk Hinterland,AR,CH
1691,Bühler,Bühler,Bezirk Mittelland,AR,CH
1692,Gais,Gais,Bezirk Mittelland,AR,CH
1693,Speicherschwendi,Speicher,Bezirk Mittelland,AR,CH
1694,Speicher,Speicher,Bezirk Mittelland,AR,CH
1695,Niederteufen,Teufen (AR),Bezirk Mittelland,AR,CH
1696,Teufen AR,Teufen (AR),Bezirk Mittelland,AR,CH
1697,Lustmühle,Teufen (AR),Bezirk Mittelland,AR,CH
1698,Trogen,Trogen,Bezirk Mittelland,AR,CH
1699,Grub AR,Grub (AR),Bezirk Vorderland,AR,CH
1700,Heiden,Heiden,Bezirk Vorderland,AR,CH
1701,Wienacht-Tobel,Lutzenberg,Bezirk Vorderland,AR,CH
1702,Lutzenberg,Lutzenberg,Bezirk Vorderland,AR,CH
1703,Rehetobel,Rehetobel,Bezirk Vorderland,AR,CH
1704,Reute AR,Reute (AR),Bezirk Vorderland,AR,CH
1705,Schachen b. Reute,Reute (AR),Bezirk Vorderland,AR,CH
1706,Wald AR,Wald (AR),Bezirk Vorderland,AR,CH
1707,Walzenhausen,Walzenhausen,Bezirk Vorderland,AR,CH
1708,Wolfhalden,Wolfhalden,Bezirk Vorderland,AR,CH
1709,Appenzell,Appenzell,Kanton Appenzell Innerrhoden,AI,CH
1710,Appenzell Meistersrüte,Appenzell,Kanton Appenzell Innerrhoden,AI,CH
1711,Gonten,Gonten,Kanton Appenzell Innerrhoden,AI,CH
1712,Gontenbad,Gonten,Kanton Appenzell Innerrhoden,AI,CH
1713,Jakobsbad,Gonten,Kanton Appenzell Innerrhoden,AI,CH
1714,Appenzell Eggerstanden,Rüte,Kanton Appenzell Innerrhoden,AI,CH
1715,Appenzell Steinegg,Rüte,Kanton Appenzell Innerrhoden,AI,CH
1716,Weissbad,Rüte,Kanton Appenzell Innerrhoden,AI,CH
1717,Brülisau,Rüte,Kanton Appenzell Innerrhoden,AI,CH
1718,Appenzell Enggenhütten,Schlatt-Haslen,Kanton Appenzell Innerrhoden,AI,CH
1719,Appenzell Schlatt,Schlatt-Haslen,Kanton Appenzell Innerrhoden,AI,CH
1720,Haslen AI,Schlatt-Haslen,Kanton Appenzell Innerrhoden,AI,CH
1721,Schwende,Schwende,Kanton Appenzell Innerrhoden,AI,CH
1722,Wasserauen,Schwende,Kanton Appenzell Innerrhoden,AI,CH
1723,Oberegg,Oberegg,Kanton Appenzell Innerrhoden,AI,CH
1724,Büriswilen,Oberegg,Kanton Appenzell Innerrhoden,AI,CH
1725,Lömmenschwil,Häggenschwil,Wahlkreis St. Gallen,SG,CH
1726,Häggenschwil,Häggenschwil,Wahlkreis St. Gallen,SG,CH
1727,Muolen,Muolen,Wahlkreis St. Gallen,SG,CH
1728,St. Gallen,St. Gallen,Wahlkreis St. Gallen,SG,CH
1729,Wittenbach,Wittenbach,Wahlkreis St. Gallen,SG,CH
1730,Berg SG,Berg (SG),Wahlkreis Rorschach,SG,CH
1731,Eggersriet,Eggersriet,Wahlkreis St. Gallen,SG,CH
1732,Grub SG,Eggersriet,Wahlkreis St. Gallen,SG,CH
1733,Goldach,Goldach,Wahlkreis Rorschach,SG,CH
1734,Mörschwil,Mörschwil,Wahlkreis Rorschach,SG,CH
1735,Rorschach,Rorschach,Wahlkreis Rorschach,SG,CH
1736,Rorschacherberg,Rorschacherberg,Wahlkreis Rorschach,SG,CH
1737,Steinach,Steinach,Wahlkreis Rorschach,SG,CH
1738,Tübach,Tübach,Wahlkreis Rorschach,SG,CH
1739,Untereggen,Untereggen,Wahlkreis Rorschach,SG,CH
1740,Au SG,Au (SG),Wahlkreis Rheintal,SG,CH
1741,Heerbrugg,Au (SG),Wahlkreis Rheintal,SG,CH
1742,Balgach,Balgach,Wahlkreis Rheintal,SG,CH
1743,Berneck,Berneck,Wahlkreis Rheintal,SG,CH
1744,Diepoldsau,Diepoldsau,Wahlkreis Rheintal,SG,CH
1745,Rheineck,Rheineck,Wahlkreis Rheintal,SG,CH
1746,St. Margrethen SG,St. Margrethen,Wahlkreis Rheintal,SG,CH
1747,Staad SG,Thal,Wahlkreis Rorschach,SG,CH
1748,Altenrhein,Thal,Wahlkreis Rorschach,SG,CH
1749,Thal,Thal,Wahlkreis Rorschach,SG,CH
1750,Widnau,Widnau,Wahlkreis Rheintal,SG,CH
1751,Altstätten SG,Altstätten,Wahlkreis Rheintal,SG,CH
1752,Lüchingen,Altstätten,Wahlkreis Rheintal,SG,CH
1753,Hinterforst,Altstätten,Wahlkreis Rheintal,SG,CH
1754,Lienz,Altstätten,Wahlkreis Rheintal,SG,CH
1755,Eichberg,Eichberg,Wahlkreis Rheintal,SG,CH
1756,Marbach SG,Marbach (SG),Wahlkreis Rheintal,SG,CH
1757,Kriessern,Oberriet (SG),Wahlkreis Rheintal,SG,CH
1758,Montlingen,Oberriet (SG),Wahlkreis Rheintal,SG,CH
1759,Oberriet SG,Oberriet (SG),Wahlkreis Rheintal,SG,CH
1760,Rebstein,Rebstein,Wahlkreis Rheintal,SG,CH
1761,Rüthi (Rheintal),Rüthi (SG),Wahlkreis Rheintal,SG,CH
1762,Buchs SG,Buchs (SG),Wahlkreis Werdenberg,SG,CH
1763,Gams,Gams,Wahlkreis Werdenberg,SG,CH
1764,Werdenberg,Grabs,Wahlkreis Werdenberg,SG,CH
1765,Grabs,Grabs,Wahlkreis Werdenberg,SG,CH
1766,Grabserberg,Grabs,Wahlkreis Werdenberg,SG,CH
1767,Salez,Sennwald,Wahlkreis Werdenberg,SG,CH
1768,Sennwald,Sennwald,Wahlkreis Werdenberg,SG,CH
1769,Frümsen,Sennwald,Wahlkreis Werdenberg,SG,CH
1770,Sax,Sennwald,Wahlkreis Werdenberg,SG,CH
1771,Haag (Rheintal),Sennwald,Wahlkreis Werdenberg,SG,CH
1772,Sevelen,Sevelen,Wahlkreis Werdenberg,SG,CH
1773,Weite,Wartau,Wahlkreis Werdenberg,SG,CH
1774,Fontnas,Wartau,Wahlkreis Werdenberg,SG,CH
1775,Trübbach,Wartau,Wahlkreis Werdenberg,SG,CH
1776,Azmoos,Wartau,Wahlkreis Werdenberg,SG,CH
1777,Oberschan,Wartau,Wahlkreis Werdenberg,SG,CH
1778,Malans SG,Wartau,Wahlkreis Werdenberg,SG,CH
1779,Gretschins,Wartau,Wahlkreis Werdenberg,SG,CH
1780,Bad Ragaz,Bad Ragaz,Wahlkreis Sarganserland,SG,CH
1781,Flums,Flums,Wahlkreis Sarganserland,SG,CH
1782,Flums Hochwiese,Flums,Wahlkreis Sarganserland,SG,CH
1783,Flumserberg Saxli,Flums,Wahlkreis Sarganserland,SG,CH
1784,Flumserberg Portels,Flums,Wahlkreis Sarganserland,SG,CH
1785,Flumserberg Bergheim,Flums,Wahlkreis Sarganserland,SG,CH
1786,Flumserberg Tannenheim,Flums,Wahlkreis Sarganserland,SG,CH
1787,Flumserberg Tannenbodenalp,Flums,Wahlkreis Sarganserland,SG,CH
1788,Schwendi im Weisstannental,Mels,Wahlkreis Sarganserland,SG,CH
1789,Weisstannen,Mels,Wahlkreis Sarganserland,SG,CH
1790,Mädris-Vermol,Mels,Wahlkreis Sarganserland,SG,CH
1791,Mels,Mels,Wahlkreis Sarganserland,SG,CH
1792,Heiligkreuz (Mels),Mels,Wahlkreis Sarganserland,SG,CH
1793,Plons,Mels,Wahlkreis Sarganserland,SG,CH
1794,Pfäfers,Pfäfers,Wahlkreis Sarganserland,SG,CH
1795,St. Margrethenberg,Pfäfers,Wahlkreis Sarganserland,SG,CH
1796,Vadura,Pfäfers,Wahlkreis Sarganserland,SG,CH
1797,Vättis,Pfäfers,Wahlkreis Sarganserland,SG,CH
1798,Valens,Pfäfers,Wahlkreis Sarganserland,SG,CH
1799,Vasön,Pfäfers,Wahlkreis Sarganserland,SG,CH
1800,Murg,Quarten,Wahlkreis Sarganserland,SG,CH
1801,Quinten,Quarten,Wahlkreis Sarganserland,SG,CH
1802,Unterterzen,Quarten,Wahlkreis Sarganserland,SG,CH
1803,Quarten,Quarten,Wahlkreis Sarganserland,SG,CH
1804,Oberterzen,Quarten,Wahlkreis Sarganserland,SG,CH
1805,Mols,Quarten,Wahlkreis Sarganserland,SG,CH
1806,Sargans,Sargans,Wahlkreis Sarganserland,SG,CH
1807,Wangs,Vilters-Wangs,Wahlkreis Sarganserland,SG,CH
1808,Vilters,Vilters-Wangs,Wahlkreis Sarganserland,SG,CH
1809,Walenstadt,Walenstadt,Wahlkreis Sarganserland,SG,CH
1810,Walenstadtberg,Walenstadt,Wahlkreis Sarganserland,SG,CH
1811,Tscherlach,Walenstadt,Wahlkreis Sarganserland,SG,CH
1812,Berschis,Walenstadt,Wahlkreis Sarganserland,SG,CH
1813,Amden,Amden,Wahlkreis See-Gaster,SG,CH
1814,Benken SG,Benken (SG),Wahlkreis See-Gaster,SG,CH
1815,Kaltbrunn,Kaltbrunn,Wahlkreis See-Gaster,SG,CH
1816,Schänis,Schänis,Wahlkreis See-Gaster,SG,CH
1817,Rufi,Schänis,Wahlkreis See-Gaster,SG,CH
1818,Maseltrangen,Schänis,Wahlkreis See-Gaster,SG,CH
1819,Ziegelbrücke,Schänis,Wahlkreis See-Gaster,SG,CH
1820,Weesen,Weesen,Wahlkreis See-Gaster,SG,CH
1821,Schmerikon,Schmerikon,Wahlkreis See-Gaster,SG,CH
1822,Uznach,Uznach,Wahlkreis See-Gaster,SG,CH
1823,Rapperswil SG,Rapperswil-Jona,Wahlkreis See-Gaster,SG,CH
1824,Jona,Rapperswil-Jona,Wahlkreis See-Gaster,SG,CH
1825,Wagen,Rapperswil-Jona,Wahlkreis See-Gaster,SG,CH
1826,Bollingen,Rapperswil-Jona,Wahlkreis See-Gaster,SG,CH
1827,Ernetschwil,Gommiswald,Wahlkreis See-Gaster,SG,CH
1828,Gebertingen,Gommiswald,Wahlkreis See-Gaster,SG,CH
1829,Gommiswald,Gommiswald,Wahlkreis See-Gaster,SG,CH
1830,Uetliburg SG,Gommiswald,Wahlkreis See-Gaster,SG,CH
1831,Rieden SG,Gommiswald,Wahlkreis See-Gaster,SG,CH
1832,Goldingen,Eschenbach (SG),Wahlkreis See-Gaster,SG,CH
1833,Walde SG,Eschenbach (SG),Wahlkreis See-Gaster,SG,CH
1834,Neuhaus SG,Eschenbach (SG),Wahlkreis See-Gaster,SG,CH
1835,Eschenbach SG,Eschenbach (SG),Wahlkreis See-Gaster,SG,CH
1836,Ermenswil,Eschenbach (SG),Wahlkreis See-Gaster,SG,CH
1837,St. Gallenkappel,Eschenbach (SG),Wahlkreis See-Gaster,SG,CH
1838,Rüeterswil,Eschenbach (SG),Wahlkreis See-Gaster,SG,CH
1839,Ebnat-Kappel,Ebnat-Kappel,Wahlkreis Toggenburg,SG,CH
1840,Alt St. Johann,Wildhaus-Alt St. Johann,Wahlkreis Toggenburg,SG,CH
1841,Unterwasser,Wildhaus-Alt St. Johann,Wahlkreis Toggenburg,SG,CH
1842,Wildhaus,Wildhaus-Alt St. Johann,Wahlkreis Toggenburg,SG,CH
1843,Krummenau,Nesslau,Wahlkreis Toggenburg,SG,CH
1844,Nesslau,Nesslau,Wahlkreis Toggenburg,SG,CH
1845,Ennetbühl,Nesslau,Wahlkreis Toggenburg,SG,CH
1846,Neu St. Johann,Nesslau,Wahlkreis Toggenburg,SG,CH
1847,Stein SG,Nesslau,Wahlkreis Toggenburg,SG,CH
1848,Hemberg,Hemberg,Wahlkreis Toggenburg,SG,CH
1849,Bächli (Hemberg),Hemberg,Wahlkreis Toggenburg,SG,CH
1850,Lichtensteig,Lichtensteig,Wahlkreis Toggenburg,SG,CH
1851,Oberhelfenschwil,Oberhelfenschwil,Wahlkreis Toggenburg,SG,CH
1852,Hoffeld,Neckertal,Wahlkreis Toggenburg,SG,CH
1853,Dicken,Neckertal,Wahlkreis Toggenburg,SG,CH
1854,Mogelsberg,Neckertal,Wahlkreis Toggenburg,SG,CH
1855,Ebersol,Neckertal,Wahlkreis Toggenburg,SG,CH
1856,Nassen,Neckertal,Wahlkreis Toggenburg,SG,CH
1857,Brunnadern,Neckertal,Wahlkreis Toggenburg,SG,CH
1858,Necker,Neckertal,Wahlkreis Toggenburg,SG,CH
1859,St. Peterzell,Neckertal,Wahlkreis Toggenburg,SG,CH
1860,Ricken SG,Wattwil,Wahlkreis Toggenburg,SG,CH
1861,Krinau,Wattwil,Wahlkreis Toggenburg,SG,CH
1862,Wattwil,Wattwil,Wahlkreis Toggenburg,SG,CH
1863,Ulisbach,Wattwil,Wahlkreis Toggenburg,SG,CH
1864,Kirchberg SG,Kirchberg (SG),Wahlkreis Toggenburg,SG,CH
1865,Dietschwil,Kirchberg (SG),Wahlkreis Toggenburg,SG,CH
1866,Gähwil,Kirchberg (SG),Wahlkreis Toggenburg,SG,CH
1867,Bazenheid,Kirchberg (SG),Wahlkreis Toggenburg,SG,CH
1868,Müselbach,Kirchberg (SG),Wahlkreis Toggenburg,SG,CH
1869,Lütisburg Station,Lütisburg,Wahlkreis Toggenburg,SG,CH
1870,Lütisburg,Lütisburg,Wahlkreis Toggenburg,SG,CH
1871,Unterrindal,Lütisburg,Wahlkreis Toggenburg,SG,CH
1872,Mosnang,Mosnang,Wahlkreis Toggenburg,SG,CH
1873,Dreien,Mosnang,Wahlkreis Toggenburg,SG,CH
1874,Mühlrüti,Mosnang,Wahlkreis Toggenburg,SG,CH
1875,Libingen,Mosnang,Wahlkreis Toggenburg,SG,CH
1876,Bütschwil,Bütschwil-Ganterschwil,Wahlkreis Toggenburg,SG,CH
1877,Ganterschwil,Bütschwil-Ganterschwil,Wahlkreis Toggenburg,SG,CH
1878,Dietfurt,Bütschwil-Ganterschwil,Wahlkreis Toggenburg,SG,CH
1879,Degersheim,Degersheim,Wahlkreis Wil,SG,CH
1880,Wolfertswil,Degersheim,Wahlkreis Wil,SG,CH
1881,Flawil,Flawil,Wahlkreis Wil,SG,CH
1882,Egg (Flawil),Flawil,Wahlkreis Wil,SG,CH
1883,Jonschwil,Jonschwil,Wahlkreis Wil,SG,CH
1884,Schwarzenbach SG,Jonschwil,Wahlkreis Wil,SG,CH
1885,Oberrindal,Jonschwil,Wahlkreis Wil,SG,CH
1886,Niederglatt SG,Oberuzwil,Wahlkreis Wil,SG,CH
1887,Oberuzwil,Oberuzwil,Wahlkreis Wil,SG,CH
1888,Bichwil,Oberuzwil,Wahlkreis Wil,SG,CH
1889,Uzwil,Uzwil,Wahlkreis Wil,SG,CH
1890,Niederuzwil,Uzwil,Wahlkreis Wil,SG,CH
1891,Henau,Uzwil,Wahlkreis Wil,SG,CH
1892,Algetshausen,Uzwil,Wahlkreis Wil,SG,CH
1893,Niederstetten,Uzwil,Wahlkreis Wil,SG,CH
1894,Oberstetten,Uzwil,Wahlkreis Wil,SG,CH
1895,Niederbüren,Niederbüren,Wahlkreis Wil,SG,CH
1896,Lenggenwil,Niederhelfenschwil,Wahlkreis Wil,SG,CH
1897,Zuckenriet,Niederhelfenschwil,Wahlkreis Wil,SG,CH
1898,Niederhelfenschwil,Niederhelfenschwil,Wahlkreis Wil,SG,CH
1899,Niederwil SG,Oberbüren,Wahlkreis Wil,SG,CH
1900,Oberbüren,Oberbüren,Wahlkreis Wil,SG,CH
1901,Sonnental,Oberbüren,Wahlkreis Wil,SG,CH
1902,Züberwangen,Zuzwil (SG),Wahlkreis Wil,SG,CH
1903,Zuzwil SG,Zuzwil (SG),Wahlkreis Wil,SG,CH
1904,Wil SG,Wil (SG),Wahlkreis Wil,SG,CH
1905,Rossrüti,Wil (SG),Wahlkreis Wil,SG,CH
1906,Bronschhofen,Wil (SG),Wahlkreis Wil,SG,CH
1907,Andwil SG,Andwil (SG),Wahlkreis St. Gallen,SG,CH
1908,Abtwil SG,Gaiserwald,Wahlkreis St. Gallen,SG,CH
1909,St. Josefen,Gaiserwald,Wahlkreis St. Gallen,SG,CH
1910,Engelburg,Gaiserwald,Wahlkreis St. Gallen,SG,CH
1911,Gossau SG,Gossau (SG),Wahlkreis St. Gallen,SG,CH
1912,Arnegg,Gossau (SG),Wahlkreis St. Gallen,SG,CH
1913,Waldkirch,Waldkirch,Wahlkreis St. Gallen,SG,CH
1914,Bernhardzell,Waldkirch,Wahlkreis St. Gallen,SG,CH
1915,Valbella,Vaz/Obervaz,Region Albula,GR,CH
1916,Lenzerheide/Lai,Vaz/Obervaz,Region Albula,GR,CH
1917,Vaz/Obervaz,Vaz/Obervaz,Region Albula,GR,CH
1918,Lantsch/Lenz,Lantsch/Lenz,Region Albula,GR,CH
1919,Schmitten (Albula),Schmitten (GR),Region Albula,GR,CH
1920,Brienz/Brinzauls GR,Albula/Alvra,Region Albula,GR,CH
1921,Tiefencastel,Albula/Alvra,Region Albula,GR,CH
1922,Alvaschein,Albula/Alvra,Region Albula,GR,CH
1923,Mon,Albula/Alvra,Region Albula,GR,CH
1924,Stierva,Albula/Alvra,Region Albula,GR,CH
1925,Surava,Albula/Alvra,Region Albula,GR,CH
1926,Alvaneu Bad,Albula/Alvra,Region Albula,GR,CH
1927,Alvaneu Dorf,Albula/Alvra,Region Albula,GR,CH
1928,Cunter,Surses,Region Albula,GR,CH
1929,Tinizong,Surses,Region Albula,GR,CH
1930,Rona,Surses,Region Albula,GR,CH
1931,Mulegns,Surses,Region Albula,GR,CH
1932,Sur,Surses,Region Albula,GR,CH
1933,Marmorera,Surses,Region Albula,GR,CH
1934,Bivio,Surses,Region Albula,GR,CH
1935,Savognin,Surses,Region Albula,GR,CH
1936,Salouf,Surses,Region Albula,GR,CH
1937,Riom,Surses,Region Albula,GR,CH
1938,Parsonz,Surses,Region Albula,GR,CH
1939,Filisur,Bergün Filisur,Region Albula,GR,CH
1940,Bergün/Bravuogn,Bergün Filisur,Region Albula,GR,CH
1941,Preda,Bergün Filisur,Region Albula,GR,CH
1942,Stugl/Stuls,Bergün Filisur,Region Albula,GR,CH
1943,Latsch,Bergün Filisur,Region Albula,GR,CH
1944,Brusio,Brusio,Region Bernina,GR,CH
1945,Campocologno,Brusio,Region Bernina,GR,CH
1946,Viano,Brusio,Region Bernina,GR,CH
1947,Campascio,Brusio,Region Bernina,GR,CH
1948,Ospizio Bernina,Poschiavo,Region Bernina,GR,CH
1949,Alp Grüm,Poschiavo,Region Bernina,GR,CH
1950,S. Carlo (Poschiavo),Poschiavo,Region Bernina,GR,CH
1951,Poschiavo,Poschiavo,Region Bernina,GR,CH
1952,Sfazù,Poschiavo,Region Bernina,GR,CH
1953,La Rösa,Poschiavo,Region Bernina,GR,CH
1954,Miralago,Poschiavo,Region Bernina,GR,CH
1955,Li Curt,Poschiavo,Region Bernina,GR,CH
1956,Le Prese,Poschiavo,Region Bernina,GR,CH
1957,Falera,Falera,Region Surselva,GR,CH
1958,Laax GR,Laax,Region Surselva,GR,CH
1959,Laax GR 2,Laax,Region Surselva,GR,CH
1960,Sagogn,Sagogn,Region Surselva,GR,CH
1961,Schluein,Schluein,Region Surselva,GR,CH
1962,St. Martin (Lugnez),Vals,Region Surselva,GR,CH
1963,Vals,Vals,Region Surselva,GR,CH
1964,Peiden,Lumnezia,Region Surselva,GR,CH
1965,Camuns,Lumnezia,Region Surselva,GR,CH
1966,Uors (Lumnezia),Lumnezia,Region Surselva,GR,CH
1967,Surcasti,Lumnezia,Region Surselva,GR,CH
1968,Tersnaus,Lumnezia,Region Surselva,GR,CH
1969,Cumbel,Lumnezia,Region Surselva,GR,CH
1970,Morissen,Lumnezia,Region Surselva,GR,CH
1971,Vella,Lumnezia,Region Surselva,GR,CH
1972,Degen,Lumnezia,Region Surselva,GR,CH
1973,Vattiz,Lumnezia,Region Surselva,GR,CH
1974,Vignogn,Lumnezia,Region Surselva,GR,CH
1975,Lumbrein,Lumnezia,Region Surselva,GR,CH
1976,Vrin,Lumnezia,Region Surselva,GR,CH
1977,Pitasch,Ilanz/Glion,Region Surselva,GR,CH
1978,Duvin,Ilanz/Glion,Region Surselva,GR,CH
1979,Castrisch,Ilanz/Glion,Region Surselva,GR,CH
1980,Sevgein,Ilanz/Glion,Region Surselva,GR,CH
1981,Riein,Ilanz/Glion,Region Surselva,GR,CH
1982,Ilanz,Ilanz/Glion,Region Surselva,GR,CH
1983,Schnaus,Ilanz/Glion,Region Surselva,GR,CH
1984,Luven,Ilanz/Glion,Region Surselva,GR,CH
1985,Ruschein,Ilanz/Glion,Region Surselva,GR,CH
1986,Ladir,Ilanz/Glion,Region Surselva,GR,CH
1987,Rueun,Ilanz/Glion,Region Surselva,GR,CH
1988,Pigniu,Ilanz/Glion,Region Surselva,GR,CH
1989,Siat,Ilanz/Glion,Region Surselva,GR,CH
1990,Fürstenaubruck,Fürstenau,Region Viamala,GR,CH
1991,Fürstenau,Fürstenau,Region Viamala,GR,CH
1992,Rothenbrunnen,Rothenbrunnen,Region Viamala,GR,CH
1993,Scharans,Scharans,Region Viamala,GR,CH
1994,Sils im Domleschg,Sils im Domleschg,Region Viamala,GR,CH
1995,Cazis,Cazis,Region Viamala,GR,CH
1996,Summaprada,Cazis,Region Viamala,GR,CH
1997,Tartar,Cazis,Region Viamala,GR,CH
1998,Sarn,Cazis,Region Viamala,GR,CH
1999,Portein,Cazis,Region Viamala,GR,CH
2000,Präz,Cazis,Region Viamala,GR,CH
2001,Dalin,Cazis,Region Viamala,GR,CH
2002,Flerden,Flerden,Region Viamala,GR,CH
2003,Masein,Masein,Region Viamala,GR,CH
2004,Thusis,Thusis,Region Viamala,GR,CH
2005,Mutten,Thusis,Region Viamala,GR,CH
2006,Obermutten,Thusis,Region Viamala,GR,CH
2007,Tschappina,Tschappina,Region Viamala,GR,CH
2008,Urmein,Urmein,Region Viamala,GR,CH
2009,Versam,Safiental,Region Surselva,GR,CH
2010,Tenna,Safiental,Region Surselva,GR,CH
2011,Safien Platz,Safiental,Region Surselva,GR,CH
2012,Thalkirch,Safiental,Region Surselva,GR,CH
2013,Valendas,Safiental,Region Surselva,GR,CH
2014,Feldis/Veulden,Domleschg,Region Viamala,GR,CH
2015,Trans,Domleschg,Region Viamala,GR,CH
2016,Rodels,Domleschg,Region Viamala,GR,CH
2017,Pratval,Domleschg,Region Viamala,GR,CH
2018,Almens,Domleschg,Region Viamala,GR,CH
2019,Paspels,Domleschg,Region Viamala,GR,CH
2020,Tumegl/Tomils,Domleschg,Region Viamala,GR,CH
2021,Scheid,Domleschg,Region Viamala,GR,CH
2022,Campsut-Cröt,Avers,Region Viamala,GR,CH
2023,Cresta (Avers),Avers,Region Viamala,GR,CH
2024,Am Bach (Avers),Avers,Region Viamala,GR,CH
2025,Juf,Avers,Region Viamala,GR,CH
2026,Sufers,Sufers,Region Viamala,GR,CH
2027,Andeer,Andeer,Region Viamala,GR,CH
2028,Clugin,Andeer,Region Viamala,GR,CH
2029,Pignia,Andeer,Region Viamala,GR,CH
2030,Rongellen,Rongellen,Region Viamala,GR,CH
2031,Zillis,Zillis-Reischen,Region Viamala,GR,CH
2032,Ausserferrera,Ferrera,Region Viamala,GR,CH
2033,Innerferrera,Ferrera,Region Viamala,GR,CH
2034,Splügen,Rheinwald,Region Viamala,GR,CH
2035,Medels im Rheinwald,Rheinwald,Region Viamala,GR,CH
2036,Nufenen,Rheinwald,Region Viamala,GR,CH
2037,Hinterrhein,Rheinwald,Region Viamala,GR,CH
2038,Donat,Muntogna da Schons,Region Viamala,GR,CH
2039,Lohn GR,Muntogna da Schons,Region Viamala,GR,CH
2040,Mathon,Muntogna da Schons,Region Viamala,GR,CH
2041,Wergenstein,Muntogna da Schons,Region Viamala,GR,CH
2042,Bonaduz,Bonaduz,Region Imboden,GR,CH
2043,Domat/Ems,Domat/Ems,Region Imboden,GR,CH
2044,Rhäzüns,Rhäzüns,Region Imboden,GR,CH
2045,Felsberg,Felsberg,Region Imboden,GR,CH
2046,Flims Dorf,Flims,Region Imboden,GR,CH
2047,Flims Waldhaus,Flims,Region Imboden,GR,CH
2048,Fidaz,Flims,Region Imboden,GR,CH
2049,Tamins,Tamins,Region Imboden,GR,CH
2050,Trin,Trin,Region Imboden,GR,CH
2051,Trin Mulin,Trin,Region Imboden,GR,CH
2052,Brail,Zernez,Region Engiadina Bassa / Val Müstair,GR,CH
2053,Zernez,Zernez,Region Engiadina Bassa / Val Müstair,GR,CH
2054,Susch,Zernez,Region Engiadina Bassa / Val Müstair,GR,CH
2055,Lavin,Zernez,Region Engiadina Bassa / Val Müstair,GR,CH
2056,Samnaun-Compatsch,Samnaun,Region Engiadina Bassa / Val Müstair,GR,CH
2057,Samnaun Dorf,Samnaun,Region Engiadina Bassa / Val Müstair,GR,CH
2058,Guarda,Scuol,Region Engiadina Bassa / Val Müstair,GR,CH
2059,Ardez,Scuol,Region Engiadina Bassa / Val Müstair,GR,CH
2060,Scuol,Scuol,Region Engiadina Bassa / Val Müstair,GR,CH
2061,Ftan,Scuol,Region Engiadina Bassa / Val Müstair,GR,CH
2062,Vulpera,Scuol,Region Engiadina Bassa / Val Müstair,GR,CH
2063,Tarasp,Scuol,Region Engiadina Bassa / Val Müstair,GR,CH
2064,Sent,Scuol,Region Engiadina Bassa / Val Müstair,GR,CH
2065,Ramosch,Valsot,Region Engiadina Bassa / Val Müstair,GR,CH
2066,Vnà,Valsot,Region Engiadina Bassa / Val Müstair,GR,CH
2067,Strada,Valsot,Region Engiadina Bassa / Val Müstair,GR,CH
2068,Tschlin,Valsot,Region Engiadina Bassa / Val Müstair,GR,CH
2069,Martina,Valsot,Region Engiadina Bassa / Val Müstair,GR,CH
2070,Bever,Bever,Region Maloja,GR,CH
2071,Celerina/Schlarigna,Celerina/Schlarigna,Region Maloja,GR,CH
2072,Madulain,Madulain,Region Maloja,GR,CH
2073,Pontresina,Pontresina,Region Maloja,GR,CH
2074,La Punt Chamues-ch,La Punt Chamues-ch,Region Maloja,GR,CH
2075,Samedan,Samedan,Region Maloja,GR,CH
2076,St. Moritz,St. Moritz,Region Maloja,GR,CH
2077,S-chanf,S-chanf,Region Maloja,GR,CH
2078,Cinuos-chel,S-chanf,Region Maloja,GR,CH
2079,Chapella,S-chanf,Region Maloja,GR,CH
2080,Sils/Segl Maria,Sils im Engadin/Segl,Region Maloja,GR,CH
2081,Fex,Sils im Engadin/Segl,Region Maloja,GR,CH
2082,Sils/Segl Baselgia,Sils im Engadin/Segl,Region Maloja,GR,CH
2083,Plaun da Lej,Sils im Engadin/Segl,Region Maloja,GR,CH
2084,Champfèr,Silvaplana,Region Maloja,GR,CH
2085,Silvaplana,Silvaplana,Region Maloja,GR,CH
2086,Silvaplana-Surlej,Silvaplana,Region Maloja,GR,CH
2087,Zuoz,Zuoz,Region Maloja,GR,CH
2088,Maloja,Bregaglia,Region Maloja,GR,CH
2089,Casaccia,Bregaglia,Region Maloja,GR,CH
2090,Vicosoprano,Bregaglia,Region Maloja,GR,CH
2091,Borgonovo,Bregaglia,Region Maloja,GR,CH
2092,Stampa,Bregaglia,Region Maloja,GR,CH
2093,Promontogno,Bregaglia,Region Maloja,GR,CH
2094,Bondo,Bregaglia,Region Maloja,GR,CH
2095,Castasegna,Bregaglia,Region Maloja,GR,CH
2096,Soglio,Bregaglia,Region Maloja,GR,CH
2097,Buseno,Buseno,Region Moesa,GR,CH
2098,Castaneda,Castaneda,Region Moesa,GR,CH
2099,Rossa,Rossa,Region Moesa,GR,CH
2100,Augio,Rossa,Region Moesa,GR,CH
2101,Sta. Domenica,Rossa,Region Moesa,GR,CH
2102,Sta. Maria in Calanca,Santa Maria in Calanca,Region Moesa,GR,CH
2103,Lostallo,Lostallo,Region Moesa,GR,CH
2104,Mesocco,Mesocco,Region Moesa,GR,CH
2105,S. Bernardino,Mesocco,Region Moesa,GR,CH
2106,Soazza,Soazza,Region Moesa,GR,CH
2107,Cama,Cama,Region Moesa,GR,CH
2108,Grono,Grono,Region Moesa,GR,CH
2109,Verdabbio,Grono,Region Moesa,GR,CH
2110,Leggia,Grono,Region Moesa,GR,CH
2111,Roveredo GR,Roveredo (GR),Region Moesa,GR,CH
2112,Laura,Roveredo (GR),Region Moesa,GR,CH
2113,S. Vittore,San Vittore,Region Moesa,GR,CH
2114,Arvigo,Calanca,Region Moesa,GR,CH
2115,Braggio,Calanca,Region Moesa,GR,CH
2116,Selma,Calanca,Region Moesa,GR,CH
2117,Cauco,Calanca,Region Moesa,GR,CH
2118,Tschierv,Val Müstair,Region Engiadina Bassa / Val Müstair,GR,CH
2119,Fuldera,Val Müstair,Region Engiadina Bassa / Val Müstair,GR,CH
2120,Lü,Val Müstair,Region Engiadina Bassa / Val Müstair,GR,CH
2121,Valchava,Val Müstair,Region Engiadina Bassa / Val Müstair,GR,CH
2122,Sta. Maria Val Müstair,Val Müstair,Region Engiadina Bassa / Val Müstair,GR,CH
2123,Müstair,Val Müstair,Region Engiadina Bassa / Val Müstair,GR,CH
2124,Davos Dorf,Davos,Region Prättigau / Davos,GR,CH
2125,Davos Wolfgang,Davos,Region Prättigau / Davos,GR,CH
2126,Davos Platz,Davos,Region Prättigau / Davos,GR,CH
2127,Davos Clavadel,Davos,Region Prättigau / Davos,GR,CH
2128,Davos Frauenkirch,Davos,Region Prättigau / Davos,GR,CH
2129,Davos Glaris,Davos,Region Prättigau / Davos,GR,CH
2130,Davos Monstein,Davos,Region Prättigau / Davos,GR,CH
2131,Davos Wiesen,Davos,Region Prättigau / Davos,GR,CH
2132,Fideris,Fideris,Region Prättigau / Davos,GR,CH
2133,Furna,Furna,Region Prättigau / Davos,GR,CH
2134,Pragg-Jenaz,Jenaz,Region Prättigau / Davos,GR,CH
2135,Jenaz,Jenaz,Region Prättigau / Davos,GR,CH
2136,Saas im Prättigau,Klosters,Region Prättigau / Davos,GR,CH
2137,Serneus,Klosters,Region Prättigau / Davos,GR,CH
2138,Klosters,Klosters,Region Prättigau / Davos,GR,CH
2139,Klosters Dorf,Klosters,Region Prättigau / Davos,GR,CH
2140,Conters im Prättigau,Conters im Prättigau,Region Prättigau / Davos,GR,CH
2141,Küblis,Küblis,Region Prättigau / Davos,GR,CH
2142,Buchen im Prättigau,Luzein,Region Prättigau / Davos,GR,CH
2143,Putz,Luzein,Region Prättigau / Davos,GR,CH
2144,Luzein,Luzein,Region Prättigau / Davos,GR,CH
2145,Pany,Luzein,Region Prättigau / Davos,GR,CH
2146,Gadenstätt,Luzein,Region Prättigau / Davos,GR,CH
2147,Ascharina,Luzein,Region Prättigau / Davos,GR,CH
2148,St. Antönien,Luzein,Region Prättigau / Davos,GR,CH
2149,Chur,Chur,Region Plessur,GR,CH
2150,Haldenstein,Chur,Region Plessur,GR,CH
2151,Maladers,Chur,Region Plessur,GR,CH
2152,Passugg,Churwalden,Region Plessur,GR,CH
2153,Malix,Churwalden,Region Plessur,GR,CH
2154,Churwalden,Churwalden,Region Plessur,GR,CH
2155,Parpan,Churwalden,Region Plessur,GR,CH
2156,Castiel,Arosa,Region Plessur,GR,CH
2157,Lüen,Arosa,Region Plessur,GR,CH
2158,Calfreisen,Arosa,Region Plessur,GR,CH
2159,St. Peter,Arosa,Region Plessur,GR,CH
2160,Pagig,Arosa,Region Plessur,GR,CH
2161,Peist,Arosa,Region Plessur,GR,CH
2162,Arosa,Arosa,Region Plessur,GR,CH
2163,Molinis,Arosa,Region Plessur,GR,CH
2164,Langwies,Arosa,Region Plessur,GR,CH
2165,Litzirüti,Arosa,Region Plessur,GR,CH
2166,Praden,Tschiertschen-Praden,Region Plessur,GR,CH
2167,Tschiertschen,Tschiertschen-Praden,Region Plessur,GR,CH
2168,Says,Trimmis,Region Landquart,GR,CH
2169,Trimmis,Trimmis,Region Landquart,GR,CH
2170,Untervaz,Untervaz,Region Landquart,GR,CH
2171,Zizers,Zizers,Region Landquart,GR,CH
2172,Fläsch,Fläsch,Region Landquart,GR,CH
2173,Jenins,Jenins,Region Landquart,GR,CH
2174,Maienfeld,Maienfeld,Region Landquart,GR,CH
2175,Malans GR,Malans,Region Landquart,GR,CH
2176,Igis,Landquart,Region Landquart,GR,CH
2177,Landquart,Landquart,Region Landquart,GR,CH
2178,Mastrils,Landquart,Region Landquart,GR,CH
2179,Valzeina,Grüsch,Region Prättigau / Davos,GR,CH
2180,Grüsch,Grüsch,Region Prättigau / Davos,GR,CH
2181,Fanas,Grüsch,Region Prättigau / Davos,GR,CH
2182,Schiers,Schiers,Region Prättigau / Davos,GR,CH
2183,Lunden,Schiers,Region Prättigau / Davos,GR,CH
2184,Stels,Schiers,Region Prättigau / Davos,GR,CH
2185,Fajauna,Schiers,Region Prättigau / Davos,GR,CH
2186,Schuders,Schiers,Region Prättigau / Davos,GR,CH
2187,Pusserein,Schiers,Region Prättigau / Davos,GR,CH
2188,Seewis Dorf,Seewis im Prättigau,Region Prättigau / Davos,GR,CH
2189,Seewis-Pardisla,Seewis im Prättigau,Region Prättigau / Davos,GR,CH
2190,Seewis-Schmitten,Seewis im Prättigau,Region Prättigau / Davos,GR,CH
2191,Waltensburg/Vuorz,Breil/Brigels,Region Surselva,GR,CH
2192,Andiast,Breil/Brigels,Region Surselva,GR,CH
2193,Tavanasa,Breil/Brigels,Region Surselva,GR,CH
2194,Danis,Breil/Brigels,Region Surselva,GR,CH
2195,Dardin,Breil/Brigels,Region Surselva,GR,CH
2196,Breil/Brigels,Breil/Brigels,Region Surselva,GR,CH
2197,Disentis/Mustér,Disentis/Mustér,Region Surselva,GR,CH
2198,Cavardiras,Disentis/Mustér,Region Surselva,GR,CH
2199,Mumpé Medel,Disentis/Mustér,Region Surselva,GR,CH
2200,Segnas,Disentis/Mustér,Region Surselva,GR,CH
2201,Curaglia,Medel (Lucmagn),Region Surselva,GR,CH
2202,Platta,Medel (Lucmagn),Region Surselva,GR,CH
2203,Rabius,Sumvitg,Region Surselva,GR,CH
2204,Surrein,Sumvitg,Region Surselva,GR,CH
2205,S. Benedetg,Sumvitg,Region Surselva,GR,CH
2206,Sumvitg,Sumvitg,Region Surselva,GR,CH
2207,Cumpadials,Sumvitg,Region Surselva,GR,CH
2208,Camischolas,Tujetsch,Region Surselva,GR,CH
2209,Sedrun,Tujetsch,Region Surselva,GR,CH
2210,Rueras,Tujetsch,Region Surselva,GR,CH
2211,Trun,Trun,Region Surselva,GR,CH
2212,Zignau,Trun,Region Surselva,GR,CH
2213,Schlans,Trun,Region Surselva,GR,CH
2214,Obersaxen,Obersaxen Mundaun,Region Surselva,GR,CH
2215,Flond,Obersaxen Mundaun,Region Surselva,GR,CH
2216,Surcuolm,Obersaxen Mundaun,Region Surselva,GR,CH
2217,Aarau,Aarau,Bezirk Aarau,AG,CH
2218,Aarau Rohr,Aarau,Bezirk Aarau,AG,CH
2219,Biberstein,Biberstein,Bezirk Aarau,AG,CH
2220,Buchs AG,Buchs (AG),Bezirk Aarau,AG,CH
2221,Asp,Densbüren,Bezirk Aarau,AG,CH
2222,Densbüren,Densbüren,Bezirk Aarau,AG,CH
2223,Barmelweid,Erlinsbach (AG),Bezirk Aarau,AG,CH
2224,Erlinsbach,Erlinsbach (AG),Bezirk Aarau,AG,CH
2225,Gränichen,Gränichen,Bezirk Aarau,AG,CH
2226,Hirschthal,Hirschthal,Bezirk Aarau,AG,CH
2227,Rombach,Küttigen,Bezirk Aarau,AG,CH
2228,Küttigen,Küttigen,Bezirk Aarau,AG,CH
2229,Muhen,Muhen,Bezirk Aarau,AG,CH
2230,Oberentfelden,Oberentfelden,Bezirk Aarau,AG,CH
2231,Suhr,Suhr,Bezirk Aarau,AG,CH
2232,Unterentfelden,Unterentfelden,Bezirk Aarau,AG,CH
2233,Baden,Baden,Bezirk Baden,AG,CH
2234,Dättwil AG,Baden,Bezirk Baden,AG,CH
2235,Rütihof,Baden,Bezirk Baden,AG,CH
2236,Bellikon,Bellikon,Bezirk Baden,AG,CH
2237,Bergdietikon,Bergdietikon,Bezirk Baden,AG,CH
2238,Birmenstorf AG,Birmenstorf (AG),Bezirk Baden,AG,CH
2239,Ennetbaden,Ennetbaden,Bezirk Baden,AG,CH
2240,Fislisbach,Fislisbach,Bezirk Baden,AG,CH
2241,Freienwil,Freienwil,Bezirk Baden,AG,CH
2242,Gebenstorf,Gebenstorf,Bezirk Baden,AG,CH
2243,Vogelsang AG,Gebenstorf,Bezirk Baden,AG,CH
2244,Killwangen,Killwangen,Bezirk Baden,AG,CH
2245,Künten,Künten,Bezirk Baden,AG,CH
2246,Mägenwil,Mägenwil,Bezirk Baden,AG,CH
2247,Mellingen,Mellingen,Bezirk Baden,AG,CH
2248,Neuenhof,Neuenhof,Bezirk Baden,AG,CH
2249,Niederrohrdorf,Niederrohrdorf,Bezirk Baden,AG,CH
2250,Oberrohrdorf,Oberrohrdorf,Bezirk Baden,AG,CH
2251,Nussbaumen AG,Obersiggenthal,Bezirk Baden,AG,CH
2252,Hertenstein AG,Obersiggenthal,Bezirk Baden,AG,CH
2253,Rieden AG,Obersiggenthal,Bezirk Baden,AG,CH
2254,Kirchdorf AG,Obersiggenthal,Bezirk Baden,AG,CH
2255,Remetschwil,Remetschwil,Bezirk Baden,AG,CH
2256,Spreitenbach,Spreitenbach,Bezirk Baden,AG,CH
2257,Stetten AG,Stetten (AG),Bezirk Baden,AG,CH
2258,Turgi,Turgi,Bezirk Baden,AG,CH
2259,Siggenthal Station,Untersiggenthal,Bezirk Baden,AG,CH
2260,Untersiggenthal,Untersiggenthal,Bezirk Baden,AG,CH
2261,Wettingen,Wettingen,Bezirk Baden,AG,CH
2262,Wohlenschwil,Wohlenschwil,Bezirk Baden,AG,CH
2263,Würenlingen,Würenlingen,Bezirk Baden,AG,CH
2264,Würenlos,Würenlos,Bezirk Baden,AG,CH
2265,Kloster Fahr,Würenlos,Bezirk Baden,AG,CH
2266,Ehrendingen,Ehrendingen,Bezirk Baden,AG,CH
2267,Arni AG,Arni (AG),Bezirk Bremgarten,AG,CH
2268,Berikon,Berikon,Bezirk Bremgarten,AG,CH
2269,Bremgarten AG,Bremgarten (AG),Bezirk Bremgarten,AG,CH
2270,Hermetschwil-Staffeln,Bremgarten (AG),Bezirk Bremgarten,AG,CH
2271,Büttikon AG,Büttikon,Bezirk Bremgarten,AG,CH
2272,Dottikon,Dottikon,Bezirk Bremgarten,AG,CH
2273,Eggenwil,Eggenwil,Bezirk Bremgarten,AG,CH
2274,Fischbach-Göslikon,Fischbach-Göslikon,Bezirk Bremgarten,AG,CH
2275,Hägglingen,Hägglingen,Bezirk Bremgarten,AG,CH
2276,Jonen,Jonen,Bezirk Bremgarten,AG,CH
2277,Niederwil AG,Niederwil (AG),Bezirk Bremgarten,AG,CH
2278,Nesselnbach,Niederwil (AG),Bezirk Bremgarten,AG,CH
2279,Oberlunkhofen,Oberlunkhofen,Bezirk Bremgarten,AG,CH
2280,Oberwil-Lieli,Oberwil-Lieli,Bezirk Bremgarten,AG,CH
2281,Rudolfstetten,Rudolfstetten-Friedlisberg,Bezirk Bremgarten,AG,CH
2282,Sarmenstorf,Sarmenstorf,Bezirk Bremgarten,AG,CH
2283,Tägerig,Tägerig,Bezirk Bremgarten,AG,CH
2284,Uezwil,Uezwil,Bezirk Bremgarten,AG,CH
2285,Unterlunkhofen,Unterlunkhofen,Bezirk Bremgarten,AG,CH
2286,Villmergen,Villmergen,Bezirk Bremgarten,AG,CH
2287,Hilfikon,Villmergen,Bezirk Bremgarten,AG,CH
2288,Widen,Widen,Bezirk Bremgarten,AG,CH
2289,Wohlen AG,Wohlen (AG),Bezirk Bremgarten,AG,CH
2290,Anglikon,Wohlen (AG),Bezirk Bremgarten,AG,CH
2291,Zufikon,Zufikon,Bezirk Bremgarten,AG,CH
2292,Islisberg,Islisberg,Bezirk Bremgarten,AG,CH
2293,Auenstein,Auenstein,Bezirk Brugg,AG,CH
2294,Birr,Birr,Bezirk Brugg,AG,CH
2295,Birrhard,Birrhard,Bezirk Brugg,AG,CH
2296,Bözen,Böztal,Bezirk Laufenburg,AG,CH
2297,Schinznach Bad,Brugg,Bezirk Brugg,AG,CH
2298,Brugg AG,Brugg,Bezirk Brugg,AG,CH
2299,Umiken,Brugg,Bezirk Brugg,AG,CH
2300,Effingen,Böztal,Bezirk Laufenburg,AG,CH
2301,Elfingen,Böztal,Bezirk Laufenburg,AG,CH
2302,Habsburg,Habsburg,Bezirk Brugg,AG,CH
2303,Hausen AG,Hausen (AG),Bezirk Brugg,AG,CH
2304,Lupfig,Lupfig,Bezirk Brugg,AG,CH
2305,Scherz,Lupfig,Bezirk Brugg,AG,CH
2306,Mandach,Mandach,Bezirk Brugg,AG,CH
2307,Mönthal,Mönthal,Bezirk Brugg,AG,CH
2308,Mülligen,Mülligen,Bezirk Brugg,AG,CH
2309,Remigen,Remigen,Bezirk Brugg,AG,CH
2310,Riniken,Riniken,Bezirk Brugg,AG,CH
2311,Rüfenach AG,Rüfenach,Bezirk Brugg,AG,CH
2312,Thalheim AG,Thalheim (AG),Bezirk Brugg,AG,CH
2313,Veltheim AG,Veltheim (AG),Bezirk Brugg,AG,CH
2314,Stilli,Villigen,Bezirk Brugg,AG,CH
2315,Villigen,Villigen,Bezirk Brugg,AG,CH
2316,Villnachern,Villnachern,Bezirk Brugg,AG,CH
2317,Windisch,Windisch,Bezirk Brugg,AG,CH
2318,Bözberg,Bözberg,Bezirk Brugg,AG,CH
2319,Schinznach Dorf,Schinznach,Bezirk Brugg,AG,CH
2320,Oberflachs,Schinznach,Bezirk Brugg,AG,CH
2321,Beinwil am See,Beinwil am See,Bezirk Kulm,AG,CH
2322,Birrwil,Birrwil,Bezirk Kulm,AG,CH
2323,Burg AG,Burg (AG),Bezirk Kulm,AG,CH
2324,Dürrenäsch,Dürrenäsch,Bezirk Kulm,AG,CH
2325,Gontenschwil,Gontenschwil,Bezirk Kulm,AG,CH
2326,Holziken,Holziken,Bezirk Kulm,AG,CH
2327,Leimbach AG,Leimbach (AG),Bezirk Kulm,AG,CH
2328,Leutwil,Leutwil,Bezirk Kulm,AG,CH
2329,Menziken,Menziken,Bezirk Kulm,AG,CH
2330,Oberkulm,Oberkulm,Bezirk Kulm,AG,CH
2331,Reinach AG,Reinach (AG),Bezirk Kulm,AG,CH
2332,Schlossrued,Schlossrued,Bezirk Kulm,AG,CH
2333,Schmiedrued,Schmiedrued,Bezirk Kulm,AG,CH
2334,Walde AG,Schmiedrued,Bezirk Kulm,AG,CH
2335,Schöftland,Schöftland,Bezirk Kulm,AG,CH
2336,Teufenthal AG,Teufenthal (AG),Bezirk Kulm,AG,CH
2337,Unterkulm,Unterkulm,Bezirk Kulm,AG,CH
2338,Zetzwil,Zetzwil,Bezirk Kulm,AG,CH
2339,Eiken,Eiken,Bezirk Laufenburg,AG,CH
2340,Frick,Frick,Bezirk Laufenburg,AG,CH
2341,Gansingen,Gansingen,Bezirk Laufenburg,AG,CH
2342,Gipf-Oberfrick,Gipf-Oberfrick,Bezirk Laufenburg,AG,CH
2343,Herznach,Herznach,Bezirk Laufenburg,AG,CH
2344,Hornussen,Böztal,Bezirk Laufenburg,AG,CH
2345,Kaisten,Kaisten,Bezirk Laufenburg,AG,CH
2346,Ittenthal,Kaisten,Bezirk Laufenburg,AG,CH
2347,Laufenburg,Laufenburg,Bezirk Laufenburg,AG,CH
2348,Rheinsulz,Laufenburg,Bezirk Laufenburg,AG,CH
2349,Sulz AG,Laufenburg,Bezirk Laufenburg,AG,CH
2350,Münchwilen AG,Münchwilen (AG),Bezirk Laufenburg,AG,CH
2351,Oberhof,Oberhof,Bezirk Laufenburg,AG,CH
2352,Oeschgen,Oeschgen,Bezirk Laufenburg,AG,CH
2353,Schwaderloch,Schwaderloch,Bezirk Laufenburg,AG,CH
2354,Sisseln AG,Sisseln,Bezirk Laufenburg,AG,CH
2355,Ueken,Ueken,Bezirk Laufenburg,AG,CH
2356,Wittnau,Wittnau,Bezirk Laufenburg,AG,CH
2357,Wölflinswil,Wölflinswil,Bezirk Laufenburg,AG,CH
2358,Zeihen,Zeihen,Bezirk Laufenburg,AG,CH
2359,Oberhofen AG,Mettauertal,Bezirk Laufenburg,AG,CH
2360,Mettau,Mettauertal,Bezirk Laufenburg,AG,CH
2361,Etzgen,Mettauertal,Bezirk Laufenburg,AG,CH
2362,Wil AG,Mettauertal,Bezirk Laufenburg,AG,CH
2363,Hottwil,Mettauertal,Bezirk Laufenburg,AG,CH
2364,Ammerswil AG,Ammerswil,Bezirk Lenzburg,AG,CH
2365,Boniswil,Boniswil,Bezirk Lenzburg,AG,CH
2366,Brunegg,Brunegg,Bezirk Lenzburg,AG,CH
2367,Dintikon,Dintikon,Bezirk Lenzburg,AG,CH
2368,Egliswil,Egliswil,Bezirk Lenzburg,AG,CH
2369,Fahrwangen,Fahrwangen,Bezirk Lenzburg,AG,CH
2370,Hallwil,Hallwil,Bezirk Lenzburg,AG,CH
2371,Hendschiken,Hendschiken,Bezirk Lenzburg,AG,CH
2372,Holderbank AG,Holderbank (AG),Bezirk Lenzburg,AG,CH
2373,Hunzenschwil,Hunzenschwil,Bezirk Lenzburg,AG,CH
2374,Lenzburg,Lenzburg,Bezirk Lenzburg,AG,CH
2375,Meisterschwanden,Meisterschwanden,Bezirk Lenzburg,AG,CH
2376,Tennwil,Meisterschwanden,Bezirk Lenzburg,AG,CH
2377,Wildegg,Möriken-Wildegg,Bezirk Lenzburg,AG,CH
2378,Möriken AG,Möriken-Wildegg,Bezirk Lenzburg,AG,CH
2379,Niederlenz,Niederlenz,Bezirk Lenzburg,AG,CH
2380,Othmarsingen,Othmarsingen,Bezirk Lenzburg,AG,CH
2381,Rupperswil,Rupperswil,Bezirk Lenzburg,AG,CH
2382,Schafisheim,Schafisheim,Bezirk Lenzburg,AG,CH
2383,Seengen,Seengen,Bezirk Lenzburg,AG,CH
2384,Seon,Seon,Bezirk Lenzburg,AG,CH
2385,Staufen,Staufen,Bezirk Lenzburg,AG,CH
2386,Abtwil AG,Abtwil,Bezirk Muri,AG,CH
2387,Aristau,Aristau,Bezirk Muri,AG,CH
2388,Auw,Auw,Bezirk Muri,AG,CH
2389,Beinwil (Freiamt),Beinwil (Freiamt),Bezirk Muri,AG,CH
2390,Besenbüren,Besenbüren,Bezirk Muri,AG,CH
2391,Bettwil,Bettwil,Bezirk Muri,AG,CH
2392,Boswil,Boswil,Bezirk Muri,AG,CH
2393,Bünzen,Bünzen,Bezirk Muri,AG,CH
2394,Waldhäusern AG,Bünzen,Bezirk Muri,AG,CH
2395,Buttwil,Buttwil,Bezirk Muri,AG,CH
2396,Dietwil,Dietwil,Bezirk Muri,AG,CH
2397,Geltwil,Geltwil,Bezirk Muri,AG,CH
2398,Kallern,Kallern,Bezirk Muri,AG,CH
2399,Merenschwand,Merenschwand,Bezirk Muri,AG,CH
2400,Benzenschwil,Merenschwand,Bezirk Muri,AG,CH
2401,Mühlau,Mühlau,Bezirk Muri,AG,CH
2402,Muri AG,Muri (AG),Bezirk Muri,AG,CH
2403,Oberrüti,Oberrüti,Bezirk Muri,AG,CH
2404,Rottenschwil,Rottenschwil,Bezirk Muri,AG,CH
2405,Sins,Sins,Bezirk Muri,AG,CH
2406,Alikon,Sins,Bezirk Muri,AG,CH
2407,Meienberg,Sins,Bezirk Muri,AG,CH
2408,Aettenschwil,Sins,Bezirk Muri,AG,CH
2409,Fenkrieden,Sins,Bezirk Muri,AG,CH
2410,Waltenschwil,Waltenschwil,Bezirk Muri,AG,CH
2411,Hellikon,Hellikon,Bezirk Rheinfelden,AG,CH
2412,Kaiseraugst,Kaiseraugst,Bezirk Rheinfelden,AG,CH
2413,Magden,Magden,Bezirk Rheinfelden,AG,CH
2414,Möhlin,Möhlin,Bezirk Rheinfelden,AG,CH
2415,Mumpf,Mumpf,Bezirk Rheinfelden,AG,CH
2416,Obermumpf,Obermumpf,Bezirk Rheinfelden,AG,CH
2417,Olsberg,Olsberg,Bezirk Rheinfelden,AG,CH
2418,Rheinfelden,Rheinfelden,Bezirk Rheinfelden,AG,CH
2419,Schupfart,Schupfart,Bezirk Rheinfelden,AG,CH
2420,Stein AG,Stein (AG),Bezirk Rheinfelden,AG,CH
2421,Wallbach,Wallbach,Bezirk Rheinfelden,AG,CH
2422,Wegenstetten,Wegenstetten,Bezirk Rheinfelden,AG,CH
2423,Zeiningen,Zeiningen,Bezirk Rheinfelden,AG,CH
2424,Zuzgen,Zuzgen,Bezirk Rheinfelden,AG,CH
2425,Aarburg,Aarburg,Bezirk Zofingen,AG,CH
2426,Bottenwil,Bottenwil,Bezirk Zofingen,AG,CH
2427,Brittnau,Brittnau,Bezirk Zofingen,AG,CH
2428,Kirchleerau,Kirchleerau,Bezirk Zofingen,AG,CH
2429,Kölliken,Kölliken,Bezirk Zofingen,AG,CH
2430,Moosleerau,Moosleerau,Bezirk Zofingen,AG,CH
2431,Murgenthal,Murgenthal,Bezirk Zofingen,AG,CH
2432,Riken AG,Murgenthal,Bezirk Zofingen,AG,CH
2433,Glashütten,Murgenthal,Bezirk Zofingen,AG,CH
2434,Oftringen,Oftringen,Bezirk Zofingen,AG,CH
2435,Attelwil,Reitnau,Bezirk Zofingen,AG,CH
2436,Reitnau,Reitnau,Bezirk Zofingen,AG,CH
2437,Rothrist,Rothrist,Bezirk Zofingen,AG,CH
2438,Safenwil,Safenwil,Bezirk Zofingen,AG,CH
2439,Staffelbach,Staffelbach,Bezirk Zofingen,AG,CH
2440,Wittwil,Staffelbach,Bezirk Zofingen,AG,CH
2441,Strengelbach,Strengelbach,Bezirk Zofingen,AG,CH
2442,Uerkheim,Uerkheim,Bezirk Zofingen,AG,CH
2443,Vordemwald,Vordemwald,Bezirk Zofingen,AG,CH
2444,Wiliberg,Wiliberg,Bezirk Zofingen,AG,CH
2445,Zofingen,Zofingen,Bezirk Zofingen,AG,CH
2446,Mühlethal,Zofingen,Bezirk Zofingen,AG,CH
2447,Baldingen,Zurzach,Bezirk Zurzach,AG,CH
2448,Böbikon,Zurzach,Bezirk Zurzach,AG,CH
2449,Kleindöttingen,Böttstein,Bezirk Zurzach,AG,CH
2450,Böttstein,Böttstein,Bezirk Zurzach,AG,CH
2451,Döttingen,Döttingen,Bezirk Zurzach,AG,CH
2452,Endingen,Endingen,Bezirk Zurzach,AG,CH
2453,Unterendingen,Endingen,Bezirk Zurzach,AG,CH
2454,Fisibach,Fisibach,Bezirk Zurzach,AG,CH
2455,Full-Reuenthal,Full-Reuenthal,Bezirk Zurzach,AG,CH
2456,Kaiserstuhl AG,Zurzach,Bezirk Zurzach,AG,CH
2457,Klingnau,Klingnau,Bezirk Zurzach,AG,CH
2458,Koblenz,Koblenz,Bezirk Zurzach,AG,CH
2459,Leibstadt,Leibstadt,Bezirk Zurzach,AG,CH
2460,Lengnau AG,Lengnau (AG),Bezirk Zurzach,AG,CH
2461,Leuggern,Leuggern,Bezirk Zurzach,AG,CH
2462,Hettenschwil,Leuggern,Bezirk Zurzach,AG,CH
2463,Mellikon,Mellikon,Bezirk Zurzach,AG,CH
2464,Rekingen AG,Zurzach,Bezirk Zurzach,AG,CH
2465,Rietheim,Zurzach,Bezirk Zurzach,AG,CH
2466,Rümikon AG,Zurzach,Bezirk Zurzach,AG,CH
2467,Schneisingen,Schneisingen,Bezirk Zurzach,AG,CH
2468,Siglistorf,Siglistorf,Bezirk Zurzach,AG,CH
2469,Tegerfelden,Tegerfelden,Bezirk Zurzach,AG,CH
2470,Wislikofen,Zurzach,Bezirk Zurzach,AG,CH
2471,Bad Zurzach,Zurzach,Bezirk Zurzach,AG,CH
2472,Arbon,Arbon,Bezirk Arbon,TG,CH
2473,Frasnacht,Arbon,Bezirk Arbon,TG,CH
2474,Stachen,Arbon,Bezirk Arbon,TG,CH
2475,Dozwil,Dozwil,Bezirk Arbon,TG,CH
2476,Steinebrunn,Egnach,Bezirk Arbon,TG,CH
2477,Neukirch (Egnach),Egnach,Bezirk Arbon,TG,CH
2478,Winden,Egnach,Bezirk Arbon,TG,CH
2479,Egnach,Egnach,Bezirk Arbon,TG,CH
2480,Hefenhofen,Hefenhofen,Bezirk Arbon,TG,CH
2481,Horn,Horn,Bezirk Arbon,TG,CH
2482,Kesswil,Kesswil,Bezirk Arbon,TG,CH
2483,Freidorf TG,Roggwil (TG),Bezirk Arbon,TG,CH
2484,Roggwil TG,Roggwil (TG),Bezirk Arbon,TG,CH
2485,Romanshorn,Romanshorn,Bezirk Arbon,TG,CH
2486,Salmsach,Salmsach,Bezirk Arbon,TG,CH
2487,Sommeri,Sommeri,Bezirk Arbon,TG,CH
2488,Uttwil,Uttwil,Bezirk Arbon,TG,CH
2489,Amriswil,Amriswil,Bezirk Arbon,TG,CH
2490,Hagenwil b. Amriswil,Amriswil,Bezirk Arbon,TG,CH
2491,Biessenhofen,Amriswil,Bezirk Arbon,TG,CH
2492,Schocherswil,Amriswil,Bezirk Arbon,TG,CH
2493,Oberaach,Amriswil,Bezirk Arbon,TG,CH
2494,Bischofszell,Bischofszell,Bezirk Weinfelden,TG,CH
2495,Schweizersholz,Bischofszell,Bezirk Weinfelden,TG,CH
2496,Halden,Bischofszell,Bezirk Weinfelden,TG,CH
2497,Erlen,Erlen,Bezirk Weinfelden,TG,CH
2498,Kümmertshausen,Erlen,Bezirk Weinfelden,TG,CH
2499,Riedt b. Erlen,Erlen,Bezirk Weinfelden,TG,CH
2500,Buchackern,Erlen,Bezirk Weinfelden,TG,CH
2501,Engishofen,Erlen,Bezirk Weinfelden,TG,CH
2502,Ennetaach,Erlen,Bezirk Weinfelden,TG,CH
2503,Hauptwil,Hauptwil-Gottshaus,Bezirk Weinfelden,TG,CH
2504,Wilen (Gottshaus),Hauptwil-Gottshaus,Bezirk Weinfelden,TG,CH
2505,St. Pelagiberg,Hauptwil-Gottshaus,Bezirk Weinfelden,TG,CH
2506,Heldswil,Hohentannen,Bezirk Weinfelden,TG,CH
2507,Hohentannen,Hohentannen,Bezirk Weinfelden,TG,CH
2508,Kradolf,Kradolf-Schönenberg,Bezirk Weinfelden,TG,CH
2509,Schönenberg an der Thur,Kradolf-Schönenberg,Bezirk Weinfelden,TG,CH
2510,Buhwil,Kradolf-Schönenberg,Bezirk Weinfelden,TG,CH
2511,Neukirch an der Thur,Kradolf-Schönenberg,Bezirk Weinfelden,TG,CH
2512,Sulgen,Sulgen,Bezirk Weinfelden,TG,CH
2513,Götighofen,Sulgen,Bezirk Weinfelden,TG,CH
2514,Donzhausen,Sulgen,Bezirk Weinfelden,TG,CH
2515,Zihlschlacht,Zihlschlacht-Sitterdorf,Bezirk Weinfelden,TG,CH
2516,Sitterdorf,Zihlschlacht-Sitterdorf,Bezirk Weinfelden,TG,CH
2517,Basadingen,Basadingen-Schlattingen,Bezirk Frauenfeld,TG,CH
2518,Schlattingen,Basadingen-Schlattingen,Bezirk Frauenfeld,TG,CH
2519,Diessenhofen,Diessenhofen,Bezirk Frauenfeld,TG,CH
2520,Willisdorf,Diessenhofen,Bezirk Frauenfeld,TG,CH
2521,Schlatt TG,Schlatt (TG),Bezirk Frauenfeld,TG,CH
2522,Aadorf,Aadorf,Bezirk Münchwilen,TG,CH
2523,Ettenhausen TG,Aadorf,Bezirk Münchwilen,TG,CH
2524,Guntershausen b. Aadorf,Aadorf,Bezirk Münchwilen,TG,CH
2525,Häuslenen,Aadorf,Bezirk Münchwilen,TG,CH
2526,Aawangen,Aadorf,Bezirk Münchwilen,TG,CH
2527,Wittenwil,Aadorf,Bezirk Münchwilen,TG,CH
2528,Felben-Wellhausen,Felben-Wellhausen,Bezirk Frauenfeld,TG,CH
2529,Frauenfeld,Frauenfeld,Bezirk Frauenfeld,TG,CH
2530,Gerlikon,Frauenfeld,Bezirk Frauenfeld,TG,CH
2531,Islikon,Gachnang,Bezirk Frauenfeld,TG,CH
2532,Kefikon TG,Gachnang,Bezirk Frauenfeld,TG,CH
2533,Gachnang,Gachnang,Bezirk Frauenfeld,TG,CH
2534,Harenwilen,Hüttlingen,Bezirk Frauenfeld,TG,CH
2535,Mettendorf TG,Hüttlingen,Bezirk Frauenfeld,TG,CH
2536,Hüttlingen,Hüttlingen,Bezirk Frauenfeld,TG,CH
2537,Eschikofen,Hüttlingen,Bezirk Frauenfeld,TG,CH
2538,Matzingen,Matzingen,Bezirk Frauenfeld,TG,CH
2539,Niederneunforn,Neunforn,Bezirk Frauenfeld,TG,CH
2540,Oberneunforn,Neunforn,Bezirk Frauenfeld,TG,CH
2541,Stettfurt,Stettfurt,Bezirk Frauenfeld,TG,CH
2542,Thundorf,Thundorf,Bezirk Frauenfeld,TG,CH
2543,Lustdorf,Thundorf,Bezirk Frauenfeld,TG,CH
2544,Wetzikon TG,Thundorf,Bezirk Frauenfeld,TG,CH
2545,Uesslingen,Uesslingen-Buch,Bezirk Frauenfeld,TG,CH
2546,Buch b. Frauenfeld,Uesslingen-Buch,Bezirk Frauenfeld,TG,CH
2547,Warth,Warth-Weiningen,Bezirk Frauenfeld,TG,CH
2548,Weiningen TG,Warth-Weiningen,Bezirk Frauenfeld,TG,CH
2549,Altnau,Altnau,Bezirk Kreuzlingen,TG,CH
2550,Bottighofen,Bottighofen,Bezirk Kreuzlingen,TG,CH
2551,Ermatingen,Ermatingen,Bezirk Kreuzlingen,TG,CH
2552,Triboltingen,Ermatingen,Bezirk Kreuzlingen,TG,CH
2553,Gottlieben,Gottlieben,Bezirk Kreuzlingen,TG,CH
2554,Güttingen,Güttingen,Bezirk Kreuzlingen,TG,CH
2555,Hugelshofen,Kemmental,Bezirk Kreuzlingen,TG,CH
2556,Neuwilen,Kemmental,Bezirk Kreuzlingen,TG,CH
2557,Dotnacht,Kemmental,Bezirk Kreuzlingen,TG,CH
2558,Ellighausen,Kemmental,Bezirk Kreuzlingen,TG,CH
2559,Lippoldswilen,Kemmental,Bezirk Kreuzlingen,TG,CH
2560,Siegershausen,Kemmental,Bezirk Kreuzlingen,TG,CH
2561,Alterswilen,Kemmental,Bezirk Kreuzlingen,TG,CH
2562,Altishausen,Kemmental,Bezirk Kreuzlingen,TG,CH
2563,Kreuzlingen,Kreuzlingen,Bezirk Kreuzlingen,TG,CH
2564,Langrickenbach,Langrickenbach,Bezirk Kreuzlingen,TG,CH
2565,Zuben,Langrickenbach,Bezirk Kreuzlingen,TG,CH
2566,Schönenbaumgarten,Langrickenbach,Bezirk Kreuzlingen,TG,CH
2567,Herrenhof,Langrickenbach,Bezirk Kreuzlingen,TG,CH
2568,Illighausen,Lengwil,Bezirk Kreuzlingen,TG,CH
2569,Oberhofen TG,Lengwil,Bezirk Kreuzlingen,TG,CH
2570,Lengwil,Lengwil,Bezirk Kreuzlingen,TG,CH
2571,Dettighofen (Lengwil),Lengwil,Bezirk Kreuzlingen,TG,CH
2572,Scherzingen,Münsterlingen,Bezirk Kreuzlingen,TG,CH
2573,Münsterlingen,Münsterlingen,Bezirk Kreuzlingen,TG,CH
2574,Landschlacht,Münsterlingen,Bezirk Kreuzlingen,TG,CH
2575,Tägerwilen,Tägerwilen,Bezirk Kreuzlingen,TG,CH
2576,Hefenhausen,Wäldi,Bezirk Kreuzlingen,TG,CH
2577,Engwilen,Wäldi,Bezirk Kreuzlingen,TG,CH
2578,Sonterswil,Wäldi,Bezirk Kreuzlingen,TG,CH
2579,Wäldi,Wäldi,Bezirk Kreuzlingen,TG,CH
2580,Lipperswil,Wäldi,Bezirk Kreuzlingen,TG,CH
2581,Hattenhausen,Wäldi,Bezirk Kreuzlingen,TG,CH
2582,Gunterswilen,Wäldi,Bezirk Kreuzlingen,TG,CH
2583,Affeltrangen,Affeltrangen,Bezirk Weinfelden,TG,CH
2584,Zezikon,Affeltrangen,Bezirk Weinfelden,TG,CH
2585,Märwil,Affeltrangen,Bezirk Weinfelden,TG,CH
2586,Buch b. Märwil,Affeltrangen,Bezirk Weinfelden,TG,CH
2587,Bettwiesen,Bettwiesen,Bezirk Münchwilen,TG,CH
2588,Balterswil,Bichelsee-Balterswil,Bezirk Münchwilen,TG,CH
2589,Bichelsee,Bichelsee-Balterswil,Bezirk Münchwilen,TG,CH
2590,Braunau,Braunau,Bezirk Münchwilen,TG,CH
2591,Eschlikon TG,Eschlikon,Bezirk Münchwilen,TG,CH
2592,Wallenwil,Eschlikon,Bezirk Münchwilen,TG,CH
2593,Dussnang,Fischingen,Bezirk Münchwilen,TG,CH
2594,Oberwangen TG,Fischingen,Bezirk Münchwilen,TG,CH
2595,Fischingen,Fischingen,Bezirk Münchwilen,TG,CH
2596,Au TG,Fischingen,Bezirk Münchwilen,TG,CH
2597,Lommis,Lommis,Bezirk Münchwilen,TG,CH
2598,Weingarten-Kalthäusern,Lommis,Bezirk Münchwilen,TG,CH
2599,Münchwilen TG,Münchwilen (TG),Bezirk Münchwilen,TG,CH
2600,St. Margarethen TG,Münchwilen (TG),Bezirk Münchwilen,TG,CH
2601,Rickenbach b. Wil,Rickenbach (TG),Bezirk Münchwilen,TG,CH
2602,Schönholzerswilen,Schönholzerswilen,Bezirk Weinfelden,TG,CH
2603,Sirnach,Sirnach,Bezirk Münchwilen,TG,CH
2604,Busswil TG,Sirnach,Bezirk Münchwilen,TG,CH
2605,Wiezikon b. Sirnach,Sirnach,Bezirk Münchwilen,TG,CH
2606,Littenheid,Sirnach,Bezirk Münchwilen,TG,CH
2607,Tägerschen,Tobel-Tägerschen,Bezirk Münchwilen,TG,CH
2608,Tobel,Tobel-Tägerschen,Bezirk Münchwilen,TG,CH
2609,Wängi,Wängi,Bezirk Münchwilen,TG,CH
2610,Tuttwil,Wängi,Bezirk Münchwilen,TG,CH
2611,Wilen b. Wil,Wilen (TG),Bezirk Münchwilen,TG,CH
2612,Wuppenau,Wuppenau,Bezirk Weinfelden,TG,CH
2613,Hosenruck,Wuppenau,Bezirk Weinfelden,TG,CH
2614,Berlingen,Berlingen,Bezirk Frauenfeld,TG,CH
2615,Eschenz,Eschenz,Bezirk Frauenfeld,TG,CH
2616,Lanzenneunforn,Herdern,Bezirk Frauenfeld,TG,CH
2617,Herdern,Herdern,Bezirk Frauenfeld,TG,CH
2618,Hörhausen,Homburg,Bezirk Frauenfeld,TG,CH
2619,Homburg,Homburg,Bezirk Frauenfeld,TG,CH
2620,Hüttwilen,Hüttwilen,Bezirk Frauenfeld,TG,CH
2621,Nussbaumen TG,Hüttwilen,Bezirk Frauenfeld,TG,CH
2622,Uerschhausen,Hüttwilen,Bezirk Frauenfeld,TG,CH
2623,Mammern,Mammern,Bezirk Frauenfeld,TG,CH
2624,Müllheim Dorf,Müllheim,Bezirk Frauenfeld,TG,CH
2625,Pfyn,Pfyn,Bezirk Frauenfeld,TG,CH
2626,Dettighofen,Pfyn,Bezirk Frauenfeld,TG,CH
2627,Raperswilen,Raperswilen,Bezirk Kreuzlingen,TG,CH
2628,Mannenbach-Salenstein,Salenstein,Bezirk Kreuzlingen,TG,CH
2629,Salenstein,Salenstein,Bezirk Kreuzlingen,TG,CH
2630,Fruthwilen,Salenstein,Bezirk Kreuzlingen,TG,CH
2631,Steckborn,Steckborn,Bezirk Frauenfeld,TG,CH
2632,Kaltenbach,Wagenhausen,Bezirk Frauenfeld,TG,CH
2633,Etzwilen,Wagenhausen,Bezirk Frauenfeld,TG,CH
2634,Rheinklingen,Wagenhausen,Bezirk Frauenfeld,TG,CH
2635,Wagenhausen,Wagenhausen,Bezirk Frauenfeld,TG,CH
2636,Amlikon-Bissegg,Amlikon-Bissegg,Bezirk Weinfelden,TG,CH
2637,Berg TG,Berg (TG),Bezirk Weinfelden,TG,CH
2638,Andhausen,Berg (TG),Bezirk Weinfelden,TG,CH
2639,Graltshausen,Berg (TG),Bezirk Weinfelden,TG,CH
2640,Guntershausen b. Berg,Berg (TG),Bezirk Weinfelden,TG,CH
2641,Mauren TG,Berg (TG),Bezirk Weinfelden,TG,CH
2642,Mattwil,Birwinken,Bezirk Weinfelden,TG,CH
2643,Happerswil,Birwinken,Bezirk Weinfelden,TG,CH
2644,Birwinken,Birwinken,Bezirk Weinfelden,TG,CH
2645,Klarsreuti,Birwinken,Bezirk Weinfelden,TG,CH
2646,Andwil TG,Birwinken,Bezirk Weinfelden,TG,CH
2647,Buch b. Kümmertshausen,Birwinken,Bezirk Weinfelden,TG,CH
2648,Bürglen TG,Bürglen (TG),Bezirk Weinfelden,TG,CH
2649,Istighofen,Bürglen (TG),Bezirk Weinfelden,TG,CH
2650,Leimbach TG,Bürglen (TG),Bezirk Weinfelden,TG,CH
2651,Opfershofen TG,Bürglen (TG),Bezirk Weinfelden,TG,CH
2652,Stehrenberg,Bussnang,Bezirk Weinfelden,TG,CH
2653,Lanterswil,Bussnang,Bezirk Weinfelden,TG,CH
2654,Friltschen,Bussnang,Bezirk Weinfelden,TG,CH
2655,Mettlen,Bussnang,Bezirk Weinfelden,TG,CH
2656,Bussnang,Bussnang,Bezirk Weinfelden,TG,CH
2657,Oberbussnang,Bussnang,Bezirk Weinfelden,TG,CH
2658,Oppikon,Bussnang,Bezirk Weinfelden,TG,CH
2659,Schmidshof,Bussnang,Bezirk Weinfelden,TG,CH
2660,Rothenhausen,Bussnang,Bezirk Weinfelden,TG,CH
2661,Märstetten,Märstetten,Bezirk Weinfelden,TG,CH
2662,Ottoberg,Märstetten,Bezirk Weinfelden,TG,CH
2663,Weinfelden,Weinfelden,Bezirk Weinfelden,TG,CH
2664,Müllheim-Wigoltingen,Wigoltingen,Bezirk Weinfelden,TG,CH
2665,Bonau,Wigoltingen,Bezirk Weinfelden,TG,CH
2666,Wigoltingen,Wigoltingen,Bezirk Weinfelden,TG,CH
2667,Engwang,Wigoltingen,Bezirk Weinfelden,TG,CH
2668,Illhart,Wigoltingen,Bezirk Weinfelden,TG,CH
2669,Lamperswil TG,Wigoltingen,Bezirk Weinfelden,TG,CH
2670,Wagerswil,Wigoltingen,Bezirk Weinfelden,TG,CH
2671,Arbedo,Arbedo-Castione,Distretto di Bellinzona,TI,CH
2672,Castione,Arbedo-Castione,Distretto di Bellinzona,TI,CH
2673,Bellinzona,Bellinzona,Distretto di Bellinzona,TI,CH
2674,Giubiasco,Bellinzona,Distretto di Bellinzona,TI,CH
2675,Monte Carasso,Bellinzona,Distretto di Bellinzona,TI,CH
2676,Sementina,Bellinzona,Distretto di Bellinzona,TI,CH
2677,Gudo,Bellinzona,Distretto di Bellinzona,TI,CH
2678,Gorduno,Bellinzona,Distretto di Bellinzona,TI,CH
2679,Preonzo,Bellinzona,Distretto di Bellinzona,TI,CH
2680,Moleno,Bellinzona,Distretto di Bellinzona,TI,CH
2681,Gnosca,Bellinzona,Distretto di Bellinzona,TI,CH
2682,Camorino,Bellinzona,Distretto di Bellinzona,TI,CH
2683,Pianezzo,Bellinzona,Distretto di Bellinzona,TI,CH
2684,S. Antonio (Val Morobbia),Bellinzona,Distretto di Bellinzona,TI,CH
2685,Carena,Bellinzona,Distretto di Bellinzona,TI,CH
2686,Claro,Bellinzona,Distretto di Bellinzona,TI,CH
2687,Cadenazzo,Cadenazzo,Distretto di Bellinzona,TI,CH
2688,Robasacco,Cadenazzo,Distretto di Bellinzona,TI,CH
2689,Isone,Isone,Distretto di Bellinzona,TI,CH
2690,Lumino,Lumino,Distretto di Bellinzona,TI,CH
2691,S. Antonino,Sant'Antonino,Distretto di Bellinzona,TI,CH
2692,Dongio,Acquarossa,Distretto di Blenio,TI,CH
2693,Acquarossa,Acquarossa,Distretto di Blenio,TI,CH
2694,Leontica,Acquarossa,Distretto di Blenio,TI,CH
2695,Lottigna,Acquarossa,Distretto di Blenio,TI,CH
2696,Motto (Blenio),Acquarossa,Distretto di Blenio,TI,CH
2697,Corzoneso,Acquarossa,Distretto di Blenio,TI,CH
2698,Prugiasco,Acquarossa,Distretto di Blenio,TI,CH
2699,Castro,Acquarossa,Distretto di Blenio,TI,CH
2700,Marolta,Acquarossa,Distretto di Blenio,TI,CH
2701,Ponto Valentino,Acquarossa,Distretto di Blenio,TI,CH
2702,Largario,Acquarossa,Distretto di Blenio,TI,CH
2703,Dangio,Blenio,Distretto di Blenio,TI,CH
2704,Torre,Blenio,Distretto di Blenio,TI,CH
2705,Olivone,Blenio,Distretto di Blenio,TI,CH
2706,Camperio,Blenio,Distretto di Blenio,TI,CH
2707,Aquila,Blenio,Distretto di Blenio,TI,CH
2708,Campo (Blenio),Blenio,Distretto di Blenio,TI,CH
2709,Ghirone,Blenio,Distretto di Blenio,TI,CH
2710,Malvaglia,Serravalle,Distretto di Blenio,TI,CH
2711,Semione,Serravalle,Distretto di Blenio,TI,CH
2712,Ludiano,Serravalle,Distretto di Blenio,TI,CH
2713,Airolo,Airolo,Distretto di Leventina,TI,CH
2714,Madrano,Airolo,Distretto di Leventina,TI,CH
2715,Villa Bedretto,Bedretto,Distretto di Leventina,TI,CH
2716,Bedretto,Bedretto,Distretto di Leventina,TI,CH
2717,Bodio TI,Bodio,Distretto di Leventina,TI,CH
2718,Dalpe,Dalpe,Distretto di Leventina,TI,CH
2719,Lavorgo,Faido,Distretto di Leventina,TI,CH
2720,Calonico,Faido,Distretto di Leventina,TI,CH
2721,Nivo,Faido,Distretto di Leventina,TI,CH
2722,Chironico,Faido,Distretto di Leventina,TI,CH
2723,Anzonico,Faido,Distretto di Leventina,TI,CH
2724,Sobrio,Faido,Distretto di Leventina,TI,CH
2725,Cavagnago,Faido,Distretto di Leventina,TI,CH
2726,Faido,Faido,Distretto di Leventina,TI,CH
2727,Molare,Faido,Distretto di Leventina,TI,CH
2728,Calpiogna,Faido,Distretto di Leventina,TI,CH
2729,Campello,Faido,Distretto di Leventina,TI,CH
2730,Carì,Faido,Distretto di Leventina,TI,CH
2731,Rossura,Faido,Distretto di Leventina,TI,CH
2732,Osco,Faido,Distretto di Leventina,TI,CH
2733,Mairengo,Faido,Distretto di Leventina,TI,CH
2734,Chiggiogna,Faido,Distretto di Leventina,TI,CH
2735,Giornico,Giornico,Distretto di Leventina,TI,CH
2736,Personico,Personico,Distretto di Leventina,TI,CH
2737,Pollegio,Pollegio,Distretto di Leventina,TI,CH
2738,Rodi-Fiesso,Prato (Leventina),Distretto di Leventina,TI,CH
2739,Prato (Leventina),Prato (Leventina),Distretto di Leventina,TI,CH
2740,Ambrì,Quinto,Distretto di Leventina,TI,CH
2741,Piotta,Quinto,Distretto di Leventina,TI,CH
2742,Quinto,Quinto,Distretto di Leventina,TI,CH
2743,Varenzo,Quinto,Distretto di Leventina,TI,CH
2744,Ascona,Ascona,Distretto di Locarno,TI,CH
2745,Brione sopra Minusio,Brione sopra Minusio,Distretto di Locarno,TI,CH
2746,Brissago,Brissago,Distretto di Locarno,TI,CH
2747,Isole di Brissago,Brissago,Distretto di Locarno,TI,CH
2748,Gordola,Gordola,Distretto di Locarno,TI,CH
2749,Riazzino,Lavertezzo,Distretto di Locarno,TI,CH
2750,Locarno,Locarno,Distretto di Locarno,TI,CH
2751,Solduno,Locarno,Distretto di Locarno,TI,CH
2752,Losone,Losone,Distretto di Locarno,TI,CH
2753,Arcegno,Losone,Distretto di Locarno,TI,CH
2754,Mergoscia,Mergoscia,Distretto di Locarno,TI,CH
2755,Minusio,Minusio,Distretto di Locarno,TI,CH
2756,Muralto,Muralto,Distretto di Locarno,TI,CH
2757,Orselina,Orselina,Distretto di Locarno,TI,CH
2758,Porto Ronco,Ronco sopra Ascona,Distretto di Locarno,TI,CH
2759,Ronco sopra Ascona,Ronco sopra Ascona,Distretto di Locarno,TI,CH
2760,Tenero,Tenero-Contra,Distretto di Locarno,TI,CH
2761,Contra,Tenero-Contra,Distretto di Locarno,TI,CH
2762,Mosogno,Onsernone,Distretto di Locarno,TI,CH
2763,Gresso,Onsernone,Distretto di Locarno,TI,CH
2764,Crana,Onsernone,Distretto di Locarno,TI,CH
2765,Loco,Onsernone,Distretto di Locarno,TI,CH
2766,Auressio,Onsernone,Distretto di Locarno,TI,CH
2767,Berzona,Onsernone,Distretto di Locarno,TI,CH
2768,Russo,Onsernone,Distretto di Locarno,TI,CH
2769,Comologno,Onsernone,Distretto di Locarno,TI,CH
2770,Spruga,Onsernone,Distretto di Locarno,TI,CH
2771,Vergeletto,Onsernone,Distretto di Locarno,TI,CH
2772,Cugnasco,Cugnasco-Gerra,Distretto di Locarno,TI,CH
2773,Agarone,Cugnasco-Gerra,Distretto di Locarno,TI,CH
2774,Agno,Agno,Distretto di Lugano,TI,CH
2775,Cassina d'Agno,Agno,Distretto di Lugano,TI,CH
2776,Aranno,Aranno,Distretto di Lugano,TI,CH
2777,Arogno,Arogno,Distretto di Lugano,TI,CH
2778,Pugerna,Arogno,Distretto di Lugano,TI,CH
2779,Astano,Astano,Distretto di Lugano,TI,CH
2780,Bedano,Bedano,Distretto di Lugano,TI,CH
2781,Bedigliora,Bedigliora,Distretto di Lugano,TI,CH
2782,Banco,Bedigliora,Distretto di Lugano,TI,CH
2783,Beride di Bedigliora,Bedigliora,Distretto di Lugano,TI,CH
2784,Bioggio,Bioggio,Distretto di Lugano,TI,CH
2785,Bosco Luganese,Bioggio,Distretto di Lugano,TI,CH
2786,Cimo,Bioggio,Distretto di Lugano,TI,CH
2787,Iseo,Bioggio,Distretto di Lugano,TI,CH
2788,Bissone,Bissone,Distretto di Lugano,TI,CH
2789,Brusino Arsizio,Brusino Arsizio,Distretto di Lugano,TI,CH
2790,Serpiano,Brusino Arsizio,Distretto di Lugano,TI,CH
2791,Cademario,Cademario,Distretto di Lugano,TI,CH
2792,Cadempino,Cadempino,Distretto di Lugano,TI,CH
2793,Canobbio,Canobbio,Distretto di Lugano,TI,CH
2794,Caslano,Caslano,Distretto di Lugano,TI,CH
2795,Comano,Comano,Distretto di Lugano,TI,CH
2796,Cureglia,Cureglia,Distretto di Lugano,TI,CH
2797,Bombinasco,Curio,Distretto di Lugano,TI,CH
2798,Curio,Curio,Distretto di Lugano,TI,CH
2799,Grancia,Grancia,Distretto di Lugano,TI,CH
2800,Gravesano,Gravesano,Distretto di Lugano,TI,CH
2801,Lamone,Lamone,Distretto di Lugano,TI,CH
2802,Lugano,Lugano,Distretto di Lugano,TI,CH
2803,Pazzallo,Lugano,Distretto di Lugano,TI,CH
2804,Carabbia,Lugano,Distretto di Lugano,TI,CH
2805,Carona,Lugano,Distretto di Lugano,TI,CH
2806,Pambio-Noranco,Lugano,Distretto di Lugano,TI,CH
2807,Barbengo,Lugano,Distretto di Lugano,TI,CH
2808,Figino,Lugano,Distretto di Lugano,TI,CH
2809,Breganzona,Lugano,Distretto di Lugano,TI,CH
2810,Insone,Lugano,Distretto di Lugano,TI,CH
2811,Scareglia,Lugano,Distretto di Lugano,TI,CH
2812,Colla,Lugano,Distretto di Lugano,TI,CH
2813,Bogno,Lugano,Distretto di Lugano,TI,CH
2814,Cozzo,Lugano,Distretto di Lugano,TI,CH
2815,Signôra,Lugano,Distretto di Lugano,TI,CH
2816,Maglio di Colla,Lugano,Distretto di Lugano,TI,CH
2817,Certara,Lugano,Distretto di Lugano,TI,CH
2818,Curtina,Lugano,Distretto di Lugano,TI,CH
2819,Cimadera,Lugano,Distretto di Lugano,TI,CH
2820,Piandera Paese,Lugano,Distretto di Lugano,TI,CH
2821,Viganello,Lugano,Distretto di Lugano,TI,CH
2822,Pregassona,Lugano,Distretto di Lugano,TI,CH
2823,Cureggia,Lugano,Distretto di Lugano,TI,CH
2824,Davesco-Soragno,Lugano,Distretto di Lugano,TI,CH
2825,Cadro,Lugano,Distretto di Lugano,TI,CH
2826,Villa Luganese,Lugano,Distretto di Lugano,TI,CH
2827,Dino,Lugano,Distretto di Lugano,TI,CH
2828,Sonvico,Lugano,Distretto di Lugano,TI,CH
2829,Aldesago,Lugano,Distretto di Lugano,TI,CH
2830,Castagnola,Lugano,Distretto di Lugano,TI,CH
2831,Ruvigliana,Lugano,Distretto di Lugano,TI,CH
2832,Gandria,Lugano,Distretto di Lugano,TI,CH
2833,Brè sopra Lugano,Lugano,Distretto di Lugano,TI,CH
2834,Magliaso,Magliaso,Distretto di Lugano,TI,CH
2835,Manno,Manno,Distretto di Lugano,TI,CH
2836,Maroggia,Maroggia,Distretto di Lugano,TI,CH
2837,Massagno,Massagno,Distretto di Lugano,TI,CH
2838,Melano,Melano,Distretto di Lugano,TI,CH
2839,Melide,Melide,Distretto di Lugano,TI,CH
2840,Mezzovico,Mezzovico-Vira,Distretto di Lugano,TI,CH
2841,Miglieglia,Miglieglia,Distretto di Lugano,TI,CH
2842,Morcote,Morcote,Distretto di Lugano,TI,CH
2843,Muzzano,Muzzano,Distretto di Lugano,TI,CH
2844,Neggio,Neggio,Distretto di Lugano,TI,CH
2845,Novaggio,Novaggio,Distretto di Lugano,TI,CH
2846,Origlio,Origlio,Distretto di Lugano,TI,CH
2847,Paradiso,Paradiso,Distretto di Lugano,TI,CH
2848,Ponte Capriasca,Ponte Capriasca,Distretto di Lugano,TI,CH
2849,Porza,Porza,Distretto di Lugano,TI,CH
2850,Pura,Pura,Distretto di Lugano,TI,CH
2851,Rovio,Rovio,Distretto di Lugano,TI,CH
2852,Savosa,Savosa,Distretto di Lugano,TI,CH
2853,Sorengo,Sorengo,Distretto di Lugano,TI,CH
2854,Vaglio,Capriasca,Distretto di Lugano,TI,CH
2855,Tesserete,Capriasca,Distretto di Lugano,TI,CH
2856,Lugaggia,Capriasca,Distretto di Lugano,TI,CH
2857,Sala Capriasca,Capriasca,Distretto di Lugano,TI,CH
2858,Bigorio,Capriasca,Distretto di Lugano,TI,CH
2859,Cagiallo,Capriasca,Distretto di Lugano,TI,CH
2860,Oggio,Capriasca,Distretto di Lugano,TI,CH
2861,Lopagno,Capriasca,Distretto di Lugano,TI,CH
2862,Roveredo TI,Capriasca,Distretto di Lugano,TI,CH
2863,Bidogno,Capriasca,Distretto di Lugano,TI,CH
2864,Corticiasca,Capriasca,Distretto di Lugano,TI,CH
2865,Odogno,Capriasca,Distretto di Lugano,TI,CH
2866,Taverne,Torricella-Taverne,Distretto di Lugano,TI,CH
2867,Torricella,Torricella-Taverne,Distretto di Lugano,TI,CH
2868,Vernate,Vernate,Distretto di Lugano,TI,CH
2869,Vezia,Vezia,Distretto di Lugano,TI,CH
2870,Vico Morcote,Vico Morcote,Distretto di Lugano,TI,CH
2871,Carabietta,Collina d'Oro,Distretto di Lugano,TI,CH
2872,Gentilino,Collina d'Oro,Distretto di Lugano,TI,CH
2873,Montagnola,Collina d'Oro,Distretto di Lugano,TI,CH
2874,Agra,Collina d'Oro,Distretto di Lugano,TI,CH
2875,Breno,Alto Malcantone,Distretto di Lugano,TI,CH
2876,Vezio,Alto Malcantone,Distretto di Lugano,TI,CH
2877,Fescoggia,Alto Malcantone,Distretto di Lugano,TI,CH
2878,Mugena,Alto Malcantone,Distretto di Lugano,TI,CH
2879,Arosio,Alto Malcantone,Distretto di Lugano,TI,CH
2880,Rivera,Monteceneri,Distretto di Lugano,TI,CH
2881,Camignolo,Monteceneri,Distretto di Lugano,TI,CH
2882,Bironico,Monteceneri,Distretto di Lugano,TI,CH
2883,Sigirino,Monteceneri,Distretto di Lugano,TI,CH
2884,Medeglia,Monteceneri,Distretto di Lugano,TI,CH
2885,Castelrotto,Tresa,Distretto di Lugano,TI,CH
2886,Ponte Tresa,Tresa,Distretto di Lugano,TI,CH
2887,Purasca,Tresa,Distretto di Lugano,TI,CH
2888,Madonna del Piano,Tresa,Distretto di Lugano,TI,CH
2889,Sessa,Tresa,Distretto di Lugano,TI,CH
2890,Monteggio,Tresa,Distretto di Lugano,TI,CH
2891,Balerna,Balerna,Distretto di Mendrisio,TI,CH
2892,Corteglia,Castel San Pietro,Distretto di Mendrisio,TI,CH
2893,Castel San Pietro,Castel San Pietro,Distretto di Mendrisio,TI,CH
2894,Monte,Castel San Pietro,Distretto di Mendrisio,TI,CH
2895,Casima,Castel San Pietro,Distretto di Mendrisio,TI,CH
2896,Campora,Castel San Pietro,Distretto di Mendrisio,TI,CH
2897,Chiasso,Chiasso,Distretto di Mendrisio,TI,CH
2898,Pedrinate,Chiasso,Distretto di Mendrisio,TI,CH
2899,Seseglio,Chiasso,Distretto di Mendrisio,TI,CH
2900,Coldrerio,Coldrerio,Distretto di Mendrisio,TI,CH
2901,Capolago,Mendrisio,Distretto di Mendrisio,TI,CH
2902,Mendrisio,Mendrisio,Distretto di Mendrisio,TI,CH
2903,Genestrerio,Mendrisio,Distretto di Mendrisio,TI,CH
2904,Ligornetto,Mendrisio,Distretto di Mendrisio,TI,CH
2905,Rancate,Mendrisio,Distretto di Mendrisio,TI,CH
2906,Besazio,Mendrisio,Distretto di Mendrisio,TI,CH
2907,Arzo,Mendrisio,Distretto di Mendrisio,TI,CH
2908,Tremona,Mendrisio,Distretto di Mendrisio,TI,CH
2909,Meride,Mendrisio,Distretto di Mendrisio,TI,CH
2910,Salorino,Mendrisio,Distretto di Mendrisio,TI,CH
2911,Somazzo,Mendrisio,Distretto di Mendrisio,TI,CH
2912,Morbio Inferiore,Morbio Inferiore,Distretto di Mendrisio,TI,CH
2913,Novazzano,Novazzano,Distretto di Mendrisio,TI,CH
2914,Riva San Vitale,Riva San Vitale,Distretto di Mendrisio,TI,CH
2915,S. Pietro,Stabio,Distretto di Mendrisio,TI,CH
2916,Stabio,Stabio,Distretto di Mendrisio,TI,CH
2917,Vacallo,Vacallo,Distretto di Mendrisio,TI,CH
2918,Morbio Superiore,Breggia,Distretto di Mendrisio,TI,CH
2919,Caneggio,Breggia,Distretto di Mendrisio,TI,CH
2920,Bruzella,Breggia,Distretto di Mendrisio,TI,CH
2921,Muggio,Breggia,Distretto di Mendrisio,TI,CH
2922,Cabbio,Breggia,Distretto di Mendrisio,TI,CH
2923,Sagno,Breggia,Distretto di Mendrisio,TI,CH
2924,Biasca,Biasca,Distretto di Riviera,TI,CH
2925,Prosito,Riviera,Distretto di Riviera,TI,CH
2926,Lodrino,Riviera,Distretto di Riviera,TI,CH
2927,Osogna,Riviera,Distretto di Riviera,TI,CH
2928,Cresciano,Riviera,Distretto di Riviera,TI,CH
2929,Iragna,Riviera,Distretto di Riviera,TI,CH
2930,Bosco/Gurin,Bosco/Gurin,Distretto di Vallemaggia,TI,CH
2931,Niva (Vallemaggia),Campo (Vallemaggia),Distretto di Vallemaggia,TI,CH
2932,Campo (Vallemaggia),Campo (Vallemaggia),Distretto di Vallemaggia,TI,CH
2933,Cimalmotto,Campo (Vallemaggia),Distretto di Vallemaggia,TI,CH
2934,Cerentino,Cerentino,Distretto di Vallemaggia,TI,CH
2935,Cevio,Cevio,Distretto di Vallemaggia,TI,CH
2936,Bignasco,Cevio,Distretto di Vallemaggia,TI,CH
2937,Cavergno,Cevio,Distretto di Vallemaggia,TI,CH
2938,S. Carlo (Val Bavona),Cevio,Distretto di Vallemaggia,TI,CH
2939,Linescio,Linescio,Distretto di Vallemaggia,TI,CH
2940,Maggia,Maggia,Distretto di Vallemaggia,TI,CH
2941,Someo,Maggia,Distretto di Vallemaggia,TI,CH
2942,Riveo,Maggia,Distretto di Vallemaggia,TI,CH
2943,Aurigeno,Maggia,Distretto di Vallemaggia,TI,CH
2944,Moghegno,Maggia,Distretto di Vallemaggia,TI,CH
2945,Giumaglio,Maggia,Distretto di Vallemaggia,TI,CH
2946,Lodano,Maggia,Distretto di Vallemaggia,TI,CH
2947,Coglio,Maggia,Distretto di Vallemaggia,TI,CH
2948,Menzonio,Lavizzara,Distretto di Vallemaggia,TI,CH
2949,Brontallo,Lavizzara,Distretto di Vallemaggia,TI,CH
2950,Broglio,Lavizzara,Distretto di Vallemaggia,TI,CH
2951,Prato-Sornico,Lavizzara,Distretto di Vallemaggia,TI,CH
2952,Peccia,Lavizzara,Distretto di Vallemaggia,TI,CH
2953,Piano di Peccia,Lavizzara,Distretto di Vallemaggia,TI,CH
2954,Fusio,Lavizzara,Distretto di Vallemaggia,TI,CH
2955,Avegno,Avegno Gordevio,Distretto di Vallemaggia,TI,CH
2956,Gordevio,Avegno Gordevio,Distretto di Vallemaggia,TI,CH
2957,Tegna,Terre di Pedemonte,Distretto di Locarno,TI,CH
2958,Verscio,Terre di Pedemonte,Distretto di Locarno,TI,CH
2959,Cavigliano,Terre di Pedemonte,Distretto di Locarno,TI,CH
2960,Intragna,Centovalli,Distretto di Locarno,TI,CH
2961,Verdasio,Centovalli,Distretto di Locarno,TI,CH
2962,Rasa,Centovalli,Distretto di Locarno,TI,CH
2963,Golino,Centovalli,Distretto di Locarno,TI,CH
2964,Palagnedra,Centovalli,Distretto di Locarno,TI,CH
2965,Borgnone,Centovalli,Distretto di Locarno,TI,CH
2966,Camedo,Centovalli,Distretto di Locarno,TI,CH
2967,Moneto,Centovalli,Distretto di Locarno,TI,CH
2968,Indemini,Gambarogno,Distretto di Locarno,TI,CH
2969,Quartino,Gambarogno,Distretto di Locarno,TI,CH
2970,Magadino,Gambarogno,Distretto di Locarno,TI,CH
2971,Vira (Gambarogno),Gambarogno,Distretto di Locarno,TI,CH
2972,S. Nazzaro,Gambarogno,Distretto di Locarno,TI,CH
2973,Vairano,Gambarogno,Distretto di Locarno,TI,CH
2974,Gerra (Gambarogno),Gambarogno,Distretto di Locarno,TI,CH
2975,Ranzo,Gambarogno,Distretto di Locarno,TI,CH
2976,Caviano,Gambarogno,Distretto di Locarno,TI,CH
2977,Piazzogna,Gambarogno,Distretto di Locarno,TI,CH
2978,Contone,Gambarogno,Distretto di Locarno,TI,CH
2979,Corippo,Verzasca,Distretto di Locarno,TI,CH
2980,Vogorno,Verzasca,Distretto di Locarno,TI,CH
2981,Lavertezzo,Verzasca,Distretto di Locarno,TI,CH
2982,Brione (Verzasca),Verzasca,Distretto di Locarno,TI,CH
2983,Gerra (Verzasca),Verzasca,Distretto di Locarno,TI,CH
2984,Frasco,Verzasca,Distretto di Locarno,TI,CH
2985,Sonogno,Verzasca,Distretto di Locarno,TI,CH
2986,Aigle,Aigle,District d'Aigle,VD,CH
2987,Bex,Bex,District d'Aigle,VD,CH
2988,Frenières-sur-Bex,Bex,District d'Aigle,VD,CH
2989,Fenalet-sur-Bex,Bex,District d'Aigle,VD,CH
2990,Les Plans-sur-Bex,Bex,District d'Aigle,VD,CH
2991,Les Posses-sur-Bex,Bex,District d'Aigle,VD,CH
2992,Chessel,Chessel,District d'Aigle,VD,CH
2993,Corbeyrier,Corbeyrier,District d'Aigle,VD,CH
2994,Gryon,Gryon,District d'Aigle,VD,CH
2995,Lavey-Village,Lavey-Morcles,District d'Aigle,VD,CH
2996,Lavey-les-Bains,Lavey-Morcles,District d'Aigle,VD,CH
2997,Morcles,Lavey-Morcles,District d'Aigle,VD,CH
2998,Leysin,Leysin,District d'Aigle,VD,CH
2999,Noville,Noville,District d'Aigle,VD,CH
3000,Ollon VD,Ollon,District d'Aigle,VD,CH
3001,St-Triphon,Ollon,District d'Aigle,VD,CH
3002,Panex,Ollon,District d'Aigle,VD,CH
3003,Villars-sur-Ollon,Ollon,District d'Aigle,VD,CH
3004,Arveyes,Ollon,District d'Aigle,VD,CH
3005,Huémoz,Ollon,District d'Aigle,VD,CH
3006,Chesières,Ollon,District d'Aigle,VD,CH
3007,Les Mosses,Ormont-Dessous,District d'Aigle,VD,CH
3008,La Comballaz,Ormont-Dessous,District d'Aigle,VD,CH
3009,Le Sépey,Ormont-Dessous,District d'Aigle,VD,CH
3010,La Forclaz VD,Ormont-Dessous,District d'Aigle,VD,CH
3011,Vers-l'Eglise,Ormont-Dessus,District d'Aigle,VD,CH
3012,Les Diablerets,Ormont-Dessus,District d'Aigle,VD,CH
3013,Rennaz,Rennaz,District d'Aigle,VD,CH
3014,Roche VD,Roche (VD),District d'Aigle,VD,CH
3015,Villeneuve VD,Villeneuve (VD),District d'Aigle,VD,CH
3016,Yvorne,Yvorne,District d'Aigle,VD,CH
3017,Aubonne,Aubonne,District de Morges,VD,CH
3018,Montherod,Aubonne,District de Morges,VD,CH
3019,Pizy,Aubonne,District de Morges,VD,CH
3020,Ballens,Ballens,District de Morges,VD,CH
3021,Berolle,Berolle,District de Morges,VD,CH
3022,Bière,Bière,District de Morges,VD,CH
3023,Bougy-Villars,Bougy-Villars,District de Morges,VD,CH
3024,Féchy,Féchy,District de Morges,VD,CH
3025,Gimel,Gimel,District de Morges,VD,CH
3026,Longirod,Longirod,District de Nyon,VD,CH
3027,Marchissy,Marchissy,District de Nyon,VD,CH
3028,Mollens VD,Mollens (VD),District de Morges,VD,CH
3029,St-George,Saint-George,District de Nyon,VD,CH
3030,St-Livres,Saint-Livres,District de Morges,VD,CH
3031,St-Oyens,Saint-Oyens,District de Morges,VD,CH
3032,Saubraz,Saubraz,District de Morges,VD,CH
3033,Avenches,Avenches,District de la Broye-Vully,VD,CH
3034,Oleyres,Avenches,District de la Broye-Vully,VD,CH
3035,Donatyre,Avenches,District de la Broye-Vully,VD,CH
3036,Cudrefin,Cudrefin,District de la Broye-Vully,VD,CH
3037,Faoug,Faoug,District de la Broye-Vully,VD,CH
3038,Villars-le-Grand,Vully-les-Lacs,District de la Broye-Vully,VD,CH
3039,Salavaux,Vully-les-Lacs,District de la Broye-Vully,VD,CH
3040,Bellerive VD,Vully-les-Lacs,District de la Broye-Vully,VD,CH
3041,Cotterd,Vully-les-Lacs,District de la Broye-Vully,VD,CH
3042,Vallamand,Vully-les-Lacs,District de la Broye-Vully,VD,CH
3043,Montmagny,Vully-les-Lacs,District de la Broye-Vully,VD,CH
3044,Constantine,Vully-les-Lacs,District de la Broye-Vully,VD,CH
3045,Chabrey,Vully-les-Lacs,District de la Broye-Vully,VD,CH
3046,Mur (Vully) VD,Vully-les-Lacs,District de la Broye-Vully,VD,CH
3047,Bettens,Bettens,District du Gros-de-Vaud,VD,CH
3048,Bournens,Bournens,District du Gros-de-Vaud,VD,CH
3049,Boussens,Boussens,District du Gros-de-Vaud,VD,CH
3050,La Chaux (Cossonay),La Chaux (Cossonay),District de Morges,VD,CH
3051,Chavannes-le-Veyron,Chavannes-le-Veyron,District de Morges,VD,CH
3052,Chevilly,Chevilly,District de Morges,VD,CH
3053,Cossonay-Ville,Cossonay,District de Morges,VD,CH
3054,Allens,Cossonay,District de Morges,VD,CH
3055,Cuarnens,Cuarnens,District de Morges,VD,CH
3056,Daillens,Daillens,District du Gros-de-Vaud,VD,CH
3057,Dizy,Dizy,District de Morges,VD,CH
3058,Eclépens,Eclépens,District de Morges,VD,CH
3059,Ferreyres,Ferreyres,District de Morges,VD,CH
3060,Gollion,Gollion,District de Morges,VD,CH
3061,Grancy,Grancy,District de Morges,VD,CH
3062,L'Isle,L'Isle,District de Morges,VD,CH
3063,Villars-Bozon,L'Isle,District de Morges,VD,CH
3064,La Coudre,L'Isle,District de Morges,VD,CH
3065,Lussery-Villars,Lussery-Villars,District du Gros-de-Vaud,VD,CH
3066,Mauraz,Mauraz,District de Morges,VD,CH
3067,Mex VD,Mex (VD),District du Gros-de-Vaud,VD,CH
3068,Moiry VD,Moiry,District de Morges,VD,CH
3069,Mont-la-Ville,Mont-la-Ville,District de Morges,VD,CH
3070,Montricher,Montricher,District de Morges,VD,CH
3071,Orny,Orny,District de Morges,VD,CH
3072,Penthalaz,Penthalaz,District du Gros-de-Vaud,VD,CH
3073,Penthaz,Penthaz,District du Gros-de-Vaud,VD,CH
3074,Pompaples,Pompaples,District de Morges,VD,CH
3075,La Sarraz,La Sarraz,District de Morges,VD,CH
3076,Senarclens,Senarclens,District de Morges,VD,CH
3077,Sullens,Sullens,District du Gros-de-Vaud,VD,CH
3078,Vufflens-la-Ville,Vufflens-la-Ville,District du Gros-de-Vaud,VD,CH
3079,Assens,Assens,District du Gros-de-Vaud,VD,CH
3080,Bioley-Orjulaz,Assens,District du Gros-de-Vaud,VD,CH
3081,Bercher,Bercher,District du Gros-de-Vaud,VD,CH
3082,Bottens,Bottens,District du Gros-de-Vaud,VD,CH
3083,Bretigny-sur-Morrens,Bretigny-sur-Morrens,District du Gros-de-Vaud,VD,CH
3084,Cugy VD,Cugy (VD),District du Gros-de-Vaud,VD,CH
3085,Echallens,Echallens,District du Gros-de-Vaud,VD,CH
3086,Essertines-sur-Yverdon,Essertines-sur-Yverdon,District du Gros-de-Vaud,VD,CH
3087,Epautheyres,Essertines-sur-Yverdon,District du Gros-de-Vaud,VD,CH
3088,Etagnières,Etagnières,District du Gros-de-Vaud,VD,CH
3089,Fey,Fey,District du Gros-de-Vaud,VD,CH
3090,Froideville,Froideville,District du Gros-de-Vaud,VD,CH
3091,Morrens VD,Morrens (VD),District du Gros-de-Vaud,VD,CH
3092,Oulens-sous-Echallens,Oulens-sous-Echallens,District du Gros-de-Vaud,VD,CH
3093,Pailly,Pailly,District du Gros-de-Vaud,VD,CH
3094,Penthéréaz,Penthéréaz,District du Gros-de-Vaud,VD,CH
3095,Poliez-Pittet,Poliez-Pittet,District du Gros-de-Vaud,VD,CH
3096,Rueyres,Rueyres,District du Gros-de-Vaud,VD,CH
3097,St-Barthélemy VD,Saint-Barthélemy (VD),District du Gros-de-Vaud,VD,CH
3098,Villars-le-Terroir,Villars-le-Terroir,District du Gros-de-Vaud,VD,CH
3099,Vuarrens,Vuarrens,District du Gros-de-Vaud,VD,CH
3100,Dommartin,Montilliez,District du Gros-de-Vaud,VD,CH
3101,Naz,Montilliez,District du Gros-de-Vaud,VD,CH
3102,Poliez-le-Grand,Montilliez,District du Gros-de-Vaud,VD,CH
3103,Sugnens,Montilliez,District du Gros-de-Vaud,VD,CH
3104,Goumoens-la-Ville,Goumoëns,District du Gros-de-Vaud,VD,CH
3105,Eclagnens,Goumoëns,District du Gros-de-Vaud,VD,CH
3106,Goumoens-le-Jux,Goumoëns,District du Gros-de-Vaud,VD,CH
3107,Bonvillars,Bonvillars,District du Jura-Nord vaudois,VD,CH
3108,Les Rasses,Bullet,District du Jura-Nord vaudois,VD,CH
3109,Bullet,Bullet,District du Jura-Nord vaudois,VD,CH
3110,Champagne,Champagne,District du Jura-Nord vaudois,VD,CH
3111,Concise,Concise,District du Jura-Nord vaudois,VD,CH
3112,Corcelles-près-Concise,Corcelles-près-Concise,District du Jura-Nord vaudois,VD,CH
3113,Fiez,Fiez,District du Jura-Nord vaudois,VD,CH
3114,Fontaines-sur-Grandson,Fontaines-sur-Grandson,District du Jura-Nord vaudois,VD,CH
3115,Giez,Giez,District du Jura-Nord vaudois,VD,CH
3116,Grandevent,Grandevent,District du Jura-Nord vaudois,VD,CH
3117,Grandson,Grandson,District du Jura-Nord vaudois,VD,CH
3118,Mauborget,Mauborget,District du Jura-Nord vaudois,VD,CH
3119,Mutrux,Mutrux,District du Jura-Nord vaudois,VD,CH
3120,Novalles,Novalles,District du Jura-Nord vaudois,VD,CH
3121,Onnens VD,Onnens (VD),District du Jura-Nord vaudois,VD,CH
3122,Provence,Provence,District du Jura-Nord vaudois,VD,CH
3123,Ste-Croix,Sainte-Croix,District du Jura-Nord vaudois,VD,CH
3124,La Sagne (Ste-Croix),Sainte-Croix,District du Jura-Nord vaudois,VD,CH
3125,Le Château-de-Ste-Croix,Sainte-Croix,District du Jura-Nord vaudois,VD,CH
3126,L'Auberson,Sainte-Croix,District du Jura-Nord vaudois,VD,CH
3127,La Vraconnaz,Sainte-Croix,District du Jura-Nord vaudois,VD,CH
3128,Villars-Burquin,Tévenon,District du Jura-Nord vaudois,VD,CH
3129,Fontanezier,Tévenon,District du Jura-Nord vaudois,VD,CH
3130,Romairon,Tévenon,District du Jura-Nord vaudois,VD,CH
3131,Vaugondry,Tévenon,District du Jura-Nord vaudois,VD,CH
3132,Belmont-sur-Lausanne,Belmont-sur-Lausanne,District de Lavaux-Oron,VD,CH
3133,Cheseaux-sur-Lausanne,Cheseaux-sur-Lausanne,District de Lausanne,VD,CH
3134,Crissier,Crissier,District de l'Ouest lausannois,VD,CH
3135,Epalinges,Epalinges,District de Lausanne,VD,CH
3136,Jouxtens-Mézery,Jouxtens-Mézery,District de Lausanne,VD,CH
3137,Lausanne 25,Lausanne,District de Lausanne,VD,CH
3138,Lausanne 26,Lausanne,District de Lausanne,VD,CH
3139,Lausanne 27,Lausanne,District de Lausanne,VD,CH
3140,Lausanne,Lausanne,District de Lausanne,VD,CH
3141,Le Mont-sur-Lausanne,Le Mont-sur-Lausanne,District de Lausanne,VD,CH
3142,Paudex,Paudex,District de Lavaux-Oron,VD,CH
3143,Prilly,Prilly,District de l'Ouest lausannois,VD,CH
3144,Pully,Pully,District de Lavaux-Oron,VD,CH
3145,Les Monts-de-Pully,Pully,District de Lavaux-Oron,VD,CH
3146,Renens VD,Renens (VD),District de l'Ouest lausannois,VD,CH
3147,Romanel-sur-Lausanne,Romanel-sur-Lausanne,District de Lausanne,VD,CH
3148,Chexbres,Chexbres,District de Lavaux-Oron,VD,CH
3149,Forel (Lavaux),Forel (Lavaux),District de Lavaux-Oron,VD,CH
3150,La Croix (Lutry),Lutry,District de Lavaux-Oron,VD,CH
3151,La Conversion,Lutry,District de Lavaux-Oron,VD,CH
3152,Lutry,Lutry,District de Lavaux-Oron,VD,CH
3153,Puidoux,Puidoux,District de Lavaux-Oron,VD,CH
3154,Rivaz,Rivaz,District de Lavaux-Oron,VD,CH
3155,St-Saphorin (Lavaux),Saint-Saphorin (Lavaux),District de Lavaux-Oron,VD,CH
3156,Savigny,Savigny,District de Lavaux-Oron,VD,CH
3157,Mollie-Margot,Savigny,District de Lavaux-Oron,VD,CH
3158,Grandvaux,Bourg-en-Lavaux,District de Lavaux-Oron,VD,CH
3159,Aran,Bourg-en-Lavaux,District de Lavaux-Oron,VD,CH
3160,Chenaux,Bourg-en-Lavaux,District de Lavaux-Oron,VD,CH
3161,Cully,Bourg-en-Lavaux,District de Lavaux-Oron,VD,CH
3162,Villette (Lavaux),Bourg-en-Lavaux,District de Lavaux-Oron,VD,CH
3163,Riex,Bourg-en-Lavaux,District de Lavaux-Oron,VD,CH
3164,Epesses,Bourg-en-Lavaux,District de Lavaux-Oron,VD,CH
3165,Aclens,Aclens,District de Morges,VD,CH
3166,Bremblens,Bremblens,District de Morges,VD,CH
3167,Buchillon,Buchillon,District de Morges,VD,CH
3168,Bussigny,Bussigny,District de l'Ouest lausannois,VD,CH
3169,Chavannes-près-Renens,Chavannes-près-Renens,District de l'Ouest lausannois,VD,CH
3170,Chigny,Chigny,District de Morges,VD,CH
3171,Clarmont,Clarmont,District de Morges,VD,CH
3172,Denens,Denens,District de Morges,VD,CH
3173,Denges,Denges,District de Morges,VD,CH
3174,Echandens,Echandens,District de Morges,VD,CH
3175,Echichens,Echichens,District de Morges,VD,CH
3176,St-Saphorin-sur-Morges,Echichens,District de Morges,VD,CH
3177,Colombier VD,Echichens,District de Morges,VD,CH
3178,Monnaz,Echichens,District de Morges,VD,CH
3179,Ecublens VD,Ecublens (VD),District de l'Ouest lausannois,VD,CH
3180,Etoy,Etoy,District de Morges,VD,CH
3181,Lavigny,Lavigny,District de Morges,VD,CH
3182,Lonay,Lonay,District de Morges,VD,CH
3183,Lully VD,Lully (VD),District de Morges,VD,CH
3184,Lussy-sur-Morges,Lussy-sur-Morges,District de Morges,VD,CH
3185,Morges,Morges,District de Morges,VD,CH
3186,Préverenges,Préverenges,District de Morges,VD,CH
3187,Romanel-sur-Morges,Romanel-sur-Morges,District de Morges,VD,CH
3188,St-Prex,Saint-Prex,District de Morges,VD,CH
3189,St-Sulpice VD,Saint-Sulpice (VD),District de l'Ouest lausannois,VD,CH
3190,Tolochenaz,Tolochenaz,District de Morges,VD,CH
3191,Vaux-sur-Morges,Vaux-sur-Morges,District de Morges,VD,CH
3192,Villars-Ste-Croix,Villars-Sainte-Croix,District de l'Ouest lausannois,VD,CH
3193,Villars-sous-Yens,Villars-sous-Yens,District de Morges,VD,CH
3194,Vufflens-le-Château,Vufflens-le-Château,District de Morges,VD,CH
3195,Vullierens,Vullierens,District de Morges,VD,CH
3196,Yens,Yens,District de Morges,VD,CH
3197,Cottens VD,Hautemorges,District de Morges,VD,CH
3198,Reverolle,Hautemorges,District de Morges,VD,CH
3199,Bussy-Chardonney,Hautemorges,District de Morges,VD,CH
3200,Sévery,Hautemorges,District de Morges,VD,CH
3201,Pampigny,Hautemorges,District de Morges,VD,CH
3202,Apples,Hautemorges,District de Morges,VD,CH
3203,Boulens,Boulens,District du Gros-de-Vaud,VD,CH
3204,Bussy-sur-Moudon,Bussy-sur-Moudon,District de la Broye-Vully,VD,CH
3205,Chavannes-sur-Moudon,Chavannes-sur-Moudon,District de la Broye-Vully,VD,CH
3206,Curtilles,Curtilles,District de la Broye-Vully,VD,CH
3207,Dompierre VD,Dompierre (VD),District de la Broye-Vully,VD,CH
3208,Hermenches,Hermenches,District de la Broye-Vully,VD,CH
3209,Lovatens,Lovatens,District de la Broye-Vully,VD,CH
3210,Lucens,Lucens,District de la Broye-Vully,VD,CH
3211,Oulens-sur-Lucens,Lucens,District de la Broye-Vully,VD,CH
3212,Forel-sur-Lucens,Lucens,District de la Broye-Vully,VD,CH
3213,Cremin,Lucens,District de la Broye-Vully,VD,CH
3214,Brenles,Lucens,District de la Broye-Vully,VD,CH
3215,Chesalles-sur-Moudon,Lucens,District de la Broye-Vully,VD,CH
3216,Sarzens,Lucens,District de la Broye-Vully,VD,CH
3217,Moudon,Moudon,District de la Broye-Vully,VD,CH
3218,Ogens,Ogens,District du Gros-de-Vaud,VD,CH
3219,Prévonloup,Prévonloup,District de la Broye-Vully,VD,CH
3220,Rossenges,Rossenges,District de la Broye-Vully,VD,CH
3221,Syens,Syens,District de la Broye-Vully,VD,CH
3222,Villars-le-Comte,Villars-le-Comte,District de la Broye-Vully,VD,CH
3223,Vucherens,Vucherens,District de la Broye-Vully,VD,CH
3224,Chapelle-sur-Moudon,Montanaire,District du Gros-de-Vaud,VD,CH
3225,Martherenges,Montanaire,District du Gros-de-Vaud,VD,CH
3226,Peyres-Possens,Montanaire,District du Gros-de-Vaud,VD,CH
3227,Chanéaz,Montanaire,District du Gros-de-Vaud,VD,CH
3228,Thierrens,Montanaire,District du Gros-de-Vaud,VD,CH
3229,Correvon,Montanaire,District du Gros-de-Vaud,VD,CH
3230,Denezy,Montanaire,District du Gros-de-Vaud,VD,CH
3231,St-Cierges,Montanaire,District du Gros-de-Vaud,VD,CH
3232,Neyruz-sur-Moudon,Montanaire,District du Gros-de-Vaud,VD,CH
3233,Arnex-sur-Nyon,Arnex-sur-Nyon,District de Nyon,VD,CH
3234,Arzier-Le Muids,Arzier-Le Muids,District de Nyon,VD,CH
3235,Bassins,Bassins,District de Nyon,VD,CH
3236,Begnins,Begnins,District de Nyon,VD,CH
3237,Bogis-Bossey,Bogis-Bossey,District de Nyon,VD,CH
3238,Borex,Borex,District de Nyon,VD,CH
3239,Chavannes-de-Bogis,Chavannes-de-Bogis,District de Nyon,VD,CH
3240,Chavannes-des-Bois,Chavannes-des-Bois,District de Nyon,VD,CH
3241,Chéserex,Chéserex,District de Nyon,VD,CH
3242,Coinsins,Coinsins,District de Nyon,VD,CH
3243,Commugny,Commugny,District de Nyon,VD,CH
3244,Coppet,Coppet,District de Nyon,VD,CH
3245,Crans VD,Crans (VD),District de Nyon,VD,CH
3246,Crassier,Crassier,District de Nyon,VD,CH
3247,Duillier,Duillier,District de Nyon,VD,CH
3248,Eysins,Eysins,District de Nyon,VD,CH
3249,Founex,Founex,District de Nyon,VD,CH
3250,Genolier,Genolier,District de Nyon,VD,CH
3251,Gingins,Gingins,District de Nyon,VD,CH
3252,Givrins,Givrins,District de Nyon,VD,CH
3253,Gland,Gland,District de Nyon,VD,CH
3254,Grens,Grens,District de Nyon,VD,CH
3255,Mies,Mies,District de Nyon,VD,CH
3256,Nyon,Nyon,District de Nyon,VD,CH
3257,Prangins,Prangins,District de Nyon,VD,CH
3258,La Rippe,La Rippe,District de Nyon,VD,CH
3259,St-Cergue,Saint-Cergue,District de Nyon,VD,CH
3260,La Cure,Saint-Cergue,District de Nyon,VD,CH
3261,Signy,Signy-Avenex,District de Nyon,VD,CH
3262,Tannay,Tannay,District de Nyon,VD,CH
3263,Trélex,Trélex,District de Nyon,VD,CH
3264,Le Vaud,Le Vaud,District de Nyon,VD,CH
3265,Vich,Vich,District de Nyon,VD,CH
3266,L'Abergement,L'Abergement,District du Jura-Nord vaudois,VD,CH
3267,Agiez,Agiez,District du Jura-Nord vaudois,VD,CH
3268,Arnex-sur-Orbe,Arnex-sur-Orbe,District du Jura-Nord vaudois,VD,CH
3269,Ballaigues,Ballaigues,District du Jura-Nord vaudois,VD,CH
3270,Baulmes,Baulmes,District du Jura-Nord vaudois,VD,CH
3271,Bavois,Bavois,District du Jura-Nord vaudois,VD,CH
3272,Bofflens,Bofflens,District du Jura-Nord vaudois,VD,CH
3273,Bretonnières,Bretonnières,District du Jura-Nord vaudois,VD,CH
3274,Chavornay,Chavornay,District du Jura-Nord vaudois,VD,CH
3275,Corcelles-sur-Chavornay,Chavornay,District du Jura-Nord vaudois,VD,CH
3276,Essert-Pittet,Chavornay,District du Jura-Nord vaudois,VD,CH
3277,Les Clées,Les Clées,District du Jura-Nord vaudois,VD,CH
3278,La Russille,Les Clées,District du Jura-Nord vaudois,VD,CH
3279,Croy,Croy,District du Jura-Nord vaudois,VD,CH
3280,Juriens,Juriens,District du Jura-Nord vaudois,VD,CH
3281,Lignerolle,Lignerolle,District du Jura-Nord vaudois,VD,CH
3282,Montcherand,Montcherand,District du Jura-Nord vaudois,VD,CH
3283,Orbe,Orbe,District du Jura-Nord vaudois,VD,CH
3284,La Praz,La Praz,District du Jura-Nord vaudois,VD,CH
3285,Premier,Premier,District du Jura-Nord vaudois,VD,CH
3286,Rances,Rances,District du Jura-Nord vaudois,VD,CH
3287,Romainmôtier,Romainmôtier-Envy,District du Jura-Nord vaudois,VD,CH
3288,Sergey,Sergey,District du Jura-Nord vaudois,VD,CH
3289,Valeyres-sous-Rances,Valeyres-sous-Rances,District du Jura-Nord vaudois,VD,CH
3290,Vallorbe,Vallorbe,District du Jura-Nord vaudois,VD,CH
3291,Vaulion,Vaulion,District du Jura-Nord vaudois,VD,CH
3292,Vuiteboeuf,Vuiteboeuf,District du Jura-Nord vaudois,VD,CH
3293,Corcelles-le-Jorat,Corcelles-le-Jorat,District de la Broye-Vully,VD,CH
3294,Essertes,Oron,District de Lavaux-Oron,VD,CH
3295,Maracon,Maracon,District de Lavaux-Oron,VD,CH
3296,Montpreveyres,Montpreveyres,District de Lavaux-Oron,VD,CH
3297,Ropraz,Ropraz,District de la Broye-Vully,VD,CH
3298,Servion,Servion,District de Lavaux-Oron,VD,CH
3299,Les Cullayes,Servion,District de Lavaux-Oron,VD,CH
3300,Vulliens,Vulliens,District de la Broye-Vully,VD,CH
3301,Montaubion-Chardonney,Jorat-Menthue,District du Gros-de-Vaud,VD,CH
3302,Villars-Tiercelin,Jorat-Menthue,District du Gros-de-Vaud,VD,CH
3303,Peney-le-Jorat,Jorat-Menthue,District du Gros-de-Vaud,VD,CH
3304,Villars-Mendraz,Jorat-Menthue,District du Gros-de-Vaud,VD,CH
3305,Sottens,Jorat-Menthue,District du Gros-de-Vaud,VD,CH
3306,Palézieux,Oron,District de Lavaux-Oron,VD,CH
3307,Palézieux-Village,Oron,District de Lavaux-Oron,VD,CH
3308,Les Tavernes,Oron,District de Lavaux-Oron,VD,CH
3309,Les Thioleyres,Oron,District de Lavaux-Oron,VD,CH
3310,Oron-le-Châtel,Oron,District de Lavaux-Oron,VD,CH
3311,Bussigny-sur-Oron,Oron,District de Lavaux-Oron,VD,CH
3312,Chesalles-sur-Oron,Oron,District de Lavaux-Oron,VD,CH
3313,Oron-la-Ville,Oron,District de Lavaux-Oron,VD,CH
3314,Châtillens,Oron,District de Lavaux-Oron,VD,CH
3315,Vuibroye,Oron,District de Lavaux-Oron,VD,CH
3316,Ecoteaux,Oron,District de Lavaux-Oron,VD,CH
3317,Ferlens VD,Jorat-Mézières,District de Lavaux-Oron,VD,CH
3318,Mézières VD,Jorat-Mézières,District de Lavaux-Oron,VD,CH
3319,Carrouge VD,Jorat-Mézières,District de Lavaux-Oron,VD,CH
3320,Champtauroz,Champtauroz,District de la Broye-Vully,VD,CH
3321,Chevroux,Chevroux,District de la Broye-Vully,VD,CH
3322,Corcelles-près-Payerne,Corcelles-près-Payerne,District de la Broye-Vully,VD,CH
3323,Grandcour,Grandcour,District de la Broye-Vully,VD,CH
3324,Henniez,Henniez,District de la Broye-Vully,VD,CH
3325,Missy,Missy,District de la Broye-Vully,VD,CH
3326,Payerne,Payerne,District de la Broye-Vully,VD,CH
3327,Vers-chez-Perrin,Payerne,District de la Broye-Vully,VD,CH
3328,Trey,Trey,District de la Broye-Vully,VD,CH
3329,Treytorrens (Payerne),Treytorrens (Payerne),District de la Broye-Vully,VD,CH
3330,Sédeilles,Villarzel,District de la Broye-Vully,VD,CH
3331,Rossens VD,Villarzel,District de la Broye-Vully,VD,CH
3332,Villarzel,Villarzel,District de la Broye-Vully,VD,CH
3333,Granges-près-Marnand,Valbroye,District de la Broye-Vully,VD,CH
3334,Marnand,Valbroye,District de la Broye-Vully,VD,CH
3335,Seigneux,Valbroye,District de la Broye-Vully,VD,CH
3336,Sassel,Valbroye,District de la Broye-Vully,VD,CH
3337,Combremont-le-Grand,Valbroye,District de la Broye-Vully,VD,CH
3338,Combremont-le-Petit,Valbroye,District de la Broye-Vully,VD,CH
3339,Villars-Bramard,Valbroye,District de la Broye-Vully,VD,CH
3340,Cerniaz VD,Valbroye,District de la Broye-Vully,VD,CH
3341,Château-d'Oex,Château-d'Oex,District de la Riviera-Pays-d'Enhaut,VD,CH
3342,Les Moulins,Château-d'Oex,District de la Riviera-Pays-d'Enhaut,VD,CH
3343,L'Etivaz,Château-d'Oex,District de la Riviera-Pays-d'Enhaut,VD,CH
3344,La Lécherette,Château-d'Oex,District de la Riviera-Pays-d'Enhaut,VD,CH
3345,Rossinière,Rossinière,District de la Riviera-Pays-d'Enhaut,VD,CH
3346,La Tine,Rossinière,District de la Riviera-Pays-d'Enhaut,VD,CH
3347,Rougemont,Rougemont,District de la Riviera-Pays-d'Enhaut,VD,CH
3348,Flendruz,Rougemont,District de la Riviera-Pays-d'Enhaut,VD,CH
3349,Allaman,Allaman,District de Morges,VD,CH
3350,Bursinel,Bursinel,District de Nyon,VD,CH
3351,Bursins,Bursins,District de Nyon,VD,CH
3352,Burtigny,Burtigny,District de Nyon,VD,CH
3353,Dully,Dully,District de Nyon,VD,CH
3354,Essertines-sur-Rolle,Essertines-sur-Rolle,District de Nyon,VD,CH
3355,Gilly,Gilly,District de Nyon,VD,CH
3356,Luins,Luins,District de Nyon,VD,CH
3357,Mont-sur-Rolle,Mont-sur-Rolle,District de Nyon,VD,CH
3358,Perroy,Perroy,District de Nyon,VD,CH
3359,Rolle,Rolle,District de Nyon,VD,CH
3360,Tartegnin,Tartegnin,District de Nyon,VD,CH
3361,Vinzel,Vinzel,District de Nyon,VD,CH
3362,Le Pont,L'Abbaye,District du Jura-Nord vaudois,VD,CH
3363,L'Abbaye,L'Abbaye,District du Jura-Nord vaudois,VD,CH
3364,Les Bioux,L'Abbaye,District du Jura-Nord vaudois,VD,CH
3365,L'Orient,Le Chenit,District du Jura-Nord vaudois,VD,CH
3366,Le Sentier,Le Chenit,District du Jura-Nord vaudois,VD,CH
3367,Le Solliat,Le Chenit,District du Jura-Nord vaudois,VD,CH
3368,Le Brassus,Le Chenit,District du Jura-Nord vaudois,VD,CH
3369,Les Charbonnières,Le Lieu,District du Jura-Nord vaudois,VD,CH
3370,Le Lieu,Le Lieu,District du Jura-Nord vaudois,VD,CH
3371,Le Séchey,Le Lieu,District du Jura-Nord vaudois,VD,CH
3372,Blonay,Blonay - Saint-Légier,District de la Riviera-Pays-d'Enhaut,VD,CH
3373,Le Mont-Pèlerin,Chardonne,District de la Riviera-Pays-d'Enhaut,VD,CH
3374,Chardonne,Chardonne,District de la Riviera-Pays-d'Enhaut,VD,CH
3375,Corseaux,Corseaux,District de la Riviera-Pays-d'Enhaut,VD,CH
3376,Corsier-sur-Vevey,Corsier-sur-Vevey,District de la Riviera-Pays-d'Enhaut,VD,CH
3377,Les Monts-de-Corsier,Corsier-sur-Vevey,District de la Riviera-Pays-d'Enhaut,VD,CH
3378,Fenil-sur-Corsier,Corsier-sur-Vevey,District de la Riviera-Pays-d'Enhaut,VD,CH
3379,Jongny,Jongny,District de la Riviera-Pays-d'Enhaut,VD,CH
3380,Clarens,Montreux,District de la Riviera-Pays-d'Enhaut,VD,CH
3381,Chailly-Montreux,Montreux,District de la Riviera-Pays-d'Enhaut,VD,CH
3382,Brent,Montreux,District de la Riviera-Pays-d'Enhaut,VD,CH
3383,Montreux,Montreux,District de la Riviera-Pays-d'Enhaut,VD,CH
3384,Territet,Montreux,District de la Riviera-Pays-d'Enhaut,VD,CH
3385,Chernex,Montreux,District de la Riviera-Pays-d'Enhaut,VD,CH
3386,Glion,Montreux,District de la Riviera-Pays-d'Enhaut,VD,CH
3387,Caux,Montreux,District de la Riviera-Pays-d'Enhaut,VD,CH
3388,Chamby,Montreux,District de la Riviera-Pays-d'Enhaut,VD,CH
3389,Villard-sur-Chamby,Montreux,District de la Riviera-Pays-d'Enhaut,VD,CH
3390,Les Avants,Montreux,District de la Riviera-Pays-d'Enhaut,VD,CH
3391,St-Légier-La Chiésaz,Blonay - Saint-Légier,District de la Riviera-Pays-d'Enhaut,VD,CH
3392,La Tour-de-Peilz,La Tour-de-Peilz,District de la Riviera-Pays-d'Enhaut,VD,CH
3393,Vevey,Vevey,District de la Riviera-Pays-d'Enhaut,VD,CH
3394,Veytaux,Veytaux,District de la Riviera-Pays-d'Enhaut,VD,CH
3395,Belmont-sur-Yverdon,Belmont-sur-Yverdon,District du Jura-Nord vaudois,VD,CH
3396,Bioley-Magnoux,Bioley-Magnoux,District du Jura-Nord vaudois,VD,CH
3397,Chamblon,Chamblon,District du Jura-Nord vaudois,VD,CH
3398,Champvent,Champvent,District du Jura-Nord vaudois,VD,CH
3399,Essert-sous-Champvent,Champvent,District du Jura-Nord vaudois,VD,CH
3400,Villars-sous-Champvent,Champvent,District du Jura-Nord vaudois,VD,CH
3401,Chavannes-le-Chêne,Chavannes-le-Chêne,District du Jura-Nord vaudois,VD,CH
3402,Chêne-Pâquier,Chêne-Pâquier,District du Jura-Nord vaudois,VD,CH
3403,Cheseaux-Noréaz,Cheseaux-Noréaz,District du Jura-Nord vaudois,VD,CH
3404,Cronay,Cronay,District du Jura-Nord vaudois,VD,CH
3405,Cuarny,Cuarny,District du Jura-Nord vaudois,VD,CH
3406,Démoret,Démoret,District du Jura-Nord vaudois,VD,CH
3407,Donneloye,Donneloye,District du Jura-Nord vaudois,VD,CH
3408,Gossens,Donneloye,District du Jura-Nord vaudois,VD,CH
3409,Mézery-près-Donneloye,Donneloye,District du Jura-Nord vaudois,VD,CH
3410,Prahins,Donneloye,District du Jura-Nord vaudois,VD,CH
3411,Ependes VD,Ependes (VD),District du Jura-Nord vaudois,VD,CH
3412,Mathod,Mathod,District du Jura-Nord vaudois,VD,CH
3413,Molondin,Molondin,District du Jura-Nord vaudois,VD,CH
3414,Montagny-près-Yverdon,Montagny-près-Yverdon,District du Jura-Nord vaudois,VD,CH
3415,Oppens,Oppens,District du Gros-de-Vaud,VD,CH
3416,Orges,Orges,District du Jura-Nord vaudois,VD,CH
3417,Orzens,Orzens,District du Jura-Nord vaudois,VD,CH
3418,Pomy,Pomy,District du Jura-Nord vaudois,VD,CH
3419,Rovray,Rovray,District du Jura-Nord vaudois,VD,CH
3420,Suchy,Suchy,District du Jura-Nord vaudois,VD,CH
3421,Suscévaz,Suscévaz,District du Jura-Nord vaudois,VD,CH
3422,Treycovagnes,Treycovagnes,District du Jura-Nord vaudois,VD,CH
3423,Ursins,Ursins,District du Jura-Nord vaudois,VD,CH
3424,Valeyres-sous-Montagny,Valeyres-sous-Montagny,District du Jura-Nord vaudois,VD,CH
3425,Valeyres-sous-Ursins,Valeyres-sous-Ursins,District du Jura-Nord vaudois,VD,CH
3426,Villars-Epeney,Villars-Epeney,District du Jura-Nord vaudois,VD,CH
3427,Vugelles-La Mothe,Vugelles-La Mothe,District du Jura-Nord vaudois,VD,CH
3428,Yverdon-les-Bains,Yverdon-les-Bains,District du Jura-Nord vaudois,VD,CH
3429,Gressy,Yverdon-les-Bains,District du Jura-Nord vaudois,VD,CH
3430,Yvonand,Yvonand,District du Jura-Nord vaudois,VD,CH
3431,Brig,Brig-Glis,Bezirk Brig,VS,CH
3432,Gamsen,Brig-Glis,Bezirk Brig,VS,CH
3433,Brigerbad,Brig-Glis,Bezirk Brig,VS,CH
3434,Glis,Brig-Glis,Bezirk Brig,VS,CH
3435,Eggerberg,Eggerberg,Bezirk Brig,VS,CH
3436,Mund,Naters,Bezirk Brig,VS,CH
3437,Birgisch,Naters,Bezirk Brig,VS,CH
3438,Naters,Naters,Bezirk Brig,VS,CH
3439,Blatten b. Naters,Naters,Bezirk Brig,VS,CH
3440,Belalp,Naters,Bezirk Brig,VS,CH
3441,Rothwald,Ried-Brig,Bezirk Brig,VS,CH
3442,Ried-Brig,Ried-Brig,Bezirk Brig,VS,CH
3443,Simplon Dorf,Simplon,Bezirk Brig,VS,CH
3444,Simplon Hospiz,Simplon,Bezirk Brig,VS,CH
3445,Gabi (Simplon),Simplon,Bezirk Brig,VS,CH
3446,Termen,Termen,Bezirk Brig,VS,CH
3447,Rosswald,Termen,Bezirk Brig,VS,CH
3448,Gondo,Zwischbergen,Bezirk Brig,VS,CH
3449,Ardon,Ardon,District de Conthey,VS,CH
3450,Chamoson,Chamoson,District de Conthey,VS,CH
3451,Mayens-de-Chamoson,Chamoson,District de Conthey,VS,CH
3452,Les Vérines (Chamoson),Chamoson,District de Conthey,VS,CH
3453,Némiaz (Chamoson),Chamoson,District de Conthey,VS,CH
3454,Grugnay (Chamoson),Chamoson,District de Conthey,VS,CH
3455,St-Pierre-de-Clages,Chamoson,District de Conthey,VS,CH
3456,Conthey,Conthey,District de Conthey,VS,CH
3457,St-Séverin,Conthey,District de Conthey,VS,CH
3458,Erde,Conthey,District de Conthey,VS,CH
3459,Aven,Conthey,District de Conthey,VS,CH
3460,Daillon,Conthey,District de Conthey,VS,CH
3461,Clèbes (Nendaz),Nendaz,District de Conthey,VS,CH
3462,Aproz (Nendaz),Nendaz,District de Conthey,VS,CH
3463,Basse-Nendaz,Nendaz,District de Conthey,VS,CH
3464,Fey (Nendaz),Nendaz,District de Conthey,VS,CH
3465,Bieudron (Nendaz),Nendaz,District de Conthey,VS,CH
3466,Condémines (Nendaz),Nendaz,District de Conthey,VS,CH
3467,Saclentse,Nendaz,District de Conthey,VS,CH
3468,Baar (Nendaz),Nendaz,District de Conthey,VS,CH
3469,Beuson (Nendaz),Nendaz,District de Conthey,VS,CH
3470,Brignon (Nendaz),Nendaz,District de Conthey,VS,CH
3471,Haute-Nendaz,Nendaz,District de Conthey,VS,CH
3472,Siviez (Nendaz),Nendaz,District de Conthey,VS,CH
3473,Sornard (Nendaz),Nendaz,District de Conthey,VS,CH
3474,Vétroz,Vétroz,District de Conthey,VS,CH
3475,Bourg-St-Pierre,Bourg-Saint-Pierre,District d'Entremont,VS,CH
3476,Liddes,Liddes,District d'Entremont,VS,CH
3477,Fontaine Dessus (Liddes),Liddes,District d'Entremont,VS,CH
3478,Fontaine Dessous (Liddes),Liddes,District d'Entremont,VS,CH
3479,Dranse (Liddes),Liddes,District d'Entremont,VS,CH
3480,Chandonne (Liddes),Liddes,District d'Entremont,VS,CH
3481,Rive Haute (Liddes),Liddes,District d'Entremont,VS,CH
3482,Fornex (Liddes),Liddes,District d'Entremont,VS,CH
3483,Les Moulins VS (Liddes),Liddes,District d'Entremont,VS,CH
3484,Vichères (Liddes),Liddes,District d'Entremont,VS,CH
3485,Palasuit (Liddes),Liddes,District d'Entremont,VS,CH
3486,Chez Petit (Liddes),Liddes,District d'Entremont,VS,CH
3487,Petit Vichères (Liddes),Liddes,District d'Entremont,VS,CH
3488,Orsières,Orsières,District d'Entremont,VS,CH
3489,Champex-Lac,Orsières,District d'Entremont,VS,CH
3490,Praz-de-Fort,Orsières,District d'Entremont,VS,CH
3491,La Fouly VS,Orsières,District d'Entremont,VS,CH
3492,Sembrancher,Sembrancher,District d'Entremont,VS,CH
3493,Chamoille (Sembrancher),Sembrancher,District d'Entremont,VS,CH
3494,La Garde (Sembrancher),Sembrancher,District d'Entremont,VS,CH
3495,Chemin,Val de Bagnes,District d'Entremont,VS,CH
3496,Vens (Sembrancher),Val de Bagnes,District d'Entremont,VS,CH
3497,Le Châble VS,Val de Bagnes,District d'Entremont,VS,CH
3498,Bruson,Val de Bagnes,District d'Entremont,VS,CH
3499,Verbier,Val de Bagnes,District d'Entremont,VS,CH
3500,Vollèges,Val de Bagnes,District d'Entremont,VS,CH
3501,Cries (Vollèges),Val de Bagnes,District d'Entremont,VS,CH
3502,Levron,Val de Bagnes,District d'Entremont,VS,CH
3503,Versegères,Val de Bagnes,District d'Entremont,VS,CH
3504,Champsec,Val de Bagnes,District d'Entremont,VS,CH
3505,Lourtier,Val de Bagnes,District d'Entremont,VS,CH
3506,Fionnay,Val de Bagnes,District d'Entremont,VS,CH
3507,Sarreyer,Val de Bagnes,District d'Entremont,VS,CH
3508,Bellwald,Bellwald,Bezirk Goms,VS,CH
3509,Binn,Binn,Bezirk Goms,VS,CH
3510,Ernen,Ernen,Bezirk Goms,VS,CH
3511,Ausserbinn,Ernen,Bezirk Goms,VS,CH
3512,Mühlebach (Goms),Ernen,Bezirk Goms,VS,CH
3513,Steinhaus,Ernen,Bezirk Goms,VS,CH
3514,Fiesch,Fiesch,Bezirk Goms,VS,CH
3515,Jungfraujoch,Fieschertal,Bezirk Goms,VS,CH
3516,Fieschertal,Fieschertal,Bezirk Goms,VS,CH
3517,Lax,Lax,Bezirk Goms,VS,CH
3518,Ulrichen,Obergoms,Bezirk Goms,VS,CH
3519,Obergesteln,Obergoms,Bezirk Goms,VS,CH
3520,Oberwald,Obergoms,Bezirk Goms,VS,CH
3521,Münster VS,Goms,Bezirk Goms,VS,CH
3522,Geschinen,Goms,Bezirk Goms,VS,CH
3523,Biel VS,Goms,Bezirk Goms,VS,CH
3524,Ritzingen,Goms,Bezirk Goms,VS,CH
3525,Selkingen,Goms,Bezirk Goms,VS,CH
3526,Niederwald,Goms,Bezirk Goms,VS,CH
3527,Blitzingen,Goms,Bezirk Goms,VS,CH
3528,Reckingen VS,Goms,Bezirk Goms,VS,CH
3529,Gluringen,Goms,Bezirk Goms,VS,CH
3530,Fortunau (Ayent),Ayent,District d'Hérens,VS,CH
3531,Luc (Ayent),Ayent,District d'Hérens,VS,CH
3532,St-Romain (Ayent),Ayent,District d'Hérens,VS,CH
3533,Saxonne (Ayent),Ayent,District d'Hérens,VS,CH
3534,Villa (Ayent),Ayent,District d'Hérens,VS,CH
3535,La Place (Ayent),Ayent,District d'Hérens,VS,CH
3536,Botyre (Ayent),Ayent,District d'Hérens,VS,CH
3537,Blignou (Ayent),Ayent,District d'Hérens,VS,CH
3538,Argnou (Ayent),Ayent,District d'Hérens,VS,CH
3539,Signèse (Ayent),Ayent,District d'Hérens,VS,CH
3540,Anzère,Ayent,District d'Hérens,VS,CH
3541,Evolène,Evolène,District d'Hérens,VS,CH
3542,Lanna,Evolène,District d'Hérens,VS,CH
3543,Les Haudères,Evolène,District d'Hérens,VS,CH
3544,La Tour VS,Evolène,District d'Hérens,VS,CH
3545,La Sage,Evolène,District d'Hérens,VS,CH
3546,La Forclaz VS,Evolène,District d'Hérens,VS,CH
3547,Villa (Evolène),Evolène,District d'Hérens,VS,CH
3548,Arolla,Evolène,District d'Hérens,VS,CH
3549,Euseigne,Hérémence,District d'Hérens,VS,CH
3550,Hérémence,Hérémence,District d'Hérens,VS,CH
3551,St-Martin VS,Saint-Martin (VS),District d'Hérens,VS,CH
3552,Liez (St-Martin),Saint-Martin (VS),District d'Hérens,VS,CH
3553,Trogne (St-Martin),Saint-Martin (VS),District d'Hérens,VS,CH
3554,Suen (St-Martin),Saint-Martin (VS),District d'Hérens,VS,CH
3555,Eison (St-Martin),Saint-Martin (VS),District d'Hérens,VS,CH
3556,Vex,Vex,District d'Hérens,VS,CH
3557,Thyon,Vex,District d'Hérens,VS,CH
3558,Les Collons,Vex,District d'Hérens,VS,CH
3559,Les Mayens-de-Sion,Vex,District d'Hérens,VS,CH
3560,Vernamiège,Mont-Noble,District d'Hérens,VS,CH
3561,Mase,Mont-Noble,District d'Hérens,VS,CH
3562,Nax,Mont-Noble,District d'Hérens,VS,CH
3563,Agarn,Agarn,Bezirk Leuk,VS,CH
3564,Albinen,Albinen,Bezirk Leuk,VS,CH
3565,Ergisch,Ergisch,Bezirk Leuk,VS,CH
3566,Inden,Inden,Bezirk Leuk,VS,CH
3567,Susten,Leuk,Bezirk Leuk,VS,CH
3568,Leuk Stadt,Leuk,Bezirk Leuk,VS,CH
3569,Erschmatt,Leuk,Bezirk Leuk,VS,CH
3570,Leukerbad,Leukerbad,Bezirk Leuk,VS,CH
3571,Oberems,Oberems,Bezirk Leuk,VS,CH
3572,Salgesch,Salgesch,Bezirk Leuk,VS,CH
3573,Varen,Varen,Bezirk Leuk,VS,CH
3574,Guttet-Feschel,Guttet-Feschel,Bezirk Leuk,VS,CH
3575,Gampel,Gampel-Bratsch,Bezirk Leuk,VS,CH
3576,Niedergampel,Gampel-Bratsch,Bezirk Leuk,VS,CH
3577,Bratsch,Gampel-Bratsch,Bezirk Leuk,VS,CH
3578,Turtmann,Turtmann-Unterems,Bezirk Leuk,VS,CH
3579,Gruben,Turtmann-Unterems,Bezirk Leuk,VS,CH
3580,Unterems,Turtmann-Unterems,Bezirk Leuk,VS,CH
3581,Bovernier,Bovernier,District de Martigny,VS,CH
3582,Les Valettes (Bovernier),Bovernier,District de Martigny,VS,CH
3583,Fully,Fully,District de Martigny,VS,CH
3584,Isérables,Isérables,District de Martigny,VS,CH
3585,Ovronnaz,Leytron,District de Martigny,VS,CH
3586,Leytron,Leytron,District de Martigny,VS,CH
3587,Produit (Leytron),Leytron,District de Martigny,VS,CH
3588,Montagnon (Leytron),Leytron,District de Martigny,VS,CH
3589,Dugny (Leytron),Leytron,District de Martigny,VS,CH
3590,Charrat,Martigny,District de Martigny,VS,CH
3591,Martigny,Martigny,District de Martigny,VS,CH
3592,Martigny-Croix,Martigny-Combe,District de Martigny,VS,CH
3593,Ravoire,Martigny-Combe,District de Martigny,VS,CH
3594,Riddes,Riddes,District de Martigny,VS,CH
3595,Auddes-sur-Riddes,Riddes,District de Martigny,VS,CH
3596,La Tzoumaz,Riddes,District de Martigny,VS,CH
3597,Saillon,Saillon,District de Martigny,VS,CH
3598,Saxon,Saxon,District de Martigny,VS,CH
3599,Trient,Trient,District de Martigny,VS,CH
3600,Champéry,Champéry,District de Monthey,VS,CH
3601,Collombey,Collombey-Muraz,District de Monthey,VS,CH
3602,Muraz (Collombey),Collombey-Muraz,District de Monthey,VS,CH
3603,Monthey,Monthey,District de Monthey,VS,CH
3604,Choëx,Monthey,District de Monthey,VS,CH
3605,Les Giettes,Monthey,District de Monthey,VS,CH
3606,Bouveret,Port-Valais,District de Monthey,VS,CH
3607,Les Evouettes,Port-Valais,District de Monthey,VS,CH
3608,St-Gingolph,Saint-Gingolph,District de Monthey,VS,CH
3609,Troistorrents,Troistorrents,District de Monthey,VS,CH
3610,Morgins,Troistorrents,District de Monthey,VS,CH
3611,Val-d'Illiez,Val-d'Illiez,District de Monthey,VS,CH
3612,Champoussin,Val-d'Illiez,District de Monthey,VS,CH
3613,Les Crosets,Val-d'Illiez,District de Monthey,VS,CH
3614,Vionnaz,Vionnaz,District de Monthey,VS,CH
3615,Torgon,Vionnaz,District de Monthey,VS,CH
3616,Vouvry,Vouvry,District de Monthey,VS,CH
3617,Miex,Vouvry,District de Monthey,VS,CH
3618,Bister,Bister,Bezirk Raron,VS,CH
3619,Bitsch,Bitsch,Bezirk Raron,VS,CH
3620,Grengiols,Grengiols,Bezirk Raron,VS,CH
3621,Goppisberg,Riederalp,Bezirk Raron,VS,CH
3622,Greich,Riederalp,Bezirk Raron,VS,CH
3623,Ried-Mörel,Riederalp,Bezirk Raron,VS,CH
3624,Riederalp,Riederalp,Bezirk Raron,VS,CH
3625,Ausserberg,Ausserberg,Bezirk Raron,VS,CH
3626,Blatten (Lötschen),Blatten,Bezirk Raron,VS,CH
3627,Bürchen,Bürchen,Bezirk Raron,VS,CH
3628,Eischoll,Eischoll,Bezirk Raron,VS,CH
3629,Ferden,Ferden,Bezirk Raron,VS,CH
3630,Goppenstein,Ferden,Bezirk Raron,VS,CH
3631,Kippel,Kippel,Bezirk Raron,VS,CH
3632,Niedergesteln,Niedergesteln,Bezirk Raron,VS,CH
3633,Raron,Raron,Bezirk Raron,VS,CH
3634,St. German,Raron,Bezirk Raron,VS,CH
3635,Unterbäch VS,Unterbäch,Bezirk Raron,VS,CH
3636,Wiler (Lötschen),Wiler (Lötschen),Bezirk Raron,VS,CH
3637,Mörel,Mörel-Filet,Bezirk Raron,VS,CH
3638,Filet,Mörel-Filet,Bezirk Raron,VS,CH
3639,Steg VS,Steg-Hohtenn,Bezirk Raron,VS,CH
3640,Hohtenn,Steg-Hohtenn,Bezirk Raron,VS,CH
3641,Betten,Bettmeralp,Bezirk Raron,VS,CH
3642,Bettmeralp,Bettmeralp,Bezirk Raron,VS,CH
3643,Martisberg,Bettmeralp,Bezirk Raron,VS,CH
3644,Collonges,Collonges,District de Saint-Maurice,VS,CH
3645,Dorénaz,Dorénaz,District de Saint-Maurice,VS,CH
3646,Evionnaz,Evionnaz,District de Saint-Maurice,VS,CH
3647,Finhaut,Finhaut,District de Saint-Maurice,VS,CH
3648,Le Châtelard VS,Finhaut,District de Saint-Maurice,VS,CH
3649,Massongex,Massongex,District de Saint-Maurice,VS,CH
3650,St-Maurice,Saint-Maurice,District de Saint-Maurice,VS,CH
3651,Mex VS,Saint-Maurice,District de Saint-Maurice,VS,CH
3652,Salvan,Salvan,District de Saint-Maurice,VS,CH
3653,Les Granges (Salvan),Salvan,District de Saint-Maurice,VS,CH
3654,Les Marécottes,Salvan,District de Saint-Maurice,VS,CH
3655,Le Trétien,Salvan,District de Saint-Maurice,VS,CH
3656,Vernayaz,Vernayaz,District de Saint-Maurice,VS,CH
3657,Vérossaz,Vérossaz,District de Saint-Maurice,VS,CH
3658,Chalais,Chalais,District de Sierre,VS,CH
3659,Réchy,Chalais,District de Sierre,VS,CH
3660,Vercorin,Chalais,District de Sierre,VS,CH
3661,Chippis,Chippis,District de Sierre,VS,CH
3662,Grône,Grône,District de Sierre,VS,CH
3663,Icogne,Icogne,District de Sierre,VS,CH
3664,Lens,Lens,District de Sierre,VS,CH
3665,Flanthey,Lens,District de Sierre,VS,CH
3666,St-Léonard,Saint-Léonard,District de Sierre,VS,CH
3667,Sierre,Sierre,District de Sierre,VS,CH
3668,Muraz (Sierre),Sierre,District de Sierre,VS,CH
3669,Noës,Sierre,District de Sierre,VS,CH
3670,Granges VS,Sierre,District de Sierre,VS,CH
3671,Niouc,Anniviers,District de Sierre,VS,CH
3672,Vissoie,Anniviers,District de Sierre,VS,CH
3673,St-Luc,Anniviers,District de Sierre,VS,CH
3674,Chandolin,Anniviers,District de Sierre,VS,CH
3675,Ayer,Anniviers,District de Sierre,VS,CH
3676,Zinal,Anniviers,District de Sierre,VS,CH
3677,Grimentz,Anniviers,District de Sierre,VS,CH
3678,Mission,Anniviers,District de Sierre,VS,CH
3679,St-Jean VS,Anniviers,District de Sierre,VS,CH
3680,Corin-de-la-Crête,Crans-Montana,District de Sierre,VS,CH
3681,Loc,Crans-Montana,District de Sierre,VS,CH
3682,Crans-Montana,Crans-Montana,District de Sierre,VS,CH
3683,Montana,Crans-Montana,District de Sierre,VS,CH
3684,Aminona,Crans-Montana,District de Sierre,VS,CH
3685,Chermignon,Crans-Montana,District de Sierre,VS,CH
3686,Chermignon-d'en-Bas,Crans-Montana,District de Sierre,VS,CH
3687,Ollon VS,Crans-Montana,District de Sierre,VS,CH
3688,Mollens VS,Crans-Montana,District de Sierre,VS,CH
3689,Randogne,Crans-Montana,District de Sierre,VS,CH
3690,Champzabé,Crans-Montana,District de Sierre,VS,CH
3691,Veyras,Noble-Contrée,District de Sierre,VS,CH
3692,Miège,Noble-Contrée,District de Sierre,VS,CH
3693,Venthône,Noble-Contrée,District de Sierre,VS,CH
3694,Arbaz,Arbaz,District de Sion,VS,CH
3695,Grimisuat,Grimisuat,District de Sion,VS,CH
3696,Champlan (Grimisuat),Grimisuat,District de Sion,VS,CH
3697,Savièse,Savièse,District de Sion,VS,CH
3698,Sion,Sion,District de Sion,VS,CH
3699,Uvrier,Sion,District de Sion,VS,CH
3700,Pont-de-la-Morge (Sion),Sion,District de Sion,VS,CH
3701,Bramois,Sion,District de Sion,VS,CH
3702,Salins,Sion,District de Sion,VS,CH
3703,Arvillard (Salins),Sion,District de Sion,VS,CH
3704,Pravidondaz (Salins),Sion,District de Sion,VS,CH
3705,Turin (Salins),Sion,District de Sion,VS,CH
3706,Misériez (Salins),Sion,District de Sion,VS,CH
3707,Les Agettes,Sion,District de Sion,VS,CH
3708,La Vernaz (Les Agettes),Sion,District de Sion,VS,CH
3709,Crête-à-l'Oeil (Les Agettes),Sion,District de Sion,VS,CH
3710,Veysonnaz,Veysonnaz,District de Sion,VS,CH
3711,Baltschieder,Baltschieder,Bezirk Visp,VS,CH
3712,Eisten,Eisten,Bezirk Visp,VS,CH
3713,Kalpetran,Embd,Bezirk Visp,VS,CH
3714,Embd,Embd,Bezirk Visp,VS,CH
3715,Grächen,Grächen,Bezirk Visp,VS,CH
3716,Lalden,Lalden,Bezirk Visp,VS,CH
3717,Randa,Randa,Bezirk Visp,VS,CH
3718,Saas-Almagell,Saas-Almagell,Bezirk Visp,VS,CH
3719,Saas-Balen,Saas-Balen,Bezirk Visp,VS,CH
3720,Saas-Fee,Saas-Fee,Bezirk Visp,VS,CH
3721,Saas-Grund,Saas-Grund,Bezirk Visp,VS,CH
3722,St. Niklaus VS,St. Niklaus,Bezirk Visp,VS,CH
3723,Herbriggen,St. Niklaus,Bezirk Visp,VS,CH
3724,Stalden VS,Stalden (VS),Bezirk Visp,VS,CH
3725,Staldenried,Staldenried,Bezirk Visp,VS,CH
3726,Täsch,Täsch,Bezirk Visp,VS,CH
3727,Törbel,Törbel,Bezirk Visp,VS,CH
3728,Visp,Visp,Bezirk Visp,VS,CH
3729,Eyholz,Visp,Bezirk Visp,VS,CH
3730,Visperterminen,Visperterminen,Bezirk Visp,VS,CH
3731,Zeneggen,Zeneggen,Bezirk Visp,VS,CH
3732,Zermatt,Zermatt,Bezirk Visp,VS,CH
3733,Areuse,Boudry,Canton de Neuchâtel,NE,CH
3734,Boudry,Boudry,Canton de Neuchâtel,NE,CH
3735,Cortaillod,Cortaillod,Canton de Neuchâtel,NE,CH
3736,Rochefort,Rochefort,Canton de Neuchâtel,NE,CH
3737,Chambrelien,Rochefort,Canton de Neuchâtel,NE,CH
3738,Montezillon,Rochefort,Canton de Neuchâtel,NE,CH
3739,Champ-du-Moulin,Rochefort,Canton de Neuchâtel,NE,CH
3740,Fretereules,Rochefort,Canton de Neuchâtel,NE,CH
3741,Brot-Dessous,Rochefort,Canton de Neuchâtel,NE,CH
3742,Auvernier,Milvignes,Canton de Neuchâtel,NE,CH
3743,Colombier NE,Milvignes,Canton de Neuchâtel,NE,CH
3744,Bôle,Milvignes,Canton de Neuchâtel,NE,CH
3745,Bevaix,La Grande Béroche,Canton de Neuchâtel,NE,CH
3746,Gorgier,La Grande Béroche,Canton de Neuchâtel,NE,CH
3747,St-Aubin-Sauges,La Grande Béroche,Canton de Neuchâtel,NE,CH
3748,Chez-le-Bart,La Grande Béroche,Canton de Neuchâtel,NE,CH
3749,Montalchez,La Grande Béroche,Canton de Neuchâtel,NE,CH
3750,Fresens,La Grande Béroche,Canton de Neuchâtel,NE,CH
3751,Vaumarcus,La Grande Béroche,Canton de Neuchâtel,NE,CH
3752,La Chaux-de-Fonds,La Chaux-de-Fonds,Canton de Neuchâtel,NE,CH
3753,La Cibourg,La Chaux-de-Fonds,Canton de Neuchâtel,NE,CH
3754,Le Crêt-du-Locle,La Chaux-de-Fonds,Canton de Neuchâtel,NE,CH
3755,Les Planchettes,Les Planchettes,Canton de Neuchâtel,NE,CH
3756,La Sagne NE,La Sagne,Canton de Neuchâtel,NE,CH
3757,La Brévine,La Brévine,Canton de Neuchâtel,NE,CH
3758,Les Taillères,La Brévine,Canton de Neuchâtel,NE,CH
3759,La Châtagne,La Brévine,Canton de Neuchâtel,NE,CH
3760,Le Brouillet,La Brévine,Canton de Neuchâtel,NE,CH
3761,Brot-Plamboz,Brot-Plamboz,Canton de Neuchâtel,NE,CH
3762,Le Cerneux-Péquignot,Le Cerneux-Péquignot,Canton de Neuchâtel,NE,CH
3763,La Chaux-du-Milieu,La Chaux-du-Milieu,Canton de Neuchâtel,NE,CH
3764,Le Locle,Le Locle,Canton de Neuchâtel,NE,CH
3765,Le Prévoux,Le Locle,Canton de Neuchâtel,NE,CH
3766,Les Brenets,Le Locle,Canton de Neuchâtel,NE,CH
3767,Les Ponts-de-Martel,Les Ponts-de-Martel,Canton de Neuchâtel,NE,CH
3768,Petit-Martel,Les Ponts-de-Martel,Canton de Neuchâtel,NE,CH
3769,Cornaux NE,Cornaux,Canton de Neuchâtel,NE,CH
3770,Cressier NE,Cressier (NE),Canton de Neuchâtel,NE,CH
3771,Enges,Enges,Canton de Neuchâtel,NE,CH
3772,Hauterive NE,Hauterive (NE),Canton de Neuchâtel,NE,CH
3773,Le Landeron,Le Landeron,Canton de Neuchâtel,NE,CH
3774,Lignières,Lignières,Canton de Neuchâtel,NE,CH
3775,Neuchâtel,Neuchâtel,Canton de Neuchâtel,NE,CH
3776,Peseux,Neuchâtel,Canton de Neuchâtel,NE,CH
3777,Corcelles NE,Neuchâtel,Canton de Neuchâtel,NE,CH
3778,Cormondrèche,Neuchâtel,Canton de Neuchâtel,NE,CH
3779,Valangin,Neuchâtel,Canton de Neuchâtel,NE,CH
3780,Chaumont,Neuchâtel,Canton de Neuchâtel,NE,CH
3781,St-Blaise,Saint-Blaise,Canton de Neuchâtel,NE,CH
3782,Marin-Epagnier,La Tène,Canton de Neuchâtel,NE,CH
3783,Thielle,La Tène,Canton de Neuchâtel,NE,CH
3784,Wavre,La Tène,Canton de Neuchâtel,NE,CH
3785,Montmollin,Val-de-Ruz,Canton de Neuchâtel,NE,CH
3786,Boudevilliers,Val-de-Ruz,Canton de Neuchâtel,NE,CH
3787,Fontaines NE,Val-de-Ruz,Canton de Neuchâtel,NE,CH
3788,Fontainemelon,Val-de-Ruz,Canton de Neuchâtel,NE,CH
3789,La Vue-des-Alpes,Val-de-Ruz,Canton de Neuchâtel,NE,CH
3790,Cernier,Val-de-Ruz,Canton de Neuchâtel,NE,CH
3791,Chézard-St-Martin,Val-de-Ruz,Canton de Neuchâtel,NE,CH
3792,Les Vieux-Prés,Val-de-Ruz,Canton de Neuchâtel,NE,CH
3793,Dombresson,Val-de-Ruz,Canton de Neuchâtel,NE,CH
3794,Villiers,Val-de-Ruz,Canton de Neuchâtel,NE,CH
3795,Le Pâquier NE,Val-de-Ruz,Canton de Neuchâtel,NE,CH
3796,Vilars NE,Val-de-Ruz,Canton de Neuchâtel,NE,CH
3797,Engollon,Val-de-Ruz,Canton de Neuchâtel,NE,CH
3798,Fenin,Val-de-Ruz,Canton de Neuchâtel,NE,CH
3799,Saules,Val-de-Ruz,Canton de Neuchâtel,NE,CH
3800,Savagnier,Val-de-Ruz,Canton de Neuchâtel,NE,CH
3801,Les Geneveys-sur-Coffrane,Val-de-Ruz,Canton de Neuchâtel,NE,CH
3802,Coffrane,Val-de-Ruz,Canton de Neuchâtel,NE,CH
3803,Les Hauts-Geneveys,Val-de-Ruz,Canton de Neuchâtel,NE,CH
3804,La Côte-aux-Fées,La Côte-aux-Fées,Canton de Neuchâtel,NE,CH
3805,Les Verrières,Les Verrières,Canton de Neuchâtel,NE,CH
3806,Noiraigue,Val-de-Travers,Canton de Neuchâtel,NE,CH
3807,Travers,Val-de-Travers,Canton de Neuchâtel,NE,CH
3808,Couvet,Val-de-Travers,Canton de Neuchâtel,NE,CH
3809,Môtiers NE,Val-de-Travers,Canton de Neuchâtel,NE,CH
3810,Boveresse,Val-de-Travers,Canton de Neuchâtel,NE,CH
3811,Fleurier,Val-de-Travers,Canton de Neuchâtel,NE,CH
3812,Buttes,Val-de-Travers,Canton de Neuchâtel,NE,CH
3813,Mont-de-Buttes,Val-de-Travers,Canton de Neuchâtel,NE,CH
3814,St-Sulpice NE,Val-de-Travers,Canton de Neuchâtel,NE,CH
3815,Les Sagnettes,Val-de-Travers,Canton de Neuchâtel,NE,CH
3816,Les Bayards,Val-de-Travers,Canton de Neuchâtel,NE,CH
3817,Aire-la-Ville,Aire-la-Ville,Canton de Genève,GE,CH
3818,Anières,Anières,Canton de Genève,GE,CH
3819,Avully,Avully,Canton de Genève,GE,CH
3820,Athenaz (Avusy),Avusy,Canton de Genève,GE,CH
3821,La Croix-de-Rozon,Bardonnex,Canton de Genève,GE,CH
3822,Bellevue,Bellevue,Canton de Genève,GE,CH
3823,Bernex,Bernex,Canton de Genève,GE,CH
3824,Carouge GE,Carouge (GE),Canton de Genève,GE,CH
3825,Cartigny,Cartigny,Canton de Genève,GE,CH
3826,Céligny,Céligny,Canton de Genève,GE,CH
3827,Chancy,Chancy,Canton de Genève,GE,CH
3828,Chêne-Bougeries,Chêne-Bougeries,Canton de Genève,GE,CH
3829,Conches,Chêne-Bougeries,Canton de Genève,GE,CH
3830,Chêne-Bourg,Chêne-Bourg,Canton de Genève,GE,CH
3831,Choulex,Choulex,Canton de Genève,GE,CH
3832,Collex,Collex-Bossy,Canton de Genève,GE,CH
3833,Vésenaz,Collonge-Bellerive,Canton de Genève,GE,CH
3834,Collonge-Bellerive,Collonge-Bellerive,Canton de Genève,GE,CH
3835,Cologny,Cologny,Canton de Genève,GE,CH
3836,Confignon,Confignon,Canton de Genève,GE,CH
3837,Corsier GE,Corsier (GE),Canton de Genève,GE,CH
3838,La Plaine,Dardagny,Canton de Genève,GE,CH
3839,Dardagny,Dardagny,Canton de Genève,GE,CH
3840,Genève,Genève,Canton de Genève,GE,CH
3841,Les Acacias,Genève,Canton de Genève,GE,CH
3842,Genthod,Genthod,Canton de Genève,GE,CH
3843,Le Grand-Saconnex,Le Grand-Saconnex,Canton de Genève,GE,CH
3844,Gy,Gy,Canton de Genève,GE,CH
3845,Hermance,Hermance,Canton de Genève,GE,CH
3846,Jussy,Jussy,Canton de Genève,GE,CH
3847,Laconnex,Laconnex,Canton de Genève,GE,CH
3848,Grand-Lancy,Lancy,Canton de Genève,GE,CH
3849,Petit-Lancy,Lancy,Canton de Genève,GE,CH
3850,Meinier,Meinier,Canton de Genève,GE,CH
3851,Cointrin,Meyrin,Canton de Genève,GE,CH
3852,Meyrin,Meyrin,Canton de Genève,GE,CH
3853,Onex,Onex,Canton de Genève,GE,CH
3854,Perly,Perly-Certoux,Canton de Genève,GE,CH
3855,Plan-les-Ouates,Plan-les-Ouates,Canton de Genève,GE,CH
3856,Chambésy,Pregny-Chambésy,Canton de Genève,GE,CH
3857,Presinge,Presinge,Canton de Genève,GE,CH
3858,Puplinge,Puplinge,Canton de Genève,GE,CH
3859,Russin,Russin,Canton de Genève,GE,CH
3860,Satigny,Satigny,Canton de Genève,GE,CH
3861,Soral,Soral,Canton de Genève,GE,CH
3862,Thônex,Thônex,Canton de Genève,GE,CH
3863,Troinex,Troinex,Canton de Genève,GE,CH
3864,Vandoeuvres,Vandoeuvres,Canton de Genève,GE,CH
3865,Vernier,Vernier,Canton de Genève,GE,CH
3866,Le Lignon,Vernier,Canton de Genève,GE,CH
3867,Aïre,Vernier,Canton de Genève,GE,CH
3868,Châtelaine,Vernier,Canton de Genève,GE,CH
3869,Les Avanchets,Vernier,Canton de Genève,GE,CH
3870,Versoix,Versoix,Canton de Genève,GE,CH
3871,Vessy,Veyrier,Canton de Genève,GE,CH
3872,Veyrier,Veyrier,Canton de Genève,GE,CH
3873,Boécourt,Boécourt,District de Delémont,JU,CH
3874,Montavon,Boécourt,District de Delémont,JU,CH
3875,Bourrignon,Bourrignon,District de Delémont,JU,CH
3876,Châtillon JU,Châtillon (JU),District de Delémont,JU,CH
3877,Courchapoix,Courchapoix,District de Delémont,JU,CH
3878,Courrendlin,Courrendlin,District de Delémont,JU,CH
3879,Vellerat,Courrendlin,District de Delémont,JU,CH
3880,Rebeuvelier,Courrendlin,District de Delémont,JU,CH
3881,Courroux,Courroux,District de Delémont,JU,CH
3882,Courcelon,Courroux,District de Delémont,JU,CH
3883,Courtételle,Courtételle,District de Delémont,JU,CH
3884,Delémont,Delémont,District de Delémont,JU,CH
3885,Develier,Develier,District de Delémont,JU,CH
3886,Ederswiler,Ederswiler,District de Delémont,JU,CH
3887,Mervelier,Mervelier,District de Delémont,JU,CH
3888,Mettembert,Mettembert,District de Delémont,JU,CH
3889,Movelier,Movelier,District de Delémont,JU,CH
3890,Pleigne,Pleigne,District de Delémont,JU,CH
3891,Lucelle,Pleigne,District de Delémont,JU,CH
3892,Rossemaison,Rossemaison,District de Delémont,JU,CH
3893,Saulcy,Saulcy,District de Delémont,JU,CH
3894,Soyhières,Soyhières,District de Delémont,JU,CH
3895,Courfaivre,Haute-Sorne,District de Delémont,JU,CH
3896,Bassecourt,Haute-Sorne,District de Delémont,JU,CH
3897,Glovelier,Haute-Sorne,District de Delémont,JU,CH
3898,Undervelier,Haute-Sorne,District de Delémont,JU,CH
3899,Soulce,Haute-Sorne,District de Delémont,JU,CH
3900,Vicques,Val Terbi,District de Delémont,JU,CH
3901,Corban,Val Terbi,District de Delémont,JU,CH
3902,Montsevelier,Val Terbi,District de Delémont,JU,CH
3903,Vermes,Val Terbi,District de Delémont,JU,CH
3904,Le Bémont JU,Le Bémont (JU),District des Franches-Montagnes,JU,CH
3905,Les Bois,Les Bois,District des Franches-Montagnes,JU,CH
3906,Les Breuleux,Les Breuleux,District des Franches-Montagnes,JU,CH
3907,La Chaux-des-Breuleux,La Chaux-des-Breuleux,District des Franches-Montagnes,JU,CH
3908,Les Enfers,Les Enfers,District des Franches-Montagnes,JU,CH
3909,Les Genevez JU,Les Genevez (JU),District des Franches-Montagnes,JU,CH
3910,Le Prédame,Les Genevez (JU),District des Franches-Montagnes,JU,CH
3911,Lajoux JU,Lajoux (JU),District des Franches-Montagnes,JU,CH
3912,Fornet-Dessus,Lajoux (JU),District des Franches-Montagnes,JU,CH
3913,Montfaucon,Montfaucon,District des Franches-Montagnes,JU,CH
3914,Montfavergier,Montfaucon,District des Franches-Montagnes,JU,CH
3915,Les Emibois,Muriaux,District des Franches-Montagnes,JU,CH
3916,Muriaux,Muriaux,District des Franches-Montagnes,JU,CH
3917,Le Cerneux-Veusil,Muriaux,District des Franches-Montagnes,JU,CH
3918,Le Noirmont,Le Noirmont,District des Franches-Montagnes,JU,CH
3919,Saignelégier,Saignelégier,District des Franches-Montagnes,JU,CH
3920,Les Pommerats,Saignelégier,District des Franches-Montagnes,JU,CH
3921,Goumois,Saignelégier,District des Franches-Montagnes,JU,CH
3922,St-Brais,Saint-Brais,District des Franches-Montagnes,JU,CH
3923,Soubey,Soubey,District des Franches-Montagnes,JU,CH
3924,Alle,Alle,District de Porrentruy,JU,CH
3925,Beurnevésin,Beurnevésin,District de Porrentruy,JU,CH
3926,Boncourt,Boncourt,District de Porrentruy,JU,CH
3927,Bonfol,Bonfol,District de Porrentruy,JU,CH
3928,Bure,Bure,District de Porrentruy,JU,CH
3929,Coeuve,Coeuve,District de Porrentruy,JU,CH
3930,Cornol,Cornol,District de Porrentruy,JU,CH
3931,Courchavon,Courchavon,District de Porrentruy,JU,CH
3932,Courgenay,Courgenay,District de Porrentruy,JU,CH
3933,Courtemautruy,Courgenay,District de Porrentruy,JU,CH
3934,Courtedoux,Courtedoux,District de Porrentruy,JU,CH
3935,Damphreux,Damphreux,District de Porrentruy,JU,CH
3936,Fahy,Fahy,District de Porrentruy,JU,CH
3937,Fontenais,Fontenais,District de Porrentruy,JU,CH
3938,Villars-sur-Fontenais,Fontenais,District de Porrentruy,JU,CH
3939,Bressaucourt,Fontenais,District de Porrentruy,JU,CH
3940,Grandfontaine,Grandfontaine,District de Porrentruy,JU,CH
3941,Lugnez,Lugnez,District de Porrentruy,JU,CH
3942,Porrentruy,Porrentruy,District de Porrentruy,JU,CH
3943,Vendlincourt,Vendlincourt,District de Porrentruy,JU,CH
3944,Courtemaîche,Basse-Allaine,District de Porrentruy,JU,CH
3945,Montignez,Basse-Allaine,District de Porrentruy,JU,CH
3946,Buix,Basse-Allaine,District de Porrentruy,JU,CH
3947,St-Ursanne,Clos du Doubs,District de Porrentruy,JU,CH
3948,Montmelon,Clos du Doubs,District de Porrentruy,JU,CH
3949,Montenol,Clos du Doubs,District de Porrentruy,JU,CH
3950,Epauvillers,Clos du Doubs,District de Porrentruy,JU,CH
3951,Epiquerez,Clos du Doubs,District de Porrentruy,JU,CH
3952,Seleute,Clos du Doubs,District de Porrentruy,JU,CH
3953,Ocourt,Clos du Doubs,District de Porrentruy,JU,CH
3954,Chevenez,Haute-Ajoie,District de Porrentruy,JU,CH
3955,Rocourt,Haute-Ajoie,District de Porrentruy,JU,CH
3956,Réclère,Haute-Ajoie,District de Porrentruy,JU,CH
3957,Roche-d'Or,Haute-Ajoie,District de Porrentruy,JU,CH
3958,Damvant,Haute-Ajoie,District de Porrentruy,JU,CH
3959,Miécourt,La Baroche,District de Porrentruy,JU,CH
3960,Charmoille,La Baroche,District de Porrentruy,JU,CH
3961,Fregiécourt,La Baroche,District de Porrentruy,JU,CH
3962,Pleujouse,La Baroche,District de Porrentruy,JU,CH
3963,Asuel,La Baroche,District de Porrentruy,JU,CH
10001,Deutschland,,,,DE
10002,France,,,,FR
10003,Italia,,,,IT
10004,Österreich,,,,AT
0,,,,,
